"","date","AWRE"
"1","2007-01-03",5.35
"2","2007-01-04",5.35
"3","2007-01-05",5.38
"4","2007-01-08",5.3
"5","2007-01-09",5.4
"6","2007-01-10",5.34
"7","2007-01-11",5.41
"8","2007-01-12",5.3
"9","2007-01-16",5.22
"10","2007-01-17",5.18
"11","2007-01-18",5.21
"12","2007-01-19",5.41
"13","2007-01-22",5.3
"14","2007-01-23",5.28
"15","2007-01-24",5.34
"16","2007-01-25",5.26
"17","2007-01-26",5.27
"18","2007-01-29",5.19
"19","2007-01-30",5.17
"20","2007-01-31",5.26
"21","2007-02-01",5.4
"22","2007-02-02",5.39
"23","2007-02-05",5.5
"24","2007-02-06",5.43
"25","2007-02-07",5.5
"26","2007-02-08",5.04
"27","2007-02-09",5.05
"28","2007-02-12",5.06
"29","2007-02-13",5.05
"30","2007-02-14",5.04
"31","2007-02-15",5.09
"32","2007-02-16",5.11
"33","2007-02-20",5.1
"34","2007-02-21",5.12
"35","2007-02-22",5.36
"36","2007-02-23",5.28
"37","2007-02-26",5.54
"38","2007-02-27",5.37
"39","2007-02-28",5.49
"40","2007-03-01",5.5
"41","2007-03-02",5.54
"42","2007-03-05",5.62
"43","2007-03-06",5.67
"44","2007-03-07",5.75
"45","2007-03-08",5.69
"46","2007-03-09",5.62
"47","2007-03-12",5.57
"48","2007-03-13",5.44
"49","2007-03-14",5.45
"50","2007-03-15",5.5
"51","2007-03-16",5.43
"52","2007-03-19",5.69
"53","2007-03-20",5.68
"54","2007-03-21",5.68
"55","2007-03-22",5.9
"56","2007-03-23",6.05
"57","2007-03-26",6.16
"58","2007-03-27",6.16
"59","2007-03-28",6.16
"60","2007-03-29",6.06
"61","2007-03-30",6.19
"62","2007-04-02",6.21
"63","2007-04-03",6.16
"64","2007-04-04",6.25
"65","2007-04-05",6.26
"66","2007-04-09",6.2
"67","2007-04-10",6.2
"68","2007-04-11",6.17
"69","2007-04-12",6.15
"70","2007-04-13",6.18
"71","2007-04-16",6.15
"72","2007-04-17",6.15
"73","2007-04-18",6.26
"74","2007-04-19",6.35
"75","2007-04-20",6.47
"76","2007-04-23",6.44
"77","2007-04-24",6.43
"78","2007-04-25",6.46
"79","2007-04-26",6.3
"80","2007-04-27",5.99
"81","2007-04-30",5.82
"82","2007-05-01",5.96
"83","2007-05-02",6.08
"84","2007-05-03",6.13
"85","2007-05-04",5.93
"86","2007-05-07",5.87
"87","2007-05-08",5.75
"88","2007-05-09",5.66
"89","2007-05-10",5.5
"90","2007-05-11",5.57
"91","2007-05-14",5.11
"92","2007-05-15",5.04
"93","2007-05-16",5.14
"94","2007-05-17",5.19
"95","2007-05-18",5.16
"96","2007-05-21",5.17
"97","2007-05-22",5.13
"98","2007-05-23",5.15
"99","2007-05-24",5.15
"100","2007-05-25",5.32
"101","2007-05-29",5.26
"102","2007-05-30",5.19
"103","2007-05-31",5.29
"104","2007-06-01",5.4
"105","2007-06-04",5.34
"106","2007-06-05",5.22
"107","2007-06-06",5.38
"108","2007-06-07",5.37
"109","2007-06-08",5.39
"110","2007-06-11",5.34
"111","2007-06-12",5.27
"112","2007-06-13",5.28
"113","2007-06-14",5.47
"114","2007-06-15",5.4
"115","2007-06-18",5.39
"116","2007-06-19",5.38
"117","2007-06-20",5.36
"118","2007-06-21",5.5
"119","2007-06-22",5.52
"120","2007-06-25",5.39
"121","2007-06-26",5.45
"122","2007-06-27",5.43
"123","2007-06-28",5.38
"124","2007-06-29",5.4
"125","2007-07-02",5.89
"126","2007-07-03",5.75
"127","2007-07-05",5.75
"128","2007-07-06",5.72
"129","2007-07-09",5.78
"130","2007-07-10",5.74
"131","2007-07-11",5.72
"132","2007-07-12",5.79
"133","2007-07-13",5.97
"134","2007-07-16",6.01
"135","2007-07-17",6.01
"136","2007-07-18",5.91
"137","2007-07-19",6.01
"138","2007-07-20",6
"139","2007-07-23",6.55
"140","2007-07-24",6.07
"141","2007-07-25",6.27
"142","2007-07-26",6.01
"143","2007-07-27",6.06
"144","2007-07-30",6.06
"145","2007-07-31",6.13
"146","2007-08-01",5.06
"147","2007-08-02",4.83
"148","2007-08-03",4.55
"149","2007-08-06",4.27
"150","2007-08-07",4.52
"151","2007-08-08",4.59
"152","2007-08-09",4.66
"153","2007-08-10",4.33
"154","2007-08-13",4.36
"155","2007-08-14",4.39
"156","2007-08-15",4.16
"157","2007-08-16",3.85
"158","2007-08-17",4.01
"159","2007-08-20",3.93
"160","2007-08-21",3.9
"161","2007-08-22",4
"162","2007-08-23",4.3
"163","2007-08-24",4.31
"164","2007-08-27",4.52
"165","2007-08-28",4.79
"166","2007-08-29",4.75
"167","2007-08-30",4.71
"168","2007-08-31",4.77
"169","2007-09-04",4.49
"170","2007-09-05",4.58
"171","2007-09-06",4.42
"172","2007-09-07",4.18
"173","2007-09-10",4.18
"174","2007-09-11",4.32
"175","2007-09-12",4.3
"176","2007-09-13",4.28
"177","2007-09-14",4.16
"178","2007-09-17",4.32
"179","2007-09-18",4.21
"180","2007-09-19",4.27
"181","2007-09-20",4.41
"182","2007-09-21",4.31
"183","2007-09-24",4.29
"184","2007-09-25",4.17
"185","2007-09-26",4.31
"186","2007-09-27",4.3
"187","2007-09-28",4.3
"188","2007-10-01",4.35
"189","2007-10-02",4.25
"190","2007-10-03",4.32
"191","2007-10-04",4.25
"192","2007-10-05",4.39
"193","2007-10-08",4.6
"194","2007-10-09",4.44
"195","2007-10-10",4.28
"196","2007-10-11",4.22
"197","2007-10-12",4.16
"198","2007-10-15",4.35
"199","2007-10-16",4.37
"200","2007-10-17",4.24
"201","2007-10-18",4.3
"202","2007-10-19",4.5
"203","2007-10-22",4.57
"204","2007-10-23",4.54
"205","2007-10-24",4.46
"206","2007-10-25",4.8
"207","2007-10-26",4.79
"208","2007-10-29",4.8
"209","2007-10-30",4.97
"210","2007-10-31",4.91
"211","2007-11-01",5
"212","2007-11-02",4.77
"213","2007-11-05",5.14
"214","2007-11-06",5.18
"215","2007-11-07",5.15
"216","2007-11-08",5.13
"217","2007-11-09",5.16
"218","2007-11-12",5.23
"219","2007-11-13",5.33
"220","2007-11-14",5.3
"221","2007-11-15",5.39
"222","2007-11-16",5.11
"223","2007-11-19",5.08
"224","2007-11-20",5.14
"225","2007-11-21",5.02
"226","2007-11-23",5.09
"227","2007-11-26",5.09
"228","2007-11-27",4.86
"229","2007-11-28",4.73
"230","2007-11-29",5.02
"231","2007-11-30",4.97
"232","2007-12-03",4.7
"233","2007-12-04",4.68
"234","2007-12-05",4.64
"235","2007-12-06",4.67
"236","2007-12-07",4.65
"237","2007-12-10",4.55
"238","2007-12-11",4.74
"239","2007-12-12",4.73
"240","2007-12-13",4.53
"241","2007-12-14",4.31
"242","2007-12-17",4.23
"243","2007-12-18",4.33
"244","2007-12-19",4.35
"245","2007-12-20",4.31
"246","2007-12-21",4.23
"247","2007-12-24",4.35
"248","2007-12-26",4.47
"249","2007-12-27",4.35
"250","2007-12-28",4.35
"251","2007-12-31",4.2
"252","2008-01-02",4.25
"253","2008-01-03",4.1
"254","2008-01-04",4.07
"255","2008-01-07",4.02
"256","2008-01-08",4.24
"257","2008-01-09",4.05
"258","2008-01-10",4.23
"259","2008-01-11",4
"260","2008-01-14",3.88
"261","2008-01-15",3.82
"262","2008-01-16",4.11
"263","2008-01-17",3.97
"264","2008-01-18",4
"265","2008-01-22",3.81
"266","2008-01-23",3.83
"267","2008-01-24",3.82
"268","2008-01-25",3.88
"269","2008-01-28",3.85
"270","2008-01-29",3.76
"271","2008-01-30",3.69
"272","2008-01-31",3.65
"273","2008-02-01",3.79
"274","2008-02-04",3.81
"275","2008-02-05",3.82
"276","2008-02-06",3.85
"277","2008-02-07",3.88
"278","2008-02-08",3.85
"279","2008-02-11",3.94
"280","2008-02-12",4.03
"281","2008-02-13",3.81
"282","2008-02-14",3.84
"283","2008-02-15",3.92
"284","2008-02-19",3.78
"285","2008-02-20",3.77
"286","2008-02-21",3.88
"287","2008-02-22",3.91
"288","2008-02-25",3.82
"289","2008-02-26",3.93
"290","2008-02-27",3.99
"291","2008-02-28",4.01
"292","2008-02-29",3.99
"293","2008-03-03",3.83
"294","2008-03-04",3.78
"295","2008-03-05",4.18
"296","2008-03-06",4.06
"297","2008-03-07",4.3
"298","2008-03-10",4.09
"299","2008-03-11",4.23
"300","2008-03-12",4.24
"301","2008-03-13",4.24
"302","2008-03-14",3.84
"303","2008-03-17",3.78
"304","2008-03-18",4.01
"305","2008-03-19",3.75
"306","2008-03-20",3.95
"307","2008-03-24",3.84
"308","2008-03-25",3.92
"309","2008-03-26",3.72
"310","2008-03-27",3.69
"311","2008-03-28",3.68
"312","2008-03-31",3.68
"313","2008-04-01",3.8
"314","2008-04-02",3.74
"315","2008-04-03",3.96
"316","2008-04-04",3.89
"317","2008-04-07",3.76
"318","2008-04-08",3.73
"319","2008-04-09",3.71
"320","2008-04-10",3.63
"321","2008-04-11",3.63
"322","2008-04-14",3.6
"323","2008-04-15",3.61
"324","2008-04-16",3.53
"325","2008-04-17",3.54
"326","2008-04-18",3.45
"327","2008-04-21",3.44
"328","2008-04-22",3.18
"329","2008-04-23",3.07
"330","2008-04-24",3.09
"331","2008-04-25",3.36
"332","2008-04-28",3.24
"333","2008-04-29",3.3
"334","2008-04-30",3.2
"335","2008-05-01",3.26
"336","2008-05-02",3.2
"337","2008-05-05",3.32
"338","2008-05-06",3.44
"339","2008-05-07",3.64
"340","2008-05-08",3.49
"341","2008-05-09",2.85
"342","2008-05-12",2.87
"343","2008-05-13",3.04
"344","2008-05-14",3.12
"345","2008-05-15",3.59
"346","2008-05-16",3.8
"347","2008-05-19",3.6
"348","2008-05-20",3.55
"349","2008-05-21",3.48
"350","2008-05-22",3.42
"351","2008-05-23",3.44
"352","2008-05-27",3.47
"353","2008-05-28",3.38
"354","2008-05-29",3.36
"355","2008-05-30",3.62
"356","2008-06-02",3.53
"357","2008-06-03",3.59
"358","2008-06-04",3.58
"359","2008-06-05",3.52
"360","2008-06-06",3.61
"361","2008-06-09",3.53
"362","2008-06-10",3.52
"363","2008-06-11",3.42
"364","2008-06-12",3.45
"365","2008-06-13",3.7
"366","2008-06-16",3.6
"367","2008-06-17",3.52
"368","2008-06-18",3.19
"369","2008-06-19",3.16
"370","2008-06-20",3.27
"371","2008-06-23",3.07
"372","2008-06-24",3.16
"373","2008-06-25",3.06
"374","2008-06-26",3.16
"375","2008-06-27",3.07
"376","2008-06-30",3.02
"377","2008-07-01",2.99
"378","2008-07-02",3.01
"379","2008-07-03",2.91
"380","2008-07-07",2.83
"381","2008-07-08",2.8
"382","2008-07-09",2.78
"383","2008-07-10",2.72
"384","2008-07-11",2.7
"385","2008-07-14",2.7
"386","2008-07-15",2.7
"387","2008-07-16",2.7
"388","2008-07-17",2.66
"389","2008-07-18",2.6
"390","2008-07-21",2.57
"391","2008-07-22",2.63
"392","2008-07-23",2.66
"393","2008-07-24",2.6
"394","2008-07-25",2.5
"395","2008-07-28",2.43
"396","2008-07-29",2.84
"397","2008-07-30",3.1
"398","2008-07-31",2.76
"399","2008-08-01",2.71
"400","2008-08-04",2.65
"401","2008-08-05",3.05
"402","2008-08-06",3.17
"403","2008-08-07",3.08
"404","2008-08-08",2.98
"405","2008-08-11",2.96
"406","2008-08-12",3.02
"407","2008-08-13",3.11
"408","2008-08-14",3.17
"409","2008-08-15",3.32
"410","2008-08-18",3.39
"411","2008-08-19",2.98
"412","2008-08-20",2.95
"413","2008-08-21",3.23
"414","2008-08-22",3.16
"415","2008-08-25",3.2
"416","2008-08-26",3.27
"417","2008-08-27",3.12
"418","2008-08-28",3.25
"419","2008-08-29",3.16
"420","2008-09-02",3.14
"421","2008-09-03",3.19
"422","2008-09-04",3.14
"423","2008-09-05",3.11
"424","2008-09-08",3.05
"425","2008-09-09",3.14
"426","2008-09-10",3.13
"427","2008-09-11",3.01
"428","2008-09-12",3.11
"429","2008-09-15",3.11
"430","2008-09-16",3.08
"431","2008-09-17",3.14
"432","2008-09-18",3.12
"433","2008-09-19",3.19
"434","2008-09-22",2.98
"435","2008-09-23",3.18
"436","2008-09-24",3.06
"437","2008-09-25",3
"438","2008-09-26",2.97
"439","2008-09-29",2.95
"440","2008-09-30",3.1
"441","2008-10-01",2.96
"442","2008-10-02",2.96
"443","2008-10-03",2.9
"444","2008-10-06",2.9
"445","2008-10-07",2.81
"446","2008-10-08",2.75
"447","2008-10-09",2.47
"448","2008-10-10",2.65
"449","2008-10-13",2.45
"450","2008-10-14",2.4
"451","2008-10-15",2.64
"452","2008-10-16",2.65
"453","2008-10-17",2.73
"454","2008-10-20",2.64
"455","2008-10-21",2.75
"456","2008-10-22",2.72
"457","2008-10-23",2.69
"458","2008-10-24",2.52
"459","2008-10-27",2.5
"460","2008-10-28",2.44
"461","2008-10-29",2.43
"462","2008-10-30",2.46
"463","2008-10-31",2.25
"464","2008-11-03",2.24
"465","2008-11-04",2.37
"466","2008-11-05",2.3
"467","2008-11-06",2.21
"468","2008-11-07",2.22
"469","2008-11-10",2.11
"470","2008-11-11",2.06
"471","2008-11-12",2.01
"472","2008-11-13",2.02
"473","2008-11-14",1.98
"474","2008-11-17",1.94
"475","2008-11-18",1.92
"476","2008-11-19",1.79
"477","2008-11-20",1.7
"478","2008-11-21",1.75
"479","2008-11-24",1.82
"480","2008-11-25",1.98
"481","2008-11-26",1.79
"482","2008-11-28",1.78
"483","2008-12-01",1.78
"484","2008-12-02",1.67
"485","2008-12-03",1.67
"486","2008-12-04",1.68
"487","2008-12-05",1.71
"488","2008-12-08",1.7
"489","2008-12-09",1.68
"490","2008-12-10",1.68
"491","2008-12-11",1.67
"492","2008-12-12",1.67
"493","2008-12-15",1.67
"494","2008-12-16",1.67
"495","2008-12-17",1.58
"496","2008-12-18",1.59
"497","2008-12-19",1.65
"498","2008-12-22",1.63
"499","2008-12-23",1.7
"500","2008-12-24",1.7
"501","2008-12-26",1.7
"502","2008-12-29",1.71
"503","2008-12-30",1.87
"504","2008-12-31",1.87
"505","2009-01-02",2.03
"506","2009-01-05",2.1
"507","2009-01-06",2.13
"508","2009-01-07",2.14
"509","2009-01-08",2.07
"510","2009-01-09",2.05
"511","2009-01-12",2.03
"512","2009-01-13",2.14
"513","2009-01-14",2.03
"514","2009-01-15",2.15
"515","2009-01-16",2.09
"516","2009-01-20",2.1
"517","2009-01-21",2.1
"518","2009-01-22",2.1
"519","2009-01-23",2.05
"520","2009-01-26",2
"521","2009-01-27",2.01
"522","2009-01-28",2.14
"523","2009-01-29",2.1
"524","2009-01-30",2.24
"525","2009-02-02",2.24
"526","2009-02-03",2.03
"527","2009-02-04",1.89
"528","2009-02-05",2.05
"529","2009-02-06",1.9
"530","2009-02-09",2.07
"531","2009-02-10",2.04
"532","2009-02-11",2.12
"533","2009-02-12",2.07
"534","2009-02-13",1.99
"535","2009-02-17",1.92
"536","2009-02-18",1.92
"537","2009-02-19",1.81
"538","2009-02-20",1.75
"539","2009-02-23",1.7
"540","2009-02-24",1.83
"541","2009-02-25",1.69
"542","2009-02-26",1.8
"543","2009-02-27",1.76
"544","2009-03-02",1.66
"545","2009-03-03",1.72
"546","2009-03-04",1.68
"547","2009-03-05",2
"548","2009-03-06",1.99
"549","2009-03-09",1.95
"550","2009-03-10",1.95
"551","2009-03-11",2.03
"552","2009-03-12",1.98
"553","2009-03-13",1.99
"554","2009-03-16",1.93
"555","2009-03-17",1.95
"556","2009-03-18",1.94
"557","2009-03-19",2
"558","2009-03-20",2.05
"559","2009-03-23",2.1
"560","2009-03-24",2.09
"561","2009-03-25",2.11
"562","2009-03-26",2.15
"563","2009-03-27",2.1
"564","2009-03-30",2.1
"565","2009-03-31",2.1
"566","2009-04-01",2.08
"567","2009-04-02",2.32
"568","2009-04-03",2.25
"569","2009-04-06",2.21
"570","2009-04-07",2.23
"571","2009-04-08",2.23
"572","2009-04-09",2.23
"573","2009-04-13",2.25
"574","2009-04-14",2.27
"575","2009-04-15",2.24
"576","2009-04-16",2.31
"577","2009-04-17",2.35
"578","2009-04-20",2.32
"579","2009-04-21",2.28
"580","2009-04-22",2.38
"581","2009-04-23",2.39
"582","2009-04-24",2.41
"583","2009-04-27",2.36
"584","2009-04-28",2.37
"585","2009-04-29",2.34
"586","2009-04-30",2.36
"587","2009-05-01",2.35
"588","2009-05-04",2.34
"589","2009-05-05",2.3
"590","2009-05-06",2.26
"591","2009-05-07",2.3
"592","2009-05-08",2.31
"593","2009-05-11",2.32
"594","2009-05-12",2.29
"595","2009-05-13",2.31
"596","2009-05-14",2.31
"597","2009-05-15",2.3
"598","2009-05-18",2.3
"599","2009-05-19",2.52
"600","2009-05-20",2.52
"601","2009-05-21",2.51
"602","2009-05-22",2.52
"603","2009-05-26",2.51
"604","2009-05-27",2.55
"605","2009-05-28",2.56
"606","2009-05-29",2.58
"607","2009-06-01",2.58
"608","2009-06-02",2.57
"609","2009-06-03",2.55
"610","2009-06-04",2.72
"611","2009-06-05",2.53
"612","2009-06-08",2.6
"613","2009-06-09",2.6
"614","2009-06-10",2.54
"615","2009-06-11",2.58
"616","2009-06-12",2.5
"617","2009-06-15",2.5
"618","2009-06-16",2.47
"619","2009-06-17",2.51
"620","2009-06-18",2.55
"621","2009-06-19",2.75
"622","2009-06-22",2.9
"623","2009-06-23",2.56
"624","2009-06-24",2.49
"625","2009-06-25",2.52
"626","2009-06-26",2.64
"627","2009-06-29",2.5
"628","2009-06-30",2.75
"629","2009-07-01",2.63
"630","2009-07-02",2.47
"631","2009-07-06",2.49
"632","2009-07-07",2.55
"633","2009-07-08",2.56
"634","2009-07-09",2.6
"635","2009-07-10",2.5
"636","2009-07-13",2.49
"637","2009-07-14",2.51
"638","2009-07-15",2.52
"639","2009-07-16",2.5
"640","2009-07-17",2.57
"641","2009-07-20",2.5
"642","2009-07-21",2.5
"643","2009-07-22",2.49
"644","2009-07-23",2.5
"645","2009-07-24",2.59
"646","2009-07-27",2.6
"647","2009-07-28",2.65
"648","2009-07-29",2.68
"649","2009-07-30",2.8
"650","2009-07-31",2.83
"651","2009-08-03",2.71
"652","2009-08-04",2.7
"653","2009-08-05",2.8
"654","2009-08-06",2.8
"655","2009-08-07",2.68
"656","2009-08-10",2.71
"657","2009-08-11",2.71
"658","2009-08-12",2.71
"659","2009-08-13",2.68
"660","2009-08-14",2.8
"661","2009-08-17",2.65
"662","2009-08-18",2.63
"663","2009-08-19",2.55
"664","2009-08-20",2.56
"665","2009-08-21",2.6
"666","2009-08-24",2.6
"667","2009-08-25",2.68
"668","2009-08-26",2.71
"669","2009-08-27",2.71
"670","2009-08-28",2.7
"671","2009-08-31",2.66
"672","2009-09-01",2.72
"673","2009-09-02",2.74
"674","2009-09-03",2.74
"675","2009-09-04",2.65
"676","2009-09-08",2.67
"677","2009-09-09",2.57
"678","2009-09-10",2.67
"679","2009-09-11",2.65
"680","2009-09-14",2.65
"681","2009-09-15",2.65
"682","2009-09-16",2.65
"683","2009-09-17",2.76
"684","2009-09-18",2.59
"685","2009-09-21",2.55
"686","2009-09-22",2.53
"687","2009-09-23",2.53
"688","2009-09-24",2.48
"689","2009-09-25",2.46
"690","2009-09-28",2.45
"691","2009-09-29",2.52
"692","2009-09-30",2.44
"693","2009-10-01",2.49
"694","2009-10-02",2.49
"695","2009-10-05",2.55
"696","2009-10-06",2.43
"697","2009-10-07",2.43
"698","2009-10-08",2.35
"699","2009-10-09",2.27
"700","2009-10-12",2.26
"701","2009-10-13",2.28
"702","2009-10-14",2.28
"703","2009-10-15",2.27
"704","2009-10-16",2.23
"705","2009-10-19",2.2
"706","2009-10-20",2.5
"707","2009-10-21",2.41
"708","2009-10-22",2.4
"709","2009-10-23",2.4
"710","2009-10-26",2.4
"711","2009-10-27",2.48
"712","2009-10-28",2.35
"713","2009-10-29",2.4
"714","2009-10-30",2.34
"715","2009-11-02",2.32
"716","2009-11-03",2.45
"717","2009-11-04",2.35
"718","2009-11-05",2.36
"719","2009-11-06",2.38
"720","2009-11-09",2.4
"721","2009-11-10",2.4
"722","2009-11-11",2.4
"723","2009-11-12",2.4
"724","2009-11-13",2.34
"725","2009-11-16",2.22
"726","2009-11-17",2.18
"727","2009-11-18",2.19
"728","2009-11-19",2.32
"729","2009-11-20",2.3
"730","2009-11-23",2.18
"731","2009-11-24",2.13
"732","2009-11-25",2.16
"733","2009-11-27",2.13
"734","2009-11-30",2.15
"735","2009-12-01",2.06
"736","2009-12-02",1.99
"737","2009-12-03",2.05
"738","2009-12-04",2.08
"739","2009-12-07",2
"740","2009-12-08",2.05
"741","2009-12-09",2.24
"742","2009-12-10",2.23
"743","2009-12-11",2.29
"744","2009-12-14",2.47
"745","2009-12-15",2.56
"746","2009-12-16",2.46
"747","2009-12-17",2.54
"748","2009-12-18",2.9
"749","2009-12-21",2.66
"750","2009-12-22",2.71
"751","2009-12-23",2.68
"752","2009-12-24",2.65
"753","2009-12-28",2.6
"754","2009-12-29",2.6
"755","2009-12-30",2.68
"756","2009-12-31",2.8
"757","2010-01-04",2.89
"758","2010-01-05",2.72
"759","2010-01-06",2.7
"760","2010-01-07",2.79
"761","2010-01-08",2.72
"762","2010-01-11",2.7
"763","2010-01-12",2.66
"764","2010-01-13",2.71
"765","2010-01-14",2.66
"766","2010-01-15",2.59
"767","2010-01-19",2.49
"768","2010-01-20",2.62
"769","2010-01-21",2.72
"770","2010-01-22",2.56
"771","2010-01-25",2.6
"772","2010-01-26",2.6
"773","2010-01-27",2.57
"774","2010-01-28",2.56
"775","2010-01-29",2.56
"776","2010-02-01",2.51
"777","2010-02-02",2.57
"778","2010-02-03",2.7
"779","2010-02-04",2.58
"780","2010-02-05",2.5
"781","2010-02-08",2.48
"782","2010-02-09",2.41
"783","2010-02-10",2.75
"784","2010-02-11",2.47
"785","2010-02-12",2.74
"786","2010-02-16",2.42
"787","2010-02-17",2.73
"788","2010-02-18",2.69
"789","2010-02-19",2.7
"790","2010-02-22",2.66
"791","2010-02-23",2.72
"792","2010-02-24",2.58
"793","2010-02-25",2.62
"794","2010-02-26",2.64
"795","2010-03-01",2.65
"796","2010-03-02",2.59
"797","2010-03-03",2.54
"798","2010-03-04",2.51
"799","2010-03-05",2.53
"800","2010-03-08",2.48
"801","2010-03-09",2.49
"802","2010-03-10",2.51
"803","2010-03-11",2.43
"804","2010-03-12",2.44
"805","2010-03-15",2.42
"806","2010-03-16",2.5
"807","2010-03-17",2.44
"808","2010-03-18",2.49
"809","2010-03-19",2.6
"810","2010-03-22",2.45
"811","2010-03-23",2.42
"812","2010-03-24",2.46
"813","2010-03-25",2.41
"814","2010-03-26",2.42
"815","2010-03-29",2.41
"816","2010-03-30",2.4
"817","2010-03-31",2.4
"818","2010-04-01",2.3
"819","2010-04-05",2.37
"820","2010-04-06",2.45
"821","2010-04-07",2.41
"822","2010-04-08",2.27
"823","2010-04-09",2.32
"824","2010-04-12",2.32
"825","2010-04-13",2.36
"826","2010-04-14",2.37
"827","2010-04-15",2.34
"828","2010-04-16",2.28
"829","2010-04-19",2.25
"830","2010-04-20",2.27
"831","2010-04-21",2.57
"832","2010-04-22",2.54
"833","2010-04-23",2.31
"834","2010-04-26",2.33
"835","2010-04-27",2.7
"836","2010-04-28",2.5
"837","2010-04-29",2.47
"838","2010-04-30",2.49
"839","2010-05-03",2.36
"840","2010-05-04",2.63
"841","2010-05-05",2.31
"842","2010-05-06",2.48
"843","2010-05-07",2.41
"844","2010-05-10",2.36
"845","2010-05-11",2.53
"846","2010-05-12",2.49
"847","2010-05-13",2.5
"848","2010-05-14",2.45
"849","2010-05-17",2.45
"850","2010-05-18",2.41
"851","2010-05-19",2.33
"852","2010-05-20",2.4
"853","2010-05-21",2.37
"854","2010-05-24",2.41
"855","2010-05-25",2.36
"856","2010-05-26",2.44
"857","2010-05-27",2.4
"858","2010-05-28",2.43
"859","2010-06-01",2.4
"860","2010-06-02",2.32
"861","2010-06-03",2.37
"862","2010-06-04",2.37
"863","2010-06-07",2.25
"864","2010-06-08",2.42
"865","2010-06-09",2.43
"866","2010-06-10",2.35
"867","2010-06-11",2.36
"868","2010-06-14",2.35
"869","2010-06-15",2.3
"870","2010-06-16",2.35
"871","2010-06-17",2.37
"872","2010-06-18",2.41
"873","2010-06-21",2.45
"874","2010-06-22",2.3
"875","2010-06-23",2.45
"876","2010-06-24",2.09
"877","2010-06-25",2.17
"878","2010-06-28",2.24
"879","2010-06-29",2.3
"880","2010-06-30",2.32
"881","2010-07-01",2.13
"882","2010-07-02",2.22
"883","2010-07-06",2.29
"884","2010-07-07",2.39
"885","2010-07-08",2.25
"886","2010-07-09",2.31
"887","2010-07-12",2.29
"888","2010-07-13",2.26
"889","2010-07-14",2.32
"890","2010-07-15",2.45
"891","2010-07-16",2.42
"892","2010-07-19",2.43
"893","2010-07-20",2.45
"894","2010-07-21",2.47
"895","2010-07-22",2.43
"896","2010-07-23",2.45
"897","2010-07-26",2.53
"898","2010-07-27",2.43
"899","2010-07-28",2.45
"900","2010-07-29",2.44
"901","2010-07-30",2.5
"902","2010-08-02",2.4
"903","2010-08-03",2.34
"904","2010-08-04",2.4
"905","2010-08-05",2.32
"906","2010-08-06",2.36
"907","2010-08-09",2.3
"908","2010-08-10",2.35
"909","2010-08-11",2.35
"910","2010-08-12",2.37
"911","2010-08-13",2.4
"912","2010-08-16",2.4
"913","2010-08-17",2.34
"914","2010-08-18",2.34
"915","2010-08-19",2.3
"916","2010-08-20",2.36
"917","2010-08-23",2.32
"918","2010-08-24",2.25
"919","2010-08-25",2.2
"920","2010-08-26",2.21
"921","2010-08-27",2.4
"922","2010-08-30",2.24
"923","2010-08-31",2.3
"924","2010-09-01",2.31
"925","2010-09-02",2.34
"926","2010-09-03",2.28
"927","2010-09-07",2.31
"928","2010-09-08",2.29
"929","2010-09-09",2.22
"930","2010-09-10",2.37
"931","2010-09-13",2.35
"932","2010-09-14",2.27
"933","2010-09-15",2.33
"934","2010-09-16",2.37
"935","2010-09-17",2.36
"936","2010-09-20",2.4
"937","2010-09-21",2.4
"938","2010-09-22",2.38
"939","2010-09-23",2.38
"940","2010-09-24",2.68
"941","2010-09-27",2.55
"942","2010-09-28",2.62
"943","2010-09-29",2.62
"944","2010-09-30",2.65
"945","2010-10-01",2.65
"946","2010-10-04",2.62
"947","2010-10-05",2.66
"948","2010-10-06",2.8
"949","2010-10-07",2.84
"950","2010-10-08",2.84
"951","2010-10-11",2.82
"952","2010-10-12",2.82
"953","2010-10-13",2.79
"954","2010-10-14",2.85
"955","2010-10-15",2.72
"956","2010-10-18",2.76
"957","2010-10-19",2.71
"958","2010-10-20",2.82
"959","2010-10-21",2.75
"960","2010-10-22",2.73
"961","2010-10-25",2.78
"962","2010-10-26",2.86
"963","2010-10-27",2.85
"964","2010-10-28",2.81
"965","2010-10-29",2.84
"966","2010-11-01",2.71
"967","2010-11-02",2.85
"968","2010-11-03",2.79
"969","2010-11-04",2.86
"970","2010-11-05",2.85
"971","2010-11-08",2.84
"972","2010-11-09",2.81
"973","2010-11-10",2.93
"974","2010-11-11",2.95
"975","2010-11-12",2.91
"976","2010-11-15",2.91
"977","2010-11-16",3
"978","2010-11-17",2.94
"979","2010-11-18",2.95
"980","2010-11-19",2.99
"981","2010-11-22",2.9
"982","2010-11-23",2.89
"983","2010-11-24",2.81
"984","2010-11-26",2.77
"985","2010-11-29",2.79
"986","2010-11-30",2.79
"987","2010-12-01",2.8
"988","2010-12-02",2.82
"989","2010-12-03",2.88
"990","2010-12-06",2.85
"991","2010-12-07",2.9
"992","2010-12-08",2.91
"993","2010-12-09",2.89
"994","2010-12-10",2.85
"995","2010-12-13",2.82
"996","2010-12-14",2.82
"997","2010-12-15",2.8
"998","2010-12-16",2.95
"999","2010-12-17",2.79
"1000","2010-12-20",2.81
"1001","2010-12-21",2.86
"1002","2010-12-22",2.81
"1003","2010-12-23",2.84
"1004","2010-12-27",2.76
"1005","2010-12-28",2.68
"1006","2010-12-29",2.73
"1007","2010-12-30",2.73
"1008","2010-12-31",2.84
"1009","2011-01-03",2.98
"1010","2011-01-04",2.95
"1011","2011-01-05",3
"1012","2011-01-06",3.05
"1013","2011-01-07",3.07
"1014","2011-01-10",3.08
"1015","2011-01-11",3.27
"1016","2011-01-12",3.4
"1017","2011-01-13",3.6
"1018","2011-01-14",3.83
"1019","2011-01-18",3.91
"1020","2011-01-19",3.84
"1021","2011-01-20",3.9
"1022","2011-01-21",3.95
"1023","2011-01-24",3.95
"1024","2011-01-25",3.96
"1025","2011-01-26",3.93
"1026","2011-01-27",3.92
"1027","2011-01-28",3.79
"1028","2011-01-31",3.75
"1029","2011-02-01",3.73
"1030","2011-02-02",3.65
"1031","2011-02-03",3.72
"1032","2011-02-04",3.65
"1033","2011-02-07",3.62
"1034","2011-02-08",3.65
"1035","2011-02-09",3.59
"1036","2011-02-10",3.5
"1037","2011-02-11",3.62
"1038","2011-02-14",3.66
"1039","2011-02-15",3.74
"1040","2011-02-16",3.7
"1041","2011-02-17",3.69
"1042","2011-02-18",3.73
"1043","2011-02-22",3.64
"1044","2011-02-23",3.51
"1045","2011-02-24",3.63
"1046","2011-02-25",3.63
"1047","2011-02-28",3.56
"1048","2011-03-01",3.6
"1049","2011-03-02",3.56
"1050","2011-03-03",3.6
"1051","2011-03-04",3.6
"1052","2011-03-07",3.72
"1053","2011-03-08",3.6
"1054","2011-03-09",3.61
"1055","2011-03-10",3.6
"1056","2011-03-11",3.65
"1057","2011-03-14",3.69
"1058","2011-03-15",3.56
"1059","2011-03-16",3.64
"1060","2011-03-17",3.69
"1061","2011-03-18",3.74
"1062","2011-03-21",3.63
"1063","2011-03-22",3.63
"1064","2011-03-23",3.57
"1065","2011-03-24",3.54
"1066","2011-03-25",3.58
"1067","2011-03-28",3.33
"1068","2011-03-29",3.29
"1069","2011-03-30",3.41
"1070","2011-03-31",3.6
"1071","2011-04-01",3.45
"1072","2011-04-04",3.35
"1073","2011-04-05",3.19
"1074","2011-04-06",3.02
"1075","2011-04-07",3.07
"1076","2011-04-08",3.1
"1077","2011-04-11",3.17
"1078","2011-04-12",3.39
"1079","2011-04-13",3.33
"1080","2011-04-14",3.28
"1081","2011-04-15",3.19
"1082","2011-04-18",3.23
"1083","2011-04-19",3.22
"1084","2011-04-20",3.27
"1085","2011-04-21",3.14
"1086","2011-04-25",3.16
"1087","2011-04-26",3.23
"1088","2011-04-27",3.42
"1089","2011-04-28",3.31
"1090","2011-04-29",3.33
"1091","2011-05-02",3.31
"1092","2011-05-03",3.38
"1093","2011-05-04",3.32
"1094","2011-05-05",3.33
"1095","2011-05-06",3.31
"1096","2011-05-09",3.25
"1097","2011-05-10",3.3
"1098","2011-05-11",3.31
"1099","2011-05-12",3.33
"1100","2011-05-13",3.48
"1101","2011-05-16",3.39
"1102","2011-05-17",3.31
"1103","2011-05-18",3.32
"1104","2011-05-19",3.25
"1105","2011-05-20",3.15
"1106","2011-05-23",3.06
"1107","2011-05-24",3.04
"1108","2011-05-25",3.03
"1109","2011-05-26",3.06
"1110","2011-05-27",3.08
"1111","2011-05-31",3.08
"1112","2011-06-01",3.01
"1113","2011-06-02",3.06
"1114","2011-06-03",3
"1115","2011-06-06",2.95
"1116","2011-06-07",2.94
"1117","2011-06-08",2.97
"1118","2011-06-09",2.96
"1119","2011-06-10",2.98
"1120","2011-06-13",2.91
"1121","2011-06-14",3.02
"1122","2011-06-15",2.96
"1123","2011-06-16",3.1
"1124","2011-06-17",3.31
"1125","2011-06-20",3.25
"1126","2011-06-21",3.2
"1127","2011-06-22",3.21
"1128","2011-06-23",3.15
"1129","2011-06-24",2.98
"1130","2011-06-27",3.15
"1131","2011-06-28",3.25
"1132","2011-06-29",2.97
"1133","2011-06-30",3
"1134","2011-07-01",3.08
"1135","2011-07-05",3.24
"1136","2011-07-06",3
"1137","2011-07-07",3.33
"1138","2011-07-08",3.2
"1139","2011-07-11",3.15
"1140","2011-07-12",3.16
"1141","2011-07-13",3.05
"1142","2011-07-14",3.1
"1143","2011-07-15",2.95
"1144","2011-07-18",3.1
"1145","2011-07-19",3.23
"1146","2011-07-20",3.02
"1147","2011-07-21",2.97
"1148","2011-07-22",3.17
"1149","2011-07-25",3.39
"1150","2011-07-26",3.35
"1151","2011-07-27",3.22
"1152","2011-07-28",3.47
"1153","2011-07-29",3.5
"1154","2011-08-01",3.38
"1155","2011-08-02",3.2
"1156","2011-08-03",2.99
"1157","2011-08-04",2.91
"1158","2011-08-05",3.09
"1159","2011-08-08",2.92
"1160","2011-08-09",2.95
"1161","2011-08-10",3
"1162","2011-08-11",2.94
"1163","2011-08-12",3.16
"1164","2011-08-15",3.12
"1165","2011-08-16",3.16
"1166","2011-08-17",2.95
"1167","2011-08-18",2.85
"1168","2011-08-19",2.8
"1169","2011-08-22",2.82
"1170","2011-08-23",2.92
"1171","2011-08-24",2.86
"1172","2011-08-25",2.82
"1173","2011-08-26",3.05
"1174","2011-08-29",3.2
"1175","2011-08-30",3.21
"1176","2011-08-31",3.24
"1177","2011-09-01",3.13
"1178","2011-09-02",3
"1179","2011-09-06",2.87
"1180","2011-09-07",3.04
"1181","2011-09-08",3.07
"1182","2011-09-09",2.89
"1183","2011-09-12",2.85
"1184","2011-09-13",2.93
"1185","2011-09-14",2.84
"1186","2011-09-15",3.09
"1187","2011-09-16",3.23
"1188","2011-09-19",3
"1189","2011-09-20",3
"1190","2011-09-21",2.84
"1191","2011-09-22",2.68
"1192","2011-09-23",2.85
"1193","2011-09-26",2.83
"1194","2011-09-27",2.71
"1195","2011-09-28",2.7
"1196","2011-09-29",2.71
"1197","2011-09-30",2.62
"1198","2011-10-03",2.45
"1199","2011-10-04",2.53
"1200","2011-10-05",2.59
"1201","2011-10-06",2.75
"1202","2011-10-07",2.73
"1203","2011-10-10",2.68
"1204","2011-10-11",2.53
"1205","2011-10-12",2.6
"1206","2011-10-13",2.6
"1207","2011-10-14",2.62
"1208","2011-10-17",2.68
"1209","2011-10-18",2.6
"1210","2011-10-19",2.6
"1211","2011-10-20",2.65
"1212","2011-10-21",2.6
"1213","2011-10-24",2.74
"1214","2011-10-25",2.74
"1215","2011-10-26",2.79
"1216","2011-10-27",2.82
"1217","2011-10-28",2.98
"1218","2011-10-31",2.96
"1219","2011-11-01",2.97
"1220","2011-11-02",2.88
"1221","2011-11-03",2.82
"1222","2011-11-04",2.92
"1223","2011-11-07",2.82
"1224","2011-11-08",2.97
"1225","2011-11-09",2.87
"1226","2011-11-10",2.86
"1227","2011-11-11",2.97
"1228","2011-11-14",2.91
"1229","2011-11-15",2.87
"1230","2011-11-16",2.86
"1231","2011-11-17",2.94
"1232","2011-11-18",2.97
"1233","2011-11-21",2.96
"1234","2011-11-22",2.94
"1235","2011-11-23",3.03
"1236","2011-11-25",3.05
"1237","2011-11-28",3.07
"1238","2011-11-29",3.12
"1239","2011-11-30",3.15
"1240","2011-12-01",3.11
"1241","2011-12-02",3.02
"1242","2011-12-05",3.08
"1243","2011-12-06",3.14
"1244","2011-12-07",3.06
"1245","2011-12-08",2.97
"1246","2011-12-09",3.05
"1247","2011-12-12",3.11
"1248","2011-12-13",2.97
"1249","2011-12-14",3.04
"1250","2011-12-15",2.95
"1251","2011-12-16",2.94
"1252","2011-12-19",3.02
"1253","2011-12-20",3.02
"1254","2011-12-21",2.98
"1255","2011-12-22",2.98
"1256","2011-12-23",2.86
"1257","2011-12-27",2.87
"1258","2011-12-28",2.9
"1259","2011-12-29",2.8
"1260","2011-12-30",3
"1261","2012-01-03",2.86
"1262","2012-01-04",2.78
"1263","2012-01-05",2.85
"1264","2012-01-06",2.94
"1265","2012-01-09",2.9
"1266","2012-01-10",2.94
"1267","2012-01-11",2.94
"1268","2012-01-12",2.93
"1269","2012-01-13",2.96
"1270","2012-01-17",2.98
"1271","2012-01-18",3.09
"1272","2012-01-19",3.05
"1273","2012-01-20",3.15
"1274","2012-01-23",3.07
"1275","2012-01-24",3.11
"1276","2012-01-25",3.2
"1277","2012-01-26",3.07
"1278","2012-01-27",3.07
"1279","2012-01-30",3.18
"1280","2012-01-31",3.08
"1281","2012-02-01",3.2
"1282","2012-02-02",3.14
"1283","2012-02-03",3.2
"1284","2012-02-06",3.15
"1285","2012-02-07",3.12
"1286","2012-02-08",3.18
"1287","2012-02-09",3.2
"1288","2012-02-10",3.38
"1289","2012-02-13",3.94
"1290","2012-02-14",4.08
"1291","2012-02-15",4
"1292","2012-02-16",4.43
"1293","2012-02-17",4.25
"1294","2012-02-21",4.1
"1295","2012-02-22",4.03
"1296","2012-02-23",4.1
"1297","2012-02-24",4.25
"1298","2012-02-27",4.49
"1299","2012-02-28",4.47
"1300","2012-02-29",4.39
"1301","2012-03-01",4.44
"1302","2012-03-02",4.5
"1303","2012-03-05",4.45
"1304","2012-03-06",4.39
"1305","2012-03-07",4.25
"1306","2012-03-08",4.15
"1307","2012-03-09",4.16
"1308","2012-03-12",4.17
"1309","2012-03-13",4.14
"1310","2012-03-14",4.13
"1311","2012-03-15",4.09
"1312","2012-03-16",4.07
"1313","2012-03-19",4.1
"1314","2012-03-20",4.01
"1315","2012-03-21",3.79
"1316","2012-03-22",4.08
"1317","2012-03-23",3.93
"1318","2012-03-26",3.91
"1319","2012-03-27",3.93
"1320","2012-03-28",3.85
"1321","2012-03-29",3.71
"1322","2012-03-30",3.9
"1323","2012-04-02",3.82
"1324","2012-04-03",3.77
"1325","2012-04-04",3.8
"1326","2012-04-05",3.66
"1327","2012-04-09",3.64
"1328","2012-04-10",3.59
"1329","2012-04-11",3.6
"1330","2012-04-12",3.6
"1331","2012-04-13",3.68
"1332","2012-04-16",3.76
"1333","2012-04-17",3.7
"1334","2012-04-18",3.71
"1335","2012-04-19",3.8
"1336","2012-04-20",3.73
"1337","2012-04-23",3.73
"1338","2012-04-24",3.74
"1339","2012-04-25",3.77
"1340","2012-04-26",3.74
"1341","2012-04-27",6.15
"1342","2012-04-30",6.2
"1343","2012-05-01",6.49
"1344","2012-05-02",6.6
"1345","2012-05-03",6.8
"1346","2012-05-04",6.93
"1347","2012-05-07",6.99
"1348","2012-05-08",6.82
"1349","2012-05-09",6.1
"1350","2012-05-10",6.01
"1351","2012-05-11",5.9
"1352","2012-05-14",5.43
"1353","2012-05-15",5.45
"1354","2012-05-16",5.6
"1355","2012-05-17",5.58
"1356","2012-05-18",5.49
"1357","2012-05-21",5.49
"1358","2012-05-22",5.65
"1359","2012-05-23",5.7
"1360","2012-05-24",5.71
"1361","2012-05-25",5.57
"1362","2012-05-29",5.67
"1363","2012-05-30",5.61
"1364","2012-05-31",5.69
"1365","2012-06-01",5.7
"1366","2012-06-04",5.77
"1367","2012-06-05",5.68
"1368","2012-06-06",5.75
"1369","2012-06-07",5.88
"1370","2012-06-08",5.79
"1371","2012-06-11",5.57
"1372","2012-06-12",5.7
"1373","2012-06-13",5.72
"1374","2012-06-14",5.68
"1375","2012-06-15",5.79
"1376","2012-06-18",5.8
"1377","2012-06-19",5.93
"1378","2012-06-20",6.05
"1379","2012-06-21",6.28
"1380","2012-06-22",6.33
"1381","2012-06-25",6.13
"1382","2012-06-26",6.15
"1383","2012-06-27",6.33
"1384","2012-06-28",6.37
"1385","2012-06-29",6.45
"1386","2012-07-02",6.74
"1387","2012-07-03",6.82
"1388","2012-07-05",6.75
"1389","2012-07-06",6.78
"1390","2012-07-09",6.67
"1391","2012-07-10",6.65
"1392","2012-07-11",6.66
"1393","2012-07-12",6.55
"1394","2012-07-13",6.58
"1395","2012-07-16",6.43
"1396","2012-07-17",6.6
"1397","2012-07-18",6.56
"1398","2012-07-19",6.25
"1399","2012-07-20",5.85
"1400","2012-07-23",5.65
"1401","2012-07-24",5.52
"1402","2012-07-25",6.58
"1403","2012-07-26",6.65
"1404","2012-07-27",6.52
"1405","2012-07-30",6.47
"1406","2012-07-31",6.19
"1407","2012-08-01",5.98
"1408","2012-08-02",6.04
"1409","2012-08-03",6.17
"1410","2012-08-06",6.26
"1411","2012-08-07",6.17
"1412","2012-08-08",6.07
"1413","2012-08-09",5.98
"1414","2012-08-10",5.77
"1415","2012-08-13",5.55
"1416","2012-08-14",5.61
"1417","2012-08-15",5.75
"1418","2012-08-16",5.65
"1419","2012-08-17",5.85
"1420","2012-08-20",5.69
"1421","2012-08-21",5.65
"1422","2012-08-22",5.69
"1423","2012-08-23",5.67
"1424","2012-08-24",6
"1425","2012-08-27",6
"1426","2012-08-28",6.01
"1427","2012-08-29",6.05
"1428","2012-08-30",6.01
"1429","2012-08-31",5.93
"1430","2012-09-04",6.13
"1431","2012-09-05",6.24
"1432","2012-09-06",6.43
"1433","2012-09-07",6.4
"1434","2012-09-10",6.4
"1435","2012-09-11",6.5
"1436","2012-09-12",6.46
"1437","2012-09-13",6.33
"1438","2012-09-14",6.16
"1439","2012-09-17",6.24
"1440","2012-09-18",6.25
"1441","2012-09-19",6.26
"1442","2012-09-20",6.25
"1443","2012-09-21",6.27
"1444","2012-09-24",6.25
"1445","2012-09-25",6.21
"1446","2012-09-26",6.16
"1447","2012-09-27",6.3
"1448","2012-09-28",6.3
"1449","2012-10-01",6.17
"1450","2012-10-02",6.22
"1451","2012-10-03",6.31
"1452","2012-10-04",6.35
"1453","2012-10-05",6.32
"1454","2012-10-08",6.37
"1455","2012-10-09",6.25
"1456","2012-10-10",6.33
"1457","2012-10-11",6.28
"1458","2012-10-12",6.26
"1459","2012-10-15",6.3
"1460","2012-10-16",6.32
"1461","2012-10-17",6.25
"1462","2012-10-18",6.15
"1463","2012-10-19",5.9
"1464","2012-10-22",6.13
"1465","2012-10-23",6.11
"1466","2012-10-24",6.11
"1467","2012-10-25",6.09
"1468","2012-10-26",6.09
"1469","2012-10-31",6.09
"1470","2012-11-01",6.09
"1471","2012-11-02",6
"1472","2012-11-05",5.99
"1473","2012-11-06",6.12
"1474","2012-11-07",5.88
"1475","2012-11-08",5.95
"1476","2012-11-09",6.04
"1477","2012-11-12",6.11
"1478","2012-11-13",6.1
"1479","2012-11-14",5.91
"1480","2012-11-15",6.11
"1481","2012-11-16",5.98
"1482","2012-11-19",6.07
"1483","2012-11-20",6.38
"1484","2012-11-21",6.4
"1485","2012-11-23",6.4
"1486","2012-11-26",6.45
"1487","2012-11-27",6.43
"1488","2012-11-28",6.43
"1489","2012-11-29",6.55
"1490","2012-11-30",6.7
"1491","2012-12-03",6.68
"1492","2012-12-04",6.65
"1493","2012-12-05",6.62
"1494","2012-12-06",6.63
"1495","2012-12-07",6.59
"1496","2012-12-10",6.64
"1497","2012-12-11",6.65
"1498","2012-12-12",6.62
"1499","2012-12-13",6.56
"1500","2012-12-14",6.6
"1501","2012-12-17",6.88
"1502","2012-12-18",5.27
"1503","2012-12-19",5.2
"1504","2012-12-20",5.2
"1505","2012-12-21",5.26
"1506","2012-12-24",5.34
"1507","2012-12-26",5.43
"1508","2012-12-27",5.5
"1509","2012-12-28",5.4
"1510","2012-12-31",5.48
"1511","2013-01-02",5.48
"1512","2013-01-03",5.49
"1513","2013-01-04",5.74
"1514","2013-01-07",5.96
"1515","2013-01-08",5.87
"1516","2013-01-09",5.97
"1517","2013-01-10",6
"1518","2013-01-11",6
"1519","2013-01-14",6
"1520","2013-01-15",6.06
"1521","2013-01-16",5.99
"1522","2013-01-17",5.86
"1523","2013-01-18",6
"1524","2013-01-22",5.98
"1525","2013-01-23",5.86
"1526","2013-01-24",5.63
"1527","2013-01-25",5.87
"1528","2013-01-28",6.12
"1529","2013-01-29",5.93
"1530","2013-01-30",5.73
"1531","2013-01-31",5.76
"1532","2013-02-01",5.92
"1533","2013-02-04",5.63
"1534","2013-02-05",5.76
"1535","2013-02-06",5.68
"1536","2013-02-07",5.52
"1537","2013-02-08",5.57
"1538","2013-02-11",5.53
"1539","2013-02-12",5.42
"1540","2013-02-13",5.11
"1541","2013-02-14",4.83
"1542","2013-02-15",4.97
"1543","2013-02-19",5.06
"1544","2013-02-20",5
"1545","2013-02-21",5.16
"1546","2013-02-22",5.2
"1547","2013-02-25",5.05
"1548","2013-02-26",5.11
"1549","2013-02-27",5.21
"1550","2013-02-28",5
"1551","2013-03-01",5.02
"1552","2013-03-04",4.86
"1553","2013-03-05",4.93
"1554","2013-03-06",4.77
"1555","2013-03-07",4.86
"1556","2013-03-08",4.9
"1557","2013-03-11",4.91
"1558","2013-03-12",4.86
"1559","2013-03-13",4.81
"1560","2013-03-14",4.93
"1561","2013-03-15",4.86
"1562","2013-03-18",4.75
"1563","2013-03-19",4.73
"1564","2013-03-20",4.83
"1565","2013-03-21",4.75
"1566","2013-03-22",4.75
"1567","2013-03-25",4.8
"1568","2013-03-26",4.8
"1569","2013-03-27",4.77
"1570","2013-03-28",4.63
"1571","2013-04-01",4.57
"1572","2013-04-02",4.79
"1573","2013-04-03",4.92
"1574","2013-04-04",5.26
"1575","2013-04-05",5.19
"1576","2013-04-08",5.21
"1577","2013-04-09",5.13
"1578","2013-04-10",5.05
"1579","2013-04-11",5.02
"1580","2013-04-12",4.99
"1581","2013-04-15",4.96
"1582","2013-04-16",5.08
"1583","2013-04-17",4.95
"1584","2013-04-18",4.9
"1585","2013-04-19",5.01
"1586","2013-04-22",4.99
"1587","2013-04-23",5.12
"1588","2013-04-24",5.06
"1589","2013-04-25",4.93
"1590","2013-04-26",4.86
"1591","2013-04-29",4.87
"1592","2013-04-30",4.83
"1593","2013-05-01",4.65
"1594","2013-05-02",4.68
"1595","2013-05-03",4.82
"1596","2013-05-06",4.82
"1597","2013-05-07",4.8
"1598","2013-05-08",4.82
"1599","2013-05-09",4.75
"1600","2013-05-10",4.72
"1601","2013-05-13",4.67
"1602","2013-05-14",4.62
"1603","2013-05-15",4.72
"1604","2013-05-16",4.91
"1605","2013-05-17",4.99
"1606","2013-05-20",5.04
"1607","2013-05-21",5.1
"1608","2013-05-22",5.08
"1609","2013-05-23",5.05
"1610","2013-05-24",5.12
"1611","2013-05-28",5.07
"1612","2013-05-29",5.15
"1613","2013-05-30",5.07
"1614","2013-05-31",5.45
"1615","2013-06-03",5.44
"1616","2013-06-04",5.33
"1617","2013-06-05",5.27
"1618","2013-06-06",5.29
"1619","2013-06-07",5.24
"1620","2013-06-10",5.44
"1621","2013-06-11",5.25
"1622","2013-06-12",5.25
"1623","2013-06-13",5.23
"1624","2013-06-14",5.2
"1625","2013-06-17",5.26
"1626","2013-06-18",5.08
"1627","2013-06-19",5.12
"1628","2013-06-20",4.97
"1629","2013-06-21",5.06
"1630","2013-06-24",4.85
"1631","2013-06-25",4.8
"1632","2013-06-26",4.89
"1633","2013-06-27",4.74
"1634","2013-06-28",5.2
"1635","2013-07-01",5.17
"1636","2013-07-02",5.26
"1637","2013-07-03",5.27
"1638","2013-07-05",5.31
"1639","2013-07-08",5.29
"1640","2013-07-09",5.24
"1641","2013-07-10",5.28
"1642","2013-07-11",5.27
"1643","2013-07-12",5.24
"1644","2013-07-15",5.25
"1645","2013-07-16",5.18
"1646","2013-07-17",5.2
"1647","2013-07-18",5.05
"1648","2013-07-19",5.03
"1649","2013-07-22",5.2
"1650","2013-07-23",5.25
"1651","2013-07-24",5.16
"1652","2013-07-25",5.14
"1653","2013-07-26",5.04
"1654","2013-07-29",4.93
"1655","2013-07-30",4.81
"1656","2013-07-31",4.94
"1657","2013-08-01",4.92
"1658","2013-08-02",4.9
"1659","2013-08-05",5.23
"1660","2013-08-06",5.3
"1661","2013-08-07",5.25
"1662","2013-08-08",5.28
"1663","2013-08-09",5.27
"1664","2013-08-12",5.35
"1665","2013-08-13",5.3
"1666","2013-08-14",5.26
"1667","2013-08-15",5.24
"1668","2013-08-16",5.12
"1669","2013-08-19",4.98
"1670","2013-08-20",5.02
"1671","2013-08-21",4.96
"1672","2013-08-22",5.02
"1673","2013-08-23",5.01
"1674","2013-08-26",4.97
"1675","2013-08-27",4.9
"1676","2013-08-28",4.87
"1677","2013-08-29",4.95
"1678","2013-08-30",4.99
"1679","2013-09-03",4.91
"1680","2013-09-04",4.96
"1681","2013-09-05",4.95
"1682","2013-09-06",4.96
"1683","2013-09-09",5.07
"1684","2013-09-10",5.08
"1685","2013-09-11",5.06
"1686","2013-09-12",5.27
"1687","2013-09-13",5.36
"1688","2013-09-16",5.5
"1689","2013-09-17",5.5
"1690","2013-09-18",5.5
"1691","2013-09-19",5.5
"1692","2013-09-20",5.48
"1693","2013-09-23",5.44
"1694","2013-09-24",5.52
"1695","2013-09-25",5.51
"1696","2013-09-26",5.49
"1697","2013-09-27",5.5
"1698","2013-09-30",5.46
"1699","2013-10-01",5.46
"1700","2013-10-02",5.44
"1701","2013-10-03",5.31
"1702","2013-10-04",5.28
"1703","2013-10-07",5.27
"1704","2013-10-08",5.22
"1705","2013-10-09",5.22
"1706","2013-10-10",5.21
"1707","2013-10-11",5.29
"1708","2013-10-14",5.3
"1709","2013-10-15",5.26
"1710","2013-10-16",5.29
"1711","2013-10-17",5.27
"1712","2013-10-18",5.28
"1713","2013-10-21",5.5
"1714","2013-10-22",5.39
"1715","2013-10-23",5.34
"1716","2013-10-24",5.44
"1717","2013-10-25",5.4
"1718","2013-10-28",5.45
"1719","2013-10-29",5.31
"1720","2013-10-30",5.21
"1721","2013-10-31",5.23
"1722","2013-11-01",5.18
"1723","2013-11-04",5.2
"1724","2013-11-05",5.22
"1725","2013-11-06",5.27
"1726","2013-11-07",5.34
"1727","2013-11-08",5.47
"1728","2013-11-11",5.5
"1729","2013-11-12",5.56
"1730","2013-11-13",5.48
"1731","2013-11-14",5.45
"1732","2013-11-15",5.53
"1733","2013-11-18",5.5
"1734","2013-11-19",5.8
"1735","2013-11-20",5.78
"1736","2013-11-21",5.78
"1737","2013-11-22",5.96
"1738","2013-11-25",5.92
"1739","2013-11-26",5.9
"1740","2013-11-27",5.91
"1741","2013-11-29",5.92
"1742","2013-12-02",5.9
"1743","2013-12-03",5.85
"1744","2013-12-04",5.85
"1745","2013-12-05",5.9
"1746","2013-12-06",5.88
"1747","2013-12-09",5.88
"1748","2013-12-10",5.96
"1749","2013-12-11",5.93
"1750","2013-12-12",5.9
"1751","2013-12-13",5.96
"1752","2013-12-16",5.96
"1753","2013-12-17",6.05
"1754","2013-12-18",6.03
"1755","2013-12-19",5.99
"1756","2013-12-20",6.05
"1757","2013-12-23",6
"1758","2013-12-24",6.08
"1759","2013-12-26",6.07
"1760","2013-12-27",6.08
"1761","2013-12-30",6.06
"1762","2013-12-31",6.11
"1763","2014-01-02",6.05
"1764","2014-01-03",6.06
"1765","2014-01-06",6.11
"1766","2014-01-07",6.11
"1767","2014-01-08",6.07
"1768","2014-01-09",6.05
"1769","2014-01-10",6.08
"1770","2014-01-13",6.07
"1771","2014-01-14",6.05
"1772","2014-01-15",6.11
"1773","2014-01-16",6.13
"1774","2014-01-17",6.1
"1775","2014-01-21",6.1
"1776","2014-01-22",6.11
"1777","2014-01-23",6.22
"1778","2014-01-24",6.16
"1779","2014-01-27",6.14
"1780","2014-01-28",6.23
"1781","2014-01-29",6.34
"1782","2014-01-30",6.31
"1783","2014-01-31",6.5
"1784","2014-02-03",6.51
"1785","2014-02-04",6.59
"1786","2014-02-05",6.42
"1787","2014-02-06",6.39
"1788","2014-02-07",6.43
"1789","2014-02-10",6.37
"1790","2014-02-11",6.11
"1791","2014-02-12",6.54
"1792","2014-02-13",6.57
"1793","2014-02-14",6.52
"1794","2014-02-18",6.54
"1795","2014-02-19",6.44
"1796","2014-02-20",6.19
"1797","2014-02-21",6.07
"1798","2014-02-24",6
"1799","2014-02-25",5.9
"1800","2014-02-26",5.88
"1801","2014-02-27",5.8
"1802","2014-02-28",5.66
"1803","2014-03-03",5.71
"1804","2014-03-04",5.7
"1805","2014-03-05",5.75
"1806","2014-03-06",5.74
"1807","2014-03-07",5.78
"1808","2014-03-10",5.89
"1809","2014-03-11",5.83
"1810","2014-03-12",5.89
"1811","2014-03-13",5.75
"1812","2014-03-14",5.89
"1813","2014-03-17",5.78
"1814","2014-03-18",5.94
"1815","2014-03-19",5.75
"1816","2014-03-20",5.78
"1817","2014-03-21",5.8
"1818","2014-03-24",5.75
"1819","2014-03-25",5.75
"1820","2014-03-26",5.76
"1821","2014-03-27",5.76
"1822","2014-03-28",5.76
"1823","2014-03-31",5.79
"1824","2014-04-01",5.78
"1825","2014-04-02",5.8
"1826","2014-04-03",5.79
"1827","2014-04-04",5.75
"1828","2014-04-07",5.75
"1829","2014-04-08",5.8
"1830","2014-04-09",5.77
"1831","2014-04-10",5.75
"1832","2014-04-11",5.77
"1833","2014-04-14",5.8
"1834","2014-04-15",5.66
"1835","2014-04-16",5.6
"1836","2014-04-17",5.64
"1837","2014-04-21",5.63
"1838","2014-04-22",5.62
"1839","2014-04-23",5.64
"1840","2014-04-24",5.6
"1841","2014-04-25",5.59
"1842","2014-04-28",5.58
"1843","2014-04-29",5.56
"1844","2014-04-30",5.54
"1845","2014-05-01",5.5
"1846","2014-05-02",5.53
"1847","2014-05-05",5.53
"1848","2014-05-06",5.58
"1849","2014-05-07",5.53
"1850","2014-05-08",5.47
"1851","2014-05-09",5.47
"1852","2014-05-12",5.6
"1853","2014-05-13",5.65
"1854","2014-05-14",5.61
"1855","2014-05-15",5.6
"1856","2014-05-16",5.6
"1857","2014-05-19",5.62
"1858","2014-05-20",5.62
"1859","2014-05-21",5.6
"1860","2014-05-22",5.69
"1861","2014-05-23",5.73
"1862","2014-05-27",5.7
"1863","2014-05-28",5.71
"1864","2014-05-29",5.74
"1865","2014-05-30",5.73
"1866","2014-06-02",5.79
"1867","2014-06-03",5.83
"1868","2014-06-04",5.8
"1869","2014-06-05",5.81
"1870","2014-06-06",5.83
"1871","2014-06-09",5.83
"1872","2014-06-10",5.86
"1873","2014-06-11",5.83
"1874","2014-06-12",5.81
"1875","2014-06-13",5.74
"1876","2014-06-16",5.7
"1877","2014-06-17",5.75
"1878","2014-06-18",5.69
"1879","2014-06-19",5.67
"1880","2014-06-20",5.73
"1881","2014-06-23",5.72
"1882","2014-06-24",5.64
"1883","2014-06-25",5.64
"1884","2014-06-26",5.68
"1885","2014-06-27",6.5
"1886","2014-06-30",6.56
"1887","2014-07-01",6.59
"1888","2014-07-02",6.59
"1889","2014-07-03",6.58
"1890","2014-07-07",6.59
"1891","2014-07-08",6.65
"1892","2014-07-09",6.64
"1893","2014-07-10",6.67
"1894","2014-07-11",6.7
"1895","2014-07-14",6.7
"1896","2014-07-15",6.65
"1897","2014-07-16",6.66
"1898","2014-07-17",6.64
"1899","2014-07-18",6.68
"1900","2014-07-21",6.66
"1901","2014-07-22",6.67
"1902","2014-07-23",6.65
"1903","2014-07-24",6.63
"1904","2014-07-25",5
"1905","2014-07-28",4.64
"1906","2014-07-29",4.46
"1907","2014-07-30",4.46
"1908","2014-07-31",4.29
"1909","2014-08-01",4.25
"1910","2014-08-04",4.27
"1911","2014-08-05",4.2
"1912","2014-08-06",4.25
"1913","2014-08-07",4.31
"1914","2014-08-08",4.3
"1915","2014-08-11",4.35
"1916","2014-08-12",4.3
"1917","2014-08-13",4.28
"1918","2014-08-14",4.25
"1919","2014-08-15",4.2
"1920","2014-08-18",4.2
"1921","2014-08-19",4.2
"1922","2014-08-20",4.11
"1923","2014-08-21",4.17
"1924","2014-08-22",4.16
"1925","2014-08-25",4.12
"1926","2014-08-26",4.15
"1927","2014-08-27",4.1
"1928","2014-08-28",4.1
"1929","2014-08-29",4.12
"1930","2014-09-02",4.13
"1931","2014-09-03",4.11
"1932","2014-09-04",4.1
"1933","2014-09-05",4.08
"1934","2014-09-08",4.03
"1935","2014-09-09",4.29
"1936","2014-09-10",4.34
"1937","2014-09-11",4.14
"1938","2014-09-12",4.15
"1939","2014-09-15",4.17
"1940","2014-09-16",4.11
"1941","2014-09-17",4.1
"1942","2014-09-18",4.11
"1943","2014-09-19",3.89
"1944","2014-09-22",3.77
"1945","2014-09-23",3.81
"1946","2014-09-24",3.75
"1947","2014-09-25",3.59
"1948","2014-09-26",3.73
"1949","2014-09-29",3.67
"1950","2014-09-30",3.69
"1951","2014-10-01",3.55
"1952","2014-10-02",3.59
"1953","2014-10-03",3.56
"1954","2014-10-06",3.59
"1955","2014-10-07",3.6
"1956","2014-10-08",3.6
"1957","2014-10-09",3.65
"1958","2014-10-10",3.62
"1959","2014-10-13",3.56
"1960","2014-10-14",3.55
"1961","2014-10-15",3.56
"1962","2014-10-16",3.65
"1963","2014-10-17",3.7
"1964","2014-10-20",3.94
"1965","2014-10-21",3.95
"1966","2014-10-22",4.39
"1967","2014-10-23",4.52
"1968","2014-10-24",4.3
"1969","2014-10-27",4.27
"1970","2014-10-28",4.29
"1971","2014-10-29",4.29
"1972","2014-10-30",4.29
"1973","2014-10-31",4.32
"1974","2014-11-03",4.31
"1975","2014-11-04",4.3
"1976","2014-11-05",4.31
"1977","2014-11-06",4.28
"1978","2014-11-07",4.29
"1979","2014-11-10",4.44
"1980","2014-11-11",4.44
"1981","2014-11-12",4.37
"1982","2014-11-13",4.35
"1983","2014-11-14",4.36
"1984","2014-11-17",4.35
"1985","2014-11-18",4.34
"1986","2014-11-19",4.3
"1987","2014-11-20",4.36
"1988","2014-11-21",4.4
"1989","2014-11-24",4.36
"1990","2014-11-25",4.34
"1991","2014-11-26",4.31
"1992","2014-11-28",4.41
"1993","2014-12-01",4.34
"1994","2014-12-02",4.29
"1995","2014-12-03",4.34
"1996","2014-12-04",4.39
"1997","2014-12-05",4.39
"1998","2014-12-08",4.4
"1999","2014-12-09",4.44
"2000","2014-12-10",4.5
"2001","2014-12-11",4.77
"2002","2014-12-12",4.87
"2003","2014-12-15",4.63
"2004","2014-12-16",4.4
"2005","2014-12-17",4.39
"2006","2014-12-18",4.44
"2007","2014-12-19",4.44
"2008","2014-12-22",4.46
"2009","2014-12-23",4.44
"2010","2014-12-24",4.45
"2011","2014-12-26",4.48
"2012","2014-12-29",4.58
"2013","2014-12-30",4.59
"2014","2014-12-31",4.54
"2015","2015-01-02",4.5
"2016","2015-01-05",4.53
"2017","2015-01-06",4.48
"2018","2015-01-07",4.5
"2019","2015-01-08",4.56
"2020","2015-01-09",4.58
"2021","2015-01-12",4.61
"2022","2015-01-13",4.54
"2023","2015-01-14",4.51
"2024","2015-01-15",4.42
"2025","2015-01-16",4.47
"2026","2015-01-20",4.78
"2027","2015-01-21",4.53
"2028","2015-01-22",4.56
"2029","2015-01-23",4.59
"2030","2015-01-26",4.74
"2031","2015-01-27",4.96
"2032","2015-01-28",4.98
"2033","2015-01-29",5.08
"2034","2015-01-30",4.88
"2035","2015-02-02",4.8
"2036","2015-02-03",4.87
"2037","2015-02-04",4.83
"2038","2015-02-05",4.92
"2039","2015-02-06",4.94
"2040","2015-02-09",4.99
"2041","2015-02-10",5.11
"2042","2015-02-11",4.44
"2043","2015-02-12",4.4
"2044","2015-02-13",4.5
"2045","2015-02-17",4.43
"2046","2015-02-18",4.56
"2047","2015-02-19",4.54
"2048","2015-02-20",4.59
"2049","2015-02-23",4.66
"2050","2015-02-24",4.69
"2051","2015-02-25",4.63
"2052","2015-02-26",4.58
"2053","2015-02-27",4.52
"2054","2015-03-02",4.59
"2055","2015-03-03",4.57
"2056","2015-03-04",4.59
"2057","2015-03-05",4.54
"2058","2015-03-06",4.52
"2059","2015-03-09",4.53
"2060","2015-03-10",4.41
"2061","2015-03-11",4.51
"2062","2015-03-12",4.53
"2063","2015-03-13",4.44
"2064","2015-03-16",4.45
"2065","2015-03-17",4.48
"2066","2015-03-18",4.5
"2067","2015-03-19",4.51
"2068","2015-03-20",4.48
"2069","2015-03-23",4.68
"2070","2015-03-24",4.66
"2071","2015-03-25",4.46
"2072","2015-03-26",4.49
"2073","2015-03-27",4.49
"2074","2015-03-30",4.45
"2075","2015-03-31",4.39
"2076","2015-04-01",4.39
"2077","2015-04-02",4.5
"2078","2015-04-06",4.45
"2079","2015-04-07",4.48
"2080","2015-04-08",4.5
"2081","2015-04-09",4.46
"2082","2015-04-10",4.43
"2083","2015-04-13",4.42
"2084","2015-04-14",4.42
"2085","2015-04-15",4.4
"2086","2015-04-16",4.39
"2087","2015-04-17",4.36
"2088","2015-04-20",4.37
"2089","2015-04-21",4.38
"2090","2015-04-22",4.49
"2091","2015-04-23",4.4
"2092","2015-04-24",4.4
"2093","2015-04-27",4.37
"2094","2015-04-28",4.29
"2095","2015-04-29",4.28
"2096","2015-04-30",4.2
"2097","2015-05-01",4.14
"2098","2015-05-04",4.12
"2099","2015-05-05",3.99
"2100","2015-05-06",3.92
"2101","2015-05-07",3.95
"2102","2015-05-08",3.85
"2103","2015-05-11",3.93
"2104","2015-05-12",4
"2105","2015-05-13",3.96
"2106","2015-05-14",3.9
"2107","2015-05-15",3.94
"2108","2015-05-18",3.97
"2109","2015-05-19",3.98
"2110","2015-05-20",3.96
"2111","2015-05-21",3.92
"2112","2015-05-22",3.97
"2113","2015-05-26",3.94
"2114","2015-05-27",4.18
"2115","2015-05-28",4.18
"2116","2015-05-29",4.22
"2117","2015-06-01",4.2
"2118","2015-06-02",4.21
"2119","2015-06-03",4.29
"2120","2015-06-04",4.29
"2121","2015-06-05",4.24
"2122","2015-06-08",4.34
"2123","2015-06-09",4.36
"2124","2015-06-10",4.23
"2125","2015-06-11",4.26
"2126","2015-06-12",4.11
"2127","2015-06-15",4.14
"2128","2015-06-16",4.15
"2129","2015-06-17",4.1
"2130","2015-06-18",4.02
"2131","2015-06-19",4.08
"2132","2015-06-22",4.08
"2133","2015-06-23",3.98
"2134","2015-06-24",3.93
"2135","2015-06-25",3.95
"2136","2015-06-26",4.11
"2137","2015-06-29",3.98
"2138","2015-06-30",4.03
"2139","2015-07-01",4.11
"2140","2015-07-02",4.01
"2141","2015-07-06",3.99
"2142","2015-07-07",3.98
"2143","2015-07-08",3.97
"2144","2015-07-09",3.93
"2145","2015-07-10",4
"2146","2015-07-13",4.03
"2147","2015-07-14",3.99
"2148","2015-07-15",3.98
"2149","2015-07-16",3.99
"2150","2015-07-17",3.92
"2151","2015-07-20",3.9
"2152","2015-07-21",3.91
"2153","2015-07-22",3.85
"2154","2015-07-23",3.87
"2155","2015-07-24",3.38
"2156","2015-07-27",3.31
"2157","2015-07-28",3.28
"2158","2015-07-29",3.36
"2159","2015-07-30",3.38
"2160","2015-07-31",3.32
"2161","2015-08-03",3.32
"2162","2015-08-04",3.31
"2163","2015-08-05",3.31
"2164","2015-08-06",3.26
"2165","2015-08-07",3.33
"2166","2015-08-10",3.31
"2167","2015-08-11",3.3
"2168","2015-08-12",3.22
"2169","2015-08-13",3.26
"2170","2015-08-14",3.2
"2171","2015-08-17",3.26
"2172","2015-08-18",3.31
"2173","2015-08-19",3.23
"2174","2015-08-20",3.17
"2175","2015-08-21",3.14
"2176","2015-08-24",3.1
"2177","2015-08-25",3.14
"2178","2015-08-26",3.06
"2179","2015-08-27",3.17
"2180","2015-08-28",3.18
"2181","2015-08-31",3.19
"2182","2015-09-01",3.25
"2183","2015-09-02",3.22
"2184","2015-09-03",3.19
"2185","2015-09-04",3.23
"2186","2015-09-08",3.16
"2187","2015-09-09",3.15
"2188","2015-09-10",3.17
"2189","2015-09-11",3.2
"2190","2015-09-14",3.08
"2191","2015-09-15",3.02
"2192","2015-09-16",3.03
"2193","2015-09-17",3.07
"2194","2015-09-18",2.92
"2195","2015-09-21",3.19
"2196","2015-09-22",3.23
"2197","2015-09-23",3.26
"2198","2015-09-24",3.26
"2199","2015-09-25",3.36
"2200","2015-09-28",3.31
"2201","2015-09-29",3.27
"2202","2015-09-30",3.35
"2203","2015-10-01",3.32
"2204","2015-10-02",3.35
"2205","2015-10-05",3.4
"2206","2015-10-06",3.41
"2207","2015-10-07",3.37
"2208","2015-10-08",3.38
"2209","2015-10-09",3.37
"2210","2015-10-12",3.38
"2211","2015-10-13",3.44
"2212","2015-10-14",3.36
"2213","2015-10-15",3.33
"2214","2015-10-16",3.19
"2215","2015-10-19",3.31
"2216","2015-10-20",3.3
"2217","2015-10-21",3.25
"2218","2015-10-22",3.18
"2219","2015-10-23",3.25
"2220","2015-10-26",3.2
"2221","2015-10-27",3.16
"2222","2015-10-28",3.28
"2223","2015-10-29",3.27
"2224","2015-10-30",3.23
"2225","2015-11-02",3.24
"2226","2015-11-03",3.28
"2227","2015-11-04",3.26
"2228","2015-11-05",3.24
"2229","2015-11-06",3.23
"2230","2015-11-09",3.18
"2231","2015-11-10",3.18
"2232","2015-11-11",3.05
"2233","2015-11-12",3.13
"2234","2015-11-13",3.07
"2235","2015-11-16",3.13
"2236","2015-11-17",3.1
"2237","2015-11-18",3.05
"2238","2015-11-19",3.08
"2239","2015-11-20",3.06
"2240","2015-11-23",3.05
"2241","2015-11-24",3.1
"2242","2015-11-25",3.22
"2243","2015-11-27",3.19
"2244","2015-11-30",3.16
"2245","2015-12-01",3.17
"2246","2015-12-02",3.23
"2247","2015-12-03",3.15
"2248","2015-12-04",3.19
"2249","2015-12-07",3.09
"2250","2015-12-08",3.07
"2251","2015-12-09",3.05
"2252","2015-12-10",3.06
"2253","2015-12-11",3.05
"2254","2015-12-14",3.03
"2255","2015-12-15",3.1
"2256","2015-12-16",3.06
"2257","2015-12-17",3.09
"2258","2015-12-18",3.15
"2259","2015-12-21",3.1
"2260","2015-12-22",3.2
"2261","2015-12-23",3.23
"2262","2015-12-24",3.13
"2263","2015-12-28",3.21
"2264","2015-12-29",3.25
"2265","2015-12-30",3.26
"2266","2015-12-31",3.26
"2267","2016-01-04",3.16
"2268","2016-01-05",3.19
"2269","2016-01-06",3.17
"2270","2016-01-07",3.11
"2271","2016-01-08",3.11
"2272","2016-01-11",3.11
"2273","2016-01-12",3.08
"2274","2016-01-13",3.03
"2275","2016-01-14",3.03
"2276","2016-01-15",2.95
"2277","2016-01-19",2.9
"2278","2016-01-20",2.84
"2279","2016-01-21",2.97
"2280","2016-01-22",3.01
"2281","2016-01-25",3.01
"2282","2016-01-26",2.93
"2283","2016-01-27",2.86
"2284","2016-01-28",2.88
"2285","2016-01-29",2.96
"2286","2016-02-01",3.01
"2287","2016-02-02",3.01
"2288","2016-02-03",3
"2289","2016-02-04",3
"2290","2016-02-05",2.93
"2291","2016-02-08",2.91
"2292","2016-02-09",2.88
"2293","2016-02-10",3.15
"2294","2016-02-11",3.19
"2295","2016-02-12",3.28
"2296","2016-02-16",3.31
"2297","2016-02-17",3.47
"2298","2016-02-18",3.46
"2299","2016-02-19",3.46
"2300","2016-02-22",3.56
"2301","2016-02-23",3.46
"2302","2016-02-24",3.64
"2303","2016-02-25",3.7
"2304","2016-02-26",3.78
"2305","2016-02-29",4.02
"2306","2016-03-01",3.95
"2307","2016-03-02",4
"2308","2016-03-03",3.98
"2309","2016-03-04",3.97
"2310","2016-03-07",3.91
"2311","2016-03-08",3.89
"2312","2016-03-09",3.97
"2313","2016-03-10",3.89
"2314","2016-03-11",3.92
"2315","2016-03-14",3.92
"2316","2016-03-15",3.99
"2317","2016-03-16",3.89
"2318","2016-03-17",3.91
"2319","2016-03-18",3.88
"2320","2016-03-21",3.88
"2321","2016-03-22",3.75
"2322","2016-03-23",3.76
"2323","2016-03-24",3.64
"2324","2016-03-28",3.67
"2325","2016-03-29",3.61
"2326","2016-03-30",3.69
"2327","2016-03-31",3.73
"2328","2016-04-01",3.66
"2329","2016-04-04",3.75
"2330","2016-04-05",3.84
"2331","2016-04-06",3.93
"2332","2016-04-07",3.82
"2333","2016-04-08",3.77
"2334","2016-04-11",3.85
"2335","2016-04-12",3.85
"2336","2016-04-13",3.84
"2337","2016-04-14",3.94
"2338","2016-04-15",3.91
"2339","2016-04-18",4.1
"2340","2016-04-19",3.86
"2341","2016-04-20",4.02
"2342","2016-04-21",4.17
"2343","2016-04-22",4.07
"2344","2016-04-25",4.07
"2345","2016-04-26",4.11
"2346","2016-04-27",4.19
"2347","2016-04-28",4.09
"2348","2016-04-29",4.16
"2349","2016-05-02",4.16
"2350","2016-05-03",4.19
"2351","2016-05-04",4.15
"2352","2016-05-05",4.22
"2353","2016-05-06",4.2
"2354","2016-05-09",4.19
"2355","2016-05-10",4.23
"2356","2016-05-11",4.11
"2357","2016-05-12",4.07
"2358","2016-05-13",4.13
"2359","2016-05-16",4.17
"2360","2016-05-17",4.11
"2361","2016-05-18",4.18
"2362","2016-05-19",4.16
"2363","2016-05-20",4.11
"2364","2016-05-23",4.15
"2365","2016-05-24",4.15
"2366","2016-05-25",4.16
"2367","2016-05-26",4.11
"2368","2016-05-27",4.07
"2369","2016-05-31",4.14
"2370","2016-06-01",4.17
"2371","2016-06-02",4.16
"2372","2016-06-03",4.28
"2373","2016-06-06",4.1
"2374","2016-06-07",4.27
"2375","2016-06-08",4.25
"2376","2016-06-09",4.27
"2377","2016-06-10",4.34
"2378","2016-06-13",4.3
"2379","2016-06-14",4.24
"2380","2016-06-15",4.3
"2381","2016-06-16",4.3
"2382","2016-06-17",4.3
"2383","2016-06-20",4.33
"2384","2016-06-21",4.34
"2385","2016-06-22",4.35
"2386","2016-06-23",4.29
"2387","2016-06-24",4.17
"2388","2016-06-27",4.1
"2389","2016-06-28",4.07
"2390","2016-06-29",4.37
"2391","2016-06-30",4.34
"2392","2016-07-01",4.37
"2393","2016-07-05",4.47
"2394","2016-07-06",4.47
"2395","2016-07-07",4.48
"2396","2016-07-08",4.49
"2397","2016-07-11",4.53
"2398","2016-07-12",4.55
"2399","2016-07-13",4.55
"2400","2016-07-14",4.55
"2401","2016-07-15",4.56
"2402","2016-07-18",4.56
"2403","2016-07-19",4.51
"2404","2016-07-20",4.49
"2405","2016-07-21",4.37
"2406","2016-07-22",4.35
"2407","2016-07-25",4.4
"2408","2016-07-26",4.49
"2409","2016-07-27",4.68
"2410","2016-07-28",4.75
"2411","2016-07-29",4.79
"2412","2016-08-01",4.79
"2413","2016-08-02",4.8
"2414","2016-08-03",4.89
"2415","2016-08-04",4.88
"2416","2016-08-05",4.89
"2417","2016-08-08",4.93
"2418","2016-08-09",4.94
"2419","2016-08-10",4.98
"2420","2016-08-11",5.04
"2421","2016-08-12",5
"2422","2016-08-15",5.04
"2423","2016-08-16",5.06
"2424","2016-08-17",5.09
"2425","2016-08-18",5.09
"2426","2016-08-19",5.09
"2427","2016-08-22",5.11
"2428","2016-08-23",5.19
"2429","2016-08-24",5.22
"2430","2016-08-25",5.19
"2431","2016-08-26",5.23
"2432","2016-08-29",5.23
"2433","2016-08-30",5.23
"2434","2016-08-31",5.13
"2435","2016-09-01",5.14
"2436","2016-09-02",5.18
"2437","2016-09-06",5.21
"2438","2016-09-07",5.22
"2439","2016-09-08",5.4
"2440","2016-09-09",5.25
"2441","2016-09-12",5.38
"2442","2016-09-13",5.4
"2443","2016-09-14",5.47
"2444","2016-09-15",5.6
"2445","2016-09-16",5.75
"2446","2016-09-19",5.71
"2447","2016-09-20",5.72
"2448","2016-09-21",5.8
"2449","2016-09-22",5.76
"2450","2016-09-23",5.73
"2451","2016-09-26",5.49
"2452","2016-09-27",5.46
"2453","2016-09-28",5.5
"2454","2016-09-29",5.39
"2455","2016-09-30",5.3
"2456","2016-10-03",5.27
"2457","2016-10-04",5.04
"2458","2016-10-05",5.14
"2459","2016-10-06",5.28
"2460","2016-10-07",5.19
"2461","2016-10-10",5.28
"2462","2016-10-11",5.12
"2463","2016-10-12",5.07
"2464","2016-10-13",5.21
"2465","2016-10-14",5.16
"2466","2016-10-17",4.95
"2467","2016-10-18",5.05
"2468","2016-10-19",5.05
"2469","2016-10-20",5.15
"2470","2016-10-21",5.1
"2471","2016-10-24",5.1
"2472","2016-10-25",5.2
"2473","2016-10-26",5.2
"2474","2016-10-27",5.25
"2475","2016-10-28",5.15
"2476","2016-10-31",5.23
"2477","2016-11-01",5.05
"2478","2016-11-02",5.1
"2479","2016-11-03",5.15
"2480","2016-11-04",5.05
"2481","2016-11-07",5.15
"2482","2016-11-08",5.13
"2483","2016-11-09",5.25
"2484","2016-11-10",5.25
"2485","2016-11-11",5.4
"2486","2016-11-14",5.45
"2487","2016-11-15",5.6
"2488","2016-11-16",5.65
"2489","2016-11-17",5.65
"2490","2016-11-18",5.65
"2491","2016-11-21",5.6
"2492","2016-11-22",5.75
"2493","2016-11-23",5.8
"2494","2016-11-25",5.85
"2495","2016-11-28",5.85
"2496","2016-11-29",5.8
"2497","2016-11-30",5.8
"2498","2016-12-01",5.7
"2499","2016-12-02",5.8
"2500","2016-12-05",5.9
"2501","2016-12-06",5.9
"2502","2016-12-07",6.15
"2503","2016-12-08",6.15
"2504","2016-12-09",5.8
"2505","2016-12-12",5.5
"2506","2016-12-13",5.9
"2507","2016-12-14",5.9
"2508","2016-12-15",5.95
"2509","2016-12-16",6
"2510","2016-12-19",6.1
"2511","2016-12-20",5.95
"2512","2016-12-21",5.9
"2513","2016-12-22",5.9
"2514","2016-12-23",5.95
"2515","2016-12-27",6.05
"2516","2016-12-28",6.05
"2517","2016-12-29",6.15
"2518","2016-12-30",6.1
"2519","2017-01-03",6.15
"2520","2017-01-04",6.25
"2521","2017-01-05",6.3
"2522","2017-01-06",6.15
"2523","2017-01-09",6.2
"2524","2017-01-10",6.2
"2525","2017-01-11",6.35
"2526","2017-01-12",6.3
"2527","2017-01-13",6.4
"2528","2017-01-17",6.05
"2529","2017-01-18",6.15
"2530","2017-01-19",6.2
"2531","2017-01-20",6.15
"2532","2017-01-23",6.15
"2533","2017-01-24",6.05
"2534","2017-01-25",6.2
"2535","2017-01-26",6.05
"2536","2017-01-27",6.05
"2537","2017-01-30",6.2
"2538","2017-01-31",6.2
"2539","2017-02-01",6.15
"2540","2017-02-02",6.2
"2541","2017-02-03",6.25
"2542","2017-02-06",6.15
"2543","2017-02-07",5.65
"2544","2017-02-08",5.05
"2545","2017-02-09",4.95
"2546","2017-02-10",5.1
"2547","2017-02-13",5
"2548","2017-02-14",5.1
"2549","2017-02-15",5
"2550","2017-02-16",5.05
"2551","2017-02-17",5.2
"2552","2017-02-21",4.9
"2553","2017-02-22",4.9
"2554","2017-02-23",4.9
"2555","2017-02-24",4.95
"2556","2017-02-27",4.95
"2557","2017-02-28",4.9
"2558","2017-03-01",4.8
"2559","2017-03-02",4.8
"2560","2017-03-03",4.85
"2561","2017-03-06",4.7
"2562","2017-03-07",4.8
"2563","2017-03-08",4.85
"2564","2017-03-09",4.75
"2565","2017-03-10",4.8
"2566","2017-03-13",4.8
"2567","2017-03-14",4.75
"2568","2017-03-15",4.85
"2569","2017-03-16",4.85
"2570","2017-03-17",4.8
"2571","2017-03-20",4.8
"2572","2017-03-21",4.65
"2573","2017-03-22",4.65
"2574","2017-03-23",4.7
"2575","2017-03-24",4.7
"2576","2017-03-27",4.7
"2577","2017-03-28",4.7
"2578","2017-03-29",4.68
"2579","2017-03-30",4.75
"2580","2017-03-31",4.7
"2581","2017-04-03",4.65
"2582","2017-04-04",4.65
"2583","2017-04-05",4.65
"2584","2017-04-06",4.7
"2585","2017-04-07",4.7
"2586","2017-04-10",4.6
"2587","2017-04-11",4.6
"2588","2017-04-12",4.65
"2589","2017-04-13",4.7
"2590","2017-04-17",4.65
"2591","2017-04-18",4.6
"2592","2017-04-19",4.65
"2593","2017-04-20",4.65
"2594","2017-04-21",4.65
"2595","2017-04-24",4.7
"2596","2017-04-25",4.7
"2597","2017-04-26",4.7
"2598","2017-04-27",4.7
"2599","2017-04-28",4.8
"2600","2017-05-01",4.8
"2601","2017-05-02",4.65
"2602","2017-05-03",4.65
"2603","2017-05-04",4.5
"2604","2017-05-05",4.72
"2605","2017-05-08",4.75
"2606","2017-05-09",4.7
"2607","2017-05-10",4.7
"2608","2017-05-11",4.65
"2609","2017-05-12",4.7
"2610","2017-05-15",4.7
"2611","2017-05-16",4.75
"2612","2017-05-17",4.6
"2613","2017-05-18",4.65
"2614","2017-05-19",4.75
"2615","2017-05-22",4.7
"2616","2017-05-23",4.65
"2617","2017-05-24",4.65
"2618","2017-05-25",4.8
"2619","2017-05-26",4.8
"2620","2017-05-30",4.8
"2621","2017-05-31",4.8
"2622","2017-06-01",4.85
"2623","2017-06-02",4.75
"2624","2017-06-05",4.75
"2625","2017-06-06",4.75
"2626","2017-06-07",4.7
"2627","2017-06-08",4.7
"2628","2017-06-09",4.9
"2629","2017-06-12",5
"2630","2017-06-13",5.05
"2631","2017-06-14",5.05
"2632","2017-06-15",4.95
"2633","2017-06-16",5.05
"2634","2017-06-19",4.8
"2635","2017-06-20",4.85
"2636","2017-06-21",4.8
"2637","2017-06-22",4.75
"2638","2017-06-23",5.15
"2639","2017-06-26",5.3
"2640","2017-06-27",5.35
"2641","2017-06-28",5.2
"2642","2017-06-29",5.2
"2643","2017-06-30",5.15
"2644","2017-07-03",5.13
"2645","2017-07-05",5.1
"2646","2017-07-06",5.08
"2647","2017-07-07",5.1
"2648","2017-07-10",5.1
"2649","2017-07-11",5
"2650","2017-07-12",5.1
"2651","2017-07-13",5
"2652","2017-07-14",4.95
"2653","2017-07-17",5
"2654","2017-07-18",4.9
"2655","2017-07-19",4.9
"2656","2017-07-20",4.95
"2657","2017-07-21",4.85
"2658","2017-07-24",4.8
"2659","2017-07-25",4.8
"2660","2017-07-26",4.65
"2661","2017-07-27",4.7
"2662","2017-07-28",4.7
"2663","2017-07-31",4.65
"2664","2017-08-01",4.8
"2665","2017-08-02",4.65
"2666","2017-08-03",4.7
"2667","2017-08-04",4.65
"2668","2017-08-07",4.7
"2669","2017-08-08",4.65
"2670","2017-08-09",4.65
"2671","2017-08-10",4.6
"2672","2017-08-11",4.6
"2673","2017-08-14",4.65
"2674","2017-08-15",4.65
"2675","2017-08-16",4.75
"2676","2017-08-17",4.8
"2677","2017-08-18",4.9
"2678","2017-08-21",4.75
"2679","2017-08-22",4.95
"2680","2017-08-23",4.9
"2681","2017-08-24",5.05
"2682","2017-08-25",5.1
"2683","2017-08-28",5.05
"2684","2017-08-29",5.1
"2685","2017-08-30",5.1
"2686","2017-08-31",4.95
"2687","2017-09-01",5.05
"2688","2017-09-05",4.95
"2689","2017-09-06",4.9
"2690","2017-09-07",4.9
"2691","2017-09-08",5
"2692","2017-09-11",5
"2693","2017-09-12",4.8
"2694","2017-09-13",4.85
"2695","2017-09-14",4.85
"2696","2017-09-15",4.9
"2697","2017-09-18",4.8
"2698","2017-09-19",4.8
"2699","2017-09-20",4.65
"2700","2017-09-21",4.6
"2701","2017-09-22",4.7
"2702","2017-09-25",4.7
"2703","2017-09-26",4.65
"2704","2017-09-27",4.65
"2705","2017-09-28",4.65
"2706","2017-09-29",4.65
"2707","2017-10-02",4.65
"2708","2017-10-03",4.7
"2709","2017-10-04",4.65
"2710","2017-10-05",4.65
"2711","2017-10-06",4.6
"2712","2017-10-09",4.58
"2713","2017-10-10",4.55
"2714","2017-10-11",4.55
"2715","2017-10-12",4.65
"2716","2017-10-13",4.6
"2717","2017-10-16",4.55
"2718","2017-10-17",4.5
"2719","2017-10-18",4.45
"2720","2017-10-19",4.55
"2721","2017-10-20",4.45
"2722","2017-10-23",4.65
"2723","2017-10-24",4.6
"2724","2017-10-25",4.5
"2725","2017-10-26",4.6
"2726","2017-10-27",4.6
"2727","2017-10-30",4.55
"2728","2017-10-31",4.7
"2729","2017-11-01",4.65
"2730","2017-11-02",4.58
"2731","2017-11-03",4.55
"2732","2017-11-06",4.7
"2733","2017-11-07",4.55
"2734","2017-11-08",4.55
"2735","2017-11-09",4.5
"2736","2017-11-10",4.5
"2737","2017-11-13",4.55
"2738","2017-11-14",4.6
"2739","2017-11-15",4.5
"2740","2017-11-16",4.57
"2741","2017-11-17",4.7
"2742","2017-11-20",4.65
"2743","2017-11-21",4.55
"2744","2017-11-22",4.65
"2745","2017-11-24",4.7
"2746","2017-11-27",4.65
"2747","2017-11-28",4.65
"2748","2017-11-29",4.7
"2749","2017-11-30",4.75
"2750","2017-12-01",4.75
"2751","2017-12-04",4.55
"2752","2017-12-05",4.6
"2753","2017-12-06",4.55
"2754","2017-12-07",4.49
"2755","2017-12-08",4.5
"2756","2017-12-11",4.45
"2757","2017-12-12",4.45
"2758","2017-12-13",4.45
"2759","2017-12-14",4.4
"2760","2017-12-15",4.5
"2761","2017-12-18",4.5
"2762","2017-12-19",4.45
"2763","2017-12-20",4.5
"2764","2017-12-21",4.55
"2765","2017-12-22",4.55
"2766","2017-12-26",4.45
"2767","2017-12-27",4.45
"2768","2017-12-28",4.5
"2769","2017-12-29",4.5
"2770","2018-01-02",4.45
"2771","2018-01-03",4.3
"2772","2018-01-04",4.4
"2773","2018-01-05",4.4
"2774","2018-01-08",4.45
"2775","2018-01-09",4.46
"2776","2018-01-10",4.6
"2777","2018-01-11",4.58
"2778","2018-01-12",4.63
"2779","2018-01-16",4.45
"2780","2018-01-17",4.55
"2781","2018-01-18",4.35
"2782","2018-01-19",4.35
"2783","2018-01-22",4.31
"2784","2018-01-23",4.45
"2785","2018-01-24",4.3
"2786","2018-01-25",4.35
"2787","2018-01-26",4.45
"2788","2018-01-29",4.45
"2789","2018-01-30",4.64
"2790","2018-01-31",4.55
"2791","2018-02-01",4.55
"2792","2018-02-02",4.35
"2793","2018-02-05",4.3
"2794","2018-02-06",4.35
"2795","2018-02-07",4.4
"2796","2018-02-08",4.25
"2797","2018-02-09",4.35
"2798","2018-02-12",4.3
"2799","2018-02-13",4.3
"2800","2018-02-14",4.34
"2801","2018-02-15",4.45
"2802","2018-02-16",4.53
"2803","2018-02-20",4.45
"2804","2018-02-21",4.4
"2805","2018-02-22",4.3
"2806","2018-02-23",4.25
"2807","2018-02-26",4.25
"2808","2018-02-27",4.15
"2809","2018-02-28",4.15
"2810","2018-03-01",4.15
"2811","2018-03-02",4.2
"2812","2018-03-05",4.15
"2813","2018-03-06",4.2
"2814","2018-03-07",4.2
"2815","2018-03-08",4.22
"2816","2018-03-09",4.2
"2817","2018-03-12",4.25
"2818","2018-03-13",4.2
"2819","2018-03-14",4.16
"2820","2018-03-15",4.18
"2821","2018-03-16",4.25
"2822","2018-03-19",4.2
"2823","2018-03-20",4.2
"2824","2018-03-21",4.15
"2825","2018-03-22",4.18
"2826","2018-03-23",4.2
"2827","2018-03-26",4.2
"2828","2018-03-27",4.2
"2829","2018-03-28",4.2
"2830","2018-03-29",4.15
"2831","2018-04-02",4.22
"2832","2018-04-03",4.15
"2833","2018-04-04",4.18
"2834","2018-04-05",4.2
"2835","2018-04-06",4.15
"2836","2018-04-09",4.1
"2837","2018-04-10",4.1
"2838","2018-04-11",4.1
"2839","2018-04-12",4.1
"2840","2018-04-13",4.05
"2841","2018-04-16",4.11
"2842","2018-04-17",4.2
"2843","2018-04-18",4.15
"2844","2018-04-19",4.13
"2845","2018-04-20",4.13
"2846","2018-04-23",4.15
"2847","2018-04-24",4.05
"2848","2018-04-25",3.95
"2849","2018-04-26",3.9
"2850","2018-04-27",3.95
"2851","2018-04-30",3.9
"2852","2018-05-01",4
"2853","2018-05-02",4.05
"2854","2018-05-03",4.05
"2855","2018-05-04",4.2
"2856","2018-05-07",4.15
"2857","2018-05-08",4.05
"2858","2018-05-09",4.05
"2859","2018-05-10",4.1
"2860","2018-05-11",4.2
"2861","2018-05-14",4.2
"2862","2018-05-15",4.03
"2863","2018-05-16",4
"2864","2018-05-17",4
"2865","2018-05-18",4.05
"2866","2018-05-21",3.95
"2867","2018-05-22",3.93
"2868","2018-05-23",3.95
"2869","2018-05-24",3.9
"2870","2018-05-25",3.95
"2871","2018-05-29",4
"2872","2018-05-30",3.9
"2873","2018-05-31",4
"2874","2018-06-01",3.95
"2875","2018-06-04",3.9
"2876","2018-06-05",3.9
"2877","2018-06-06",3.9
"2878","2018-06-07",3.95
"2879","2018-06-08",3.9
"2880","2018-06-11",3.9
"2881","2018-06-12",3.9
"2882","2018-06-13",3.95
"2883","2018-06-14",3.95
"2884","2018-06-15",3.95
"2885","2018-06-18",3.95
"2886","2018-06-19",3.9
"2887","2018-06-20",3.95
"2888","2018-06-21",3.93
"2889","2018-06-22",3.95
"2890","2018-06-25",3.93
"2891","2018-06-26",3.9
"2892","2018-06-27",3.9
"2893","2018-06-28",4.25
"2894","2018-06-29",4.05
"2895","2018-07-02",4.05
"2896","2018-07-03",4
"2897","2018-07-05",4.05
"2898","2018-07-06",4.05
"2899","2018-07-09",4.05
"2900","2018-07-10",4
"2901","2018-07-11",4.05
"2902","2018-07-12",3.95
"2903","2018-07-13",4.03
"2904","2018-07-16",3.98
"2905","2018-07-17",4
"2906","2018-07-18",3.95
"2907","2018-07-19",3.95
"2908","2018-07-20",4
"2909","2018-07-23",4
"2910","2018-07-24",3.9
"2911","2018-07-25",3.9
"2912","2018-07-26",3.81
"2913","2018-07-27",3.76
"2914","2018-07-30",3.7
"2915","2018-07-31",3.75
"2916","2018-08-01",3.8
"2917","2018-08-02",3.8
"2918","2018-08-03",3.7
"2919","2018-08-06",3.77
"2920","2018-08-07",3.85
"2921","2018-08-08",3.75
"2922","2018-08-09",3.85
"2923","2018-08-10",3.75
"2924","2018-08-13",3.7
"2925","2018-08-14",3.62
"2926","2018-08-15",3.5
"2927","2018-08-16",3.55
"2928","2018-08-17",3.6
"2929","2018-08-20",3.5
"2930","2018-08-21",3.5
"2931","2018-08-22",3.5
"2932","2018-08-23",3.51
"2933","2018-08-24",3.5
"2934","2018-08-27",3.55
"2935","2018-08-28",3.65
"2936","2018-08-29",3.7
"2937","2018-08-30",3.75
"2938","2018-08-31",3.55
"2939","2018-09-04",3.61
"2940","2018-09-05",3.55
"2941","2018-09-06",3.8
"2942","2018-09-07",3.6
"2943","2018-09-10",3.7
"2944","2018-09-11",3.45
"2945","2018-09-12",3.6
"2946","2018-09-13",3.6
"2947","2018-09-14",3.6
"2948","2018-09-17",3.6
"2949","2018-09-18",3.6
"2950","2018-09-19",3.6
"2951","2018-09-20",3.6
"2952","2018-09-21",3.7
"2953","2018-09-24",3.6
"2954","2018-09-25",3.6
"2955","2018-09-26",3.7
"2956","2018-09-27",3.7
"2957","2018-09-28",3.6
"2958","2018-10-01",3.63
"2959","2018-10-02",3.64
"2960","2018-10-03",3.83
"2961","2018-10-04",3.7
"2962","2018-10-05",3.63
"2963","2018-10-08",3.6
"2964","2018-10-09",3.63
"2965","2018-10-10",3.61
"2966","2018-10-11",3.61
"2967","2018-10-12",3.74
"2968","2018-10-15",3.6
"2969","2018-10-16",3.63
"2970","2018-10-17",3.68
"2971","2018-10-18",3.61
"2972","2018-10-19",3.47
"2973","2018-10-22",3.47
"2974","2018-10-23",3.59
"2975","2018-10-24",3.73
"2976","2018-10-25",3.62
"2977","2018-10-26",3.6
"2978","2018-10-29",3.7
"2979","2018-10-30",4
"2980","2018-10-31",3.83
"2981","2018-11-01",3.87
"2982","2018-11-02",3.9
"2983","2018-11-05",3.8
"2984","2018-11-06",3.77
"2985","2018-11-07",3.75
"2986","2018-11-08",3.7
"2987","2018-11-09",3.7
"2988","2018-11-12",3.75
"2989","2018-11-13",3.55
"2990","2018-11-14",3.5
"2991","2018-11-15",3.59
"2992","2018-11-16",3.5
"2993","2018-11-19",3.5
"2994","2018-11-20",3.5
"2995","2018-11-21",3.56
"2996","2018-11-23",3.52
"2997","2018-11-26",3.5
"2998","2018-11-27",3.59
"2999","2018-11-28",3.49
"3000","2018-11-29",3.56
"3001","2018-11-30",3.65
"3002","2018-12-03",3.85
"3003","2018-12-04",3.62
"3004","2018-12-06",3.54
"3005","2018-12-07",3.5
"3006","2018-12-10",3.49
"3007","2018-12-11",3.4
"3008","2018-12-12",3.45
"3009","2018-12-13",3.45
"3010","2018-12-14",3.4
"3011","2018-12-17",3.48
"3012","2018-12-18",3.46
"3013","2018-12-19",3.62
"3014","2018-12-20",3.61
"3015","2018-12-21",3.57
"3016","2018-12-24",3.79
"3017","2018-12-26",3.6
"3018","2018-12-27",3.55
"3019","2018-12-28",3.7
"3020","2018-12-31",3.61
"3021","2019-01-02",3.67
"3022","2019-01-03",3.67
"3023","2019-01-04",3.71
"3024","2019-01-07",3.58
"3025","2019-01-08",3.57
"3026","2019-01-09",3.64
"3027","2019-01-10",3.57
"3028","2019-01-11",3.78
"3029","2019-01-14",3.58
"3030","2019-01-15",3.58
"3031","2019-01-16",3.69
"3032","2019-01-17",3.56
"3033","2019-01-18",3.6
"3034","2019-01-22",3.6
"3035","2019-01-23",3.63
"3036","2019-01-24",3.61
"3037","2019-01-25",3.57
"3038","2019-01-28",3.56
"3039","2019-01-29",3.55
"3040","2019-01-30",3.55
"3041","2019-01-31",3.52
"3042","2019-02-01",3.47
"3043","2019-02-04",3.68
"3044","2019-02-05",3.59
"3045","2019-02-06",3.75
"3046","2019-02-07",3.78
"3047","2019-02-08",3.67
"3048","2019-02-11",3.83
"3049","2019-02-12",3.59
"3050","2019-02-13",3.85
"3051","2019-02-14",3.77
"3052","2019-02-15",3.7
"3053","2019-02-19",3.71
"3054","2019-02-20",3.69
"3055","2019-02-21",3.72
"3056","2019-02-22",3.72
"3057","2019-02-25",3.75
"3058","2019-02-26",3.82
"3059","2019-02-27",3.92
"3060","2019-02-28",4.01
"3061","2019-03-01",4.02
"3062","2019-03-04",3.93
"3063","2019-03-05",4.05
"3064","2019-03-06",3.86
"3065","2019-03-07",3.77
"3066","2019-03-08",3.76
"3067","2019-03-11",3.88
"3068","2019-03-12",3.82
"3069","2019-03-13",3.75
"3070","2019-03-14",3.77
"3071","2019-03-15",3.77
"3072","2019-03-18",3.72
"3073","2019-03-19",3.82
"3074","2019-03-20",3.73
"3075","2019-03-21",3.73
"3076","2019-03-22",3.72
"3077","2019-03-25",3.83
"3078","2019-03-26",3.71
"3079","2019-03-27",3.65
"3080","2019-03-28",3.66
"3081","2019-03-29",3.62
"3082","2019-04-01",3.57
"3083","2019-04-02",3.55
"3084","2019-04-03",3.55
"3085","2019-04-04",3.54
"3086","2019-04-05",3.56
"3087","2019-04-08",3.58
"3088","2019-04-09",3.45
"3089","2019-04-10",3.4
"3090","2019-04-11",3.44
"3091","2019-04-12",3.4
"3092","2019-04-15",3.4
"3093","2019-04-16",3.45
"3094","2019-04-17",3.36
"3095","2019-04-18",3.45
"3096","2019-04-22",3.34
"3097","2019-04-23",3.31
"3098","2019-04-24",3.3
"3099","2019-04-25",3.32
"3100","2019-04-26",3.31
"3101","2019-04-29",3.32
"3102","2019-04-30",3.32
"3103","2019-05-01",3.31
"3104","2019-05-02",3.35
"3105","2019-05-03",3.47
"3106","2019-05-06",3.35
"3107","2019-05-07",3.32
"3108","2019-05-08",3.25
"3109","2019-05-09",3.31
"3110","2019-05-10",3.25
"3111","2019-05-13",3.2
"3112","2019-05-14",3.29
"3113","2019-05-15",3.23
"3114","2019-05-16",3.23
"3115","2019-05-17",3.24
"3116","2019-05-20",3.21
"3117","2019-05-21",3.26
"3118","2019-05-22",3.2
"3119","2019-05-23",3.2
"3120","2019-05-24",3.2
"3121","2019-05-28",3.2
"3122","2019-05-29",3.21
"3123","2019-05-30",3.2
"3124","2019-05-31",3.3
"3125","2019-06-03",3.3
"3126","2019-06-04",3.24
"3127","2019-06-05",3.21
"3128","2019-06-06",3.22
"3129","2019-06-07",3.27
"3130","2019-06-10",3.25
"3131","2019-06-11",3.26
"3132","2019-06-12",3.27
"3133","2019-06-13",3.34
"3134","2019-06-14",3.28
"3135","2019-06-17",3.29
"3136","2019-06-18",3.27
"3137","2019-06-19",3.21
"3138","2019-06-20",3.23
"3139","2019-06-21",3.17
"3140","2019-06-24",3.25
"3141","2019-06-25",3.3
"3142","2019-06-26",3.28
"3143","2019-06-27",3.32
"3144","2019-06-28",3.32
"3145","2019-07-01",3.3
"3146","2019-07-02",3.27
"3147","2019-07-03",3.27
"3148","2019-07-05",3.27
"3149","2019-07-08",3.31
"3150","2019-07-09",3.26
"3151","2019-07-10",3.29
"3152","2019-07-11",3.26
"3153","2019-07-12",3.16
"3154","2019-07-15",3.21
"3155","2019-07-16",3.2
"3156","2019-07-17",3.2
"3157","2019-07-18",3.15
"3158","2019-07-19",3.18
"3159","2019-07-22",3.13
"3160","2019-07-23",3.13
"3161","2019-07-24",3.14
"3162","2019-07-25",3.05
"3163","2019-07-26",3.12
"3164","2019-07-29",3.12
"3165","2019-07-30",3.07
"3166","2019-07-31",2.83
"3167","2019-08-01",2.78
"3168","2019-08-02",2.71
"3169","2019-08-05",2.73
"3170","2019-08-06",2.88
"3171","2019-08-07",2.88
"3172","2019-08-08",2.85
"3173","2019-08-09",2.98
"3174","2019-08-12",2.8
"3175","2019-08-13",2.88
"3176","2019-08-14",2.95
"3177","2019-08-15",2.96
"3178","2019-08-16",2.96
"3179","2019-08-19",3.02
"3180","2019-08-20",2.91
"3181","2019-08-21",3.15
"3182","2019-08-22",3
"3183","2019-08-23",3.02
"3184","2019-08-26",2.96
"3185","2019-08-27",2.85
"3186","2019-08-28",2.92
"3187","2019-08-29",2.95
"3188","2019-08-30",2.95
"3189","2019-09-03",2.96
"3190","2019-09-04",2.93
"3191","2019-09-05",2.9
"3192","2019-09-06",2.92
"3193","2019-09-09",2.9
"3194","2019-09-10",2.94
"3195","2019-09-11",2.82
"3196","2019-09-12",2.83
"3197","2019-09-13",2.88
"3198","2019-09-16",2.77
"3199","2019-09-17",2.79
"3200","2019-09-18",2.73
"3201","2019-09-19",2.75
"3202","2019-09-20",2.91
"3203","2019-09-23",2.96
"3204","2019-09-24",2.9
"3205","2019-09-25",2.91
"3206","2019-09-26",2.91
"3207","2019-09-27",2.85
"3208","2019-09-30",2.99
"3209","2019-10-01",2.92
"3210","2019-10-02",2.8
"3211","2019-10-03",2.92
"3212","2019-10-04",2.92
"3213","2019-10-07",2.9
"3214","2019-10-08",2.99
"3215","2019-10-09",2.98
"3216","2019-10-10",2.91
"3217","2019-10-11",2.93
"3218","2019-10-14",2.9
"3219","2019-10-15",2.84
"3220","2019-10-16",2.82
"3221","2019-10-17",2.81
"3222","2019-10-18",2.88
"3223","2019-10-21",2.78
"3224","2019-10-22",2.9
"3225","2019-10-23",2.91
"3226","2019-10-24",2.9
"3227","2019-10-25",2.86
"3228","2019-10-28",2.76
"3229","2019-10-29",2.72
"3230","2019-10-30",2.66
"3231","2019-10-31",2.66
"3232","2019-11-01",2.77
"3233","2019-11-04",2.75
"3234","2019-11-05",2.83
"3235","2019-11-06",2.84
"3236","2019-11-07",2.9
"3237","2019-11-08",2.93
"3238","2019-11-11",2.84
"3239","2019-11-12",2.86
"3240","2019-11-13",2.86
"3241","2019-11-14",2.86
"3242","2019-11-15",2.93
"3243","2019-11-18",2.95
"3244","2019-11-19",3.09
"3245","2019-11-20",3.23
"3246","2019-11-21",3.35
"3247","2019-11-22",3.29
"3248","2019-11-25",3.5
"3249","2019-11-26",3.52
"3250","2019-11-27",3.47
"3251","2019-11-29",3.38
"3252","2019-12-02",3.56
"3253","2019-12-03",3.58
"3254","2019-12-04",3.43
"3255","2019-12-05",3.45
"3256","2019-12-06",3.55
"3257","2019-12-09",3.5
"3258","2019-12-10",3.53
"3259","2019-12-11",3.52
"3260","2019-12-12",3.53
"3261","2019-12-13",3.5
"3262","2019-12-16",3.42
"3263","2019-12-17",3.42
"3264","2019-12-18",3.38
"3265","2019-12-19",3.42
"3266","2019-12-20",3.4
"3267","2019-12-23",3.37
"3268","2019-12-24",3.39
"3269","2019-12-26",3.39
"3270","2019-12-27",3.4
"3271","2019-12-30",3.39
"3272","2019-12-31",3.36
"3273","2020-01-02",3.4
"3274","2020-01-03",3.36
"3275","2020-01-06",3.39
"3276","2020-01-07",3.4
"3277","2020-01-08",3.46
"3278","2020-01-09",3.48
"3279","2020-01-10",3.5
"3280","2020-01-13",3.49
"3281","2020-01-14",3.39
"3282","2020-01-15",3.38
"3283","2020-01-16",3.5
"3284","2020-01-17",3.45
"3285","2020-01-21",3.44
"3286","2020-01-22",3.41
"3287","2020-01-23",3.45
"3288","2020-01-24",3.39
"3289","2020-01-27",3.36
"3290","2020-01-28",3.39
"3291","2020-01-29",3.6
"3292","2020-01-30",3.64
"3293","2020-01-31",3.62
"3294","2020-02-03",3.5
"3295","2020-02-04",3.47
"3296","2020-02-05",3.48
"3297","2020-02-06",3.47
"3298","2020-02-07",3.47
"3299","2020-02-10",3.38
"3300","2020-02-11",3.36
"3301","2020-02-12",3.39
"3302","2020-02-13",3.36
"3303","2020-02-14",3.34
"3304","2020-02-18",3.33
"3305","2020-02-19",3.33
"3306","2020-02-20",3.28
"3307","2020-02-21",3.18
"3308","2020-02-24",3.12
"3309","2020-02-25",3.09
"3310","2020-02-26",3.05
"3311","2020-02-27",3.05
"3312","2020-02-28",3.05
"3313","2020-03-02",3.01
"3314","2020-03-03",2.97
"3315","2020-03-04",2.95
"3316","2020-03-05",3
"3317","2020-03-06",2.91
"3318","2020-03-09",2.8
"3319","2020-03-10",2.86
"3320","2020-03-11",2.71
"3321","2020-03-12",2.6
"3322","2020-03-13",2.7
"3323","2020-03-16",2.59
"3324","2020-03-17",2.53
"3325","2020-03-18",2.4
"3326","2020-03-19",2.42
"3327","2020-03-20",2.5
"3328","2020-03-23",2.4
"3329","2020-03-24",2.39
"3330","2020-03-25",2.3
"3331","2020-03-26",2.52
"3332","2020-03-27",2.54
"3333","2020-03-30",2.65
"3334","2020-03-31",2.85
"3335","2020-04-01",2.79
"3336","2020-04-02",2.82
"3337","2020-04-03",2.76
"3338","2020-04-06",2.65
"3339","2020-04-07",2.7
"3340","2020-04-08",2.75
"3341","2020-04-09",2.65
"3342","2020-04-13",2.65
"3343","2020-04-14",2.65
"3344","2020-04-15",2.64
"3345","2020-04-16",2.51
"3346","2020-04-17",2.6
"3347","2020-04-20",2.54
"3348","2020-04-21",2.56
"3349","2020-04-22",2.65
"3350","2020-04-23",2.6
"3351","2020-04-24",2.55
"3352","2020-04-27",2.55
"3353","2020-04-28",2.52
"3354","2020-04-29",2.56
"3355","2020-04-30",2.52
"3356","2020-05-01",2.44
"3357","2020-05-04",2.65
"3358","2020-05-05",2.65
"3359","2020-05-06",2.51
"3360","2020-05-07",2.64
"3361","2020-05-08",2.76
"3362","2020-05-11",3.17
"3363","2020-05-12",3.25
"3364","2020-05-13",3.23
"3365","2020-05-14",3.08
"3366","2020-05-15",2.94
"3367","2020-05-18",3.22
"3368","2020-05-19",3.28
"3369","2020-05-20",3.42
"3370","2020-05-21",3.33
"3371","2020-05-22",3.42
"3372","2020-05-26",3.36
"3373","2020-05-27",3.55
"3374","2020-05-28",3.61
"3375","2020-05-29",3.55
"3376","2020-06-01",3.5
"3377","2020-06-02",3.53
"3378","2020-06-03",3.53
"3379","2020-06-04",3.64
"3380","2020-06-05",3.68
"3381","2020-06-08",3.61
"3382","2020-06-09",3.57
"3383","2020-06-10",3.44
"3384","2020-06-11",3.34
"3385","2020-06-12",3.41
"3386","2020-06-15",3.21
"3387","2020-06-16",3.35
"3388","2020-06-17",3.24
"3389","2020-06-18",3.06
"3390","2020-06-19",3.28
"3391","2020-06-22",3.26
"3392","2020-06-23",3.13
"3393","2020-06-24",3.05
"3394","2020-06-25",3.09
"3395","2020-06-26",3.05
"3396","2020-06-29",3.07
"3397","2020-06-30",3.22
"3398","2020-07-01",3.09
"3399","2020-07-02",3.07
"3400","2020-07-06",3.17
"3401","2020-07-07",3
"3402","2020-07-08",2.97
"3403","2020-07-09",3
"3404","2020-07-10",2.99
"3405","2020-07-13",3.13
"3406","2020-07-14",3.19
"3407","2020-07-15",3.3
"3408","2020-07-16",3.22
"3409","2020-07-17",3.48
"3410","2020-07-20",3.45
"3411","2020-07-21",3.43
"3412","2020-07-22",3.38
"3413","2020-07-23",3.31
"3414","2020-07-24",3.42
"3415","2020-07-27",3.37
"3416","2020-07-28",3.35
"3417","2020-07-29",3.05
"3418","2020-07-30",2.98
"3419","2020-07-31",2.97
"3420","2020-08-03",2.95
"3421","2020-08-04",2.95
"3422","2020-08-05",2.95
"3423","2020-08-06",2.9
"3424","2020-08-07",2.85
"3425","2020-08-10",2.89
"3426","2020-08-11",2.85
"3427","2020-08-12",2.8
"3428","2020-08-13",2.76
"3429","2020-08-14",2.75
"3430","2020-08-17",2.68
"3431","2020-08-18",2.78
"3432","2020-08-19",2.74
"3433","2020-08-20",2.75
"3434","2020-08-21",2.8
"3435","2020-08-24",2.76
"3436","2020-08-25",2.74
"3437","2020-08-26",2.78
"3438","2020-08-27",2.72
"3439","2020-08-28",2.71
"3440","2020-08-31",2.7
"3441","2020-09-01",2.72
"3442","2020-09-02",2.79
"3443","2020-09-03",2.71
"3444","2020-09-04",2.7
"3445","2020-09-08",2.62
"3446","2020-09-09",2.77
"3447","2020-09-10",2.8
"3448","2020-09-11",2.79
"3449","2020-09-14",2.89
"3450","2020-09-15",2.99
"3451","2020-09-16",2.84
"3452","2020-09-17",2.7
"3453","2020-09-18",2.65
"3454","2020-09-21",2.64
"3455","2020-09-22",2.62
"3456","2020-09-23",2.73
"3457","2020-09-24",2.72
"3458","2020-09-25",2.64
"3459","2020-09-28",2.76
"3460","2020-09-29",2.75
"3461","2020-09-30",2.7
"3462","2020-10-01",2.65
"3463","2020-10-02",2.73
"3464","2020-10-05",2.69
"3465","2020-10-06",2.67
"3466","2020-10-07",2.74
"3467","2020-10-08",2.73
"3468","2020-10-09",2.69
"3469","2020-10-12",2.7
"3470","2020-10-13",2.72
"3471","2020-10-14",2.67
"3472","2020-10-15",2.71
"3473","2020-10-16",2.68
"3474","2020-10-19",2.61
"3475","2020-10-20",2.64
"3476","2020-10-21",2.64
"3477","2020-10-22",2.61
"3478","2020-10-23",2.61
"3479","2020-10-26",2.56
"3480","2020-10-27",2.63
"3481","2020-10-28",2.66
"3482","2020-10-29",2.66
"3483","2020-10-30",2.64
"3484","2020-11-02",2.64
"3485","2020-11-03",2.6
"3486","2020-11-04",2.72
"3487","2020-11-05",2.65
"3488","2020-11-06",2.64
"3489","2020-11-09",2.68
"3490","2020-11-10",2.71
"3491","2020-11-11",2.7
"3492","2020-11-12",2.67
"3493","2020-11-13",2.67
"3494","2020-11-16",2.61
"3495","2020-11-17",2.6
"3496","2020-11-18",2.73
"3497","2020-11-19",2.68
"3498","2020-11-20",2.69
"3499","2020-11-23",3.01
"3500","2020-11-24",3.08
"3501","2020-11-25",3.11
"3502","2020-11-27",3.1
