"","date","BLL"
"1","2007-01-03",11.03
"2","2007-01-04",11.0275
"3","2007-01-05",10.9775
"4","2007-01-08",11.02
"5","2007-01-09",11.05
"6","2007-01-10",11.1575
"7","2007-01-11",11.24
"8","2007-01-12",11.3325
"9","2007-01-16",11.3175
"10","2007-01-17",11.39
"11","2007-01-18",11.485
"12","2007-01-19",11.5
"13","2007-01-22",11.345
"14","2007-01-23",11.3575
"15","2007-01-24",11.375
"16","2007-01-25",11.49
"17","2007-01-26",11.5675
"18","2007-01-29",11.6075
"19","2007-01-30",11.4575
"20","2007-01-31",11.58
"21","2007-02-01",11.64
"22","2007-02-02",11.68
"23","2007-02-05",11.59
"24","2007-02-06",11.635
"25","2007-02-07",11.5625
"26","2007-02-08",11.5075
"27","2007-02-09",11.4175
"28","2007-02-12",11.395
"29","2007-02-13",11.6525
"30","2007-02-14",11.6925
"31","2007-02-15",11.68
"32","2007-02-16",11.65
"33","2007-02-20",11.73
"34","2007-02-21",11.82
"35","2007-02-22",11.7325
"36","2007-02-23",11.8
"37","2007-02-26",11.7975
"38","2007-02-27",11.3975
"39","2007-02-28",11.58
"40","2007-03-01",11.495
"41","2007-03-02",11.385
"42","2007-03-05",11.255
"43","2007-03-06",11.3375
"44","2007-03-07",11.275
"45","2007-03-08",11.44
"46","2007-03-09",11.475
"47","2007-03-12",11.4875
"48","2007-03-13",11.255
"49","2007-03-14",11.39
"50","2007-03-15",11.38
"51","2007-03-16",11.305
"52","2007-03-19",11.4875
"53","2007-03-20",11.4725
"54","2007-03-21",11.5225
"55","2007-03-22",11.495
"56","2007-03-23",11.5
"57","2007-03-26",11.4975
"58","2007-03-27",11.5
"59","2007-03-28",11.49
"60","2007-03-29",11.545
"61","2007-03-30",11.4625
"62","2007-04-02",11.725
"63","2007-04-03",11.825
"64","2007-04-04",11.9
"65","2007-04-05",12.005
"66","2007-04-09",12.0625
"67","2007-04-10",12.17
"68","2007-04-11",12.175
"69","2007-04-12",12.1525
"70","2007-04-13",12.21
"71","2007-04-16",12.3775
"72","2007-04-17",12.3575
"73","2007-04-18",12.165
"74","2007-04-19",12.28
"75","2007-04-20",12.4825
"76","2007-04-23",12.2675
"77","2007-04-24",12.245
"78","2007-04-25",12.33
"79","2007-04-26",12.8125
"80","2007-04-27",12.7075
"81","2007-04-30",12.6725
"82","2007-05-01",12.8175
"83","2007-05-02",12.8775
"84","2007-05-03",12.885
"85","2007-05-04",12.96
"86","2007-05-07",12.9675
"87","2007-05-08",12.9725
"88","2007-05-09",13.2225
"89","2007-05-10",12.9775
"90","2007-05-11",13.26
"91","2007-05-14",13.1925
"92","2007-05-15",13.4975
"93","2007-05-16",13.55
"94","2007-05-17",13.595
"95","2007-05-18",13.745
"96","2007-05-21",13.7475
"97","2007-05-22",13.7325
"98","2007-05-23",13.6875
"99","2007-05-24",13.48
"100","2007-05-25",13.5675
"101","2007-05-29",13.5925
"102","2007-05-30",13.685
"103","2007-05-31",13.84
"104","2007-06-01",13.91
"105","2007-06-04",13.7675
"106","2007-06-05",13.75
"107","2007-06-06",13.505
"108","2007-06-07",13.2075
"109","2007-06-08",13.39
"110","2007-06-11",13.3075
"111","2007-06-12",13.28
"112","2007-06-13",13.495
"113","2007-06-14",13.665
"114","2007-06-15",13.675
"115","2007-06-18",13.625
"116","2007-06-19",13.68
"117","2007-06-20",13.5025
"118","2007-06-21",13.5625
"119","2007-06-22",13.505
"120","2007-06-25",13.39
"121","2007-06-26",13.15
"122","2007-06-27",13.2375
"123","2007-06-28",13.215
"124","2007-06-29",13.2925
"125","2007-07-02",13.3725
"126","2007-07-03",13.365
"127","2007-07-05",13.5175
"128","2007-07-06",13.5725
"129","2007-07-09",13.2425
"130","2007-07-10",13.1075
"131","2007-07-11",13.32
"132","2007-07-12",13.73
"133","2007-07-13",13.6
"134","2007-07-16",13.335
"135","2007-07-17",13.31
"136","2007-07-18",13.4175
"137","2007-07-19",13.495
"138","2007-07-20",13.285
"139","2007-07-23",13.36
"140","2007-07-24",13.0375
"141","2007-07-25",12.75
"142","2007-07-26",12.5725
"143","2007-07-27",12.73
"144","2007-07-30",12.9175
"145","2007-07-31",12.8175
"146","2007-08-01",12.9775
"147","2007-08-02",12.9525
"148","2007-08-03",12.6475
"149","2007-08-06",12.8125
"150","2007-08-07",12.6775
"151","2007-08-08",12.71
"152","2007-08-09",12.125
"153","2007-08-10",12.9825
"154","2007-08-13",12.81
"155","2007-08-14",12.4875
"156","2007-08-15",12.135
"157","2007-08-16",12.15
"158","2007-08-17",12.635
"159","2007-08-20",12.6725
"160","2007-08-21",12.7
"161","2007-08-22",13.0675
"162","2007-08-23",13.315
"163","2007-08-24",13.2
"164","2007-08-27",13.1
"165","2007-08-28",12.7
"166","2007-08-29",12.92
"167","2007-08-30",12.8875
"168","2007-08-31",13.095
"169","2007-09-04",13.135
"170","2007-09-05",13.2325
"171","2007-09-06",13.21
"172","2007-09-07",13.005
"173","2007-09-10",12.965
"174","2007-09-11",12.9825
"175","2007-09-12",12.915
"176","2007-09-13",13
"177","2007-09-14",12.9825
"178","2007-09-17",12.9825
"179","2007-09-18",13.62
"180","2007-09-19",13.6725
"181","2007-09-20",13.665
"182","2007-09-21",13.68
"183","2007-09-24",13.6
"184","2007-09-25",13.61
"185","2007-09-26",13.725
"186","2007-09-27",13.7975
"187","2007-09-28",13.4375
"188","2007-10-01",13.6975
"189","2007-10-02",13.75
"190","2007-10-03",13.75
"191","2007-10-04",13.715
"192","2007-10-05",13.9275
"193","2007-10-08",13.895
"194","2007-10-09",13.9375
"195","2007-10-10",13.3425
"196","2007-10-11",13.1625
"197","2007-10-12",13.0475
"198","2007-10-15",13.1375
"199","2007-10-16",13.1725
"200","2007-10-17",13.4875
"201","2007-10-18",13.535
"202","2007-10-19",13.21
"203","2007-10-22",13.4325
"204","2007-10-23",13.3375
"205","2007-10-24",13.2625
"206","2007-10-25",12.6625
"207","2007-10-26",12.4225
"208","2007-10-29",12.4725
"209","2007-10-30",12.4625
"210","2007-10-31",12.395
"211","2007-11-01",12.135
"212","2007-11-02",12.19
"213","2007-11-05",11.965
"214","2007-11-06",11.9175
"215","2007-11-07",11.6325
"216","2007-11-08",11.8725
"217","2007-11-09",11.5375
"218","2007-11-12",11.5025
"219","2007-11-13",11.7475
"220","2007-11-14",11.6075
"221","2007-11-15",11.4975
"222","2007-11-16",11.4325
"223","2007-11-19",11.1375
"224","2007-11-20",11.2575
"225","2007-11-21",11.0925
"226","2007-11-23",11.3675
"227","2007-11-26",11.095
"228","2007-11-27",11.385
"229","2007-11-28",11.6225
"230","2007-11-29",11.6275
"231","2007-11-30",11.5625
"232","2007-12-03",11.44
"233","2007-12-04",11.245
"234","2007-12-05",11.375
"235","2007-12-06",11.5
"236","2007-12-07",11.4675
"237","2007-12-10",11.5875
"238","2007-12-11",11.255
"239","2007-12-12",11.3675
"240","2007-12-13",11.665
"241","2007-12-14",11.4675
"242","2007-12-17",11.29
"243","2007-12-18",11.1875
"244","2007-12-19",11.075
"245","2007-12-20",11.1725
"246","2007-12-21",11.52
"247","2007-12-24",11.5275
"248","2007-12-26",11.515
"249","2007-12-27",11.3225
"250","2007-12-28",11.315
"251","2007-12-31",11.25
"252","2008-01-02",11.115
"253","2008-01-03",10.9725
"254","2008-01-04",10.905
"255","2008-01-07",10.7625
"256","2008-01-08",10.5575
"257","2008-01-09",10.6525
"258","2008-01-10",10.9125
"259","2008-01-11",10.9675
"260","2008-01-14",11.205
"261","2008-01-15",11.0375
"262","2008-01-16",10.9875
"263","2008-01-17",10.5
"264","2008-01-18",10.5075
"265","2008-01-22",10.51
"266","2008-01-23",10.77
"267","2008-01-24",10.55
"268","2008-01-25",10.39
"269","2008-01-28",10.77
"270","2008-01-29",10.99
"271","2008-01-30",11.235
"272","2008-01-31",11.455
"273","2008-02-01",11.5975
"274","2008-02-04",11.2825
"275","2008-02-05",11.01
"276","2008-02-06",11.0575
"277","2008-02-07",11.0975
"278","2008-02-08",11.0925
"279","2008-02-11",11.1875
"280","2008-02-12",11.26
"281","2008-02-13",11.355
"282","2008-02-14",11.3075
"283","2008-02-15",11.2825
"284","2008-02-19",11.315
"285","2008-02-20",11.4175
"286","2008-02-21",11.3875
"287","2008-02-22",11.445
"288","2008-02-25",11.63
"289","2008-02-26",11.54
"290","2008-02-27",11.5325
"291","2008-02-28",11.4325
"292","2008-02-29",11.025
"293","2008-03-03",11.2325
"294","2008-03-04",10.915
"295","2008-03-05",11.11
"296","2008-03-06",11.0225
"297","2008-03-07",10.9275
"298","2008-03-10",10.6375
"299","2008-03-11",11.0825
"300","2008-03-12",10.935
"301","2008-03-13",11.055
"302","2008-03-14",10.8125
"303","2008-03-17",10.66
"304","2008-03-18",10.8775
"305","2008-03-19",10.61
"306","2008-03-20",11.0075
"307","2008-03-24",11.3
"308","2008-03-25",11.6
"309","2008-03-26",11.4675
"310","2008-03-27",11.285
"311","2008-03-28",11.285
"312","2008-03-31",11.485
"313","2008-04-01",11.8575
"314","2008-04-02",12.005
"315","2008-04-03",11.965
"316","2008-04-04",12.0875
"317","2008-04-07",11.795
"318","2008-04-08",11.795
"319","2008-04-09",11.5975
"320","2008-04-10",11.6725
"321","2008-04-11",11.51
"322","2008-04-14",11.5475
"323","2008-04-15",11.8325
"324","2008-04-16",12.1525
"325","2008-04-17",12.66
"326","2008-04-18",12.9375
"327","2008-04-21",12.8
"328","2008-04-22",12.5075
"329","2008-04-23",12.5275
"330","2008-04-24",13.385
"331","2008-04-25",13.5425
"332","2008-04-28",13.53
"333","2008-04-29",13.3625
"334","2008-04-30",13.445
"335","2008-05-01",13.5475
"336","2008-05-02",13.4825
"337","2008-05-05",13.5925
"338","2008-05-06",13.425
"339","2008-05-07",13.33
"340","2008-05-08",13.62
"341","2008-05-09",13.4475
"342","2008-05-12",13.6425
"343","2008-05-13",13.625
"344","2008-05-14",13.675
"345","2008-05-15",13.96
"346","2008-05-16",13.905
"347","2008-05-19",13.5675
"348","2008-05-20",13.51
"349","2008-05-21",13.2525
"350","2008-05-22",13.34
"351","2008-05-23",13.2475
"352","2008-05-27",13.275
"353","2008-05-28",13.4125
"354","2008-05-29",13.4275
"355","2008-05-30",13.575
"356","2008-06-02",13.69
"357","2008-06-03",13.3925
"358","2008-06-04",13.2775
"359","2008-06-05",13.485
"360","2008-06-06",13.02
"361","2008-06-09",12.875
"362","2008-06-10",12.595
"363","2008-06-11",12.4625
"364","2008-06-12",12.6475
"365","2008-06-13",13.1475
"366","2008-06-16",13.0125
"367","2008-06-17",12.9875
"368","2008-06-18",12.9825
"369","2008-06-19",13.1175
"370","2008-06-20",12.93
"371","2008-06-23",12.8125
"372","2008-06-24",12.26
"373","2008-06-25",12.415
"374","2008-06-26",12.025
"375","2008-06-27",11.92
"376","2008-06-30",11.935
"377","2008-07-01",11.67
"378","2008-07-02",11.49
"379","2008-07-03",11.7075
"380","2008-07-07",11.71
"381","2008-07-08",11.895
"382","2008-07-09",11.635
"383","2008-07-10",11.66
"384","2008-07-11",11.4825
"385","2008-07-14",11.3325
"386","2008-07-15",11.075
"387","2008-07-16",11.4625
"388","2008-07-17",12.6
"389","2008-07-18",12.6325
"390","2008-07-21",12.5925
"391","2008-07-22",12.6075
"392","2008-07-23",12.4825
"393","2008-07-24",11.365
"394","2008-07-25",11.295
"395","2008-07-28",11.02
"396","2008-07-29",11.1725
"397","2008-07-30",11.4775
"398","2008-07-31",11.145
"399","2008-08-01",11.165
"400","2008-08-04",11.165
"401","2008-08-05",11.375
"402","2008-08-06",11.305
"403","2008-08-07",11.1325
"404","2008-08-08",11.2325
"405","2008-08-11",11.4325
"406","2008-08-12",11.1325
"407","2008-08-13",11.015
"408","2008-08-14",11.1725
"409","2008-08-15",11.3575
"410","2008-08-18",11.105
"411","2008-08-19",11.0125
"412","2008-08-20",11.115
"413","2008-08-21",11.285
"414","2008-08-22",11.37
"415","2008-08-25",11.155
"416","2008-08-26",11.1725
"417","2008-08-27",11.2675
"418","2008-08-28",11.49
"419","2008-08-29",11.48
"420","2008-09-02",11.4525
"421","2008-09-03",11.34
"422","2008-09-04",10.8525
"423","2008-09-05",11.0025
"424","2008-09-08",11.0075
"425","2008-09-09",10.4925
"426","2008-09-10",10.73
"427","2008-09-11",11.075
"428","2008-09-12",11.2875
"429","2008-09-15",11.0275
"430","2008-09-16",11.0775
"431","2008-09-17",10.4175
"432","2008-09-18",10.5425
"433","2008-09-19",10.5775
"434","2008-09-22",10.315
"435","2008-09-23",10.2825
"436","2008-09-24",10.3175
"437","2008-09-25",10.455
"438","2008-09-26",10.6875
"439","2008-09-29",10
"440","2008-09-30",9.8725
"441","2008-10-01",9.6725
"442","2008-10-02",9.25
"443","2008-10-03",8.955
"444","2008-10-06",8.635
"445","2008-10-07",8.2325
"446","2008-10-08",8.0975
"447","2008-10-09",7.6875
"448","2008-10-10",7.7925
"449","2008-10-13",8.685
"450","2008-10-14",8.565
"451","2008-10-15",7.725
"452","2008-10-16",8.03
"453","2008-10-17",8.065
"454","2008-10-20",8.385
"455","2008-10-21",8.1
"456","2008-10-22",7.6875
"457","2008-10-23",7.64
"458","2008-10-24",7.425
"459","2008-10-27",7.0325
"460","2008-10-28",7.7475
"461","2008-10-29",7.72
"462","2008-10-30",8.49
"463","2008-10-31",8.55
"464","2008-11-03",8.815
"465","2008-11-04",9.2325
"466","2008-11-05",9.18
"467","2008-11-06",8.625
"468","2008-11-07",8.6575
"469","2008-11-10",8.6225
"470","2008-11-11",8.3875
"471","2008-11-12",8.005
"472","2008-11-13",8.5975
"473","2008-11-14",8.1925
"474","2008-11-17",8.18
"475","2008-11-18",8.2125
"476","2008-11-19",7.65
"477","2008-11-20",7.2275
"478","2008-11-21",7.545
"479","2008-11-24",8.1175
"480","2008-11-25",8.45
"481","2008-11-26",8.8775
"482","2008-11-28",9.1125
"483","2008-12-01",8.3825
"484","2008-12-02",8.6775
"485","2008-12-03",8.8475
"486","2008-12-04",8.45
"487","2008-12-05",8.735
"488","2008-12-08",9.43
"489","2008-12-09",9.19
"490","2008-12-10",9.62
"491","2008-12-11",9.6525
"492","2008-12-12",10.015
"493","2008-12-15",9.8275
"494","2008-12-16",10.255
"495","2008-12-17",10.44
"496","2008-12-18",10.3675
"497","2008-12-19",10.3275
"498","2008-12-22",9.9275
"499","2008-12-23",9.8125
"500","2008-12-24",9.9025
"501","2008-12-26",10.1075
"502","2008-12-29",10.025
"503","2008-12-30",10.23
"504","2008-12-31",10.3975
"505","2009-01-02",10.6975
"506","2009-01-05",10.67
"507","2009-01-06",10.68
"508","2009-01-07",10.3425
"509","2009-01-08",10.5425
"510","2009-01-09",10.2475
"511","2009-01-12",10.1675
"512","2009-01-13",10.08
"513","2009-01-14",9.6575
"514","2009-01-15",9.7475
"515","2009-01-16",9.81
"516","2009-01-20",9.2325
"517","2009-01-21",9.6875
"518","2009-01-22",9.6375
"519","2009-01-23",9.6425
"520","2009-01-26",9.665
"521","2009-01-27",9.8025
"522","2009-01-28",10.02
"523","2009-01-29",10.045
"524","2009-01-30",9.585
"525","2009-02-02",9.7175
"526","2009-02-03",9.7375
"527","2009-02-04",9.95
"528","2009-02-05",10.055
"529","2009-02-06",10.3075
"530","2009-02-09",10.4525
"531","2009-02-10",10.125
"532","2009-02-11",10.1525
"533","2009-02-12",10.45
"534","2009-02-13",10.4375
"535","2009-02-17",10.04
"536","2009-02-18",9.9375
"537","2009-02-19",9.9275
"538","2009-02-20",10.01
"539","2009-02-23",9.56
"540","2009-02-24",9.99
"541","2009-02-25",9.9825
"542","2009-02-26",9.9825
"543","2009-02-27",10.0725
"544","2009-03-02",9.7175
"545","2009-03-03",9.44
"546","2009-03-04",9.5675
"547","2009-03-05",9.525
"548","2009-03-06",9.31
"549","2009-03-09",9.2225
"550","2009-03-10",9.495
"551","2009-03-11",9.59
"552","2009-03-12",9.8225
"553","2009-03-13",9.9525
"554","2009-03-16",9.915
"555","2009-03-17",10.1875
"556","2009-03-18",10.485
"557","2009-03-19",10.385
"558","2009-03-20",10.3475
"559","2009-03-23",10.845
"560","2009-03-24",10.81
"561","2009-03-25",10.945
"562","2009-03-26",11.065
"563","2009-03-27",10.8425
"564","2009-03-30",10.8225
"565","2009-03-31",10.85
"566","2009-04-01",10.9625
"567","2009-04-02",11.0775
"568","2009-04-03",11.045
"569","2009-04-06",10.82
"570","2009-04-07",10.55
"571","2009-04-08",10.6075
"572","2009-04-09",10.8075
"573","2009-04-13",10.6525
"574","2009-04-14",10.5425
"575","2009-04-15",10.6175
"576","2009-04-16",10.7575
"577","2009-04-17",10.7875
"578","2009-04-20",10.51
"579","2009-04-21",10.645
"580","2009-04-22",10.675
"581","2009-04-23",10.295
"582","2009-04-24",10.08
"583","2009-04-27",9.765
"584","2009-04-28",9.485
"585","2009-04-29",9.7075
"586","2009-04-30",9.43
"587","2009-05-01",9.5
"588","2009-05-04",9.5925
"589","2009-05-05",9.76
"590","2009-05-06",9.8525
"591","2009-05-07",9.61
"592","2009-05-08",9.7025
"593","2009-05-11",9.6725
"594","2009-05-12",9.9025
"595","2009-05-13",9.6175
"596","2009-05-14",9.7525
"597","2009-05-15",9.8025
"598","2009-05-18",9.9475
"599","2009-05-19",9.9775
"600","2009-05-20",9.8575
"601","2009-05-21",9.685
"602","2009-05-22",9.7225
"603","2009-05-26",10.01
"604","2009-05-27",9.7225
"605","2009-05-28",9.73
"606","2009-05-29",9.95
"607","2009-06-01",10.515
"608","2009-06-02",10.9
"609","2009-06-03",10.7625
"610","2009-06-04",10.9775
"611","2009-06-05",10.91
"612","2009-06-08",11.05
"613","2009-06-09",11.1025
"614","2009-06-10",10.9275
"615","2009-06-11",10.95
"616","2009-06-12",10.75
"617","2009-06-15",10.5275
"618","2009-06-16",10.34
"619","2009-06-17",10.3775
"620","2009-06-18",10.475
"621","2009-06-19",10.4775
"622","2009-06-22",10.1525
"623","2009-06-23",10.1575
"624","2009-06-24",10.3
"625","2009-06-25",10.5425
"626","2009-06-26",10.7225
"627","2009-06-29",11.3125
"628","2009-06-30",11.29
"629","2009-07-01",11.9625
"630","2009-07-02",11.7675
"631","2009-07-06",11.7375
"632","2009-07-07",11.545
"633","2009-07-08",11.545
"634","2009-07-09",11.3425
"635","2009-07-10",11.39
"636","2009-07-13",11.4825
"637","2009-07-14",11.4775
"638","2009-07-15",11.7975
"639","2009-07-16",11.905
"640","2009-07-17",11.74
"641","2009-07-20",11.81
"642","2009-07-21",11.75
"643","2009-07-22",11.895
"644","2009-07-23",12.0425
"645","2009-07-24",12.38
"646","2009-07-27",12.4025
"647","2009-07-28",12.2875
"648","2009-07-29",12.2275
"649","2009-07-30",12.2075
"650","2009-07-31",12.09
"651","2009-08-03",12.29
"652","2009-08-04",12.23
"653","2009-08-05",12.125
"654","2009-08-06",11.905
"655","2009-08-07",11.8125
"656","2009-08-10",11.95
"657","2009-08-11",12.22
"658","2009-08-12",12.4075
"659","2009-08-13",12.8725
"660","2009-08-14",12.645
"661","2009-08-17",12.545
"662","2009-08-18",12.52
"663","2009-08-19",12.52
"664","2009-08-20",12.505
"665","2009-08-21",12.52
"666","2009-08-24",12.34
"667","2009-08-25",12.4075
"668","2009-08-26",12.405
"669","2009-08-27",12.39
"670","2009-08-28",12.19
"671","2009-08-31",12.115
"672","2009-09-01",12.0075
"673","2009-09-02",12.0875
"674","2009-09-03",11.985
"675","2009-09-04",12.1
"676","2009-09-08",12.31
"677","2009-09-09",12.415
"678","2009-09-10",12.45
"679","2009-09-11",12.25
"680","2009-09-14",12.51
"681","2009-09-15",12.755
"682","2009-09-16",12.9975
"683","2009-09-17",12.6175
"684","2009-09-18",12.7325
"685","2009-09-21",12.8025
"686","2009-09-22",12.6575
"687","2009-09-23",12.3425
"688","2009-09-24",12.25
"689","2009-09-25",12.235
"690","2009-09-28",12.5525
"691","2009-09-29",12.4675
"692","2009-09-30",12.3
"693","2009-10-01",12.2625
"694","2009-10-02",12.215
"695","2009-10-05",12.5275
"696","2009-10-06",12.46
"697","2009-10-07",12.6475
"698","2009-10-08",12.7875
"699","2009-10-09",12.89
"700","2009-10-12",13.0175
"701","2009-10-13",12.92
"702","2009-10-14",13.065
"703","2009-10-15",13.05
"704","2009-10-16",12.83
"705","2009-10-19",12.925
"706","2009-10-20",12.86
"707","2009-10-21",12.6675
"708","2009-10-22",12.775
"709","2009-10-23",12.54
"710","2009-10-26",12.46
"711","2009-10-27",12.4625
"712","2009-10-28",12.1075
"713","2009-10-29",12.6075
"714","2009-10-30",12.3325
"715","2009-11-02",12.24
"716","2009-11-03",12.3125
"717","2009-11-04",12.1875
"718","2009-11-05",12.3175
"719","2009-11-06",12.375
"720","2009-11-09",12.715
"721","2009-11-10",12.61
"722","2009-11-11",12.6
"723","2009-11-12",12.485
"724","2009-11-13",12.53
"725","2009-11-16",12.725
"726","2009-11-17",12.83
"727","2009-11-18",12.7625
"728","2009-11-19",12.625
"729","2009-11-20",12.5975
"730","2009-11-23",12.6825
"731","2009-11-24",12.5925
"732","2009-11-25",12.6875
"733","2009-11-27",12.4625
"734","2009-11-30",12.3525
"735","2009-12-01",12.405
"736","2009-12-02",12.2675
"737","2009-12-03",12.085
"738","2009-12-04",12.3
"739","2009-12-07",12.5175
"740","2009-12-08",12.985
"741","2009-12-09",12.8475
"742","2009-12-10",12.8625
"743","2009-12-11",12.8725
"744","2009-12-14",13.035
"745","2009-12-15",12.9825
"746","2009-12-16",13.0425
"747","2009-12-17",12.825
"748","2009-12-18",12.815
"749","2009-12-21",12.8925
"750","2009-12-22",12.9475
"751","2009-12-23",12.9425
"752","2009-12-24",13.005
"753","2009-12-28",13.03
"754","2009-12-29",13.04
"755","2009-12-30",13.03
"756","2009-12-31",12.925
"757","2010-01-04",13.1225
"758","2010-01-05",12.975
"759","2010-01-06",13
"760","2010-01-07",12.97
"761","2010-01-08",13.0175
"762","2010-01-11",12.95
"763","2010-01-12",12.93
"764","2010-01-13",12.9825
"765","2010-01-14",12.9225
"766","2010-01-15",12.8525
"767","2010-01-19",12.9875
"768","2010-01-20",12.8575
"769","2010-01-21",12.785
"770","2010-01-22",12.7125
"771","2010-01-25",12.715
"772","2010-01-26",12.64
"773","2010-01-27",12.6125
"774","2010-01-28",12.635
"775","2010-01-29",12.6975
"776","2010-02-01",12.7275
"777","2010-02-02",13.0525
"778","2010-02-03",12.885
"779","2010-02-04",12.4975
"780","2010-02-05",12.6375
"781","2010-02-08",12.5625
"782","2010-02-09",12.6425
"783","2010-02-10",12.5225
"784","2010-02-11",12.7625
"785","2010-02-12",12.8475
"786","2010-02-16",13.01
"787","2010-02-17",13.0375
"788","2010-02-18",13.2225
"789","2010-02-19",13.1575
"790","2010-02-22",13.17
"791","2010-02-23",13.0775
"792","2010-02-24",13.255
"793","2010-02-25",13.2825
"794","2010-02-26",13.51
"795","2010-03-01",13.65
"796","2010-03-02",13.5475
"797","2010-03-03",13.6475
"798","2010-03-04",13.6125
"799","2010-03-05",13.725
"800","2010-03-08",13.6025
"801","2010-03-09",13.51
"802","2010-03-10",13.5325
"803","2010-03-11",13.6175
"804","2010-03-12",13.6125
"805","2010-03-15",13.5625
"806","2010-03-16",13.62
"807","2010-03-17",13.7025
"808","2010-03-18",13.5775
"809","2010-03-19",13.55
"810","2010-03-22",13.5375
"811","2010-03-23",13.63
"812","2010-03-24",13.5
"813","2010-03-25",13.295
"814","2010-03-26",13.5
"815","2010-03-29",13.5125
"816","2010-03-30",13.3625
"817","2010-03-31",13.345
"818","2010-04-01",13.565
"819","2010-04-05",13.605
"820","2010-04-06",13.53
"821","2010-04-07",13.465
"822","2010-04-08",13.495
"823","2010-04-09",13.5925
"824","2010-04-12",13.48
"825","2010-04-13",13.3975
"826","2010-04-14",13.55
"827","2010-04-15",13.6225
"828","2010-04-16",13.58
"829","2010-04-19",13.515
"830","2010-04-20",13.5875
"831","2010-04-21",13.55
"832","2010-04-22",13.69
"833","2010-04-23",13.8425
"834","2010-04-26",13.81
"835","2010-04-27",13.65
"836","2010-04-28",13.6925
"837","2010-04-29",13.455
"838","2010-04-30",13.3025
"839","2010-05-03",13.2625
"840","2010-05-04",13.05
"841","2010-05-05",13.0475
"842","2010-05-06",12.6775
"843","2010-05-07",12.3725
"844","2010-05-10",12.88
"845","2010-05-11",12.88
"846","2010-05-12",13.0275
"847","2010-05-13",12.925
"848","2010-05-14",12.7275
"849","2010-05-17",12.89
"850","2010-05-18",12.78
"851","2010-05-19",12.6775
"852","2010-05-20",12.24
"853","2010-05-21",12.5075
"854","2010-05-24",12.21
"855","2010-05-25",12.1575
"856","2010-05-26",12.0625
"857","2010-05-27",12.4375
"858","2010-05-28",12.3125
"859","2010-06-01",12.1125
"860","2010-06-02",12.58
"861","2010-06-03",12.875
"862","2010-06-04",12.7875
"863","2010-06-07",12.5525
"864","2010-06-08",12.605
"865","2010-06-09",12.585
"866","2010-06-10",12.93
"867","2010-06-11",13.0875
"868","2010-06-14",13.035
"869","2010-06-15",13.36
"870","2010-06-16",13.61
"871","2010-06-17",13.835
"872","2010-06-18",13.785
"873","2010-06-21",13.8925
"874","2010-06-22",13.72
"875","2010-06-23",13.6525
"876","2010-06-24",13.3975
"877","2010-06-25",13.4625
"878","2010-06-28",13.3525
"879","2010-06-29",13.2
"880","2010-06-30",13.2075
"881","2010-07-01",13.0475
"882","2010-07-02",12.9475
"883","2010-07-06",13.1375
"884","2010-07-07",13.3875
"885","2010-07-08",13.46
"886","2010-07-09",13.5775
"887","2010-07-12",13.47
"888","2010-07-13",13.8425
"889","2010-07-14",13.845
"890","2010-07-15",13.8575
"891","2010-07-16",13.4875
"892","2010-07-19",13.575
"893","2010-07-20",13.81
"894","2010-07-21",13.7375
"895","2010-07-22",13.9625
"896","2010-07-23",14.3
"897","2010-07-26",14.4825
"898","2010-07-27",14.445
"899","2010-07-28",14.2725
"900","2010-07-29",14.2625
"901","2010-07-30",14.56
"902","2010-08-02",14.74
"903","2010-08-03",14.7025
"904","2010-08-04",14.67
"905","2010-08-05",14.73
"906","2010-08-06",14.615
"907","2010-08-09",14.6975
"908","2010-08-10",14.6975
"909","2010-08-11",14.3
"910","2010-08-12",14.3575
"911","2010-08-13",14.2925
"912","2010-08-16",14.155
"913","2010-08-17",14.425
"914","2010-08-18",14.575
"915","2010-08-19",14.3375
"916","2010-08-20",14.285
"917","2010-08-23",14.305
"918","2010-08-24",14.0625
"919","2010-08-25",14.085
"920","2010-08-26",13.875
"921","2010-08-27",14.1225
"922","2010-08-30",13.8725
"923","2010-08-31",14.02
"924","2010-09-01",14.44
"925","2010-09-02",14.675
"926","2010-09-03",14.77
"927","2010-09-07",14.6275
"928","2010-09-08",14.6775
"929","2010-09-09",14.72
"930","2010-09-10",14.85
"931","2010-09-13",14.9175
"932","2010-09-14",14.955
"933","2010-09-15",14.93
"934","2010-09-16",14.9275
"935","2010-09-17",14.9925
"936","2010-09-20",15.005
"937","2010-09-21",14.9375
"938","2010-09-22",14.8525
"939","2010-09-23",14.7225
"940","2010-09-24",15.0525
"941","2010-09-27",14.855
"942","2010-09-28",14.9375
"943","2010-09-29",14.7175
"944","2010-09-30",14.7125
"945","2010-10-01",14.8475
"946","2010-10-04",14.7475
"947","2010-10-05",15.125
"948","2010-10-06",15.055
"949","2010-10-07",15
"950","2010-10-08",15.03
"951","2010-10-11",15.155
"952","2010-10-12",15.2025
"953","2010-10-13",15.4925
"954","2010-10-14",15.435
"955","2010-10-15",15.545
"956","2010-10-18",15.595
"957","2010-10-19",15.3875
"958","2010-10-20",15.535
"959","2010-10-21",15.535
"960","2010-10-22",15.345
"961","2010-10-25",15.375
"962","2010-10-26",15.3925
"963","2010-10-27",15.2
"964","2010-10-28",15.45
"965","2010-10-29",16.09
"966","2010-11-01",15.79
"967","2010-11-02",16.0725
"968","2010-11-03",16.115
"969","2010-11-04",16.432501
"970","2010-11-05",16.514999
"971","2010-11-08",16.387501
"972","2010-11-09",16.370001
"973","2010-11-10",16.422501
"974","2010-11-11",16.4375
"975","2010-11-12",16.219999
"976","2010-11-15",16.3225
"977","2010-11-16",16.122499
"978","2010-11-17",16.1
"979","2010-11-18",16.360001
"980","2010-11-19",16.362499
"981","2010-11-22",16.424999
"982","2010-11-23",16.0825
"983","2010-11-24",16.375
"984","2010-11-26",16.217501
"985","2010-11-29",16.137501
"986","2010-11-30",16.469999
"987","2010-12-01",16.985001
"988","2010-12-02",17.264999
"989","2010-12-03",17.2125
"990","2010-12-06",16.9925
"991","2010-12-07",16.995001
"992","2010-12-08",16.8325
"993","2010-12-09",16.940001
"994","2010-12-10",16.995001
"995","2010-12-13",17.065001
"996","2010-12-14",17.26
"997","2010-12-15",17.094999
"998","2010-12-16",17.192499
"999","2010-12-17",17.125
"1000","2010-12-20",17.1
"1001","2010-12-21",17.3225
"1002","2010-12-22",17.4125
"1003","2010-12-23",17.3025
"1004","2010-12-27",17.317499
"1005","2010-12-28",17.370001
"1006","2010-12-29",17.327499
"1007","2010-12-30",17.25
"1008","2010-12-31",17.012501
"1009","2011-01-03",17.2225
"1010","2011-01-04",17.4125
"1011","2011-01-05",17.5425
"1012","2011-01-06",17.6625
"1013","2011-01-07",17.52
"1014","2011-01-10",17.195
"1015","2011-01-11",17.33
"1016","2011-01-12",17.51
"1017","2011-01-13",17.682501
"1018","2011-01-14",17.452499
"1019","2011-01-18",17.735001
"1020","2011-01-19",17.41
"1021","2011-01-20",17.299999
"1022","2011-01-21",17.385
"1023","2011-01-24",17.557501
"1024","2011-01-25",17.512501
"1025","2011-01-26",17.9175
"1026","2011-01-27",18.09
"1027","2011-01-28",17.73
"1028","2011-01-31",17.782499
"1029","2011-02-01",18.125
"1030","2011-02-02",18.3025
"1031","2011-02-03",18.487499
"1032","2011-02-04",18.43
"1033","2011-02-07",18.3675
"1034","2011-02-08",18.387501
"1035","2011-02-09",18.450001
"1036","2011-02-10",18.532499
"1037","2011-02-11",18.512501
"1038","2011-02-14",18.469999
"1039","2011-02-15",18.432501
"1040","2011-02-16",18.415001
"1041","2011-02-17",18.450001
"1042","2011-02-18",18.5
"1043","2011-02-22",17.91
"1044","2011-02-23",17.945
"1045","2011-02-24",18
"1046","2011-02-25",18.049999
"1047","2011-02-28",18.049999
"1048","2011-03-01",17.809999
"1049","2011-03-02",17.905001
"1050","2011-03-03",18.135
"1051","2011-03-04",17.915001
"1052","2011-03-07",17.84
"1053","2011-03-08",18.120001
"1054","2011-03-09",17.950001
"1055","2011-03-10",17.459999
"1056","2011-03-11",17.495001
"1057","2011-03-14",17.325001
"1058","2011-03-15",17.09
"1059","2011-03-16",16.91
"1060","2011-03-17",16.889999
"1061","2011-03-18",17.145
"1062","2011-03-21",17.535
"1063","2011-03-22",17.42
"1064","2011-03-23",17.6
"1065","2011-03-24",17.65
"1066","2011-03-25",17.754999
"1067","2011-03-28",17.549999
"1068","2011-03-29",17.690001
"1069","2011-03-30",17.85
"1070","2011-03-31",17.924999
"1071","2011-04-01",17.885
"1072","2011-04-04",17.995001
"1073","2011-04-05",18.084999
"1074","2011-04-06",18.325001
"1075","2011-04-07",18.235001
"1076","2011-04-08",18.004999
"1077","2011-04-11",18.139999
"1078","2011-04-12",18.014999
"1079","2011-04-13",18.125
"1080","2011-04-14",18.219999
"1081","2011-04-15",18.395
"1082","2011-04-18",18.295
"1083","2011-04-19",18.445
"1084","2011-04-20",18.389999
"1085","2011-04-21",18.530001
"1086","2011-04-25",18.379999
"1087","2011-04-26",18.629999
"1088","2011-04-27",18.504999
"1089","2011-04-28",18.719999
"1090","2011-04-29",18.655001
"1091","2011-05-02",18.735001
"1092","2011-05-03",18.85
"1093","2011-05-04",18.85
"1094","2011-05-05",18.885
"1095","2011-05-06",19.014999
"1096","2011-05-09",19.129999
"1097","2011-05-10",19.360001
"1098","2011-05-11",19.309999
"1099","2011-05-12",19.514999
"1100","2011-05-13",19.23
"1101","2011-05-16",19.254999
"1102","2011-05-17",19.225
"1103","2011-05-18",19.629999
"1104","2011-05-19",19.709999
"1105","2011-05-20",19.52
"1106","2011-05-23",19.325001
"1107","2011-05-24",19.23
"1108","2011-05-25",19.26
"1109","2011-05-26",19.4
"1110","2011-05-27",19.540001
"1111","2011-05-31",19.754999
"1112","2011-06-01",19.365
"1113","2011-06-02",19.309999
"1114","2011-06-03",19.030001
"1115","2011-06-06",18.995001
"1116","2011-06-07",19.375
"1117","2011-06-08",19.059999
"1118","2011-06-09",19.33
"1119","2011-06-10",19.049999
"1120","2011-06-13",18.98
"1121","2011-06-14",19.165001
"1122","2011-06-15",18.77
"1123","2011-06-16",18.745001
"1124","2011-06-17",18.91
"1125","2011-06-20",18.879999
"1126","2011-06-21",19.059999
"1127","2011-06-22",19
"1128","2011-06-23",18.905001
"1129","2011-06-24",18.745001
"1130","2011-06-27",18.9
"1131","2011-06-28",19.035
"1132","2011-06-29",19.040001
"1133","2011-06-30",19.23
"1134","2011-07-01",19.57
"1135","2011-07-05",19.645
"1136","2011-07-06",19.825001
"1137","2011-07-07",20.035
"1138","2011-07-08",20.18
"1139","2011-07-11",19.959999
"1140","2011-07-12",19.75
"1141","2011-07-13",19.879999
"1142","2011-07-14",19.639999
"1143","2011-07-15",19.719999
"1144","2011-07-18",19.120001
"1145","2011-07-19",19.309999
"1146","2011-07-20",19.34
"1147","2011-07-21",19.629999
"1148","2011-07-22",19.655001
"1149","2011-07-25",19.764999
"1150","2011-07-26",19.790001
"1151","2011-07-27",19.639999
"1152","2011-07-28",19.290001
"1153","2011-07-29",19.4
"1154","2011-08-01",19.08
"1155","2011-08-02",18.275
"1156","2011-08-03",18.26
"1157","2011-08-04",17.6
"1158","2011-08-05",17.719999
"1159","2011-08-08",16.360001
"1160","2011-08-09",17.995001
"1161","2011-08-10",17
"1162","2011-08-11",17.775
"1163","2011-08-12",17.965
"1164","2011-08-15",18.139999
"1165","2011-08-16",17.9
"1166","2011-08-17",17.860001
"1167","2011-08-18",17.215
"1168","2011-08-19",17
"1169","2011-08-22",16.879999
"1170","2011-08-23",17.450001
"1171","2011-08-24",17.57
"1172","2011-08-25",17.309999
"1173","2011-08-26",17.504999
"1174","2011-08-29",17.825001
"1175","2011-08-30",17.895
"1176","2011-08-31",17.959999
"1177","2011-09-01",17.844999
"1178","2011-09-02",17.51
"1179","2011-09-06",17.424999
"1180","2011-09-07",17.68
"1181","2011-09-08",17.41
"1182","2011-09-09",17.014999
"1183","2011-09-12",16.865
"1184","2011-09-13",16.945
"1185","2011-09-14",17.094999
"1186","2011-09-15",17.115
"1187","2011-09-16",17.155001
"1188","2011-09-19",16.855
"1189","2011-09-20",16.754999
"1190","2011-09-21",16.385
"1191","2011-09-22",15.63
"1192","2011-09-23",15.475
"1193","2011-09-26",15.725
"1194","2011-09-27",16.08
"1195","2011-09-28",15.64
"1196","2011-09-29",15.805
"1197","2011-09-30",15.51
"1198","2011-10-03",15.11
"1199","2011-10-04",15.75
"1200","2011-10-05",15.845
"1201","2011-10-06",16.26
"1202","2011-10-07",16.225
"1203","2011-10-10",16.67
"1204","2011-10-11",16.76
"1205","2011-10-12",16.805
"1206","2011-10-13",16.73
"1207","2011-10-14",16.98
"1208","2011-10-17",16.73
"1209","2011-10-18",17.135
"1210","2011-10-19",17.045
"1211","2011-10-20",17.264999
"1212","2011-10-21",17.41
"1213","2011-10-24",17.549999
"1214","2011-10-25",17.205
"1215","2011-10-26",17.365
"1216","2011-10-27",17.865
"1217","2011-10-28",17.83
"1218","2011-10-31",17.285
"1219","2011-11-01",16.9
"1220","2011-11-02",16.969999
"1221","2011-11-03",17.41
"1222","2011-11-04",17.434999
"1223","2011-11-07",17.43
"1224","2011-11-08",17.745001
"1225","2011-11-09",17.030001
"1226","2011-11-10",17.245001
"1227","2011-11-11",17.705
"1228","2011-11-14",17.379999
"1229","2011-11-15",17.375
"1230","2011-11-16",17.139999
"1231","2011-11-17",16.975
"1232","2011-11-18",16.955
"1233","2011-11-21",16.77
"1234","2011-11-22",16.635
"1235","2011-11-23",16.525
"1236","2011-11-25",16.59
"1237","2011-11-28",16.985001
"1238","2011-11-29",17
"1239","2011-11-30",17.555
"1240","2011-12-01",17.514999
"1241","2011-12-02",17.459999
"1242","2011-12-05",17.605
"1243","2011-12-06",17.555
"1244","2011-12-07",17.535
"1245","2011-12-08",17.174999
"1246","2011-12-09",17.459999
"1247","2011-12-12",17.155001
"1248","2011-12-13",17.110001
"1249","2011-12-14",17.084999
"1250","2011-12-15",17.405001
"1251","2011-12-16",17.315001
"1252","2011-12-19",17.290001
"1253","2011-12-20",17.549999
"1254","2011-12-21",17.715
"1255","2011-12-22",17.834999
"1256","2011-12-23",17.9
"1257","2011-12-27",17.940001
"1258","2011-12-28",17.555
"1259","2011-12-29",17.9
"1260","2011-12-30",17.855
"1261","2012-01-03",18.16
"1262","2012-01-04",18.125
"1263","2012-01-05",18.135
"1264","2012-01-06",18.559999
"1265","2012-01-09",18.415001
"1266","2012-01-10",18.43
"1267","2012-01-11",18.455
"1268","2012-01-12",18.91
"1269","2012-01-13",18.82
"1270","2012-01-17",18.57
"1271","2012-01-18",18.844999
"1272","2012-01-19",19.075001
"1273","2012-01-20",18.955
"1274","2012-01-23",18.895
"1275","2012-01-24",18.875
"1276","2012-01-25",18.85
"1277","2012-01-26",19.68
"1278","2012-01-27",19.719999
"1279","2012-01-30",19.59
"1280","2012-01-31",19.629999
"1281","2012-02-01",20.16
"1282","2012-02-02",19.85
"1283","2012-02-03",19.9
"1284","2012-02-06",20
"1285","2012-02-07",19.9
"1286","2012-02-08",19.924999
"1287","2012-02-09",20.02
"1288","2012-02-10",19.905001
"1289","2012-02-13",19.98
"1290","2012-02-14",19.934999
"1291","2012-02-15",19.865
"1292","2012-02-16",20.16
"1293","2012-02-17",20.055
"1294","2012-02-21",20.120001
"1295","2012-02-22",19.85
"1296","2012-02-23",19.924999
"1297","2012-02-24",19.889999
"1298","2012-02-27",19.950001
"1299","2012-02-28",20.035
"1300","2012-02-29",20.040001
"1301","2012-03-01",19.99
"1302","2012-03-02",19.905001
"1303","2012-03-05",19.844999
"1304","2012-03-06",19.639999
"1305","2012-03-07",19.73
"1306","2012-03-08",19.934999
"1307","2012-03-09",19.860001
"1308","2012-03-12",19.844999
"1309","2012-03-13",20.190001
"1310","2012-03-14",20.15
"1311","2012-03-15",20.315001
"1312","2012-03-16",20.695
"1313","2012-03-19",20.695
"1314","2012-03-20",20.635
"1315","2012-03-21",20.540001
"1316","2012-03-22",20.415001
"1317","2012-03-23",20.545
"1318","2012-03-26",20.764999
"1319","2012-03-27",21.174999
"1320","2012-03-28",21.219999
"1321","2012-03-29",21.375
"1322","2012-03-30",21.440001
"1323","2012-04-02",21.549999
"1324","2012-04-03",21.775
"1325","2012-04-04",21.809999
"1326","2012-04-05",21.785
"1327","2012-04-09",21.715
"1328","2012-04-10",21.225
"1329","2012-04-11",21.365
"1330","2012-04-12",21.405001
"1331","2012-04-13",21.385
"1332","2012-04-16",21.389999
"1333","2012-04-17",21.575001
"1334","2012-04-18",21.514999
"1335","2012-04-19",21.65
"1336","2012-04-20",21.76
"1337","2012-04-23",21.434999
"1338","2012-04-24",21.48
"1339","2012-04-25",21.5
"1340","2012-04-26",20.815001
"1341","2012-04-27",20.889999
"1342","2012-04-30",20.879999
"1343","2012-05-01",20.915001
"1344","2012-05-02",20.735001
"1345","2012-05-03",20.725
"1346","2012-05-04",20.379999
"1347","2012-05-07",20.459999
"1348","2012-05-08",20.459999
"1349","2012-05-09",20.455
"1350","2012-05-10",20.629999
"1351","2012-05-11",20.48
"1352","2012-05-14",20.24
"1353","2012-05-15",20.17
"1354","2012-05-16",19.950001
"1355","2012-05-17",19.445
"1356","2012-05-18",19.33
"1357","2012-05-21",19.635
"1358","2012-05-22",19.530001
"1359","2012-05-23",19.764999
"1360","2012-05-24",19.93
"1361","2012-05-25",19.940001
"1362","2012-05-29",20.18
"1363","2012-05-30",20
"1364","2012-05-31",19.985001
"1365","2012-06-01",19.665001
"1366","2012-06-04",19.77
"1367","2012-06-05",19.844999
"1368","2012-06-06",20.280001
"1369","2012-06-07",20.17
"1370","2012-06-08",20.575001
"1371","2012-06-11",20.379999
"1372","2012-06-12",20.584999
"1373","2012-06-13",20.549999
"1374","2012-06-14",20.780001
"1375","2012-06-15",21.375
"1376","2012-06-18",21.245001
"1377","2012-06-19",21.355
"1378","2012-06-20",21.219999
"1379","2012-06-21",20.74
"1380","2012-06-22",20.82
"1381","2012-06-25",20.205
"1382","2012-06-26",20.014999
"1383","2012-06-27",20.08
"1384","2012-06-28",20.285
"1385","2012-06-29",20.525
"1386","2012-07-02",20.26
"1387","2012-07-03",20.525
"1388","2012-07-05",20.405001
"1389","2012-07-06",20.290001
"1390","2012-07-09",20.24
"1391","2012-07-10",20.389999
"1392","2012-07-11",20.190001
"1393","2012-07-12",20.025
"1394","2012-07-13",20.615
"1395","2012-07-16",20.5
"1396","2012-07-17",20.690001
"1397","2012-07-18",20.754999
"1398","2012-07-19",21.155001
"1399","2012-07-20",20.885
"1400","2012-07-23",20.67
"1401","2012-07-24",20.415001
"1402","2012-07-25",20.264999
"1403","2012-07-26",20.48
"1404","2012-07-27",20.945
"1405","2012-07-30",20.950001
"1406","2012-07-31",20.780001
"1407","2012-08-01",20.219999
"1408","2012-08-02",19.799999
"1409","2012-08-03",20.549999
"1410","2012-08-06",20.629999
"1411","2012-08-07",20.77
"1412","2012-08-08",20.709999
"1413","2012-08-09",20.865
"1414","2012-08-10",21.004999
"1415","2012-08-13",21.01
"1416","2012-08-14",21.004999
"1417","2012-08-15",21.325001
"1418","2012-08-16",21.57
"1419","2012-08-17",21.530001
"1420","2012-08-20",21.455
"1421","2012-08-21",21.215
"1422","2012-08-22",21.379999
"1423","2012-08-23",21.084999
"1424","2012-08-24",21.065001
"1425","2012-08-27",20.975
"1426","2012-08-28",20.940001
"1427","2012-08-29",20.940001
"1428","2012-08-30",20.905001
"1429","2012-08-31",21.084999
"1430","2012-09-04",20.889999
"1431","2012-09-05",21.09
"1432","2012-09-06",21.344999
"1433","2012-09-07",21.389999
"1434","2012-09-10",21.344999
"1435","2012-09-11",21.475
"1436","2012-09-12",21.514999
"1437","2012-09-13",21.77
"1438","2012-09-14",21.639999
"1439","2012-09-17",21.575001
"1440","2012-09-18",21.559999
"1441","2012-09-19",21.485001
"1442","2012-09-20",21.34
"1443","2012-09-21",21.254999
"1444","2012-09-24",21.299999
"1445","2012-09-25",21.110001
"1446","2012-09-26",21.15
"1447","2012-09-27",21.174999
"1448","2012-09-28",21.155001
"1449","2012-10-01",21.235001
"1450","2012-10-02",21.094999
"1451","2012-10-03",21.280001
"1452","2012-10-04",21.375
"1453","2012-10-05",21.395
"1454","2012-10-08",21.334999
"1455","2012-10-09",21.129999
"1456","2012-10-10",20.775
"1457","2012-10-11",20.754999
"1458","2012-10-12",20.655001
"1459","2012-10-15",20.885
"1460","2012-10-16",21.195
"1461","2012-10-17",21.514999
"1462","2012-10-18",21.475
"1463","2012-10-19",21.33
"1464","2012-10-22",21.344999
"1465","2012-10-23",21
"1466","2012-10-24",20.965
"1467","2012-10-25",21.25
"1468","2012-10-26",21.405001
"1469","2012-10-31",21.415001
"1470","2012-11-01",21.715
"1471","2012-11-02",21.690001
"1472","2012-11-05",21.605
"1473","2012-11-06",22.014999
"1474","2012-11-07",21.98
"1475","2012-11-08",21.764999
"1476","2012-11-09",21.924999
"1477","2012-11-12",21.85
"1478","2012-11-13",21.684999
"1479","2012-11-14",21.5
"1480","2012-11-15",21.620001
"1481","2012-11-16",21.67
"1482","2012-11-19",22.325001
"1483","2012-11-20",22.375
"1484","2012-11-21",22.305
"1485","2012-11-23",22.535
"1486","2012-11-26",22.389999
"1487","2012-11-27",22.315001
"1488","2012-11-28",22.370001
"1489","2012-11-29",22.370001
"1490","2012-11-30",22.344999
"1491","2012-12-03",21.969999
"1492","2012-12-04",21.85
"1493","2012-12-05",21.805
"1494","2012-12-06",22.094999
"1495","2012-12-07",22.075001
"1496","2012-12-10",22.27
"1497","2012-12-11",22.375
"1498","2012-12-12",22.235001
"1499","2012-12-13",22.275
"1500","2012-12-14",22.125
"1501","2012-12-17",22.1
"1502","2012-12-18",22.1
"1503","2012-12-19",22.285
"1504","2012-12-20",22.73
"1505","2012-12-21",22.4
"1506","2012-12-24",22.51
"1507","2012-12-26",22.455
"1508","2012-12-27",22.32
"1509","2012-12-28",22.145
"1510","2012-12-31",22.375
"1511","2013-01-02",23.025
"1512","2013-01-03",23.219999
"1513","2013-01-04",23.25
"1514","2013-01-07",23.045
"1515","2013-01-08",22.705
"1516","2013-01-09",22.805
"1517","2013-01-10",22.805
"1518","2013-01-11",22.700001
"1519","2013-01-14",22.795
"1520","2013-01-15",22.885
"1521","2013-01-16",22.754999
"1522","2013-01-17",23.155001
"1523","2013-01-18",23.325001
"1524","2013-01-22",23.27
"1525","2013-01-23",23.26
"1526","2013-01-24",23.26
"1527","2013-01-25",23.305
"1528","2013-01-28",23.049999
"1529","2013-01-29",23.110001
"1530","2013-01-30",22.965
"1531","2013-01-31",22.26
"1532","2013-02-01",22.795
"1533","2013-02-04",22.475
"1534","2013-02-05",22.77
"1535","2013-02-06",22.665001
"1536","2013-02-07",22.605
"1537","2013-02-08",22.68
"1538","2013-02-11",22.57
"1539","2013-02-12",22.445
"1540","2013-02-13",22.6
"1541","2013-02-14",22.605
"1542","2013-02-15",22.77
"1543","2013-02-19",22.545
"1544","2013-02-20",22.264999
"1545","2013-02-21",22.030001
"1546","2013-02-22",22.17
"1547","2013-02-25",21.73
"1548","2013-02-26",21.905001
"1549","2013-02-27",22.155001
"1550","2013-02-28",22.205
"1551","2013-03-01",22.110001
"1552","2013-03-04",21.995001
"1553","2013-03-05",22.094999
"1554","2013-03-06",22.135
"1555","2013-03-07",22.23
"1556","2013-03-08",22.424999
"1557","2013-03-11",22.52
"1558","2013-03-12",22.545
"1559","2013-03-13",22.889999
"1560","2013-03-14",23.01
"1561","2013-03-15",23.004999
"1562","2013-03-18",22.905001
"1563","2013-03-19",22.995001
"1564","2013-03-20",23.105
"1565","2013-03-21",22.924999
"1566","2013-03-22",22.934999
"1567","2013-03-25",23.035
"1568","2013-03-26",23.24
"1569","2013-03-27",23.67
"1570","2013-03-28",23.790001
"1571","2013-04-01",23.65
"1572","2013-04-02",24.004999
"1573","2013-04-03",23.485001
"1574","2013-04-04",23.57
"1575","2013-04-05",23.495001
"1576","2013-04-08",23.635
"1577","2013-04-09",23.709999
"1578","2013-04-10",24.084999
"1579","2013-04-11",24.065001
"1580","2013-04-12",23.945
"1581","2013-04-15",23.195
"1582","2013-04-16",23.465
"1583","2013-04-17",23.290001
"1584","2013-04-18",22.975
"1585","2013-04-19",23.215
"1586","2013-04-22",23.360001
"1587","2013-04-23",23.49
"1588","2013-04-24",23.67
"1589","2013-04-25",22.545
"1590","2013-04-26",22.014999
"1591","2013-04-29",22.23
"1592","2013-04-30",22.059999
"1593","2013-05-01",22.344999
"1594","2013-05-02",22.475
"1595","2013-05-03",22.67
"1596","2013-05-06",22.700001
"1597","2013-05-07",22.745001
"1598","2013-05-08",22.709999
"1599","2013-05-09",22.945
"1600","2013-05-10",22.985001
"1601","2013-05-13",22.799999
"1602","2013-05-14",22.83
"1603","2013-05-15",22.785
"1604","2013-05-16",22.629999
"1605","2013-05-17",22.875
"1606","2013-05-20",23.030001
"1607","2013-05-21",23.145
"1608","2013-05-22",22.83
"1609","2013-05-23",22.629999
"1610","2013-05-24",22.195
"1611","2013-05-28",22.25
"1612","2013-05-29",21.969999
"1613","2013-05-30",21.780001
"1614","2013-05-31",21.58
"1615","2013-06-03",21.68
"1616","2013-06-04",21.68
"1617","2013-06-05",21.360001
"1618","2013-06-06",21.41
"1619","2013-06-07",21.790001
"1620","2013-06-10",21.715
"1621","2013-06-11",21.450001
"1622","2013-06-12",21.219999
"1623","2013-06-13",21.700001
"1624","2013-06-14",21.67
"1625","2013-06-17",21.635
"1626","2013-06-18",21.594999
"1627","2013-06-19",21.610001
"1628","2013-06-20",21.315001
"1629","2013-06-21",21.275
"1630","2013-06-24",21.014999
"1631","2013-06-25",21.065001
"1632","2013-06-26",21.014999
"1633","2013-06-27",21.07
"1634","2013-06-28",20.77
"1635","2013-07-01",20.924999
"1636","2013-07-02",21.09
"1637","2013-07-03",21.040001
"1638","2013-07-05",21.27
"1639","2013-07-08",21.424999
"1640","2013-07-09",21.84
"1641","2013-07-10",22.075001
"1642","2013-07-11",22.605
"1643","2013-07-12",22.690001
"1644","2013-07-15",22.555
"1645","2013-07-16",22.389999
"1646","2013-07-17",22.23
"1647","2013-07-18",22.584999
"1648","2013-07-19",22.584999
"1649","2013-07-22",22.83
"1650","2013-07-23",22.825001
"1651","2013-07-24",22.745001
"1652","2013-07-25",22.615
"1653","2013-07-26",22.475
"1654","2013-07-29",22.434999
"1655","2013-07-30",22.475
"1656","2013-07-31",22.395
"1657","2013-08-01",22.785
"1658","2013-08-02",22.924999
"1659","2013-08-05",22.639999
"1660","2013-08-06",22.139999
"1661","2013-08-07",22.195
"1662","2013-08-08",22.280001
"1663","2013-08-09",22.334999
"1664","2013-08-12",22.48
"1665","2013-08-13",22.645
"1666","2013-08-14",22.700001
"1667","2013-08-15",22.325001
"1668","2013-08-16",22.504999
"1669","2013-08-19",22.77
"1670","2013-08-20",23.09
"1671","2013-08-21",22.725
"1672","2013-08-22",23.014999
"1673","2013-08-23",22.85
"1674","2013-08-26",22.754999
"1675","2013-08-27",22.535
"1676","2013-08-28",22.26
"1677","2013-08-29",22.405001
"1678","2013-08-30",22.209999
"1679","2013-09-03",22.145
"1680","2013-09-04",22.26
"1681","2013-09-05",22.209999
"1682","2013-09-06",22.200001
"1683","2013-09-09",22.514999
"1684","2013-09-10",22.655001
"1685","2013-09-11",22.620001
"1686","2013-09-12",22.32
"1687","2013-09-13",22.23
"1688","2013-09-16",22.834999
"1689","2013-09-17",22.889999
"1690","2013-09-18",23.23
"1691","2013-09-19",23.040001
"1692","2013-09-20",22.895
"1693","2013-09-23",22.815001
"1694","2013-09-24",22.719999
"1695","2013-09-25",22.700001
"1696","2013-09-26",22.735001
"1697","2013-09-27",22.5
"1698","2013-09-30",22.440001
"1699","2013-10-01",22.709999
"1700","2013-10-02",22.745001
"1701","2013-10-03",22.450001
"1702","2013-10-04",22.594999
"1703","2013-10-07",22.445
"1704","2013-10-08",22.33
"1705","2013-10-09",22.32
"1706","2013-10-10",22.379999
"1707","2013-10-11",22.74
"1708","2013-10-14",22.785
"1709","2013-10-15",22.389999
"1710","2013-10-16",22.610001
"1711","2013-10-17",23.014999
"1712","2013-10-18",23.084999
"1713","2013-10-21",23.014999
"1714","2013-10-22",23.290001
"1715","2013-10-23",23.004999
"1716","2013-10-24",23.93
"1717","2013-10-25",24.299999
"1718","2013-10-28",24.385
"1719","2013-10-29",24.43
"1720","2013-10-30",24.275
"1721","2013-10-31",24.445
"1722","2013-11-01",24.440001
"1723","2013-11-04",24.74
"1724","2013-11-05",24.790001
"1725","2013-11-06",25.02
"1726","2013-11-07",24.68
"1727","2013-11-08",24.75
"1728","2013-11-11",24.860001
"1729","2013-11-12",24.67
"1730","2013-11-13",24.735001
"1731","2013-11-14",24.77
"1732","2013-11-15",25.084999
"1733","2013-11-18",25.16
"1734","2013-11-19",25.254999
"1735","2013-11-20",24.93
"1736","2013-11-21",25.16
"1737","2013-11-22",25.004999
"1738","2013-11-25",25.1
"1739","2013-11-26",25.135
"1740","2013-11-27",25.209999
"1741","2013-11-29",24.99
"1742","2013-12-02",25.1
"1743","2013-12-03",24.860001
"1744","2013-12-04",24.815001
"1745","2013-12-05",24.665001
"1746","2013-12-06",25.025
"1747","2013-12-09",25.18
"1748","2013-12-10",25.280001
"1749","2013-12-11",24.934999
"1750","2013-12-12",24.93
"1751","2013-12-13",24.955
"1752","2013-12-16",25.275
"1753","2013-12-17",25.059999
"1754","2013-12-18",25.59
"1755","2013-12-19",25.375
"1756","2013-12-20",25.465
"1757","2013-12-23",25.445
"1758","2013-12-24",25.584999
"1759","2013-12-26",25.75
"1760","2013-12-27",25.790001
"1761","2013-12-30",25.895
"1762","2013-12-31",25.83
"1763","2014-01-02",25.705
"1764","2014-01-03",25.825001
"1765","2014-01-06",25.73
"1766","2014-01-07",26.02
"1767","2014-01-08",26.02
"1768","2014-01-09",26.08
"1769","2014-01-10",25.965
"1770","2014-01-13",25.389999
"1771","2014-01-14",25.605
"1772","2014-01-15",25.49
"1773","2014-01-16",25.48
"1774","2014-01-17",25.264999
"1775","2014-01-21",25.280001
"1776","2014-01-22",25.375
"1777","2014-01-23",25.004999
"1778","2014-01-24",24.299999
"1779","2014-01-27",24.264999
"1780","2014-01-28",24.135
"1781","2014-01-29",24.535
"1782","2014-01-30",25.799999
"1783","2014-01-31",25.594999
"1784","2014-02-03",25.58
"1785","2014-02-04",25.594999
"1786","2014-02-05",25.825001
"1787","2014-02-06",26.004999
"1788","2014-02-07",26.4
"1789","2014-02-10",26.629999
"1790","2014-02-11",26.969999
"1791","2014-02-12",26.924999
"1792","2014-02-13",27.24
"1793","2014-02-14",27.315001
"1794","2014-02-18",27.434999
"1795","2014-02-19",27.455
"1796","2014-02-20",27.375
"1797","2014-02-21",27.459999
"1798","2014-02-24",27.440001
"1799","2014-02-25",27.35
"1800","2014-02-26",27.475
"1801","2014-02-27",27.65
"1802","2014-02-28",27.780001
"1803","2014-03-03",27.620001
"1804","2014-03-04",27.995001
"1805","2014-03-05",27.879999
"1806","2014-03-06",27.975
"1807","2014-03-07",28.045
"1808","2014-03-10",27.764999
"1809","2014-03-11",27.540001
"1810","2014-03-12",27.285
"1811","2014-03-13",27.275
"1812","2014-03-14",27.014999
"1813","2014-03-17",27.264999
"1814","2014-03-18",27.295
"1815","2014-03-19",26.995001
"1816","2014-03-20",26.865
"1817","2014-03-21",27.02
"1818","2014-03-24",26.715
"1819","2014-03-25",26.785
"1820","2014-03-26",26.655001
"1821","2014-03-27",26.799999
"1822","2014-03-28",26.985001
"1823","2014-03-31",27.405001
"1824","2014-04-01",27.530001
"1825","2014-04-02",27.700001
"1826","2014-04-03",27.645
"1827","2014-04-04",27.59
"1828","2014-04-07",27.200001
"1829","2014-04-08",27.4
"1830","2014-04-09",27.584999
"1831","2014-04-10",27.375
"1832","2014-04-11",26.969999
"1833","2014-04-14",26.924999
"1834","2014-04-15",27.66
"1835","2014-04-16",28.02
"1836","2014-04-17",28.120001
"1837","2014-04-21",28.055
"1838","2014-04-22",27.805
"1839","2014-04-23",27.735001
"1840","2014-04-24",27.700001
"1841","2014-04-25",27.975
"1842","2014-04-28",28.094999
"1843","2014-04-29",28.045
"1844","2014-04-30",28.094999
"1845","2014-05-01",28.469999
"1846","2014-05-02",27.84
"1847","2014-05-05",28.245001
"1848","2014-05-06",28.41
"1849","2014-05-07",28.93
"1850","2014-05-08",29.059999
"1851","2014-05-09",29.32
"1852","2014-05-12",29.495001
"1853","2014-05-13",29.389999
"1854","2014-05-14",29.844999
"1855","2014-05-15",29.725
"1856","2014-05-16",29.92
"1857","2014-05-19",30.195
"1858","2014-05-20",30.004999
"1859","2014-05-21",29.985001
"1860","2014-05-22",29.965
"1861","2014-05-23",30.110001
"1862","2014-05-27",30.235001
"1863","2014-05-28",30.049999
"1864","2014-05-29",30.139999
"1865","2014-05-30",30.18
"1866","2014-06-02",30.040001
"1867","2014-06-03",30.514999
"1868","2014-06-04",30.26
"1869","2014-06-05",30.51
"1870","2014-06-06",30.545
"1871","2014-06-09",30.615
"1872","2014-06-10",30.700001
"1873","2014-06-11",30.459999
"1874","2014-06-12",30.290001
"1875","2014-06-13",30.434999
"1876","2014-06-16",30.264999
"1877","2014-06-17",30.41
"1878","2014-06-18",30.469999
"1879","2014-06-19",30.615
"1880","2014-06-20",30.754999
"1881","2014-06-23",30.865
"1882","2014-06-24",30.68
"1883","2014-06-25",31.110001
"1884","2014-06-26",31.145
"1885","2014-06-27",31.495001
"1886","2014-06-30",31.34
"1887","2014-07-01",31.495001
"1888","2014-07-02",31.334999
"1889","2014-07-03",31.514999
"1890","2014-07-07",31.43
"1891","2014-07-08",31.514999
"1892","2014-07-09",31.719999
"1893","2014-07-10",31.67
"1894","2014-07-11",31.535
"1895","2014-07-14",31.865
"1896","2014-07-15",32.07
"1897","2014-07-16",32.095001
"1898","2014-07-17",31.74
"1899","2014-07-18",32.169998
"1900","2014-07-21",32.299999
"1901","2014-07-22",31.605
"1902","2014-07-23",31.48
"1903","2014-07-24",31.915001
"1904","2014-07-25",31.68
"1905","2014-07-28",31.455
"1906","2014-07-29",31.225
"1907","2014-07-30",31.245001
"1908","2014-07-31",30.629999
"1909","2014-08-01",30.84
"1910","2014-08-04",30.975
"1911","2014-08-05",30.705
"1912","2014-08-06",31.115
"1913","2014-08-07",31.129999
"1914","2014-08-08",31.125
"1915","2014-08-11",31.32
"1916","2014-08-12",31.395
"1917","2014-08-13",31.33
"1918","2014-08-14",31.469999
"1919","2014-08-15",31.559999
"1920","2014-08-18",31.924999
"1921","2014-08-19",32.035
"1922","2014-08-20",31.620001
"1923","2014-08-21",31.790001
"1924","2014-08-22",31.6
"1925","2014-08-25",31.549999
"1926","2014-08-26",31.75
"1927","2014-08-27",31.844999
"1928","2014-08-28",31.834999
"1929","2014-08-29",32.049999
"1930","2014-09-02",32.625
"1931","2014-09-03",33.029999
"1932","2014-09-04",32.93
"1933","2014-09-05",33.165001
"1934","2014-09-08",32.955002
"1935","2014-09-09",32.834999
"1936","2014-09-10",32.950001
"1937","2014-09-11",33.044998
"1938","2014-09-12",32.855
"1939","2014-09-15",32.830002
"1940","2014-09-16",32.82
"1941","2014-09-17",32.275002
"1942","2014-09-18",32.099998
"1943","2014-09-19",32.189999
"1944","2014-09-22",32.220001
"1945","2014-09-23",31.959999
"1946","2014-09-24",31.985001
"1947","2014-09-25",31.754999
"1948","2014-09-26",31.684999
"1949","2014-09-29",32.095001
"1950","2014-09-30",31.635
"1951","2014-10-01",31.055
"1952","2014-10-02",31.155001
"1953","2014-10-03",31.559999
"1954","2014-10-06",31.549999
"1955","2014-10-07",31.205
"1956","2014-10-08",31.92
"1957","2014-10-09",31.530001
"1958","2014-10-10",31.309999
"1959","2014-10-13",30.905001
"1960","2014-10-14",31.535
"1961","2014-10-15",31.98
"1962","2014-10-16",31.985001
"1963","2014-10-17",32.514999
"1964","2014-10-20",32.985001
"1965","2014-10-21",33.945
"1966","2014-10-22",33.435001
"1967","2014-10-23",33.290001
"1968","2014-10-24",33.375
"1969","2014-10-27",32.755001
"1970","2014-10-28",33.290001
"1971","2014-10-29",33.294998
"1972","2014-10-30",31.65
"1973","2014-10-31",32.215
"1974","2014-11-03",31.695
"1975","2014-11-04",31.965
"1976","2014-11-05",32.25
"1977","2014-11-06",32.345001
"1978","2014-11-07",32.485001
"1979","2014-11-10",32.950001
"1980","2014-11-11",32.945
"1981","2014-11-12",32.775002
"1982","2014-11-13",32.580002
"1983","2014-11-14",32.119999
"1984","2014-11-17",32.205002
"1985","2014-11-18",32.465
"1986","2014-11-19",32.25
"1987","2014-11-20",32.419998
"1988","2014-11-21",32.355
"1989","2014-11-24",32.485001
"1990","2014-11-25",32.805
"1991","2014-11-26",33.145
"1992","2014-11-28",33.535
"1993","2014-12-01",33.695
"1994","2014-12-02",33.900002
"1995","2014-12-03",34.744999
"1996","2014-12-04",34.904999
"1997","2014-12-05",34.720001
"1998","2014-12-08",34.02
"1999","2014-12-09",34.16
"2000","2014-12-10",33.834999
"2001","2014-12-11",33.645
"2002","2014-12-12",33.23
"2003","2014-12-15",32.735001
"2004","2014-12-16",32.48
"2005","2014-12-17",32.755001
"2006","2014-12-18",33.915001
"2007","2014-12-19",34.305
"2008","2014-12-22",34.599998
"2009","2014-12-23",34.919998
"2010","2014-12-24",34.849998
"2011","2014-12-26",34.75
"2012","2014-12-29",35.075001
"2013","2014-12-30",34.744999
"2014","2014-12-31",34.084999
"2015","2015-01-02",34.154999
"2016","2015-01-05",33.41
"2017","2015-01-06",32.845001
"2018","2015-01-07",33.134998
"2019","2015-01-08",33.705002
"2020","2015-01-09",33.040001
"2021","2015-01-12",32.895
"2022","2015-01-13",32.735001
"2023","2015-01-14",32.75
"2024","2015-01-15",32.48
"2025","2015-01-16",32.435001
"2026","2015-01-20",32.389999
"2027","2015-01-21",32.68
"2028","2015-01-22",33.040001
"2029","2015-01-23",31.940001
"2030","2015-01-26",32.080002
"2031","2015-01-27",31.924999
"2032","2015-01-28",31.695
"2033","2015-01-29",31.934999
"2034","2015-01-30",31.665001
"2035","2015-02-02",32.185001
"2036","2015-02-03",32.674999
"2037","2015-02-04",33.075001
"2038","2015-02-05",36.014999
"2039","2015-02-06",35.305
"2040","2015-02-09",35.305
"2041","2015-02-10",35.950001
"2042","2015-02-11",36.200001
"2043","2015-02-12",37.02
"2044","2015-02-13",37.465
"2045","2015-02-17",37.195
"2046","2015-02-18",38.580002
"2047","2015-02-19",36.924999
"2048","2015-02-20",36.595001
"2049","2015-02-23",36.875
"2050","2015-02-24",36.279999
"2051","2015-02-25",36.080002
"2052","2015-02-26",36.209999
"2053","2015-02-27",35.855
"2054","2015-03-02",36.330002
"2055","2015-03-03",36.150002
"2056","2015-03-04",35.650002
"2057","2015-03-05",35.494999
"2058","2015-03-06",35.41
"2059","2015-03-09",35.169998
"2060","2015-03-10",35.009998
"2061","2015-03-11",34.485001
"2062","2015-03-12",34.970001
"2063","2015-03-13",34.584999
"2064","2015-03-16",35.205002
"2065","2015-03-17",34.865002
"2066","2015-03-18",35.474998
"2067","2015-03-19",35.285
"2068","2015-03-20",35.599998
"2069","2015-03-23",35.875
"2070","2015-03-24",35.755001
"2071","2015-03-25",35.07
"2072","2015-03-26",34.875
"2073","2015-03-27",34.665001
"2074","2015-03-30",35.450001
"2075","2015-03-31",35.32
"2076","2015-04-01",35.150002
"2077","2015-04-02",35.189999
"2078","2015-04-06",36.07
"2079","2015-04-07",35.654999
"2080","2015-04-08",36.285
"2081","2015-04-09",36.049999
"2082","2015-04-10",36.209999
"2083","2015-04-13",36.279999
"2084","2015-04-14",36.455002
"2085","2015-04-15",36.259998
"2086","2015-04-16",35.875
"2087","2015-04-17",35.900002
"2088","2015-04-20",36.055
"2089","2015-04-21",36.029999
"2090","2015-04-22",35.990002
"2091","2015-04-23",36.235001
"2092","2015-04-24",37.279999
"2093","2015-04-27",37.305
"2094","2015-04-28",37.220001
"2095","2015-04-29",36.919998
"2096","2015-04-30",36.705002
"2097","2015-05-01",37.220001
"2098","2015-05-04",37.455002
"2099","2015-05-05",36.5
"2100","2015-05-06",36.105
"2101","2015-05-07",35.825001
"2102","2015-05-08",36.150002
"2103","2015-05-11",35.970001
"2104","2015-05-12",35.580002
"2105","2015-05-13",35.755001
"2106","2015-05-14",35.985001
"2107","2015-05-15",36.505001
"2108","2015-05-18",36.84
"2109","2015-05-19",36.605
"2110","2015-05-20",36.470001
"2111","2015-05-21",36.255001
"2112","2015-05-22",36.435001
"2113","2015-05-26",35.834999
"2114","2015-05-27",36.154999
"2115","2015-05-28",35.93
"2116","2015-05-29",35.494999
"2117","2015-06-01",35.715
"2118","2015-06-02",35.494999
"2119","2015-06-03",35.720001
"2120","2015-06-04",35.224998
"2121","2015-06-05",35.439999
"2122","2015-06-08",35.810001
"2123","2015-06-09",35.650002
"2124","2015-06-10",35.889999
"2125","2015-06-11",36.380001
"2126","2015-06-12",36.049999
"2127","2015-06-15",35.77
"2128","2015-06-16",35.645
"2129","2015-06-17",35.735001
"2130","2015-06-18",36.044998
"2131","2015-06-19",36.195
"2132","2015-06-22",36.235001
"2133","2015-06-23",36.235001
"2134","2015-06-24",36.119999
"2135","2015-06-25",36.275002
"2136","2015-06-26",36.299999
"2137","2015-06-29",35.560001
"2138","2015-06-30",35.075001
"2139","2015-07-01",35.82
"2140","2015-07-02",35.825001
"2141","2015-07-06",35.625
"2142","2015-07-07",35.740002
"2143","2015-07-08",34.814999
"2144","2015-07-09",34.834999
"2145","2015-07-10",35.075001
"2146","2015-07-13",35.25
"2147","2015-07-14",35.314999
"2148","2015-07-15",35.790001
"2149","2015-07-16",36.029999
"2150","2015-07-17",35.755001
"2151","2015-07-20",35.055
"2152","2015-07-21",34.375
"2153","2015-07-22",34.224998
"2154","2015-07-23",33.735001
"2155","2015-07-24",33.505001
"2156","2015-07-27",33.32
"2157","2015-07-28",33.825001
"2158","2015-07-29",34.369999
"2159","2015-07-30",34.77
"2160","2015-07-31",33.919998
"2161","2015-08-03",33.650002
"2162","2015-08-04",33.895
"2163","2015-08-05",34.130001
"2164","2015-08-06",34.66
"2165","2015-08-07",34.66
"2166","2015-08-10",35.43
"2167","2015-08-11",35.075001
"2168","2015-08-12",34.845001
"2169","2015-08-13",35.18
"2170","2015-08-14",35.855
"2171","2015-08-17",35.830002
"2172","2015-08-18",35.805
"2173","2015-08-19",35.325001
"2174","2015-08-20",34.459999
"2175","2015-08-21",33.580002
"2176","2015-08-24",32.400002
"2177","2015-08-25",31.795
"2178","2015-08-26",31.924999
"2179","2015-08-27",32.939999
"2180","2015-08-28",33.259998
"2181","2015-08-31",32.955002
"2182","2015-09-01",32.195
"2183","2015-09-02",32.450001
"2184","2015-09-03",33.105
"2185","2015-09-04",32.005001
"2186","2015-09-08",33.439999
"2187","2015-09-09",33.400002
"2188","2015-09-10",33.424999
"2189","2015-09-11",33.305
"2190","2015-09-14",32.93
"2191","2015-09-15",33.654999
"2192","2015-09-16",33.915001
"2193","2015-09-17",33.599998
"2194","2015-09-18",33.48
"2195","2015-09-21",33.525002
"2196","2015-09-22",32.439999
"2197","2015-09-23",31.684999
"2198","2015-09-24",31.389999
"2199","2015-09-25",31.48
"2200","2015-09-28",30.375
"2201","2015-09-29",30.25
"2202","2015-09-30",31.1
"2203","2015-10-01",31.57
"2204","2015-10-02",32.029999
"2205","2015-10-05",32.349998
"2206","2015-10-06",31.705
"2207","2015-10-07",32.279999
"2208","2015-10-08",33.049999
"2209","2015-10-09",33.27
"2210","2015-10-12",33.389999
"2211","2015-10-13",33.009998
"2212","2015-10-14",33.139999
"2213","2015-10-15",33.259998
"2214","2015-10-16",33.470001
"2215","2015-10-19",33.299999
"2216","2015-10-20",33.529999
"2217","2015-10-21",33.060001
"2218","2015-10-22",34.209999
"2219","2015-10-23",33.915001
"2220","2015-10-26",33.869999
"2221","2015-10-27",33.744999
"2222","2015-10-28",33.98
"2223","2015-10-29",33.66
"2224","2015-10-30",34.25
"2225","2015-11-02",35.119999
"2226","2015-11-03",33.91
"2227","2015-11-04",33.709999
"2228","2015-11-05",33.895
"2229","2015-11-06",33.889999
"2230","2015-11-09",33.169998
"2231","2015-11-10",33.884998
"2232","2015-11-11",34.09
"2233","2015-11-12",32.709999
"2234","2015-11-13",32.959999
"2235","2015-11-16",33.139999
"2236","2015-11-17",33.064999
"2237","2015-11-18",34.18
"2238","2015-11-19",34.205002
"2239","2015-11-20",34.720001
"2240","2015-11-23",34.389999
"2241","2015-11-24",34.66
"2242","2015-11-25",34.400002
"2243","2015-11-27",34.505001
"2244","2015-11-30",34.709999
"2245","2015-12-01",34.419998
"2246","2015-12-02",33.75
"2247","2015-12-03",33.950001
"2248","2015-12-04",34.884998
"2249","2015-12-07",34.400002
"2250","2015-12-08",33.720001
"2251","2015-12-09",34.419998
"2252","2015-12-10",35.945
"2253","2015-12-11",35.669998
"2254","2015-12-14",35.424999
"2255","2015-12-15",35.57
"2256","2015-12-16",35.814999
"2257","2015-12-17",35.259998
"2258","2015-12-18",34.904999
"2259","2015-12-21",35.165001
"2260","2015-12-22",35.470001
"2261","2015-12-23",36.290001
"2262","2015-12-24",36.27
"2263","2015-12-28",36.375
"2264","2015-12-29",36.91
"2265","2015-12-30",36.665001
"2266","2015-12-31",36.365002
"2267","2016-01-04",36.055
"2268","2016-01-05",36.48
"2269","2016-01-06",36.134998
"2270","2016-01-07",35.18
"2271","2016-01-08",34.889999
"2272","2016-01-11",34.580002
"2273","2016-01-12",35.294998
"2274","2016-01-13",34.32
"2275","2016-01-14",34.41
"2276","2016-01-15",34.485001
"2277","2016-01-19",34.669998
"2278","2016-01-20",34.299999
"2279","2016-01-21",33.529999
"2280","2016-01-22",34.380001
"2281","2016-01-25",33.314999
"2282","2016-01-26",33.915001
"2283","2016-01-27",33.049999
"2284","2016-01-28",33.450001
"2285","2016-01-29",33.415001
"2286","2016-02-01",33.599998
"2287","2016-02-02",32.790001
"2288","2016-02-03",33.060001
"2289","2016-02-04",33.919998
"2290","2016-02-05",32.610001
"2291","2016-02-08",31.945
"2292","2016-02-09",32.575001
"2293","2016-02-10",32.630001
"2294","2016-02-11",32.040001
"2295","2016-02-12",32.584999
"2296","2016-02-16",33.130001
"2297","2016-02-17",33.560001
"2298","2016-02-18",33.264999
"2299","2016-02-19",33.029999
"2300","2016-02-22",33.235001
"2301","2016-02-23",33.014999
"2302","2016-02-24",33.450001
"2303","2016-02-25",33.415001
"2304","2016-02-26",33.505001
"2305","2016-02-29",33.115002
"2306","2016-03-01",33.950001
"2307","2016-03-02",34.035
"2308","2016-03-03",34.345001
"2309","2016-03-04",34.09
"2310","2016-03-07",33.630001
"2311","2016-03-08",33.709999
"2312","2016-03-09",33.75
"2313","2016-03-10",33.59
"2314","2016-03-11",34.509998
"2315","2016-03-14",34.384998
"2316","2016-03-15",34.290001
"2317","2016-03-16",34.834999
"2318","2016-03-17",35.794998
"2319","2016-03-18",35.185001
"2320","2016-03-21",34.945
"2321","2016-03-22",35.259998
"2322","2016-03-23",35.240002
"2323","2016-03-24",35.119999
"2324","2016-03-28",35.18
"2325","2016-03-29",35.505001
"2326","2016-03-30",35.450001
"2327","2016-03-31",35.645
"2328","2016-04-01",35.805
"2329","2016-04-04",35.299999
"2330","2016-04-05",35.255001
"2331","2016-04-06",35.645
"2332","2016-04-07",35.32
"2333","2016-04-08",35.400002
"2334","2016-04-11",35.235001
"2335","2016-04-12",35.575001
"2336","2016-04-13",35.935001
"2337","2016-04-14",35.924999
"2338","2016-04-15",36.139999
"2339","2016-04-18",37.314999
"2340","2016-04-19",37.494999
"2341","2016-04-20",37.665001
"2342","2016-04-21",37.580002
"2343","2016-04-22",37.919998
"2344","2016-04-25",37.349998
"2345","2016-04-26",37.529999
"2346","2016-04-27",37.43
"2347","2016-04-28",36.465
"2348","2016-04-29",35.689999
"2349","2016-05-02",36.025002
"2350","2016-05-03",35.775002
"2351","2016-05-04",36.02
"2352","2016-05-05",35.915001
"2353","2016-05-06",35.720001
"2354","2016-05-09",36.009998
"2355","2016-05-10",36.080002
"2356","2016-05-11",36.080002
"2357","2016-05-12",36.419998
"2358","2016-05-13",36.07
"2359","2016-05-16",36.555
"2360","2016-05-17",35.855
"2361","2016-05-18",35.875
"2362","2016-05-19",35.709999
"2363","2016-05-20",35.884998
"2364","2016-05-23",35.474998
"2365","2016-05-24",35.880001
"2366","2016-05-25",36.044998
"2367","2016-05-26",35.91
"2368","2016-05-27",36.134998
"2369","2016-05-31",36.150002
"2370","2016-06-01",35.959999
"2371","2016-06-02",36.84
"2372","2016-06-03",37.119999
"2373","2016-06-06",37.150002
"2374","2016-06-07",37.259998
"2375","2016-06-08",37.48
"2376","2016-06-09",37.439999
"2377","2016-06-10",36.84
"2378","2016-06-13",36.009998
"2379","2016-06-14",35.965
"2380","2016-06-15",36.005001
"2381","2016-06-16",35.93
"2382","2016-06-17",35.73
"2383","2016-06-20",36.029999
"2384","2016-06-21",35.994999
"2385","2016-06-22",36.244999
"2386","2016-06-23",36.764999
"2387","2016-06-24",34.705002
"2388","2016-06-27",34.169998
"2389","2016-06-28",35.299999
"2390","2016-06-29",35.695
"2391","2016-06-30",36.145
"2392","2016-07-01",35.705002
"2393","2016-07-05",35.025002
"2394","2016-07-06",35.165001
"2395","2016-07-07",35.41
"2396","2016-07-08",35.810001
"2397","2016-07-11",35.849998
"2398","2016-07-12",35.639999
"2399","2016-07-13",35.665001
"2400","2016-07-14",35.650002
"2401","2016-07-15",35.014999
"2402","2016-07-18",34.965
"2403","2016-07-19",34.884998
"2404","2016-07-20",35.27
"2405","2016-07-21",35.465
"2406","2016-07-22",35.380001
"2407","2016-07-25",35.529999
"2408","2016-07-26",35.735001
"2409","2016-07-27",35.575001
"2410","2016-07-28",35.459999
"2411","2016-07-29",35.334999
"2412","2016-08-01",35.349998
"2413","2016-08-02",35.025002
"2414","2016-08-03",35.049999
"2415","2016-08-04",39.255001
"2416","2016-08-05",39.575001
"2417","2016-08-08",40.099998
"2418","2016-08-09",40.035
"2419","2016-08-10",40.095001
"2420","2016-08-11",40.279999
"2421","2016-08-12",40.150002
"2422","2016-08-15",40.369999
"2423","2016-08-16",40.145
"2424","2016-08-17",40.130001
"2425","2016-08-18",40.134998
"2426","2016-08-19",40.290001
"2427","2016-08-22",40.349998
"2428","2016-08-23",40.264999
"2429","2016-08-24",39.904999
"2430","2016-08-25",39.91
"2431","2016-08-26",39.345001
"2432","2016-08-29",39.470001
"2433","2016-08-30",39.474998
"2434","2016-08-31",39.595001
"2435","2016-09-01",39.924999
"2436","2016-09-02",40.330002
"2437","2016-09-06",40.490002
"2438","2016-09-07",40.325001
"2439","2016-09-08",40.049999
"2440","2016-09-09",38.900002
"2441","2016-09-12",39.005001
"2442","2016-09-13",38.580002
"2443","2016-09-14",38.544998
"2444","2016-09-15",39.150002
"2445","2016-09-16",39.23
"2446","2016-09-19",39.185001
"2447","2016-09-20",39.299999
"2448","2016-09-21",39.544998
"2449","2016-09-22",39.845001
"2450","2016-09-23",39.669998
"2451","2016-09-26",39.52
"2452","2016-09-27",39.779999
"2453","2016-09-28",40.215
"2454","2016-09-29",40.450001
"2455","2016-09-30",40.974998
"2456","2016-10-03",40.424999
"2457","2016-10-04",39.715
"2458","2016-10-05",39.700001
"2459","2016-10-06",39.775002
"2460","2016-10-07",39.16
"2461","2016-10-10",39.610001
"2462","2016-10-11",39.189999
"2463","2016-10-12",39.345001
"2464","2016-10-13",39.299999
"2465","2016-10-14",39.630001
"2466","2016-10-17",39.759998
"2467","2016-10-18",40.459999
"2468","2016-10-19",41.009998
"2469","2016-10-20",40.055
"2470","2016-10-21",39.84
"2471","2016-10-24",40.154999
"2472","2016-10-25",39.875
"2473","2016-10-26",39.764999
"2474","2016-10-27",39.18
"2475","2016-10-28",38.549999
"2476","2016-10-31",38.535
"2477","2016-11-01",38.435001
"2478","2016-11-02",38.459999
"2479","2016-11-03",39.119999
"2480","2016-11-04",38.240002
"2481","2016-11-07",39.310001
"2482","2016-11-08",39.799999
"2483","2016-11-09",39.294998
"2484","2016-11-10",37.945
"2485","2016-11-11",37.985001
"2486","2016-11-14",38.084999
"2487","2016-11-15",38.195
"2488","2016-11-16",38.244999
"2489","2016-11-17",38.244999
"2490","2016-11-18",38.195
"2491","2016-11-21",38.049999
"2492","2016-11-22",38.34
"2493","2016-11-23",38.830002
"2494","2016-11-25",38.525002
"2495","2016-11-28",38.669998
"2496","2016-11-29",38.525002
"2497","2016-11-30",37.529999
"2498","2016-12-01",36.555
"2499","2016-12-02",37.105
"2500","2016-12-05",36.794998
"2501","2016-12-06",37.099998
"2502","2016-12-07",37.790001
"2503","2016-12-08",38.035
"2504","2016-12-09",38.419998
"2505","2016-12-12",38.154999
"2506","2016-12-13",38.639999
"2507","2016-12-14",37.490002
"2508","2016-12-15",38.150002
"2509","2016-12-16",38.330002
"2510","2016-12-19",38.264999
"2511","2016-12-20",38.154999
"2512","2016-12-21",38.154999
"2513","2016-12-22",38.224998
"2514","2016-12-23",38.110001
"2515","2016-12-27",38.235001
"2516","2016-12-28",38.005001
"2517","2016-12-29",37.845001
"2518","2016-12-30",37.535
"2519","2017-01-03",37.875
"2520","2017-01-04",38.450001
"2521","2017-01-05",38.43
"2522","2017-01-06",38.599998
"2523","2017-01-09",37.990002
"2524","2017-01-10",37.810001
"2525","2017-01-11",38.355
"2526","2017-01-12",38.525002
"2527","2017-01-13",38.084999
"2528","2017-01-17",38.244999
"2529","2017-01-18",38.490002
"2530","2017-01-19",37.805
"2531","2017-01-20",37.490002
"2532","2017-01-23",37.689999
"2533","2017-01-24",38.23
"2534","2017-01-25",38.375
"2535","2017-01-26",38.18
"2536","2017-01-27",38.470001
"2537","2017-01-30",38.240002
"2538","2017-01-31",38.130001
"2539","2017-02-01",38.264999
"2540","2017-02-02",36.66
"2541","2017-02-03",36.919998
"2542","2017-02-06",36.470001
"2543","2017-02-07",36.310001
"2544","2017-02-08",37.23
"2545","2017-02-09",37.040001
"2546","2017-02-10",37.165001
"2547","2017-02-13",36.924999
"2548","2017-02-14",36.869999
"2549","2017-02-15",36.560001
"2550","2017-02-16",36.490002
"2551","2017-02-17",36.634998
"2552","2017-02-21",36.849998
"2553","2017-02-22",36.720001
"2554","2017-02-23",37.014999
"2555","2017-02-24",36.535
"2556","2017-02-27",36.75
"2557","2017-02-28",36.764999
"2558","2017-03-01",37.5
"2559","2017-03-02",36.634998
"2560","2017-03-03",36.904999
"2561","2017-03-06",36.365002
"2562","2017-03-07",36.139999
"2563","2017-03-08",36.34
"2564","2017-03-09",36.674999
"2565","2017-03-10",36.869999
"2566","2017-03-13",37.16
"2567","2017-03-14",37.025002
"2568","2017-03-15",37.470001
"2569","2017-03-16",37.375
"2570","2017-03-17",37.560001
"2571","2017-03-20",37.654999
"2572","2017-03-21",36.990002
"2573","2017-03-22",37.18
"2574","2017-03-23",37.154999
"2575","2017-03-24",36.865002
"2576","2017-03-27",36.865002
"2577","2017-03-28",37
"2578","2017-03-29",36.785
"2579","2017-03-30",36.810001
"2580","2017-03-31",37.130001
"2581","2017-04-03",36.674999
"2582","2017-04-04",36.695
"2583","2017-04-05",36.325001
"2584","2017-04-06",36.200001
"2585","2017-04-07",36.115002
"2586","2017-04-10",36.110001
"2587","2017-04-11",36.125
"2588","2017-04-12",35.869999
"2589","2017-04-13",35.764999
"2590","2017-04-17",36.150002
"2591","2017-04-18",36.139999
"2592","2017-04-19",36.400002
"2593","2017-04-20",36.634998
"2594","2017-04-21",36.84
"2595","2017-04-24",37.195
"2596","2017-04-25",37.57
"2597","2017-04-26",37.584999
"2598","2017-04-27",38.674999
"2599","2017-04-28",38.445
"2600","2017-05-01",38.459999
"2601","2017-05-02",38.400002
"2602","2017-05-03",38.110001
"2603","2017-05-04",40.244999
"2604","2017-05-05",40.02
"2605","2017-05-08",39.805
"2606","2017-05-09",39.82
"2607","2017-05-10",40.095001
"2608","2017-05-11",40
"2609","2017-05-12",40.18
"2610","2017-05-15",40.389999
"2611","2017-05-16",40.404999
"2612","2017-05-17",39.98
"2613","2017-05-18",39.75
"2614","2017-05-19",40.040001
"2615","2017-05-22",40.18
"2616","2017-05-23",40.130001
"2617","2017-05-24",40.32
"2618","2017-05-25",40.720001
"2619","2017-05-26",40.689999
"2620","2017-05-30",40.830002
"2621","2017-05-31",40.900002
"2622","2017-06-01",41.419998
"2623","2017-06-02",41.360001
"2624","2017-06-05",41.200001
"2625","2017-06-06",40.990002
"2626","2017-06-07",40.73
"2627","2017-06-08",40.509998
"2628","2017-06-09",40.279999
"2629","2017-06-12",40.43
"2630","2017-06-13",41.209999
"2631","2017-06-14",41.279999
"2632","2017-06-15",41.150002
"2633","2017-06-16",41.16
"2634","2017-06-19",41.889999
"2635","2017-06-20",41.790001
"2636","2017-06-21",41.779999
"2637","2017-06-22",41.669998
"2638","2017-06-23",42.07
"2639","2017-06-26",42.290001
"2640","2017-06-27",42.09
"2641","2017-06-28",42.52
"2642","2017-06-29",42.029999
"2643","2017-06-30",42.209999
"2644","2017-07-03",42.470001
"2645","2017-07-05",42.580002
"2646","2017-07-06",42.02
"2647","2017-07-07",42.299999
"2648","2017-07-10",42.16
"2649","2017-07-11",41.66
"2650","2017-07-12",41.959999
"2651","2017-07-13",41.720001
"2652","2017-07-14",42.099998
"2653","2017-07-17",42.43
"2654","2017-07-18",42.419998
"2655","2017-07-19",42.529999
"2656","2017-07-20",42.419998
"2657","2017-07-21",42.919998
"2658","2017-07-24",42.68
"2659","2017-07-25",42.509998
"2660","2017-07-26",42.41
"2661","2017-07-27",42.290001
"2662","2017-07-28",41.889999
"2663","2017-07-31",41.900002
"2664","2017-08-01",41.990002
"2665","2017-08-02",41.880001
"2666","2017-08-03",40.610001
"2667","2017-08-04",40.560001
"2668","2017-08-07",41.169998
"2669","2017-08-08",41.09
"2670","2017-08-09",40.279999
"2671","2017-08-10",40.049999
"2672","2017-08-11",40.16
"2673","2017-08-14",40.639999
"2674","2017-08-15",40.32
"2675","2017-08-16",40.82
"2676","2017-08-17",40.27
"2677","2017-08-18",40.119999
"2678","2017-08-21",39.59
"2679","2017-08-22",39.759998
"2680","2017-08-23",39.389999
"2681","2017-08-24",39.209999
"2682","2017-08-25",39.299999
"2683","2017-08-28",39.080002
"2684","2017-08-29",39.060001
"2685","2017-08-30",39.509998
"2686","2017-08-31",39.990002
"2687","2017-09-01",40.150002
"2688","2017-09-05",39.990002
"2689","2017-09-06",40
"2690","2017-09-07",40.259998
"2691","2017-09-08",40.279999
"2692","2017-09-11",40.939999
"2693","2017-09-12",40.720001
"2694","2017-09-13",40.360001
"2695","2017-09-14",40.41
"2696","2017-09-15",40.529999
"2697","2017-09-18",40.779999
"2698","2017-09-19",40.610001
"2699","2017-09-20",40.779999
"2700","2017-09-21",40.799999
"2701","2017-09-22",41
"2702","2017-09-25",40.810001
"2703","2017-09-26",40.970001
"2704","2017-09-27",40.990002
"2705","2017-09-28",41.419998
"2706","2017-09-29",41.299999
"2707","2017-10-02",41.360001
"2708","2017-10-03",41.580002
"2709","2017-10-04",41.759998
"2710","2017-10-05",42.029999
"2711","2017-10-06",42.02
"2712","2017-10-09",42.060001
"2713","2017-10-10",42.5
"2714","2017-10-11",42.299999
"2715","2017-10-12",42.25
"2716","2017-10-13",42.349998
"2717","2017-10-16",42.189999
"2718","2017-10-17",41.98
"2719","2017-10-18",42.110001
"2720","2017-10-19",41.939999
"2721","2017-10-20",42.299999
"2722","2017-10-23",42.91
"2723","2017-10-24",42.919998
"2724","2017-10-25",42.450001
"2725","2017-10-26",42.73
"2726","2017-10-27",42.77
"2727","2017-10-30",42.639999
"2728","2017-10-31",42.93
"2729","2017-11-01",42.700001
"2730","2017-11-02",41.799999
"2731","2017-11-03",41.75
"2732","2017-11-06",41.450001
"2733","2017-11-07",41.049999
"2734","2017-11-08",40.740002
"2735","2017-11-09",40.32
"2736","2017-11-10",39.98
"2737","2017-11-13",40.310001
"2738","2017-11-14",39.990002
"2739","2017-11-15",39.380001
"2740","2017-11-16",40.52
"2741","2017-11-17",39.98
"2742","2017-11-20",39.740002
"2743","2017-11-21",39.599998
"2744","2017-11-22",39.52
"2745","2017-11-24",39.939999
"2746","2017-11-27",40.040001
"2747","2017-11-28",39.580002
"2748","2017-11-29",39.560001
"2749","2017-11-30",39.91
"2750","2017-12-01",39.740002
"2751","2017-12-04",40.650002
"2752","2017-12-05",40.790001
"2753","2017-12-06",40.799999
"2754","2017-12-07",40.810001
"2755","2017-12-08",39.599998
"2756","2017-12-11",39.599998
"2757","2017-12-12",38.889999
"2758","2017-12-13",38.639999
"2759","2017-12-14",38.290001
"2760","2017-12-15",39.400002
"2761","2017-12-18",38.529999
"2762","2017-12-19",38.259998
"2763","2017-12-20",37.990002
"2764","2017-12-21",37.630001
"2765","2017-12-22",37.970001
"2766","2017-12-26",37.599998
"2767","2017-12-27",37.560001
"2768","2017-12-28",37.919998
"2769","2017-12-29",37.849998
"2770","2018-01-02",38.630001
"2771","2018-01-03",38.529999
"2772","2018-01-04",38.349998
"2773","2018-01-05",38.59
"2774","2018-01-08",38.619999
"2775","2018-01-09",38.5
"2776","2018-01-10",37.849998
"2777","2018-01-11",38.380001
"2778","2018-01-12",37.900002
"2779","2018-01-16",38.389999
"2780","2018-01-17",39.040001
"2781","2018-01-18",38.790001
"2782","2018-01-19",38.720001
"2783","2018-01-22",37.759998
"2784","2018-01-23",38.400002
"2785","2018-01-24",38.84
"2786","2018-01-25",39.209999
"2787","2018-01-26",38.119999
"2788","2018-01-29",37.630001
"2789","2018-01-30",37.57
"2790","2018-01-31",38.279999
"2791","2018-02-01",38.349998
"2792","2018-02-02",37.459999
"2793","2018-02-05",36.509998
"2794","2018-02-06",36.93
"2795","2018-02-07",39.330002
"2796","2018-02-08",38.439999
"2797","2018-02-09",37.869999
"2798","2018-02-12",37.529999
"2799","2018-02-13",37.759998
"2800","2018-02-14",38.119999
"2801","2018-02-15",39.119999
"2802","2018-02-16",39.619999
"2803","2018-02-20",39.209999
"2804","2018-02-21",39.139999
"2805","2018-02-22",39.549999
"2806","2018-02-23",39.73
"2807","2018-02-26",40.080002
"2808","2018-02-27",40.009998
"2809","2018-02-28",39.950001
"2810","2018-03-01",39.5
"2811","2018-03-02",39.400002
"2812","2018-03-05",39.93
"2813","2018-03-06",40.560001
"2814","2018-03-07",40.740002
"2815","2018-03-08",41.02
"2816","2018-03-09",41.810001
"2817","2018-03-12",41.650002
"2818","2018-03-13",41.619999
"2819","2018-03-14",40.939999
"2820","2018-03-15",40.970001
"2821","2018-03-16",40.599998
"2822","2018-03-19",40.23
"2823","2018-03-20",39.889999
"2824","2018-03-21",39.82
"2825","2018-03-22",39.139999
"2826","2018-03-23",38.77
"2827","2018-03-26",39.310001
"2828","2018-03-27",39.189999
"2829","2018-03-28",39.189999
"2830","2018-03-29",39.709999
"2831","2018-04-02",38.889999
"2832","2018-04-03",39.66
"2833","2018-04-04",40.09
"2834","2018-04-05",40.279999
"2835","2018-04-06",39.259998
"2836","2018-04-09",39.299999
"2837","2018-04-10",40.139999
"2838","2018-04-11",40.25
"2839","2018-04-12",40.509998
"2840","2018-04-13",40.639999
"2841","2018-04-16",40.759998
"2842","2018-04-17",41.41
"2843","2018-04-18",41.25
"2844","2018-04-19",40.919998
"2845","2018-04-20",40.669998
"2846","2018-04-23",40.490002
"2847","2018-04-24",40.16
"2848","2018-04-25",40.220001
"2849","2018-04-26",40.43
"2850","2018-04-27",40.549999
"2851","2018-04-30",40.09
"2852","2018-05-01",39.259998
"2853","2018-05-02",38.5
"2854","2018-05-03",37.919998
"2855","2018-05-04",38.540001
"2856","2018-05-07",38.220001
"2857","2018-05-08",38.07
"2858","2018-05-09",38.59
"2859","2018-05-10",38.810001
"2860","2018-05-11",38.549999
"2861","2018-05-14",38.360001
"2862","2018-05-15",37.740002
"2863","2018-05-16",38.150002
"2864","2018-05-17",37.990002
"2865","2018-05-18",37.959999
"2866","2018-05-21",38.02
"2867","2018-05-22",38.360001
"2868","2018-05-23",38.349998
"2869","2018-05-24",38.349998
"2870","2018-05-25",38.369999
"2871","2018-05-29",37.59
"2872","2018-05-30",37.669998
"2873","2018-05-31",36.950001
"2874","2018-06-01",36.759998
"2875","2018-06-04",36.810001
"2876","2018-06-05",36.650002
"2877","2018-06-06",36.73
"2878","2018-06-07",37.330002
"2879","2018-06-08",37.599998
"2880","2018-06-11",37.810001
"2881","2018-06-12",37.82
"2882","2018-06-13",37.110001
"2883","2018-06-14",36.880001
"2884","2018-06-15",36.650002
"2885","2018-06-18",36.740002
"2886","2018-06-19",35.970001
"2887","2018-06-20",35.720001
"2888","2018-06-21",35.279999
"2889","2018-06-22",35.91
"2890","2018-06-25",35.919998
"2891","2018-06-26",35.740002
"2892","2018-06-27",35.259998
"2893","2018-06-28",35.25
"2894","2018-06-29",35.549999
"2895","2018-07-02",35.759998
"2896","2018-07-03",36.110001
"2897","2018-07-05",36.450001
"2898","2018-07-06",36.869999
"2899","2018-07-09",37.060001
"2900","2018-07-10",37.650002
"2901","2018-07-11",37.759998
"2902","2018-07-12",37.869999
"2903","2018-07-13",37.619999
"2904","2018-07-16",37.41
"2905","2018-07-17",38.25
"2906","2018-07-18",38.080002
"2907","2018-07-19",38.27
"2908","2018-07-20",37.59
"2909","2018-07-23",37.880001
"2910","2018-07-24",38.130001
"2911","2018-07-25",38.119999
"2912","2018-07-26",38.549999
"2913","2018-07-27",38.77
"2914","2018-07-30",38.580002
"2915","2018-07-31",38.970001
"2916","2018-08-01",39.330002
"2917","2018-08-02",40.529999
"2918","2018-08-03",41.419998
"2919","2018-08-06",41.450001
"2920","2018-08-07",41.740002
"2921","2018-08-08",41.459999
"2922","2018-08-09",41.25
"2923","2018-08-10",40.32
"2924","2018-08-13",39.650002
"2925","2018-08-14",39.700001
"2926","2018-08-15",40.110001
"2927","2018-08-16",40.299999
"2928","2018-08-17",40.66
"2929","2018-08-20",40.919998
"2930","2018-08-21",41.07
"2931","2018-08-22",40.66
"2932","2018-08-23",40.68
"2933","2018-08-24",41.09
"2934","2018-08-27",41.849998
"2935","2018-08-28",41.669998
"2936","2018-08-29",41.84
"2937","2018-08-30",41.84
"2938","2018-08-31",41.880001
"2939","2018-09-04",41.419998
"2940","2018-09-05",41.950001
"2941","2018-09-06",42.139999
"2942","2018-09-07",42.419998
"2943","2018-09-10",43.18
"2944","2018-09-11",42.790001
"2945","2018-09-12",43.200001
"2946","2018-09-13",43.810001
"2947","2018-09-14",44.139999
"2948","2018-09-17",44.139999
"2949","2018-09-18",44.919998
"2950","2018-09-19",44.23
"2951","2018-09-20",44.389999
"2952","2018-09-21",44.57
"2953","2018-09-24",44.860001
"2954","2018-09-25",44.220001
"2955","2018-09-26",44.299999
"2956","2018-09-27",44.139999
"2957","2018-09-28",43.990002
"2958","2018-10-01",43.880001
"2959","2018-10-02",44.450001
"2960","2018-10-03",45.32
"2961","2018-10-04",45.810001
"2962","2018-10-05",45.93
"2963","2018-10-08",46.349998
"2964","2018-10-09",45.720001
"2965","2018-10-10",43.860001
"2966","2018-10-11",43.509998
"2967","2018-10-12",44.16
"2968","2018-10-15",44.599998
"2969","2018-10-16",46.099998
"2970","2018-10-17",46.200001
"2971","2018-10-18",46.200001
"2972","2018-10-19",45.93
"2973","2018-10-22",45.130001
"2974","2018-10-23",45.110001
"2975","2018-10-24",43.650002
"2976","2018-10-25",43.32
"2977","2018-10-26",43.389999
"2978","2018-10-29",43.869999
"2979","2018-10-30",44.970001
"2980","2018-10-31",44.799999
"2981","2018-11-01",47.619999
"2982","2018-11-02",47.360001
"2983","2018-11-05",47.41
"2984","2018-11-06",47.860001
"2985","2018-11-07",48.84
"2986","2018-11-08",48.720001
"2987","2018-11-09",48.68
"2988","2018-11-12",48.290001
"2989","2018-11-13",49.099998
"2990","2018-11-14",49.060001
"2991","2018-11-15",50.380001
"2992","2018-11-16",50.5
"2993","2018-11-19",49.509998
"2994","2018-11-20",49.049999
"2995","2018-11-21",49.310001
"2996","2018-11-23",48.869999
"2997","2018-11-26",49.099998
"2998","2018-11-27",48.66
"2999","2018-11-28",49.59
"3000","2018-11-29",49.57
"3001","2018-11-30",49.110001
"3002","2018-12-03",49.790001
"3003","2018-12-04",49.029999
"3004","2018-12-06",48.720001
"3005","2018-12-07",48.389999
"3006","2018-12-10",48.299999
"3007","2018-12-11",47.830002
"3008","2018-12-12",48.189999
"3009","2018-12-13",48.529999
"3010","2018-12-14",48.009998
"3011","2018-12-17",46.650002
"3012","2018-12-18",46.779999
"3013","2018-12-19",45.869999
"3014","2018-12-20",44.139999
"3015","2018-12-21",43.619999
"3016","2018-12-24",42.349998
"3017","2018-12-26",43.490002
"3018","2018-12-27",44.450001
"3019","2018-12-28",44.799999
"3020","2018-12-31",45.98
"3021","2019-01-02",44.669998
"3022","2019-01-03",44.259998
"3023","2019-01-04",45.59
"3024","2019-01-07",46.439999
"3025","2019-01-08",46.91
"3026","2019-01-09",47.09
"3027","2019-01-10",47.650002
"3028","2019-01-11",48.119999
"3029","2019-01-14",48.470001
"3030","2019-01-15",49.299999
"3031","2019-01-16",48.439999
"3032","2019-01-17",49.5
"3033","2019-01-18",50.259998
"3034","2019-01-22",50.720001
"3035","2019-01-23",50.779999
"3036","2019-01-24",50.860001
"3037","2019-01-25",51.75
"3038","2019-01-28",50.790001
"3039","2019-01-29",51.32
"3040","2019-01-30",51.18
"3041","2019-01-31",52.279999
"3042","2019-02-01",52.029999
"3043","2019-02-04",51.98
"3044","2019-02-05",53
"3045","2019-02-06",53.209999
"3046","2019-02-07",53.259998
"3047","2019-02-08",53.900002
"3048","2019-02-11",53.849998
"3049","2019-02-12",54.900002
"3050","2019-02-13",55.200001
"3051","2019-02-14",54.950001
"3052","2019-02-15",54.130001
"3053","2019-02-19",54.060001
"3054","2019-02-20",54.400002
"3055","2019-02-21",54.48
"3056","2019-02-22",55.259998
"3057","2019-02-25",54.880001
"3058","2019-02-26",54.669998
"3059","2019-02-27",55.5
"3060","2019-02-28",54.779999
"3061","2019-03-01",55.209999
"3062","2019-03-04",55.25
"3063","2019-03-05",55.959999
"3064","2019-03-06",55.419998
"3065","2019-03-07",54.68
"3066","2019-03-08",55.009998
"3067","2019-03-11",55.599998
"3068","2019-03-12",56.630001
"3069","2019-03-13",57.110001
"3070","2019-03-14",57.27
"3071","2019-03-15",57.5
"3072","2019-03-18",57.880001
"3073","2019-03-19",58.060001
"3074","2019-03-20",58.119999
"3075","2019-03-21",58.84
"3076","2019-03-22",57.939999
"3077","2019-03-25",58.110001
"3078","2019-03-26",58.25
"3079","2019-03-27",58.189999
"3080","2019-03-28",57.939999
"3081","2019-03-29",57.860001
"3082","2019-04-01",58.400002
"3083","2019-04-02",57.98
"3084","2019-04-03",58.02
"3085","2019-04-04",58
"3086","2019-04-05",58.110001
"3087","2019-04-08",58.200001
"3088","2019-04-09",57.639999
"3089","2019-04-10",58.25
"3090","2019-04-11",58.619999
"3091","2019-04-12",58.029999
"3092","2019-04-15",58.34
"3093","2019-04-16",57.560001
"3094","2019-04-17",57.049999
"3095","2019-04-18",58.509998
"3096","2019-04-22",58.709999
"3097","2019-04-23",59.5
"3098","2019-04-24",58.900002
"3099","2019-04-25",58.959999
"3100","2019-04-26",59.700001
"3101","2019-04-29",59.630001
"3102","2019-04-30",59.939999
"3103","2019-05-01",58.669998
"3104","2019-05-02",60
"3105","2019-05-03",61.540001
"3106","2019-05-06",61.950001
"3107","2019-05-07",61.970001
"3108","2019-05-08",61.950001
"3109","2019-05-09",62.369999
"3110","2019-05-10",64.309998
"3111","2019-05-13",64.410004
"3112","2019-05-14",63.439999
"3113","2019-05-15",62.509998
"3114","2019-05-16",62.57
"3115","2019-05-17",62.57
"3116","2019-05-20",62.040001
"3117","2019-05-21",62.400002
"3118","2019-05-22",61.5
"3119","2019-05-23",61.049999
"3120","2019-05-24",61.349998
"3121","2019-05-28",61.200001
"3122","2019-05-29",60.5
"3123","2019-05-30",61.040001
"3124","2019-05-31",61.389999
"3125","2019-06-03",62.049999
"3126","2019-06-04",63.09
"3127","2019-06-05",64.449997
"3128","2019-06-06",65.660004
"3129","2019-06-07",65.900002
"3130","2019-06-10",66.32
"3131","2019-06-11",66.440002
"3132","2019-06-12",66.599998
"3133","2019-06-13",64.919998
"3134","2019-06-14",65.410004
"3135","2019-06-17",65.32
"3136","2019-06-18",66.449997
"3137","2019-06-19",66.660004
"3138","2019-06-20",67.25
"3139","2019-06-21",67.080002
"3140","2019-06-24",67.18
"3141","2019-06-25",68.059998
"3142","2019-06-26",67.75
"3143","2019-06-27",68.099998
"3144","2019-06-28",69.989998
"3145","2019-07-01",70.260002
"3146","2019-07-02",71.559998
"3147","2019-07-03",72.25
"3148","2019-07-05",71.769997
"3149","2019-07-08",70.599998
"3150","2019-07-09",70.919998
"3151","2019-07-10",70.43
"3152","2019-07-11",71.150002
"3153","2019-07-12",70
"3154","2019-07-15",69.290001
"3155","2019-07-16",69.07
"3156","2019-07-17",68.510002
"3157","2019-07-18",70.900002
"3158","2019-07-19",70.699997
"3159","2019-07-22",71.110001
"3160","2019-07-23",71.779999
"3161","2019-07-24",72.029999
"3162","2019-07-25",71.290001
"3163","2019-07-26",72.139999
"3164","2019-07-29",72.279999
"3165","2019-07-30",72.779999
"3166","2019-07-31",71.480003
"3167","2019-08-01",74.739998
"3168","2019-08-02",74.730003
"3169","2019-08-05",73.25
"3170","2019-08-06",73.949997
"3171","2019-08-07",75.290001
"3172","2019-08-08",76.080002
"3173","2019-08-09",77.459999
"3174","2019-08-12",76.839996
"3175","2019-08-13",79.290001
"3176","2019-08-14",76.849998
"3177","2019-08-15",78
"3178","2019-08-16",79.629997
"3179","2019-08-19",79.739998
"3180","2019-08-20",79.190002
"3181","2019-08-21",79.730003
"3182","2019-08-22",79.760002
"3183","2019-08-23",78.199997
"3184","2019-08-26",78.760002
"3185","2019-08-27",79.019997
"3186","2019-08-28",79.269997
"3187","2019-08-29",80.43
"3188","2019-08-30",80.410004
"3189","2019-09-03",79.93
"3190","2019-09-04",80.779999
"3191","2019-09-05",78.709999
"3192","2019-09-06",78.300003
"3193","2019-09-09",75.07
"3194","2019-09-10",71.889999
"3195","2019-09-11",71.879997
"3196","2019-09-12",73.360001
"3197","2019-09-13",72.730003
"3198","2019-09-16",72.199997
"3199","2019-09-17",75
"3200","2019-09-18",74.510002
"3201","2019-09-19",74.279999
"3202","2019-09-20",73.839996
"3203","2019-09-23",74.480003
"3204","2019-09-24",74.720001
"3205","2019-09-25",73.5
"3206","2019-09-26",74.470001
"3207","2019-09-27",72.790001
"3208","2019-09-30",72.809998
"3209","2019-10-01",72.110001
"3210","2019-10-02",70.82
"3211","2019-10-03",71.639999
"3212","2019-10-04",72.730003
"3213","2019-10-07",72.449997
"3214","2019-10-08",71.410004
"3215","2019-10-09",72.269997
"3216","2019-10-10",72.839996
"3217","2019-10-11",72.610001
"3218","2019-10-14",72.919998
"3219","2019-10-15",72.160004
"3220","2019-10-16",72.580002
"3221","2019-10-17",73.870003
"3222","2019-10-18",74.110001
"3223","2019-10-21",72.290001
"3224","2019-10-22",70.849998
"3225","2019-10-23",71.080002
"3226","2019-10-24",71.800003
"3227","2019-10-25",71.910004
"3228","2019-10-28",71.339996
"3229","2019-10-29",72.739998
"3230","2019-10-30",73.959999
"3231","2019-10-31",69.970001
"3232","2019-11-01",68.360001
"3233","2019-11-04",66.550003
"3234","2019-11-05",64.709999
"3235","2019-11-06",66.660004
"3236","2019-11-07",65.07
"3237","2019-11-08",64.650002
"3238","2019-11-11",64.540001
"3239","2019-11-12",64.370003
"3240","2019-11-13",65.129997
"3241","2019-11-14",65.739998
"3242","2019-11-15",65.599998
"3243","2019-11-18",67.589996
"3244","2019-11-19",67.25
"3245","2019-11-20",67.440002
"3246","2019-11-21",66.160004
"3247","2019-11-22",65.730003
"3248","2019-11-25",64.970001
"3249","2019-11-26",66.699997
"3250","2019-11-27",66.550003
"3251","2019-11-29",66.059998
"3252","2019-12-02",65.790001
"3253","2019-12-03",66.440002
"3254","2019-12-04",65.75
"3255","2019-12-05",66.139999
"3256","2019-12-06",63.549999
"3257","2019-12-09",64.129997
"3258","2019-12-10",63.91
"3259","2019-12-11",63.869999
"3260","2019-12-12",63.41
"3261","2019-12-13",63.34
"3262","2019-12-16",63.970001
"3263","2019-12-17",64.190002
"3264","2019-12-18",64.400002
"3265","2019-12-19",63.720001
"3266","2019-12-20",65.18
"3267","2019-12-23",65.25
"3268","2019-12-24",65.230003
"3269","2019-12-26",64.910004
"3270","2019-12-27",64.690002
"3271","2019-12-30",64.440002
"3272","2019-12-31",64.669998
"3273","2020-01-02",63.880001
"3274","2020-01-03",64.769997
"3275","2020-01-06",64.169998
"3276","2020-01-07",63.919998
"3277","2020-01-08",64.470001
"3278","2020-01-09",66.720001
"3279","2020-01-10",66.269997
"3280","2020-01-13",67.5
"3281","2020-01-14",66.550003
"3282","2020-01-15",68.209999
"3283","2020-01-16",69.18
"3284","2020-01-17",69.239998
"3285","2020-01-21",69.260002
"3286","2020-01-22",71.849998
"3287","2020-01-23",71.870003
"3288","2020-01-24",71.93
"3289","2020-01-27",73.959999
"3290","2020-01-28",72.669998
"3291","2020-01-29",72.589996
"3292","2020-01-30",73.099998
"3293","2020-01-31",72.18
"3294","2020-02-03",74.150002
"3295","2020-02-04",75.010002
"3296","2020-02-05",76.629997
"3297","2020-02-06",78
"3298","2020-02-07",76.919998
"3299","2020-02-10",76.720001
"3300","2020-02-11",77.639999
"3301","2020-02-12",76.529999
"3302","2020-02-13",77.169998
"3303","2020-02-14",77.220001
"3304","2020-02-18",78.040001
"3305","2020-02-19",77.010002
"3306","2020-02-20",76.599998
"3307","2020-02-21",76.860001
"3308","2020-02-24",76.370003
"3309","2020-02-25",74.529999
"3310","2020-02-26",75.669998
"3311","2020-02-27",72.010002
"3312","2020-02-28",70.459999
"3313","2020-03-02",75.169998
"3314","2020-03-03",76.150002
"3315","2020-03-04",78.559998
"3316","2020-03-05",77.029999
"3317","2020-03-06",76.050003
"3318","2020-03-09",72.510002
"3319","2020-03-10",72.959999
"3320","2020-03-11",69.760002
"3321","2020-03-12",63.18
"3322","2020-03-13",63.84
"3323","2020-03-16",58.43
"3324","2020-03-17",64.629997
"3325","2020-03-18",64.449997
"3326","2020-03-19",60.110001
"3327","2020-03-20",54.889999
"3328","2020-03-23",51.939999
"3329","2020-03-24",58.220001
"3330","2020-03-25",56.02
"3331","2020-03-26",62.560001
"3332","2020-03-27",64.379997
"3333","2020-03-30",65.989998
"3334","2020-03-31",64.660004
"3335","2020-04-01",64.169998
"3336","2020-04-02",64.559998
"3337","2020-04-03",62.169998
"3338","2020-04-06",65.620003
"3339","2020-04-07",65.860001
"3340","2020-04-08",67.589996
"3341","2020-04-09",69.940002
"3342","2020-04-13",67.32
"3343","2020-04-14",67.959999
"3344","2020-04-15",67.639999
"3345","2020-04-16",67.800003
"3346","2020-04-17",70.199997
"3347","2020-04-20",68.540001
"3348","2020-04-21",65.540001
"3349","2020-04-22",66.620003
"3350","2020-04-23",64.900002
"3351","2020-04-24",65.269997
"3352","2020-04-27",67.57
"3353","2020-04-28",67.010002
"3354","2020-04-29",66.809998
"3355","2020-04-30",65.589996
"3356","2020-05-01",65.610001
"3357","2020-05-04",66.150002
"3358","2020-05-05",66.260002
"3359","2020-05-06",65.720001
"3360","2020-05-07",65.889999
"3361","2020-05-08",64.559998
"3362","2020-05-11",63.369999
"3363","2020-05-12",61.93
"3364","2020-05-13",61.169998
"3365","2020-05-14",62.040001
"3366","2020-05-15",62.23
"3367","2020-05-18",64.349998
"3368","2020-05-19",64.279999
"3369","2020-05-20",64.190002
"3370","2020-05-21",64.040001
"3371","2020-05-22",64.510002
"3372","2020-05-26",66.540001
"3373","2020-05-27",68.599998
"3374","2020-05-28",70.550003
"3375","2020-05-29",71.260002
"3376","2020-06-01",71.169998
"3377","2020-06-02",71.980003
"3378","2020-06-03",73.949997
"3379","2020-06-04",75.400002
"3380","2020-06-05",73.93
"3381","2020-06-08",74.080002
"3382","2020-06-09",72.440002
"3383","2020-06-10",72.82
"3384","2020-06-11",67.160004
"3385","2020-06-12",68.330002
"3386","2020-06-15",68.199997
"3387","2020-06-16",70.18
"3388","2020-06-17",69.599998
"3389","2020-06-18",70.470001
"3390","2020-06-19",70.68
"3391","2020-06-22",71.080002
"3392","2020-06-23",70.57
"3393","2020-06-24",68.980003
"3394","2020-06-25",69.199997
"3395","2020-06-26",67.339996
"3396","2020-06-29",68.389999
"3397","2020-06-30",69.489998
"3398","2020-07-01",70.68
"3399","2020-07-02",71.809998
"3400","2020-07-06",72.440002
"3401","2020-07-07",72.68
"3402","2020-07-08",72.139999
"3403","2020-07-09",71.75
"3404","2020-07-10",72.400002
"3405","2020-07-13",71.629997
"3406","2020-07-14",73.610001
"3407","2020-07-15",69.519997
"3408","2020-07-16",69.470001
"3409","2020-07-17",70.290001
"3410","2020-07-20",72.760002
"3411","2020-07-21",72.68
"3412","2020-07-22",73.18
"3413","2020-07-23",72.989998
"3414","2020-07-24",73.160004
"3415","2020-07-27",74.57
"3416","2020-07-28",74.080002
"3417","2020-07-29",73.769997
"3418","2020-07-30",73.449997
"3419","2020-07-31",73.629997
"3420","2020-08-03",74.18
"3421","2020-08-04",75.129997
"3422","2020-08-05",75.040001
"3423","2020-08-06",74.440002
"3424","2020-08-07",75.529999
"3425","2020-08-10",75.330002
"3426","2020-08-11",73.949997
"3427","2020-08-12",74.379997
"3428","2020-08-13",75.230003
"3429","2020-08-14",75.5
"3430","2020-08-17",76.209999
"3431","2020-08-18",76.360001
"3432","2020-08-19",75.879997
"3433","2020-08-20",75.760002
"3434","2020-08-21",76.620003
"3435","2020-08-24",77.25
"3436","2020-08-25",77.470001
"3437","2020-08-26",78.919998
"3438","2020-08-27",79.339996
"3439","2020-08-28",80.269997
"3440","2020-08-31",80.370003
"3441","2020-09-01",81.970001
"3442","2020-09-02",84.589996
"3443","2020-09-03",83.239998
"3444","2020-09-04",82.470001
"3445","2020-09-08",80.550003
"3446","2020-09-09",81.620003
"3447","2020-09-10",81
"3448","2020-09-11",81.68
"3449","2020-09-14",83.279999
"3450","2020-09-15",84.43
"3451","2020-09-16",84.669998
"3452","2020-09-17",84.099998
"3453","2020-09-18",82.889999
"3454","2020-09-21",81.029999
"3455","2020-09-22",81.580002
"3456","2020-09-23",79.849998
"3457","2020-09-24",80.099998
"3458","2020-09-25",81.470001
"3459","2020-09-28",82.239998
"3460","2020-09-29",82.360001
"3461","2020-09-30",83.120003
"3462","2020-10-01",82.599998
"3463","2020-10-02",82.669998
"3464","2020-10-05",85.370003
"3465","2020-10-06",84.309998
"3466","2020-10-07",86.550003
"3467","2020-10-08",89
"3468","2020-10-09",90.260002
"3469","2020-10-12",89.68
"3470","2020-10-13",90.260002
"3471","2020-10-14",90.059998
"3472","2020-10-15",90.809998
"3473","2020-10-16",91.419998
"3474","2020-10-19",91.18
"3475","2020-10-20",91.389999
"3476","2020-10-21",92.779999
"3477","2020-10-22",91.129997
"3478","2020-10-23",92.720001
"3479","2020-10-26",91.559998
"3480","2020-10-27",91.099998
"3481","2020-10-28",88.730003
"3482","2020-10-29",89.220001
"3483","2020-10-30",89
"3484","2020-11-02",90.199997
"3485","2020-11-03",93.75
"3486","2020-11-04",94.110001
"3487","2020-11-05",97.160004
"3488","2020-11-06",97.459999
"3489","2020-11-09",92.980003
"3490","2020-11-10",94.980003
"3491","2020-11-11",95.809998
"3492","2020-11-12",94.199997
"3493","2020-11-13",94.650002
"3494","2020-11-16",96.760002
"3495","2020-11-17",97.139999
"3496","2020-11-18",96.559998
"3497","2020-11-19",97.910004
"3498","2020-11-20",97.25
"3499","2020-11-23",95.440002
"3500","2020-11-24",96.110001
"3501","2020-11-25",96.300003
"3502","2020-11-27",96.360001
