"","date","CMO"
"1","2007-01-03",8.23
"2","2007-01-04",8.15
"3","2007-01-05",8.1
"4","2007-01-08",8.06
"5","2007-01-09",7.99
"6","2007-01-10",7.96
"7","2007-01-11",8.09
"8","2007-01-12",8.1
"9","2007-01-16",8.15
"10","2007-01-17",8.1
"11","2007-01-18",8.01
"12","2007-01-19",8.05
"13","2007-01-22",8.05
"14","2007-01-23",8
"15","2007-01-24",7.96
"16","2007-01-25",7.95
"17","2007-01-26",7.95
"18","2007-01-29",8.05
"19","2007-01-30",8.07
"20","2007-01-31",7.99
"21","2007-02-01",7.98
"22","2007-02-02",8.01
"23","2007-02-05",7.95
"24","2007-02-06",7.97
"25","2007-02-07",7.97
"26","2007-02-08",7.8
"27","2007-02-09",8.14
"28","2007-02-12",8.22
"29","2007-02-13",8.41
"30","2007-02-14",8.56
"31","2007-02-15",8.6
"32","2007-02-16",8.84
"33","2007-02-20",8.81
"34","2007-02-21",8.65
"35","2007-02-22",8.51
"36","2007-02-23",8.5
"37","2007-02-26",8.62
"38","2007-02-27",8.61
"39","2007-02-28",8.75
"40","2007-03-01",8.63
"41","2007-03-02",8.45
"42","2007-03-05",8.45
"43","2007-03-06",8.65
"44","2007-03-07",8.6
"45","2007-03-08",8.67
"46","2007-03-09",8.44
"47","2007-03-12",8.48
"48","2007-03-13",8.54
"49","2007-03-14",8.48
"50","2007-03-15",8.48
"51","2007-03-16",8.7
"52","2007-03-19",8.75
"53","2007-03-20",8.81
"54","2007-03-21",9.17
"55","2007-03-22",9.22
"56","2007-03-23",9.14
"57","2007-03-26",9.44
"58","2007-03-27",9.43
"59","2007-03-28",9.59
"60","2007-03-29",9.85
"61","2007-03-30",9.99
"62","2007-04-02",9.96
"63","2007-04-03",10
"64","2007-04-04",10.03
"65","2007-04-05",10.17
"66","2007-04-09",9.95
"67","2007-04-10",9.83
"68","2007-04-11",9.79
"69","2007-04-12",9.62
"70","2007-04-13",9.85
"71","2007-04-16",10.06
"72","2007-04-17",10.1
"73","2007-04-18",9.96
"74","2007-04-19",9.94
"75","2007-04-20",10.02
"76","2007-04-23",10.2
"77","2007-04-24",10.24
"78","2007-04-25",10.17
"79","2007-04-26",10.03
"80","2007-04-27",10.09
"81","2007-04-30",10.05
"82","2007-05-01",9.75
"83","2007-05-02",9.74
"84","2007-05-03",9.81
"85","2007-05-04",10.25
"86","2007-05-07",10.58
"87","2007-05-08",10.42
"88","2007-05-09",10.47
"89","2007-05-10",10.55
"90","2007-05-11",10.55
"91","2007-05-14",10.52
"92","2007-05-15",10.5
"93","2007-05-16",10.61
"94","2007-05-17",10.43
"95","2007-05-18",10.47
"96","2007-05-21",10.41
"97","2007-05-22",10.45
"98","2007-05-23",10.39
"99","2007-05-24",10.22
"100","2007-05-25",10.13
"101","2007-05-29",10.29
"102","2007-05-30",10.12
"103","2007-05-31",10.13
"104","2007-06-01",10.31
"105","2007-06-04",10.46
"106","2007-06-05",10.08
"107","2007-06-06",9.96
"108","2007-06-07",9.38
"109","2007-06-08",9.63
"110","2007-06-11",9.47
"111","2007-06-12",9.05
"112","2007-06-13",9.44
"113","2007-06-14",9.54
"114","2007-06-15",9.64
"115","2007-06-18",9.63
"116","2007-06-19",9.75
"117","2007-06-20",9.74
"118","2007-06-21",9.85
"119","2007-06-22",9.89
"120","2007-06-25",9.71
"121","2007-06-26",9.83
"122","2007-06-27",9.98
"123","2007-06-28",9.73
"124","2007-06-29",9.69
"125","2007-07-02",9.79
"126","2007-07-03",10
"127","2007-07-05",9.94
"128","2007-07-06",9.8
"129","2007-07-09",9.77
"130","2007-07-10",9.61
"131","2007-07-11",9.64
"132","2007-07-12",9.51
"133","2007-07-13",9.56
"134","2007-07-16",9.55
"135","2007-07-17",9.42
"136","2007-07-18",9.37
"137","2007-07-19",9.35
"138","2007-07-20",9.18
"139","2007-07-23",9.09
"140","2007-07-24",9.2
"141","2007-07-25",9.2
"142","2007-07-26",9.51
"143","2007-07-27",9.92
"144","2007-07-30",9.76
"145","2007-07-31",9.64
"146","2007-08-01",9.9
"147","2007-08-02",10.02
"148","2007-08-03",9.55
"149","2007-08-06",9.36
"150","2007-08-07",9.14
"151","2007-08-08",9.48
"152","2007-08-09",9.4
"153","2007-08-10",9.67
"154","2007-08-13",9.36
"155","2007-08-14",8.77
"156","2007-08-15",8.36
"157","2007-08-16",8.69
"158","2007-08-17",9.49
"159","2007-08-20",9.6
"160","2007-08-21",9.7
"161","2007-08-22",9.97
"162","2007-08-23",9.79
"163","2007-08-24",9.78
"164","2007-08-27",9.64
"165","2007-08-28",9.67
"166","2007-08-29",9.93
"167","2007-08-30",9.91
"168","2007-08-31",9.97
"169","2007-09-04",10.1
"170","2007-09-05",9.96
"171","2007-09-06",9.83
"172","2007-09-07",10.11
"173","2007-09-10",10.33
"174","2007-09-11",10.2
"175","2007-09-12",10
"176","2007-09-13",10
"177","2007-09-14",9.94
"178","2007-09-17",9.78
"179","2007-09-18",10.27
"180","2007-09-19",10.45
"181","2007-09-20",10.23
"182","2007-09-21",10.39
"183","2007-09-24",10.08
"184","2007-09-25",10.19
"185","2007-09-26",10.21
"186","2007-09-27",10
"187","2007-09-28",10.28
"188","2007-10-01",10.4
"189","2007-10-02",10.71
"190","2007-10-03",10.8
"191","2007-10-04",10.79
"192","2007-10-05",10.54
"193","2007-10-08",10.43
"194","2007-10-09",10.79
"195","2007-10-10",10.57
"196","2007-10-11",10.5
"197","2007-10-12",10.25
"198","2007-10-15",10.27
"199","2007-10-16",10.43
"200","2007-10-17",10.51
"201","2007-10-18",11.11
"202","2007-10-19",10.95
"203","2007-10-22",11.2
"204","2007-10-23",11.27
"205","2007-10-24",11.34
"206","2007-10-25",11.49
"207","2007-10-26",11.73
"208","2007-10-29",11.9
"209","2007-10-30",11.7
"210","2007-10-31",11.62
"211","2007-11-01",11.39
"212","2007-11-02",11.32
"213","2007-11-05",11.48
"214","2007-11-06",11.49
"215","2007-11-07",11.22
"216","2007-11-08",11.57
"217","2007-11-09",11.53
"218","2007-11-12",11.03
"219","2007-11-13",11.47
"220","2007-11-14",11.34
"221","2007-11-15",10.73
"222","2007-11-16",11
"223","2007-11-19",11.16
"224","2007-11-20",10.5
"225","2007-11-21",11.17
"226","2007-11-23",11.52
"227","2007-11-26",11.55
"228","2007-11-27",11.59
"229","2007-11-28",12.02
"230","2007-11-29",12
"231","2007-11-30",12.2
"232","2007-12-03",12.38
"233","2007-12-04",12.21
"234","2007-12-05",12.16
"235","2007-12-06",12.53
"236","2007-12-07",12.35
"237","2007-12-10",12.6
"238","2007-12-11",12.46
"239","2007-12-12",12.55
"240","2007-12-13",12.6
"241","2007-12-14",13.3
"242","2007-12-17",13.09
"243","2007-12-18",13.54
"244","2007-12-19",13.67
"245","2007-12-20",13.49
"246","2007-12-21",13.68
"247","2007-12-24",13.68
"248","2007-12-26",13.67
"249","2007-12-27",13.05
"250","2007-12-28",13.04
"251","2007-12-31",13.19
"252","2008-01-02",13.28
"253","2008-01-03",13.1
"254","2008-01-04",13.21
"255","2008-01-07",13.2
"256","2008-01-08",13.45
"257","2008-01-09",13.5
"258","2008-01-10",13.8
"259","2008-01-11",13.72
"260","2008-01-14",14.39
"261","2008-01-15",14.86
"262","2008-01-16",15.01
"263","2008-01-17",15.17
"264","2008-01-18",14.99
"265","2008-01-22",15.62
"266","2008-01-23",16.18
"267","2008-01-24",16.18
"268","2008-01-25",15.6
"269","2008-01-28",15.81
"270","2008-01-29",14.74
"271","2008-01-30",14.89
"272","2008-01-31",15
"273","2008-02-01",15.96
"274","2008-02-04",15.84
"275","2008-02-05",16.059999
"276","2008-02-06",15.8
"277","2008-02-07",15.84
"278","2008-02-08",17.360001
"279","2008-02-11",17.290001
"280","2008-02-12",17.75
"281","2008-02-13",17.59
"282","2008-02-14",17.860001
"283","2008-02-15",17.559999
"284","2008-02-19",17.74
"285","2008-02-20",18.280001
"286","2008-02-21",18.110001
"287","2008-02-22",18.370001
"288","2008-02-25",18.049999
"289","2008-02-26",17.82
"290","2008-02-27",17.5
"291","2008-02-28",17.49
"292","2008-02-29",17.219999
"293","2008-03-03",16.469999
"294","2008-03-04",16.940001
"295","2008-03-05",16.299999
"296","2008-03-06",11.3
"297","2008-03-07",11.9
"298","2008-03-10",10.03
"299","2008-03-11",12.41
"300","2008-03-12",11.94
"301","2008-03-13",10.82
"302","2008-03-14",9.52
"303","2008-03-17",8.83
"304","2008-03-18",11.99
"305","2008-03-19",12.76
"306","2008-03-20",13.95
"307","2008-03-24",13.53
"308","2008-03-25",13.6
"309","2008-03-26",13.19
"310","2008-03-27",12.15
"311","2008-03-28",11.53
"312","2008-03-31",11.4
"313","2008-04-01",12.28
"314","2008-04-02",12.29
"315","2008-04-03",12.41
"316","2008-04-04",12.4
"317","2008-04-07",12.75
"318","2008-04-08",12.96
"319","2008-04-09",12.73
"320","2008-04-10",12.98
"321","2008-04-11",12.54
"322","2008-04-14",12.84
"323","2008-04-15",12.99
"324","2008-04-16",13.2
"325","2008-04-17",13.28
"326","2008-04-18",13.28
"327","2008-04-21",13.5
"328","2008-04-22",13.36
"329","2008-04-23",12.68
"330","2008-04-24",12.45
"331","2008-04-25",12.35
"332","2008-04-28",12.49
"333","2008-04-29",12.29
"334","2008-04-30",12.9
"335","2008-05-01",12.9
"336","2008-05-02",13.28
"337","2008-05-05",12.87
"338","2008-05-06",13.03
"339","2008-05-07",13.11
"340","2008-05-08",13.07
"341","2008-05-09",13.06
"342","2008-05-12",13.08
"343","2008-05-13",13.01
"344","2008-05-14",13.29
"345","2008-05-15",13.4
"346","2008-05-16",13.59
"347","2008-05-19",13.54
"348","2008-05-20",13.31
"349","2008-05-21",13
"350","2008-05-22",13.08
"351","2008-05-23",13.11
"352","2008-05-27",13.04
"353","2008-05-28",13.05
"354","2008-05-29",13.34
"355","2008-05-30",13.7
"356","2008-06-02",13.62
"357","2008-06-03",13.65
"358","2008-06-04",13.1
"359","2008-06-05",13.54
"360","2008-06-06",13.18
"361","2008-06-09",12.93
"362","2008-06-10",12.19
"363","2008-06-11",11.68
"364","2008-06-12",11.8
"365","2008-06-13",12.27
"366","2008-06-16",12.54
"367","2008-06-17",12.58
"368","2008-06-18",12.49
"369","2008-06-19",12.5
"370","2008-06-20",12.42
"371","2008-06-23",12.35
"372","2008-06-24",12.35
"373","2008-06-25",12.28
"374","2008-06-26",11.63
"375","2008-06-27",11.16
"376","2008-06-30",10.85
"377","2008-07-01",11.03
"378","2008-07-02",11.07
"379","2008-07-03",10.77
"380","2008-07-07",10.3
"381","2008-07-08",11.1
"382","2008-07-09",10.66
"383","2008-07-10",10.3
"384","2008-07-11",10.9
"385","2008-07-14",11.64
"386","2008-07-15",11.05
"387","2008-07-16",11.62
"388","2008-07-17",11.9
"389","2008-07-18",11.65
"390","2008-07-21",12.16
"391","2008-07-22",12.35
"392","2008-07-23",12.17
"393","2008-07-24",11.45
"394","2008-07-25",11.36
"395","2008-07-28",10.74
"396","2008-07-29",10.6
"397","2008-07-30",10.85
"398","2008-07-31",10.92
"399","2008-08-01",11.09
"400","2008-08-04",10.74
"401","2008-08-05",10.99
"402","2008-08-06",10.8
"403","2008-08-07",10.39
"404","2008-08-08",11.17
"405","2008-08-11",11.3
"406","2008-08-12",10.97
"407","2008-08-13",11.03
"408","2008-08-14",11.16
"409","2008-08-15",11.04
"410","2008-08-18",10.92
"411","2008-08-19",10.97
"412","2008-08-20",11.21
"413","2008-08-21",11.18
"414","2008-08-22",11.49
"415","2008-08-25",11.27
"416","2008-08-26",11.44
"417","2008-08-27",11.68
"418","2008-08-28",11.8
"419","2008-08-29",11.74
"420","2008-09-02",11.48
"421","2008-09-03",11.37
"422","2008-09-04",11.3
"423","2008-09-05",11.48
"424","2008-09-08",12.86
"425","2008-09-09",12.58
"426","2008-09-10",12.13
"427","2008-09-11",12.62
"428","2008-09-12",13.16
"429","2008-09-15",12.36
"430","2008-09-16",12.68
"431","2008-09-17",11.04
"432","2008-09-18",11.88
"433","2008-09-19",12.31
"434","2008-09-22",11.3
"435","2008-09-23",11.12
"436","2008-09-24",11.11
"437","2008-09-25",11.37
"438","2008-09-26",10.81
"439","2008-09-29",9.63
"440","2008-09-30",10.95
"441","2008-10-01",10.79
"442","2008-10-02",10.14
"443","2008-10-03",10
"444","2008-10-06",9.31
"445","2008-10-07",9.65
"446","2008-10-08",9.21
"447","2008-10-09",8.9
"448","2008-10-10",9.5
"449","2008-10-13",10.05
"450","2008-10-14",10.24
"451","2008-10-15",8.61
"452","2008-10-16",8.7
"453","2008-10-17",8.92
"454","2008-10-20",9.77
"455","2008-10-21",9.47
"456","2008-10-22",9.25
"457","2008-10-23",9.1
"458","2008-10-24",8.69
"459","2008-10-27",8.29
"460","2008-10-28",8.99
"461","2008-10-29",9.17
"462","2008-10-30",9.8
"463","2008-10-31",10.05
"464","2008-11-03",10
"465","2008-11-04",10.43
"466","2008-11-05",9.97
"467","2008-11-06",9.82
"468","2008-11-07",10.16
"469","2008-11-10",10.16
"470","2008-11-11",9.91
"471","2008-11-12",9.08
"472","2008-11-13",9.57
"473","2008-11-14",8.96
"474","2008-11-17",8.84
"475","2008-11-18",9
"476","2008-11-19",8.53
"477","2008-11-20",7.73
"478","2008-11-21",8.29
"479","2008-11-24",8.61
"480","2008-11-25",9.99
"481","2008-11-26",10.42
"482","2008-11-28",10.49
"483","2008-12-01",9.77
"484","2008-12-02",10.14
"485","2008-12-03",10.53
"486","2008-12-04",9.8
"487","2008-12-05",10.3
"488","2008-12-08",10.2
"489","2008-12-09",9.68
"490","2008-12-10",9.78
"491","2008-12-11",9.26
"492","2008-12-12",9.5
"493","2008-12-15",9.3
"494","2008-12-16",10.18
"495","2008-12-17",10.4
"496","2008-12-18",10.17
"497","2008-12-19",10.53
"498","2008-12-22",10.79
"499","2008-12-23",10.69
"500","2008-12-24",10.71
"501","2008-12-26",10.53
"502","2008-12-29",10.26
"503","2008-12-30",10.37
"504","2008-12-31",10.77
"505","2009-01-02",10.76
"506","2009-01-05",11.39
"507","2009-01-06",11.9
"508","2009-01-07",11.75
"509","2009-01-08",11.98
"510","2009-01-09",11.71
"511","2009-01-12",11.26
"512","2009-01-13",11.4
"513","2009-01-14",11.08
"514","2009-01-15",11.25
"515","2009-01-16",11.21
"516","2009-01-20",10.41
"517","2009-01-21",10.74
"518","2009-01-22",10.26
"519","2009-01-23",10.72
"520","2009-01-26",10.85
"521","2009-01-27",11.02
"522","2009-01-28",11.25
"523","2009-01-29",10.62
"524","2009-01-30",10.67
"525","2009-02-02",11.09
"526","2009-02-03",11.42
"527","2009-02-04",11.2
"528","2009-02-05",10.79
"529","2009-02-06",11.06
"530","2009-02-09",11.13
"531","2009-02-10",10.76
"532","2009-02-11",10.9
"533","2009-02-12",11.02
"534","2009-02-13",10.78
"535","2009-02-17",10.78
"536","2009-02-18",10.79
"537","2009-02-19",10.21
"538","2009-02-20",10.49
"539","2009-02-23",10.03
"540","2009-02-24",10.53
"541","2009-02-25",10.12
"542","2009-02-26",9.91
"543","2009-02-27",10.02
"544","2009-03-02",9.6
"545","2009-03-03",9.5
"546","2009-03-04",9.72
"547","2009-03-05",9.44
"548","2009-03-06",9.49
"549","2009-03-09",9.53
"550","2009-03-10",10.32
"551","2009-03-11",10.13
"552","2009-03-12",10.77
"553","2009-03-13",11.64
"554","2009-03-16",11.54
"555","2009-03-17",11.81
"556","2009-03-18",11.72
"557","2009-03-19",11.05
"558","2009-03-20",10.7
"559","2009-03-23",11.04
"560","2009-03-24",10.88
"561","2009-03-25",11.37
"562","2009-03-26",11.56
"563","2009-03-27",10.87
"564","2009-03-30",10.6
"565","2009-03-31",10.74
"566","2009-04-01",10.81
"567","2009-04-02",11.07
"568","2009-04-03",11.43
"569","2009-04-06",11.45
"570","2009-04-07",11.09
"571","2009-04-08",11.27
"572","2009-04-09",11.47
"573","2009-04-13",11.5
"574","2009-04-14",11.17
"575","2009-04-15",11.49
"576","2009-04-16",11.45
"577","2009-04-17",11.21
"578","2009-04-20",10.84
"579","2009-04-21",10.96
"580","2009-04-22",10.79
"581","2009-04-23",10.99
"582","2009-04-24",11.09
"583","2009-04-27",10.93
"584","2009-04-28",10.91
"585","2009-04-29",11.32
"586","2009-04-30",11.39
"587","2009-05-01",11.4
"588","2009-05-04",11.69
"589","2009-05-05",11.82
"590","2009-05-06",11.9
"591","2009-05-07",11.57
"592","2009-05-08",12.05
"593","2009-05-11",12.04
"594","2009-05-12",11.99
"595","2009-05-13",11.53
"596","2009-05-14",11.82
"597","2009-05-15",11.68
"598","2009-05-18",12.22
"599","2009-05-19",12.12
"600","2009-05-20",12.22
"601","2009-05-21",12.27
"602","2009-05-22",12.15
"603","2009-05-26",12.42
"604","2009-05-27",12.02
"605","2009-05-28",11.84
"606","2009-05-29",11.93
"607","2009-06-01",12.22
"608","2009-06-02",12.51
"609","2009-06-03",12.79
"610","2009-06-04",12.96
"611","2009-06-05",12.71
"612","2009-06-08",12.74
"613","2009-06-09",12.68
"614","2009-06-10",12.13
"615","2009-06-11",12.21
"616","2009-06-12",12.71
"617","2009-06-15",12.74
"618","2009-06-16",12.78
"619","2009-06-17",12.78
"620","2009-06-18",12.81
"621","2009-06-19",13.27
"622","2009-06-22",13.11
"623","2009-06-23",13.1
"624","2009-06-24",13.02
"625","2009-06-25",13.17
"626","2009-06-26",12.7
"627","2009-06-29",12.54
"628","2009-06-30",12.71
"629","2009-07-01",12.64
"630","2009-07-02",12.49
"631","2009-07-06",12.85
"632","2009-07-07",12.55
"633","2009-07-08",12.44
"634","2009-07-09",12.3
"635","2009-07-10",12.64
"636","2009-07-13",12.87
"637","2009-07-14",12.92
"638","2009-07-15",13.03
"639","2009-07-16",13.08
"640","2009-07-17",13.09
"641","2009-07-20",13.17
"642","2009-07-21",13.25
"643","2009-07-22",13.18
"644","2009-07-23",12.99
"645","2009-07-24",12.9
"646","2009-07-27",13.24
"647","2009-07-28",13.4
"648","2009-07-29",13.24
"649","2009-07-30",13.26
"650","2009-07-31",13.36
"651","2009-08-03",13.48
"652","2009-08-04",13.57
"653","2009-08-05",13.74
"654","2009-08-06",13.49
"655","2009-08-07",13.68
"656","2009-08-10",13.59
"657","2009-08-11",13.46
"658","2009-08-12",13.53
"659","2009-08-13",13.54
"660","2009-08-14",13.45
"661","2009-08-17",13.38
"662","2009-08-18",13.53
"663","2009-08-19",13.54
"664","2009-08-20",13.77
"665","2009-08-21",13.85
"666","2009-08-24",13.84
"667","2009-08-25",13.93
"668","2009-08-26",13.88
"669","2009-08-27",13.85
"670","2009-08-28",13.73
"671","2009-08-31",13.65
"672","2009-09-01",13.39
"673","2009-09-02",13.11
"674","2009-09-03",13.2
"675","2009-09-04",13.35
"676","2009-09-08",13.51
"677","2009-09-09",13.61
"678","2009-09-10",13.58
"679","2009-09-11",13.76
"680","2009-09-14",13.76
"681","2009-09-15",13.85
"682","2009-09-16",14.18
"683","2009-09-17",14.64
"684","2009-09-18",14.76
"685","2009-09-21",14.88
"686","2009-09-22",15.46
"687","2009-09-23",15.47
"688","2009-09-24",15.35
"689","2009-09-25",15.43
"690","2009-09-28",14.66
"691","2009-09-29",14.09
"692","2009-09-30",13.91
"693","2009-10-01",13.62
"694","2009-10-02",13.68
"695","2009-10-05",13.86
"696","2009-10-06",13.81
"697","2009-10-07",13.78
"698","2009-10-08",14.02
"699","2009-10-09",14.05
"700","2009-10-12",14.09
"701","2009-10-13",13.75
"702","2009-10-14",13.97
"703","2009-10-15",13.7
"704","2009-10-16",13.45
"705","2009-10-19",13.69
"706","2009-10-20",13.46
"707","2009-10-21",13.32
"708","2009-10-22",13.54
"709","2009-10-23",13.21
"710","2009-10-26",13.16
"711","2009-10-27",13.07
"712","2009-10-28",12.78
"713","2009-10-29",13.22
"714","2009-10-30",13.16
"715","2009-11-02",12.8
"716","2009-11-03",12.89
"717","2009-11-04",12.59
"718","2009-11-05",12.98
"719","2009-11-06",12.83
"720","2009-11-09",13.44
"721","2009-11-10",13.26
"722","2009-11-11",13.39
"723","2009-11-12",13.13
"724","2009-11-13",13.24
"725","2009-11-16",13.64
"726","2009-11-17",13.69
"727","2009-11-18",14.03
"728","2009-11-19",13.98
"729","2009-11-20",14.08
"730","2009-11-23",13.99
"731","2009-11-24",13.99
"732","2009-11-25",13.95
"733","2009-11-27",13.78
"734","2009-11-30",14.28
"735","2009-12-01",14.35
"736","2009-12-02",14.3
"737","2009-12-03",14.27
"738","2009-12-04",14.14
"739","2009-12-07",14.24
"740","2009-12-08",14.37
"741","2009-12-09",14.37
"742","2009-12-10",14.34
"743","2009-12-11",14.46
"744","2009-12-14",14.59
"745","2009-12-15",14.33
"746","2009-12-16",14.41
"747","2009-12-17",14.36
"748","2009-12-18",14.23
"749","2009-12-21",14.24
"750","2009-12-22",14.38
"751","2009-12-23",14.59
"752","2009-12-24",14.57
"753","2009-12-28",14.61
"754","2009-12-29",14.05
"755","2009-12-30",13.92
"756","2009-12-31",13.65
"757","2010-01-04",13.68
"758","2010-01-05",13.62
"759","2010-01-06",13.62
"760","2010-01-07",13.69
"761","2010-01-08",13.73
"762","2010-01-11",13.76
"763","2010-01-12",13.63
"764","2010-01-13",13.72
"765","2010-01-14",13.69
"766","2010-01-15",13.58
"767","2010-01-19",13.71
"768","2010-01-20",13.66
"769","2010-01-21",13.61
"770","2010-01-22",13.6
"771","2010-01-25",13.63
"772","2010-01-26",13.43
"773","2010-01-27",13.49
"774","2010-01-28",13.19
"775","2010-01-29",13.28
"776","2010-02-01",13.24
"777","2010-02-02",13.29
"778","2010-02-03",13.29
"779","2010-02-04",13.05
"780","2010-02-05",13.22
"781","2010-02-08",13.17
"782","2010-02-09",13.06
"783","2010-02-10",12.76
"784","2010-02-11",12.56
"785","2010-02-12",12.58
"786","2010-02-16",12.84
"787","2010-02-17",12.81
"788","2010-02-18",12.67
"789","2010-02-19",12.53
"790","2010-02-22",12.52
"791","2010-02-23",12.53
"792","2010-02-24",12.48
"793","2010-02-25",12.3
"794","2010-02-26",12.44
"795","2010-03-01",12.54
"796","2010-03-02",12.72
"797","2010-03-03",12.73
"798","2010-03-04",12.77
"799","2010-03-05",12.83
"800","2010-03-08",12.76
"801","2010-03-09",12.74
"802","2010-03-10",12.85
"803","2010-03-11",12.92
"804","2010-03-12",12.94
"805","2010-03-15",12.91
"806","2010-03-16",13.02
"807","2010-03-17",13.02
"808","2010-03-18",13.03
"809","2010-03-19",13.04
"810","2010-03-22",13.1
"811","2010-03-23",13.03
"812","2010-03-24",12.91
"813","2010-03-25",12.82
"814","2010-03-26",12.67
"815","2010-03-29",11.96
"816","2010-03-30",11.67
"817","2010-03-31",11.96
"818","2010-04-01",11.88
"819","2010-04-05",11.79
"820","2010-04-06",11.8
"821","2010-04-07",11.7
"822","2010-04-08",11.7
"823","2010-04-09",11.69
"824","2010-04-12",11.54
"825","2010-04-13",11.54
"826","2010-04-14",11.7
"827","2010-04-15",11.68
"828","2010-04-16",11.58
"829","2010-04-19",11.69
"830","2010-04-20",11.9
"831","2010-04-21",11.85
"832","2010-04-22",11.72
"833","2010-04-23",11.83
"834","2010-04-26",11.84
"835","2010-04-27",11.73
"836","2010-04-28",11.64
"837","2010-04-29",11.39
"838","2010-04-30",11.32
"839","2010-05-03",11.39
"840","2010-05-04",11.1
"841","2010-05-05",10.83
"842","2010-05-06",10.3
"843","2010-05-07",10.45
"844","2010-05-10",10.75
"845","2010-05-11",10.62
"846","2010-05-12",10.85
"847","2010-05-13",10.81
"848","2010-05-14",10.77
"849","2010-05-17",10.82
"850","2010-05-18",10.69
"851","2010-05-19",10.62
"852","2010-05-20",10.51
"853","2010-05-21",10.73
"854","2010-05-24",10.63
"855","2010-05-25",10.98
"856","2010-05-26",10.95
"857","2010-05-27",11.22
"858","2010-05-28",11.42
"859","2010-06-01",11.25
"860","2010-06-02",11.43
"861","2010-06-03",11.47
"862","2010-06-04",11.22
"863","2010-06-07",11.14
"864","2010-06-08",11.35
"865","2010-06-09",11.34
"866","2010-06-10",11.48
"867","2010-06-11",11.32
"868","2010-06-14",11.37
"869","2010-06-15",11.25
"870","2010-06-16",11.32
"871","2010-06-17",11.27
"872","2010-06-18",11.45
"873","2010-06-21",11.38
"874","2010-06-22",11.27
"875","2010-06-23",11.23
"876","2010-06-24",11.34
"877","2010-06-25",11.65
"878","2010-06-28",11.35
"879","2010-06-29",11.15
"880","2010-06-30",11.06
"881","2010-07-01",10.93
"882","2010-07-02",10.94
"883","2010-07-06",10.74
"884","2010-07-07",11.18
"885","2010-07-08",11.18
"886","2010-07-09",11.33
"887","2010-07-12",11.29
"888","2010-07-13",11.4
"889","2010-07-14",11.47
"890","2010-07-15",11.64
"891","2010-07-16",11.57
"892","2010-07-19",11.58
"893","2010-07-20",11.91
"894","2010-07-21",11.84
"895","2010-07-22",12.14
"896","2010-07-23",12.33
"897","2010-07-26",12.44
"898","2010-07-27",12.45
"899","2010-07-28",12.35
"900","2010-07-29",11.85
"901","2010-07-30",11.7
"902","2010-08-02",11.93
"903","2010-08-03",11.9
"904","2010-08-04",12.07
"905","2010-08-05",11.76
"906","2010-08-06",11.91
"907","2010-08-09",12.04
"908","2010-08-10",11.82
"909","2010-08-11",11.86
"910","2010-08-12",12.01
"911","2010-08-13",11.85
"912","2010-08-16",11.96
"913","2010-08-17",11.9
"914","2010-08-18",12.03
"915","2010-08-19",11.9
"916","2010-08-20",11.88
"917","2010-08-23",11.86
"918","2010-08-24",11.78
"919","2010-08-25",11.73
"920","2010-08-26",11.48
"921","2010-08-27",11.65
"922","2010-08-30",11.53
"923","2010-08-31",11.62
"924","2010-09-01",11.8
"925","2010-09-02",11.81
"926","2010-09-03",11.83
"927","2010-09-07",11.76
"928","2010-09-08",11.8
"929","2010-09-09",11.81
"930","2010-09-10",11.05
"931","2010-09-13",11.07
"932","2010-09-14",11.04
"933","2010-09-15",11.07
"934","2010-09-16",11.11
"935","2010-09-17",11.06
"936","2010-09-20",11.09
"937","2010-09-21",11.33
"938","2010-09-22",11.22
"939","2010-09-23",11.16
"940","2010-09-24",11.3
"941","2010-09-27",11.21
"942","2010-09-28",10.94
"943","2010-09-29",10.92
"944","2010-09-30",10.87
"945","2010-10-01",10.88
"946","2010-10-04",10.91
"947","2010-10-05",10.99
"948","2010-10-06",10.98
"949","2010-10-07",10.93
"950","2010-10-08",11.03
"951","2010-10-11",10.96
"952","2010-10-12",10.99
"953","2010-10-13",11.03
"954","2010-10-14",11.04
"955","2010-10-15",11.01
"956","2010-10-18",11.12
"957","2010-10-19",11.14
"958","2010-10-20",11.17
"959","2010-10-21",11.17
"960","2010-10-22",11.04
"961","2010-10-25",11.04
"962","2010-10-26",11.03
"963","2010-10-27",10.93
"964","2010-10-28",11.26
"965","2010-10-29",11.4
"966","2010-11-01",11.4
"967","2010-11-02",11.41
"968","2010-11-03",11.34
"969","2010-11-04",11.56
"970","2010-11-05",11.68
"971","2010-11-08",11.65
"972","2010-11-09",11.53
"973","2010-11-10",11.56
"974","2010-11-11",11.59
"975","2010-11-12",11.65
"976","2010-11-15",11.57
"977","2010-11-16",11.41
"978","2010-11-17",11.59
"979","2010-11-18",11.65
"980","2010-11-19",11.68
"981","2010-11-22",11.69
"982","2010-11-23",11.74
"983","2010-11-24",11.77
"984","2010-11-26",11.8
"985","2010-11-29",11.82
"986","2010-11-30",11.75
"987","2010-12-01",11.87
"988","2010-12-02",11.98
"989","2010-12-03",12.14
"990","2010-12-06",12.1
"991","2010-12-07",12.01
"992","2010-12-08",11.98
"993","2010-12-09",11.93
"994","2010-12-10",12.29
"995","2010-12-13",12.44
"996","2010-12-14",12.49
"997","2010-12-15",12.31
"998","2010-12-16",12.44
"999","2010-12-17",12.5
"1000","2010-12-20",12.57
"1001","2010-12-21",12.67
"1002","2010-12-22",12.86
"1003","2010-12-23",12.97
"1004","2010-12-27",13.01
"1005","2010-12-28",12.95
"1006","2010-12-29",12.69
"1007","2010-12-30",12.68
"1008","2010-12-31",12.59
"1009","2011-01-03",12.71
"1010","2011-01-04",12.61
"1011","2011-01-05",12.73
"1012","2011-01-06",12.72
"1013","2011-01-07",12.72
"1014","2011-01-10",12.67
"1015","2011-01-11",12.7
"1016","2011-01-12",12.74
"1017","2011-01-13",12.74
"1018","2011-01-14",12.74
"1019","2011-01-18",12.73
"1020","2011-01-19",12.62
"1021","2011-01-20",12.61
"1022","2011-01-21",12.62
"1023","2011-01-24",12.76
"1024","2011-01-25",12.81
"1025","2011-01-26",12.89
"1026","2011-01-27",12.82
"1027","2011-01-28",12.69
"1028","2011-01-31",12.71
"1029","2011-02-01",13
"1030","2011-02-02",12.95
"1031","2011-02-03",13.14
"1032","2011-02-04",13.1
"1033","2011-02-07",13.22
"1034","2011-02-08",13.19
"1035","2011-02-09",13.13
"1036","2011-02-10",13.16
"1037","2011-02-11",13.07
"1038","2011-02-14",13
"1039","2011-02-15",12.79
"1040","2011-02-16",12.81
"1041","2011-02-17",12.75
"1042","2011-02-18",12.81
"1043","2011-02-22",12.79
"1044","2011-02-23",12.76
"1045","2011-02-24",12.91
"1046","2011-02-25",13.06
"1047","2011-02-28",13.14
"1048","2011-03-01",13.1
"1049","2011-03-02",13.24
"1050","2011-03-03",13.28
"1051","2011-03-04",13.16
"1052","2011-03-07",12.98
"1053","2011-03-08",13.13
"1054","2011-03-09",13.21
"1055","2011-03-10",13.04
"1056","2011-03-11",12.98
"1057","2011-03-14",13.04
"1058","2011-03-15",13.21
"1059","2011-03-16",13.16
"1060","2011-03-17",13.15
"1061","2011-03-18",13.28
"1062","2011-03-21",13.4
"1063","2011-03-22",13.18
"1064","2011-03-23",13.26
"1065","2011-03-24",13.32
"1066","2011-03-25",13.33
"1067","2011-03-28",13.19
"1068","2011-03-29",12.62
"1069","2011-03-30",12.67
"1070","2011-03-31",12.78
"1071","2011-04-01",12.79
"1072","2011-04-04",12.7
"1073","2011-04-05",12.86
"1074","2011-04-06",13.12
"1075","2011-04-07",12.92
"1076","2011-04-08",12.81
"1077","2011-04-11",12.87
"1078","2011-04-12",12.75
"1079","2011-04-13",12.76
"1080","2011-04-14",13.02
"1081","2011-04-15",12.95
"1082","2011-04-18",12.9
"1083","2011-04-19",12.8
"1084","2011-04-20",12.84
"1085","2011-04-21",12.91
"1086","2011-04-25",12.93
"1087","2011-04-26",12.98
"1088","2011-04-27",13.1
"1089","2011-04-28",13.2
"1090","2011-04-29",13.24
"1091","2011-05-02",13.21
"1092","2011-05-03",13.24
"1093","2011-05-04",13.23
"1094","2011-05-05",13.21
"1095","2011-05-06",13.21
"1096","2011-05-09",13.27
"1097","2011-05-10",13.33
"1098","2011-05-11",13.14
"1099","2011-05-12",13.2
"1100","2011-05-13",13.05
"1101","2011-05-16",13.02
"1102","2011-05-17",13.02
"1103","2011-05-18",13.07
"1104","2011-05-19",13.02
"1105","2011-05-20",13.07
"1106","2011-05-23",13.03
"1107","2011-05-24",12.98
"1108","2011-05-25",13.03
"1109","2011-05-26",13.07
"1110","2011-05-27",13.22
"1111","2011-05-31",13.27
"1112","2011-06-01",13.18
"1113","2011-06-02",13.18
"1114","2011-06-03",13.13
"1115","2011-06-06",13.12
"1116","2011-06-07",13.18
"1117","2011-06-08",13.31
"1118","2011-06-09",13.29
"1119","2011-06-10",13.27
"1120","2011-06-13",13.29
"1121","2011-06-14",13.59
"1122","2011-06-15",13.64
"1123","2011-06-16",13.65
"1124","2011-06-17",13.71
"1125","2011-06-20",13.88
"1126","2011-06-21",13.88
"1127","2011-06-22",13.83
"1128","2011-06-23",13.72
"1129","2011-06-24",13.77
"1130","2011-06-27",13.77
"1131","2011-06-28",13.31
"1132","2011-06-29",13.35
"1133","2011-06-30",13.4
"1134","2011-07-01",13.43
"1135","2011-07-05",13.46
"1136","2011-07-06",13.46
"1137","2011-07-07",13.43
"1138","2011-07-08",13.43
"1139","2011-07-11",13.3
"1140","2011-07-12",13.25
"1141","2011-07-13",13.37
"1142","2011-07-14",13.14
"1143","2011-07-15",13.16
"1144","2011-07-18",13.27
"1145","2011-07-19",13.48
"1146","2011-07-20",13.55
"1147","2011-07-21",13.61
"1148","2011-07-22",13.61
"1149","2011-07-25",13.4
"1150","2011-07-26",13.21
"1151","2011-07-27",13.05
"1152","2011-07-28",13.01
"1153","2011-07-29",12.64
"1154","2011-08-01",13.02
"1155","2011-08-02",12.81
"1156","2011-08-03",12.87
"1157","2011-08-04",12.48
"1158","2011-08-05",12.22
"1159","2011-08-08",11.45
"1160","2011-08-09",12.86
"1161","2011-08-10",12.47
"1162","2011-08-11",12.9
"1163","2011-08-12",12.9
"1164","2011-08-15",13.25
"1165","2011-08-16",13.16
"1166","2011-08-17",13.23
"1167","2011-08-18",12.79
"1168","2011-08-19",12.77
"1169","2011-08-22",13.12
"1170","2011-08-23",13.09
"1171","2011-08-24",12.9
"1172","2011-08-25",12.66
"1173","2011-08-26",12.87
"1174","2011-08-29",13.16
"1175","2011-08-30",13.28
"1176","2011-08-31",13.31
"1177","2011-09-01",12.79
"1178","2011-09-02",12.54
"1179","2011-09-06",12.71
"1180","2011-09-07",12.75
"1181","2011-09-08",12.69
"1182","2011-09-09",12.68
"1183","2011-09-12",12.82
"1184","2011-09-13",12.96
"1185","2011-09-14",13.09
"1186","2011-09-15",13.07
"1187","2011-09-16",13.1
"1188","2011-09-19",13.05
"1189","2011-09-20",12.85
"1190","2011-09-21",12.38
"1191","2011-09-22",12.34
"1192","2011-09-23",12.09
"1193","2011-09-26",12.37
"1194","2011-09-27",12.38
"1195","2011-09-28",11.74
"1196","2011-09-29",11.75
"1197","2011-09-30",11.54
"1198","2011-10-03",10.81
"1199","2011-10-04",11.19
"1200","2011-10-05",11.21
"1201","2011-10-06",11.72
"1202","2011-10-07",11.45
"1203","2011-10-10",11.75
"1204","2011-10-11",11.65
"1205","2011-10-12",11.43
"1206","2011-10-13",11.31
"1207","2011-10-14",11.68
"1208","2011-10-17",11.48
"1209","2011-10-18",11.61
"1210","2011-10-19",11.75
"1211","2011-10-20",11.62
"1212","2011-10-21",11.6
"1213","2011-10-24",12.06
"1214","2011-10-25",12.27
"1215","2011-10-26",12.31
"1216","2011-10-27",12.24
"1217","2011-10-28",12.15
"1218","2011-10-31",12.12
"1219","2011-11-01",11.87
"1220","2011-11-02",12.07
"1221","2011-11-03",12.04
"1222","2011-11-04",12.28
"1223","2011-11-07",12.28
"1224","2011-11-08",12.44
"1225","2011-11-09",12.13
"1226","2011-11-10",12.07
"1227","2011-11-11",12.19
"1228","2011-11-14",12.07
"1229","2011-11-15",12.22
"1230","2011-11-16",12.37
"1231","2011-11-17",12.4
"1232","2011-11-18",12.32
"1233","2011-11-21",12.08
"1234","2011-11-22",11.94
"1235","2011-11-23",11.75
"1236","2011-11-25",11.71
"1237","2011-11-28",12.11
"1238","2011-11-29",12.06
"1239","2011-11-30",12.48
"1240","2011-12-01",12.44
"1241","2011-12-02",12.52
"1242","2011-12-05",12.59
"1243","2011-12-06",12.63
"1244","2011-12-07",12.65
"1245","2011-12-08",12.39
"1246","2011-12-09",12.46
"1247","2011-12-12",12.5
"1248","2011-12-13",12.52
"1249","2011-12-14",12.71
"1250","2011-12-15",12.72
"1251","2011-12-16",12.77
"1252","2011-12-19",12.73
"1253","2011-12-20",12.8
"1254","2011-12-21",12.87
"1255","2011-12-22",12.99
"1256","2011-12-23",13.03
"1257","2011-12-27",13.08
"1258","2011-12-28",12.56
"1259","2011-12-29",12.5
"1260","2011-12-30",12.44
"1261","2012-01-03",12.6
"1262","2012-01-04",12.56
"1263","2012-01-05",12.3
"1264","2012-01-06",12.52
"1265","2012-01-09",12.55
"1266","2012-01-10",12.62
"1267","2012-01-11",12.63
"1268","2012-01-12",12.67
"1269","2012-01-13",12.7
"1270","2012-01-17",12.75
"1271","2012-01-18",12.76
"1272","2012-01-19",12.8
"1273","2012-01-20",12.86
"1274","2012-01-23",12.91
"1275","2012-01-24",12.92
"1276","2012-01-25",12.92
"1277","2012-01-26",12.96
"1278","2012-01-27",12.91
"1279","2012-01-30",12.9
"1280","2012-01-31",12.95
"1281","2012-02-01",13.1
"1282","2012-02-02",13.3
"1283","2012-02-03",13.39
"1284","2012-02-06",13.32
"1285","2012-02-07",13.33
"1286","2012-02-08",13.3
"1287","2012-02-09",13.29
"1288","2012-02-10",13.22
"1289","2012-02-13",13.38
"1290","2012-02-14",13.28
"1291","2012-02-15",13.33
"1292","2012-02-16",13.45
"1293","2012-02-17",13.55
"1294","2012-02-21",13.48
"1295","2012-02-22",13.27
"1296","2012-02-23",13.51
"1297","2012-02-24",13.47
"1298","2012-02-27",13.45
"1299","2012-02-28",13.47
"1300","2012-02-29",13.3
"1301","2012-03-01",13.19
"1302","2012-03-02",13.24
"1303","2012-03-05",13.38
"1304","2012-03-06",13.3
"1305","2012-03-07",13.46
"1306","2012-03-08",13.31
"1307","2012-03-09",13.39
"1308","2012-03-12",13.37
"1309","2012-03-13",13.49
"1310","2012-03-14",13.36
"1311","2012-03-15",13.43
"1312","2012-03-16",13.41
"1313","2012-03-19",13.45
"1314","2012-03-20",13.44
"1315","2012-03-21",13.47
"1316","2012-03-22",13.4
"1317","2012-03-23",13.41
"1318","2012-03-26",13.52
"1319","2012-03-27",13.4
"1320","2012-03-28",13.06
"1321","2012-03-29",13.07
"1322","2012-03-30",13.11
"1323","2012-04-02",13.21
"1324","2012-04-03",13.2
"1325","2012-04-04",13.07
"1326","2012-04-05",12.99
"1327","2012-04-09",12.94
"1328","2012-04-10",12.86
"1329","2012-04-11",12.99
"1330","2012-04-12",13.14
"1331","2012-04-13",13.11
"1332","2012-04-16",13.12
"1333","2012-04-17",13.24
"1334","2012-04-18",13.2
"1335","2012-04-19",13.21
"1336","2012-04-20",13.31
"1337","2012-04-23",13.26
"1338","2012-04-24",13.41
"1339","2012-04-25",13.46
"1340","2012-04-26",13.66
"1341","2012-04-27",13.76
"1342","2012-04-30",13.73
"1343","2012-05-01",13.72
"1344","2012-05-02",13.75
"1345","2012-05-03",13.77
"1346","2012-05-04",13.77
"1347","2012-05-07",13.74
"1348","2012-05-08",13.81
"1349","2012-05-09",13.8
"1350","2012-05-10",13.9
"1351","2012-05-11",13.88
"1352","2012-05-14",13.8
"1353","2012-05-15",13.69
"1354","2012-05-16",13.74
"1355","2012-05-17",13.41
"1356","2012-05-18",13.35
"1357","2012-05-21",13.66
"1358","2012-05-22",13.6
"1359","2012-05-23",13.66
"1360","2012-05-24",13.76
"1361","2012-05-25",13.77
"1362","2012-05-29",13.84
"1363","2012-05-30",13.73
"1364","2012-05-31",13.77
"1365","2012-06-01",13.56
"1366","2012-06-04",13.62
"1367","2012-06-05",13.81
"1368","2012-06-06",13.9
"1369","2012-06-07",13.83
"1370","2012-06-08",14.14
"1371","2012-06-11",14.12
"1372","2012-06-12",13.9
"1373","2012-06-13",13.8
"1374","2012-06-14",13.89
"1375","2012-06-15",13.91
"1376","2012-06-18",13.9
"1377","2012-06-19",14.03
"1378","2012-06-20",14.05
"1379","2012-06-21",14.02
"1380","2012-06-22",14.02
"1381","2012-06-25",13.97
"1382","2012-06-26",13.95
"1383","2012-06-27",13.79
"1384","2012-06-28",13.9
"1385","2012-06-29",13.91
"1386","2012-07-02",14.02
"1387","2012-07-03",13.98
"1388","2012-07-05",13.95
"1389","2012-07-06",14
"1390","2012-07-09",14.08
"1391","2012-07-10",14.01
"1392","2012-07-11",13.81
"1393","2012-07-12",13.74
"1394","2012-07-13",13.59
"1395","2012-07-16",13.88
"1396","2012-07-17",14.09
"1397","2012-07-18",14.01
"1398","2012-07-19",14.01
"1399","2012-07-20",13.94
"1400","2012-07-23",14.1
"1401","2012-07-24",14.24
"1402","2012-07-25",14.2
"1403","2012-07-26",13.86
"1404","2012-07-27",13.85
"1405","2012-07-30",14.01
"1406","2012-07-31",14.08
"1407","2012-08-01",13.91
"1408","2012-08-02",13.95
"1409","2012-08-03",13.99
"1410","2012-08-06",13.86
"1411","2012-08-07",13.75
"1412","2012-08-08",13.75
"1413","2012-08-09",13.89
"1414","2012-08-10",13.86
"1415","2012-08-13",13.99
"1416","2012-08-14",13.91
"1417","2012-08-15",13.9
"1418","2012-08-16",13.84
"1419","2012-08-17",13.98
"1420","2012-08-20",14.06
"1421","2012-08-21",13.94
"1422","2012-08-22",13.98
"1423","2012-08-23",13.95
"1424","2012-08-24",14
"1425","2012-08-27",14.1
"1426","2012-08-28",14.2
"1427","2012-08-29",14.28
"1428","2012-08-30",14.26
"1429","2012-08-31",14.34
"1430","2012-09-04",14.31
"1431","2012-09-05",14.31
"1432","2012-09-06",14.37
"1433","2012-09-07",14.41
"1434","2012-09-10",14.41
"1435","2012-09-11",14.36
"1436","2012-09-12",14.42
"1437","2012-09-13",14.39
"1438","2012-09-14",14.46
"1439","2012-09-17",14.29
"1440","2012-09-18",14.39
"1441","2012-09-19",14.39
"1442","2012-09-20",14.39
"1443","2012-09-21",14.43
"1444","2012-09-24",14.58
"1445","2012-09-25",14.39
"1446","2012-09-26",13.53
"1447","2012-09-27",13.62
"1448","2012-09-28",13.49
"1449","2012-10-01",13.43
"1450","2012-10-02",13.43
"1451","2012-10-03",13.15
"1452","2012-10-04",13.05
"1453","2012-10-05",13.06
"1454","2012-10-08",12.9
"1455","2012-10-09",12.67
"1456","2012-10-10",12.51
"1457","2012-10-11",12.62
"1458","2012-10-12",12.43
"1459","2012-10-15",12.22
"1460","2012-10-16",12.32
"1461","2012-10-17",12.48
"1462","2012-10-18",12.66
"1463","2012-10-19",12.6
"1464","2012-10-22",12.52
"1465","2012-10-23",12.39
"1466","2012-10-24",12.5
"1467","2012-10-25",12.39
"1468","2012-10-26",12.13
"1469","2012-10-31",12.32
"1470","2012-11-01",12.52
"1471","2012-11-02",12.3
"1472","2012-11-05",12.32
"1473","2012-11-06",12.07
"1474","2012-11-07",11.86
"1475","2012-11-08",11.97
"1476","2012-11-09",11.96
"1477","2012-11-12",11.91
"1478","2012-11-13",11.54
"1479","2012-11-14",11.1
"1480","2012-11-15",11.36
"1481","2012-11-16",11.87
"1482","2012-11-19",11.92
"1483","2012-11-20",11.95
"1484","2012-11-21",11.96
"1485","2012-11-23",12.13
"1486","2012-11-26",12.11
"1487","2012-11-27",12.04
"1488","2012-11-28",11.98
"1489","2012-11-29",12.03
"1490","2012-11-30",12.14
"1491","2012-12-03",12.01
"1492","2012-12-04",12.14
"1493","2012-12-05",12.05
"1494","2012-12-06",12.05
"1495","2012-12-07",12.08
"1496","2012-12-10",12.22
"1497","2012-12-11",12.08
"1498","2012-12-12",11.92
"1499","2012-12-13",11.67
"1500","2012-12-14",11.64
"1501","2012-12-17",11.79
"1502","2012-12-18",11.9
"1503","2012-12-19",12.08
"1504","2012-12-20",12.16
"1505","2012-12-21",11.99
"1506","2012-12-24",11.97
"1507","2012-12-26",11.88
"1508","2012-12-27",11.39
"1509","2012-12-28",11.4
"1510","2012-12-31",11.47
"1511","2013-01-02",11.86
"1512","2013-01-03",11.92
"1513","2013-01-04",12.04
"1514","2013-01-07",12.01
"1515","2013-01-08",11.98
"1516","2013-01-09",12.02
"1517","2013-01-10",12.06
"1518","2013-01-11",12.05
"1519","2013-01-14",12.03
"1520","2013-01-15",12.06
"1521","2013-01-16",12.15
"1522","2013-01-17",12.19
"1523","2013-01-18",12.25
"1524","2013-01-22",12.34
"1525","2013-01-23",12.34
"1526","2013-01-24",12.18
"1527","2013-01-25",12.18
"1528","2013-01-28",12.26
"1529","2013-01-29",12.31
"1530","2013-01-30",12.36
"1531","2013-01-31",12.38
"1532","2013-02-01",12.36
"1533","2013-02-04",12.17
"1534","2013-02-05",12.21
"1535","2013-02-06",12.25
"1536","2013-02-07",12.22
"1537","2013-02-08",12.19
"1538","2013-02-11",12.2
"1539","2013-02-12",12.14
"1540","2013-02-13",12.28
"1541","2013-02-14",12.23
"1542","2013-02-15",12.27
"1543","2013-02-19",12.2
"1544","2013-02-20",12.09
"1545","2013-02-21",12.15
"1546","2013-02-22",12.24
"1547","2013-02-25",12.17
"1548","2013-02-26",12.26
"1549","2013-02-27",12.34
"1550","2013-02-28",12.54
"1551","2013-03-01",12.44
"1552","2013-03-04",12.49
"1553","2013-03-05",12.39
"1554","2013-03-06",12.33
"1555","2013-03-07",12.42
"1556","2013-03-08",12.46
"1557","2013-03-11",12.59
"1558","2013-03-12",12.7
"1559","2013-03-13",12.78
"1560","2013-03-14",12.97
"1561","2013-03-15",12.98
"1562","2013-03-18",12.95
"1563","2013-03-19",12.87
"1564","2013-03-20",12.9
"1565","2013-03-21",12.96
"1566","2013-03-22",13.11
"1567","2013-03-25",13.09
"1568","2013-03-26",12.82
"1569","2013-03-27",12.91
"1570","2013-03-28",12.82
"1571","2013-04-01",12.9
"1572","2013-04-02",12.85
"1573","2013-04-03",12.82
"1574","2013-04-04",12.94
"1575","2013-04-05",12.96
"1576","2013-04-08",13.09
"1577","2013-04-09",13
"1578","2013-04-10",13.06
"1579","2013-04-11",13.04
"1580","2013-04-12",12.98
"1581","2013-04-15",12.66
"1582","2013-04-16",12.89
"1583","2013-04-17",12.78
"1584","2013-04-18",12.77
"1585","2013-04-19",12.81
"1586","2013-04-22",12.92
"1587","2013-04-23",13.04
"1588","2013-04-24",13.02
"1589","2013-04-25",13.01
"1590","2013-04-26",12.95
"1591","2013-04-29",13.05
"1592","2013-04-30",13.28
"1593","2013-05-01",13.01
"1594","2013-05-02",13
"1595","2013-05-03",12.86
"1596","2013-05-06",12.87
"1597","2013-05-07",13.11
"1598","2013-05-08",13.17
"1599","2013-05-09",13.14
"1600","2013-05-10",13.01
"1601","2013-05-13",12.66
"1602","2013-05-14",12.63
"1603","2013-05-15",12.54
"1604","2013-05-16",12.83
"1605","2013-05-17",12.94
"1606","2013-05-20",12.74
"1607","2013-05-21",12.44
"1608","2013-05-22",12.25
"1609","2013-05-23",12.31
"1610","2013-05-24",12.26
"1611","2013-05-28",12.17
"1612","2013-05-29",12.24
"1613","2013-05-30",12.55
"1614","2013-05-31",12.28
"1615","2013-06-03",12.33
"1616","2013-06-04",12.5
"1617","2013-06-05",12.37
"1618","2013-06-06",12.51
"1619","2013-06-07",12.5
"1620","2013-06-10",12.43
"1621","2013-06-11",12.25
"1622","2013-06-12",12.1
"1623","2013-06-13",12.59
"1624","2013-06-14",12.61
"1625","2013-06-17",12.44
"1626","2013-06-18",12.63
"1627","2013-06-19",12.43
"1628","2013-06-20",12.1
"1629","2013-06-21",12.39
"1630","2013-06-24",12.04
"1631","2013-06-25",12.1
"1632","2013-06-26",11.94
"1633","2013-06-27",12.02
"1634","2013-06-28",12.1
"1635","2013-07-01",12.19
"1636","2013-07-02",12.05
"1637","2013-07-03",11.98
"1638","2013-07-05",11.35
"1639","2013-07-08",11.41
"1640","2013-07-09",11.6
"1641","2013-07-10",11.57
"1642","2013-07-11",11.93
"1643","2013-07-12",11.85
"1644","2013-07-15",11.96
"1645","2013-07-16",11.83
"1646","2013-07-17",11.92
"1647","2013-07-18",11.82
"1648","2013-07-19",11.74
"1649","2013-07-22",11.76
"1650","2013-07-23",11.68
"1651","2013-07-24",11.42
"1652","2013-07-25",11.89
"1653","2013-07-26",12.03
"1654","2013-07-29",11.95
"1655","2013-07-30",11.88
"1656","2013-07-31",11.82
"1657","2013-08-01",11.85
"1658","2013-08-02",12.01
"1659","2013-08-05",11.85
"1660","2013-08-06",11.8
"1661","2013-08-07",11.84
"1662","2013-08-08",11.82
"1663","2013-08-09",11.94
"1664","2013-08-12",11.97
"1665","2013-08-13",11.88
"1666","2013-08-14",11.87
"1667","2013-08-15",11.82
"1668","2013-08-16",11.71
"1669","2013-08-19",11.25
"1670","2013-08-20",11.46
"1671","2013-08-21",11.37
"1672","2013-08-22",11.54
"1673","2013-08-23",11.78
"1674","2013-08-26",11.65
"1675","2013-08-27",11.83
"1676","2013-08-28",11.76
"1677","2013-08-29",11.89
"1678","2013-08-30",11.74
"1679","2013-09-03",11.73
"1680","2013-09-04",11.78
"1681","2013-09-05",11.66
"1682","2013-09-06",11.64
"1683","2013-09-09",11.75
"1684","2013-09-10",11.65
"1685","2013-09-11",11.66
"1686","2013-09-12",11.94
"1687","2013-09-13",11.92
"1688","2013-09-16",12.08
"1689","2013-09-17",12.16
"1690","2013-09-18",12.39
"1691","2013-09-19",12.45
"1692","2013-09-20",12.08
"1693","2013-09-23",12.12
"1694","2013-09-24",12.12
"1695","2013-09-25",12.22
"1696","2013-09-26",11.92
"1697","2013-09-27",11.85
"1698","2013-09-30",11.77
"1699","2013-10-01",11.82
"1700","2013-10-02",11.82
"1701","2013-10-03",11.73
"1702","2013-10-04",11.61
"1703","2013-10-07",11.65
"1704","2013-10-08",11.59
"1705","2013-10-09",11.6
"1706","2013-10-10",11.76
"1707","2013-10-11",11.87
"1708","2013-10-14",11.8
"1709","2013-10-15",11.75
"1710","2013-10-16",11.81
"1711","2013-10-17",12.15
"1712","2013-10-18",12.19
"1713","2013-10-21",12.09
"1714","2013-10-22",12.13
"1715","2013-10-23",12.11
"1716","2013-10-24",11.83
"1717","2013-10-25",11.8
"1718","2013-10-28",11.79
"1719","2013-10-29",11.65
"1720","2013-10-30",11.78
"1721","2013-10-31",11.83
"1722","2013-11-01",11.88
"1723","2013-11-04",11.99
"1724","2013-11-05",11.79
"1725","2013-11-06",11.86
"1726","2013-11-07",11.8
"1727","2013-11-08",11.55
"1728","2013-11-11",11.44
"1729","2013-11-12",11.53
"1730","2013-11-13",11.73
"1731","2013-11-14",11.86
"1732","2013-11-15",11.89
"1733","2013-11-18",11.87
"1734","2013-11-19",11.7
"1735","2013-11-20",11.81
"1736","2013-11-21",11.9
"1737","2013-11-22",11.99
"1738","2013-11-25",12.08
"1739","2013-11-26",12.01
"1740","2013-11-27",12.09
"1741","2013-11-29",12.03
"1742","2013-12-02",11.99
"1743","2013-12-03",12.1
"1744","2013-12-04",12.09
"1745","2013-12-05",12.09
"1746","2013-12-06",11.99
"1747","2013-12-09",11.97
"1748","2013-12-10",12.04
"1749","2013-12-11",11.99
"1750","2013-12-12",11.97
"1751","2013-12-13",12.08
"1752","2013-12-16",12.13
"1753","2013-12-17",12.28
"1754","2013-12-18",12.34
"1755","2013-12-19",12.18
"1756","2013-12-20",12.46
"1757","2013-12-23",12.39
"1758","2013-12-24",12.43
"1759","2013-12-26",12.4
"1760","2013-12-27",12.11
"1761","2013-12-30",12.05
"1762","2013-12-31",12.08
"1763","2014-01-02",12.11
"1764","2014-01-03",12.17
"1765","2014-01-06",12.27
"1766","2014-01-07",12.33
"1767","2014-01-08",12.22
"1768","2014-01-09",12.16
"1769","2014-01-10",12.22
"1770","2014-01-13",12.16
"1771","2014-01-14",12.12
"1772","2014-01-15",12.06
"1773","2014-01-16",12.1
"1774","2014-01-17",12.11
"1775","2014-01-21",12.24
"1776","2014-01-22",12.31
"1777","2014-01-23",12.44
"1778","2014-01-24",12.53
"1779","2014-01-27",12.43
"1780","2014-01-28",12.35
"1781","2014-01-29",12.37
"1782","2014-01-30",12.59
"1783","2014-01-31",12.62
"1784","2014-02-03",12.57
"1785","2014-02-04",12.59
"1786","2014-02-05",12.56
"1787","2014-02-06",12.46
"1788","2014-02-07",12.56
"1789","2014-02-10",12.65
"1790","2014-02-11",12.63
"1791","2014-02-12",12.65
"1792","2014-02-13",12.77
"1793","2014-02-14",12.76
"1794","2014-02-18",12.88
"1795","2014-02-19",12.81
"1796","2014-02-20",12.77
"1797","2014-02-21",12.67
"1798","2014-02-24",12.76
"1799","2014-02-25",12.75
"1800","2014-02-26",12.86
"1801","2014-02-27",12.8
"1802","2014-02-28",12.89
"1803","2014-03-03",12.91
"1804","2014-03-04",12.91
"1805","2014-03-05",12.98
"1806","2014-03-06",12.99
"1807","2014-03-07",12.83
"1808","2014-03-10",12.84
"1809","2014-03-11",12.8
"1810","2014-03-12",12.86
"1811","2014-03-13",13.01
"1812","2014-03-14",13.02
"1813","2014-03-17",13.04
"1814","2014-03-18",13.06
"1815","2014-03-19",12.93
"1816","2014-03-20",12.92
"1817","2014-03-21",12.99
"1818","2014-03-24",12.98
"1819","2014-03-25",13.02
"1820","2014-03-26",12.9
"1821","2014-03-27",12.6
"1822","2014-03-28",12.6
"1823","2014-03-31",12.66
"1824","2014-04-01",12.64
"1825","2014-04-02",12.7
"1826","2014-04-03",12.63
"1827","2014-04-04",12.62
"1828","2014-04-07",12.66
"1829","2014-04-08",12.65
"1830","2014-04-09",12.62
"1831","2014-04-10",12.66
"1832","2014-04-11",12.69
"1833","2014-04-14",12.73
"1834","2014-04-15",12.8
"1835","2014-04-16",12.68
"1836","2014-04-17",12.72
"1837","2014-04-21",12.8
"1838","2014-04-22",12.85
"1839","2014-04-23",12.89
"1840","2014-04-24",12.89
"1841","2014-04-25",12.88
"1842","2014-04-28",12.78
"1843","2014-04-29",12.71
"1844","2014-04-30",12.78
"1845","2014-05-01",12.89
"1846","2014-05-02",12.9
"1847","2014-05-05",12.88
"1848","2014-05-06",12.89
"1849","2014-05-07",12.93
"1850","2014-05-08",12.83
"1851","2014-05-09",12.91
"1852","2014-05-12",12.86
"1853","2014-05-13",12.91
"1854","2014-05-14",12.91
"1855","2014-05-15",12.89
"1856","2014-05-16",12.92
"1857","2014-05-19",12.95
"1858","2014-05-20",12.92
"1859","2014-05-21",12.94
"1860","2014-05-22",12.99
"1861","2014-05-23",13.08
"1862","2014-05-27",13.15
"1863","2014-05-28",13.11
"1864","2014-05-29",13.05
"1865","2014-05-30",13.17
"1866","2014-06-02",13.1
"1867","2014-06-03",13.12
"1868","2014-06-04",13.15
"1869","2014-06-05",13.21
"1870","2014-06-06",13.27
"1871","2014-06-09",13.27
"1872","2014-06-10",13.26
"1873","2014-06-11",13.29
"1874","2014-06-12",13.31
"1875","2014-06-13",13.34
"1876","2014-06-16",13.33
"1877","2014-06-17",13.28
"1878","2014-06-18",13.25
"1879","2014-06-19",13.29
"1880","2014-06-20",13.35
"1881","2014-06-23",13.32
"1882","2014-06-24",13.35
"1883","2014-06-25",13.33
"1884","2014-06-26",13.07
"1885","2014-06-27",13.13
"1886","2014-06-30",13.15
"1887","2014-07-01",12.96
"1888","2014-07-02",12.96
"1889","2014-07-03",12.9
"1890","2014-07-07",12.84
"1891","2014-07-08",13.09
"1892","2014-07-09",13.15
"1893","2014-07-10",13.22
"1894","2014-07-11",13.18
"1895","2014-07-14",13.25
"1896","2014-07-15",13.26
"1897","2014-07-16",13.23
"1898","2014-07-17",13.18
"1899","2014-07-18",13.27
"1900","2014-07-21",13.24
"1901","2014-07-22",13.23
"1902","2014-07-23",13.19
"1903","2014-07-24",13.11
"1904","2014-07-25",13.13
"1905","2014-07-28",13.2
"1906","2014-07-29",13.16
"1907","2014-07-30",12.96
"1908","2014-07-31",12.84
"1909","2014-08-01",12.83
"1910","2014-08-04",12.86
"1911","2014-08-05",12.81
"1912","2014-08-06",12.9
"1913","2014-08-07",12.93
"1914","2014-08-08",12.98
"1915","2014-08-11",13
"1916","2014-08-12",12.99
"1917","2014-08-13",13.06
"1918","2014-08-14",13.04
"1919","2014-08-15",13.05
"1920","2014-08-18",13.08
"1921","2014-08-19",13.03
"1922","2014-08-20",13.06
"1923","2014-08-21",13.07
"1924","2014-08-22",13.06
"1925","2014-08-25",13.06
"1926","2014-08-26",13.15
"1927","2014-08-27",13.12
"1928","2014-08-28",13.15
"1929","2014-08-29",13.22
"1930","2014-09-02",13.16
"1931","2014-09-03",13.19
"1932","2014-09-04",13.17
"1933","2014-09-05",13.29
"1934","2014-09-08",13.27
"1935","2014-09-09",13.23
"1936","2014-09-10",13.15
"1937","2014-09-11",13.24
"1938","2014-09-12",13.01
"1939","2014-09-15",12.99
"1940","2014-09-16",13.07
"1941","2014-09-17",13.05
"1942","2014-09-18",13
"1943","2014-09-19",13
"1944","2014-09-22",12.89
"1945","2014-09-23",12.86
"1946","2014-09-24",12.83
"1947","2014-09-25",12.93
"1948","2014-09-26",12.56
"1949","2014-09-29",12.48
"1950","2014-09-30",12.24
"1951","2014-10-01",12.38
"1952","2014-10-02",12.34
"1953","2014-10-03",12.29
"1954","2014-10-06",12.3
"1955","2014-10-07",12.4
"1956","2014-10-08",12.64
"1957","2014-10-09",12.56
"1958","2014-10-10",12.56
"1959","2014-10-13",12.63
"1960","2014-10-14",12.67
"1961","2014-10-15",12.61
"1962","2014-10-16",12.64
"1963","2014-10-17",12.64
"1964","2014-10-20",12.73
"1965","2014-10-21",12.84
"1966","2014-10-22",12.82
"1967","2014-10-23",12.82
"1968","2014-10-24",12.8
"1969","2014-10-27",12.85
"1970","2014-10-28",12.91
"1971","2014-10-29",12.76
"1972","2014-10-30",12.64
"1973","2014-10-31",12.71
"1974","2014-11-03",12.67
"1975","2014-11-04",12.64
"1976","2014-11-05",12.65
"1977","2014-11-06",12.6
"1978","2014-11-07",12.66
"1979","2014-11-10",12.66
"1980","2014-11-11",12.63
"1981","2014-11-12",12.65
"1982","2014-11-13",12.68
"1983","2014-11-14",12.71
"1984","2014-11-17",12.76
"1985","2014-11-18",12.84
"1986","2014-11-19",12.76
"1987","2014-11-20",12.9
"1988","2014-11-21",12.8
"1989","2014-11-24",12.89
"1990","2014-11-25",12.91
"1991","2014-11-26",12.99
"1992","2014-11-28",13.01
"1993","2014-12-01",12.98
"1994","2014-12-02",13.07
"1995","2014-12-03",13.09
"1996","2014-12-04",13.02
"1997","2014-12-05",12.92
"1998","2014-12-08",12.69
"1999","2014-12-09",13.01
"2000","2014-12-10",12.78
"2001","2014-12-11",12.88
"2002","2014-12-12",12.67
"2003","2014-12-15",12.55
"2004","2014-12-16",12.47
"2005","2014-12-17",12.65
"2006","2014-12-18",12.72
"2007","2014-12-19",12.82
"2008","2014-12-22",12.82
"2009","2014-12-23",12.8
"2010","2014-12-24",12.68
"2011","2014-12-26",12.77
"2012","2014-12-29",12.52
"2013","2014-12-30",12.49
"2014","2014-12-31",12.28
"2015","2015-01-02",12.46
"2016","2015-01-05",12.49
"2017","2015-01-06",12.41
"2018","2015-01-07",12.44
"2019","2015-01-08",12.57
"2020","2015-01-09",12.39
"2021","2015-01-12",12.3
"2022","2015-01-13",12.17
"2023","2015-01-14",12.18
"2024","2015-01-15",12.18
"2025","2015-01-16",12.29
"2026","2015-01-20",12.14
"2027","2015-01-21",12.12
"2028","2015-01-22",12.29
"2029","2015-01-23",12.22
"2030","2015-01-26",12.3
"2031","2015-01-27",12.27
"2032","2015-01-28",12.25
"2033","2015-01-29",12.09
"2034","2015-01-30",12.02
"2035","2015-02-02",11.93
"2036","2015-02-03",12.02
"2037","2015-02-04",11.91
"2038","2015-02-05",11.92
"2039","2015-02-06",11.78
"2040","2015-02-09",11.78
"2041","2015-02-10",11.74
"2042","2015-02-11",11.71
"2043","2015-02-12",11.82
"2044","2015-02-13",11.84
"2045","2015-02-17",11.89
"2046","2015-02-18",11.93
"2047","2015-02-19",11.88
"2048","2015-02-20",11.95
"2049","2015-02-23",11.97
"2050","2015-02-24",11.93
"2051","2015-02-25",11.96
"2052","2015-02-26",11.92
"2053","2015-02-27",11.97
"2054","2015-03-02",11.98
"2055","2015-03-03",11.98
"2056","2015-03-04",12.01
"2057","2015-03-05",11.97
"2058","2015-03-06",11.72
"2059","2015-03-09",11.7
"2060","2015-03-10",11.65
"2061","2015-03-11",11.62
"2062","2015-03-12",11.75
"2063","2015-03-13",11.68
"2064","2015-03-16",11.77
"2065","2015-03-17",11.87
"2066","2015-03-18",12.09
"2067","2015-03-19",12.07
"2068","2015-03-20",12.27
"2069","2015-03-23",12.3
"2070","2015-03-24",12.26
"2071","2015-03-25",12.18
"2072","2015-03-26",12.18
"2073","2015-03-27",11.81
"2074","2015-03-30",11.81
"2075","2015-03-31",11.77
"2076","2015-04-01",11.78
"2077","2015-04-02",11.81
"2078","2015-04-06",11.93
"2079","2015-04-07",11.84
"2080","2015-04-08",11.88
"2081","2015-04-09",11.82
"2082","2015-04-10",11.91
"2083","2015-04-13",11.9
"2084","2015-04-14",11.92
"2085","2015-04-15",11.91
"2086","2015-04-16",11.96
"2087","2015-04-17",11.91
"2088","2015-04-20",11.98
"2089","2015-04-21",11.94
"2090","2015-04-22",11.9
"2091","2015-04-23",11.96
"2092","2015-04-24",11.97
"2093","2015-04-27",11.94
"2094","2015-04-28",11.85
"2095","2015-04-29",11.74
"2096","2015-04-30",11.65
"2097","2015-05-01",11.73
"2098","2015-05-04",11.83
"2099","2015-05-05",11.71
"2100","2015-05-06",11.69
"2101","2015-05-07",11.73
"2102","2015-05-08",11.77
"2103","2015-05-11",11.73
"2104","2015-05-12",11.84
"2105","2015-05-13",11.81
"2106","2015-05-14",11.92
"2107","2015-05-15",11.9
"2108","2015-05-18",11.93
"2109","2015-05-19",11.91
"2110","2015-05-20",11.92
"2111","2015-05-21",11.9
"2112","2015-05-22",11.86
"2113","2015-05-26",11.81
"2114","2015-05-27",11.83
"2115","2015-05-28",11.83
"2116","2015-05-29",11.83
"2117","2015-06-01",11.9
"2118","2015-06-02",11.86
"2119","2015-06-03",11.81
"2120","2015-06-04",11.79
"2121","2015-06-05",11.64
"2122","2015-06-08",11.58
"2123","2015-06-09",11.55
"2124","2015-06-10",11.56
"2125","2015-06-11",11.76
"2126","2015-06-12",11.75
"2127","2015-06-15",11.73
"2128","2015-06-16",11.75
"2129","2015-06-17",11.79
"2130","2015-06-18",11.85
"2131","2015-06-19",11.84
"2132","2015-06-22",11.8
"2133","2015-06-23",11.78
"2134","2015-06-24",11.76
"2135","2015-06-25",11.77
"2136","2015-06-26",11.23
"2137","2015-06-29",11.09
"2138","2015-06-30",11.1
"2139","2015-07-01",11.27
"2140","2015-07-02",11.25
"2141","2015-07-06",11.38
"2142","2015-07-07",11.69
"2143","2015-07-08",11.66
"2144","2015-07-09",11.52
"2145","2015-07-10",11.53
"2146","2015-07-13",11.55
"2147","2015-07-14",11.57
"2148","2015-07-15",11.58
"2149","2015-07-16",11.59
"2150","2015-07-17",11.57
"2151","2015-07-20",11.55
"2152","2015-07-21",11.5
"2153","2015-07-22",11.49
"2154","2015-07-23",11.41
"2155","2015-07-24",11.25
"2156","2015-07-27",11.32
"2157","2015-07-28",11.41
"2158","2015-07-29",11.42
"2159","2015-07-30",11.12
"2160","2015-07-31",11.07
"2161","2015-08-03",11.04
"2162","2015-08-04",11
"2163","2015-08-05",10.98
"2164","2015-08-06",10.96
"2165","2015-08-07",10.92
"2166","2015-08-10",10.79
"2167","2015-08-11",10.88
"2168","2015-08-12",10.9
"2169","2015-08-13",10.84
"2170","2015-08-14",10.81
"2171","2015-08-17",10.85
"2172","2015-08-18",10.85
"2173","2015-08-19",10.79
"2174","2015-08-20",10.87
"2175","2015-08-21",10.7
"2176","2015-08-24",10.41
"2177","2015-08-25",10.26
"2178","2015-08-26",10.4
"2179","2015-08-27",10.52
"2180","2015-08-28",10.47
"2181","2015-08-31",10.42
"2182","2015-09-01",10.36
"2183","2015-09-02",10.36
"2184","2015-09-03",10.35
"2185","2015-09-04",10.27
"2186","2015-09-08",10.3
"2187","2015-09-09",10.24
"2188","2015-09-10",10.19
"2189","2015-09-11",10.3
"2190","2015-09-14",10.24
"2191","2015-09-15",10.24
"2192","2015-09-16",10.3
"2193","2015-09-17",10.44
"2194","2015-09-18",10.41
"2195","2015-09-21",10.61
"2196","2015-09-22",10.54
"2197","2015-09-23",10.61
"2198","2015-09-24",10.58
"2199","2015-09-25",10.52
"2200","2015-09-28",10.05
"2201","2015-09-29",9.93
"2202","2015-09-30",9.89
"2203","2015-10-01",9.94
"2204","2015-10-02",10
"2205","2015-10-05",10.24
"2206","2015-10-06",10.25
"2207","2015-10-07",10.44
"2208","2015-10-08",10.47
"2209","2015-10-09",10.43
"2210","2015-10-12",10.43
"2211","2015-10-13",10.31
"2212","2015-10-14",10.3
"2213","2015-10-15",10.32
"2214","2015-10-16",10.34
"2215","2015-10-19",10.33
"2216","2015-10-20",10.42
"2217","2015-10-21",10.36
"2218","2015-10-22",10.39
"2219","2015-10-23",10.37
"2220","2015-10-26",10.35
"2221","2015-10-27",10.07
"2222","2015-10-28",10.13
"2223","2015-10-29",9.81
"2224","2015-10-30",9.65
"2225","2015-11-02",9.85
"2226","2015-11-03",9.88
"2227","2015-11-04",9.8
"2228","2015-11-05",9.69
"2229","2015-11-06",9.64
"2230","2015-11-09",9.54
"2231","2015-11-10",9.64
"2232","2015-11-11",9.65
"2233","2015-11-12",9.55
"2234","2015-11-13",9.52
"2235","2015-11-16",9.57
"2236","2015-11-17",9.47
"2237","2015-11-18",9.59
"2238","2015-11-19",9.63
"2239","2015-11-20",9.62
"2240","2015-11-23",9.59
"2241","2015-11-24",9.6
"2242","2015-11-25",9.61
"2243","2015-11-27",9.66
"2244","2015-11-30",9.49
"2245","2015-12-01",9.47
"2246","2015-12-02",9.2
"2247","2015-12-03",9.22
"2248","2015-12-04",9.2
"2249","2015-12-07",9.03
"2250","2015-12-08",8.98
"2251","2015-12-09",8.98
"2252","2015-12-10",9.08
"2253","2015-12-11",8.95
"2254","2015-12-14",8.71
"2255","2015-12-15",8.77
"2256","2015-12-16",8.96
"2257","2015-12-17",9.05
"2258","2015-12-18",8.96
"2259","2015-12-21",8.97
"2260","2015-12-22",9.1
"2261","2015-12-23",9.36
"2262","2015-12-24",9.39
"2263","2015-12-28",9.34
"2264","2015-12-29",8.97
"2265","2015-12-30",8.88
"2266","2015-12-31",8.74
"2267","2016-01-04",8.93
"2268","2016-01-05",9.04
"2269","2016-01-06",9.06
"2270","2016-01-07",8.91
"2271","2016-01-08",8.85
"2272","2016-01-11",8.91
"2273","2016-01-12",8.62
"2274","2016-01-13",8.43
"2275","2016-01-14",8.43
"2276","2016-01-15",8.22
"2277","2016-01-19",8
"2278","2016-01-20",7.87
"2279","2016-01-21",7.88
"2280","2016-01-22",8.18
"2281","2016-01-25",8.04
"2282","2016-01-26",8.31
"2283","2016-01-27",8.31
"2284","2016-01-28",8.89
"2285","2016-01-29",9.34
"2286","2016-02-01",9.32
"2287","2016-02-02",9.29
"2288","2016-02-03",9.47
"2289","2016-02-04",9.53
"2290","2016-02-05",9.43
"2291","2016-02-08",9.37
"2292","2016-02-09",9.25
"2293","2016-02-10",9.39
"2294","2016-02-11",9.2
"2295","2016-02-12",9.4
"2296","2016-02-16",9.47
"2297","2016-02-17",9.62
"2298","2016-02-18",9.65
"2299","2016-02-19",9.54
"2300","2016-02-22",9.59
"2301","2016-02-23",9.61
"2302","2016-02-24",9.58
"2303","2016-02-25",9.77
"2304","2016-02-26",9.65
"2305","2016-02-29",9.71
"2306","2016-03-01",9.6
"2307","2016-03-02",9.67
"2308","2016-03-03",9.7
"2309","2016-03-04",9.72
"2310","2016-03-07",9.79
"2311","2016-03-08",9.69
"2312","2016-03-09",9.64
"2313","2016-03-10",9.58
"2314","2016-03-11",9.8
"2315","2016-03-14",9.68
"2316","2016-03-15",9.6
"2317","2016-03-16",9.68
"2318","2016-03-17",9.87
"2319","2016-03-18",9.79
"2320","2016-03-21",9.93
"2321","2016-03-22",9.95
"2322","2016-03-23",9.9
"2323","2016-03-24",9.88
"2324","2016-03-28",9.86
"2325","2016-03-29",9.78
"2326","2016-03-30",9.77
"2327","2016-03-31",9.89
"2328","2016-04-01",9.85
"2329","2016-04-04",9.81
"2330","2016-04-05",9.85
"2331","2016-04-06",9.86
"2332","2016-04-07",9.82
"2333","2016-04-08",9.8
"2334","2016-04-11",9.82
"2335","2016-04-12",9.77
"2336","2016-04-13",9.83
"2337","2016-04-14",9.81
"2338","2016-04-15",9.84
"2339","2016-04-18",9.84
"2340","2016-04-19",9.92
"2341","2016-04-20",9.89
"2342","2016-04-21",9.74
"2343","2016-04-22",9.76
"2344","2016-04-25",9.84
"2345","2016-04-26",9.8
"2346","2016-04-27",9.77
"2347","2016-04-28",9.72
"2348","2016-04-29",9.72
"2349","2016-05-02",9.62
"2350","2016-05-03",9.46
"2351","2016-05-04",9.51
"2352","2016-05-05",9.64
"2353","2016-05-06",9.72
"2354","2016-05-09",9.68
"2355","2016-05-10",9.72
"2356","2016-05-11",9.97
"2357","2016-05-12",9.91
"2358","2016-05-13",9.92
"2359","2016-05-16",9.96
"2360","2016-05-17",9.9
"2361","2016-05-18",9.7
"2362","2016-05-19",9.67
"2363","2016-05-20",9.64
"2364","2016-05-23",9.62
"2365","2016-05-24",9.68
"2366","2016-05-25",9.68
"2367","2016-05-26",9.69
"2368","2016-05-27",9.61
"2369","2016-05-31",9.66
"2370","2016-06-01",9.75
"2371","2016-06-02",9.8
"2372","2016-06-03",9.83
"2373","2016-06-06",9.9
"2374","2016-06-07",9.86
"2375","2016-06-08",9.86
"2376","2016-06-09",9.85
"2377","2016-06-10",9.77
"2378","2016-06-13",9.56
"2379","2016-06-14",9.59
"2380","2016-06-15",9.7
"2381","2016-06-16",9.77
"2382","2016-06-17",9.78
"2383","2016-06-20",9.78
"2384","2016-06-21",9.71
"2385","2016-06-22",9.65
"2386","2016-06-23",9.67
"2387","2016-06-24",9.63
"2388","2016-06-27",9.5
"2389","2016-06-28",9.52
"2390","2016-06-29",9.61
"2391","2016-06-30",9.7
"2392","2016-07-01",9.72
"2393","2016-07-05",9.71
"2394","2016-07-06",9.82
"2395","2016-07-07",9.69
"2396","2016-07-08",9.73
"2397","2016-07-11",9.82
"2398","2016-07-12",9.93
"2399","2016-07-13",9.96
"2400","2016-07-14",9.92
"2401","2016-07-15",9.86
"2402","2016-07-18",9.85
"2403","2016-07-19",9.92
"2404","2016-07-20",9.98
"2405","2016-07-21",9.98
"2406","2016-07-22",10.06
"2407","2016-07-25",9.99
"2408","2016-07-26",10.03
"2409","2016-07-27",10.05
"2410","2016-07-28",9.97
"2411","2016-07-29",9.95
"2412","2016-08-01",10.05
"2413","2016-08-02",10.03
"2414","2016-08-03",10.19
"2415","2016-08-04",10.17
"2416","2016-08-05",10.43
"2417","2016-08-08",10.36
"2418","2016-08-09",10.39
"2419","2016-08-10",10.32
"2420","2016-08-11",10.3
"2421","2016-08-12",10.31
"2422","2016-08-15",10.29
"2423","2016-08-16",10.13
"2424","2016-08-17",10.09
"2425","2016-08-18",10.12
"2426","2016-08-19",10.09
"2427","2016-08-22",10.12
"2428","2016-08-23",10.2
"2429","2016-08-24",10.08
"2430","2016-08-25",10.15
"2431","2016-08-26",9.96
"2432","2016-08-29",9.91
"2433","2016-08-30",9.93
"2434","2016-08-31",9.92
"2435","2016-09-01",9.89
"2436","2016-09-02",10.05
"2437","2016-09-06",10
"2438","2016-09-07",10.11
"2439","2016-09-08",10.06
"2440","2016-09-09",9.79
"2441","2016-09-12",9.96
"2442","2016-09-13",9.84
"2443","2016-09-14",9.81
"2444","2016-09-15",9.9
"2445","2016-09-16",9.68
"2446","2016-09-19",9.75
"2447","2016-09-20",9.76
"2448","2016-09-21",9.82
"2449","2016-09-22",9.91
"2450","2016-09-23",9.78
"2451","2016-09-26",9.72
"2452","2016-09-27",9.69
"2453","2016-09-28",9.46
"2454","2016-09-29",9.41
"2455","2016-09-30",9.43
"2456","2016-10-03",9.33
"2457","2016-10-04",9.11
"2458","2016-10-05",9.06
"2459","2016-10-06",8.98
"2460","2016-10-07",9
"2461","2016-10-10",9.08
"2462","2016-10-11",9.08
"2463","2016-10-12",9.16
"2464","2016-10-13",9.16
"2465","2016-10-14",9.13
"2466","2016-10-17",9.12
"2467","2016-10-18",9.15
"2468","2016-10-19",9.21
"2469","2016-10-20",9.24
"2470","2016-10-21",9.25
"2471","2016-10-24",9.36
"2472","2016-10-25",9.5
"2473","2016-10-26",9.5
"2474","2016-10-27",9.49
"2475","2016-10-28",9.46
"2476","2016-10-31",9.51
"2477","2016-11-01",9.32
"2478","2016-11-02",9.31
"2479","2016-11-03",9.36
"2480","2016-11-04",9.5
"2481","2016-11-07",9.55
"2482","2016-11-08",9.65
"2483","2016-11-09",9.72
"2484","2016-11-10",9.66
"2485","2016-11-11",9.85
"2486","2016-11-14",9.89
"2487","2016-11-15",9.94
"2488","2016-11-16",10.03
"2489","2016-11-17",9.99
"2490","2016-11-18",10.09
"2491","2016-11-21",10.23
"2492","2016-11-22",10.43
"2493","2016-11-23",10.3
"2494","2016-11-25",10.36
"2495","2016-11-28",10.36
"2496","2016-11-29",10.52
"2497","2016-11-30",10.34
"2498","2016-12-01",10.18
"2499","2016-12-02",10
"2500","2016-12-05",10.08
"2501","2016-12-06",10.22
"2502","2016-12-07",10.24
"2503","2016-12-08",10.41
"2504","2016-12-09",10.55
"2505","2016-12-12",10.47
"2506","2016-12-13",10.23
"2507","2016-12-14",10.15
"2508","2016-12-15",9.88
"2509","2016-12-16",10.21
"2510","2016-12-19",10.46
"2511","2016-12-20",10.42
"2512","2016-12-21",10.42
"2513","2016-12-22",10.48
"2514","2016-12-23",10.47
"2515","2016-12-27",10.46
"2516","2016-12-28",10.14
"2517","2016-12-29",10.33
"2518","2016-12-30",10.19
"2519","2017-01-03",10.41
"2520","2017-01-04",10.55
"2521","2017-01-05",10.57
"2522","2017-01-06",10.47
"2523","2017-01-09",10.41
"2524","2017-01-10",10.56
"2525","2017-01-11",10.64
"2526","2017-01-12",10.56
"2527","2017-01-13",10.69
"2528","2017-01-17",10.78
"2529","2017-01-18",10.83
"2530","2017-01-19",10.78
"2531","2017-01-20",10.79
"2532","2017-01-23",10.93
"2533","2017-01-24",10.87
"2534","2017-01-25",10.88
"2535","2017-01-26",10.87
"2536","2017-01-27",10.77
"2537","2017-01-30",10.67
"2538","2017-01-31",10.67
"2539","2017-02-01",10.58
"2540","2017-02-02",10.61
"2541","2017-02-03",10.6
"2542","2017-02-06",10.7
"2543","2017-02-07",10.57
"2544","2017-02-08",10.57
"2545","2017-02-09",10.54
"2546","2017-02-10",10.58
"2547","2017-02-13",10.54
"2548","2017-02-14",10.5
"2549","2017-02-15",10.46
"2550","2017-02-16",10.55
"2551","2017-02-17",10.49
"2552","2017-02-21",10.4
"2553","2017-02-22",10.46
"2554","2017-02-23",10.5
"2555","2017-02-24",10.5
"2556","2017-02-27",10.55
"2557","2017-02-28",10.58
"2558","2017-03-01",10.64
"2559","2017-03-02",10.69
"2560","2017-03-03",10.58
"2561","2017-03-06",10.55
"2562","2017-03-07",10.49
"2563","2017-03-08",10.21
"2564","2017-03-09",10.19
"2565","2017-03-10",10.33
"2566","2017-03-13",10.34
"2567","2017-03-14",10.29
"2568","2017-03-15",10.42
"2569","2017-03-16",10.38
"2570","2017-03-17",10.48
"2571","2017-03-20",10.54
"2572","2017-03-21",10.45
"2573","2017-03-22",10.47
"2574","2017-03-23",10.45
"2575","2017-03-24",10.42
"2576","2017-03-27",10.48
"2577","2017-03-28",10.61
"2578","2017-03-29",10.55
"2579","2017-03-30",10.48
"2580","2017-03-31",10.54
"2581","2017-04-03",10.53
"2582","2017-04-04",10.55
"2583","2017-04-05",10.47
"2584","2017-04-06",10.58
"2585","2017-04-07",10.53
"2586","2017-04-10",10.57
"2587","2017-04-11",10.71
"2588","2017-04-12",10.65
"2589","2017-04-13",10.64
"2590","2017-04-17",10.82
"2591","2017-04-18",10.86
"2592","2017-04-19",10.8
"2593","2017-04-20",10.69
"2594","2017-04-21",10.77
"2595","2017-04-24",10.79
"2596","2017-04-25",10.87
"2597","2017-04-26",10.94
"2598","2017-04-27",11.34
"2599","2017-04-28",11.14
"2600","2017-05-01",11.26
"2601","2017-05-02",10.97
"2602","2017-05-03",10.88
"2603","2017-05-04",10.77
"2604","2017-05-05",10.83
"2605","2017-05-08",10.73
"2606","2017-05-09",10.52
"2607","2017-05-10",10.52
"2608","2017-05-11",10.51
"2609","2017-05-12",10.45
"2610","2017-05-15",10.48
"2611","2017-05-16",10.48
"2612","2017-05-17",10.36
"2613","2017-05-18",10.27
"2614","2017-05-19",10.32
"2615","2017-05-22",10.43
"2616","2017-05-23",10.48
"2617","2017-05-24",10.54
"2618","2017-05-25",10.58
"2619","2017-05-26",10.55
"2620","2017-05-30",10.49
"2621","2017-05-31",10.54
"2622","2017-06-01",10.58
"2623","2017-06-02",10.57
"2624","2017-06-05",10.49
"2625","2017-06-06",10.51
"2626","2017-06-07",10.54
"2627","2017-06-08",10.66
"2628","2017-06-09",10.81
"2629","2017-06-12",10.84
"2630","2017-06-13",10.9
"2631","2017-06-14",10.94
"2632","2017-06-15",10.97
"2633","2017-06-16",11.08
"2634","2017-06-19",11.05
"2635","2017-06-20",11.01
"2636","2017-06-21",10.93
"2637","2017-06-22",11
"2638","2017-06-23",11.06
"2639","2017-06-26",11.01
"2640","2017-06-27",10.83
"2641","2017-06-28",10.64
"2642","2017-06-29",10.52
"2643","2017-06-30",10.43
"2644","2017-07-03",10.52
"2645","2017-07-05",10.59
"2646","2017-07-06",10.45
"2647","2017-07-07",10.4
"2648","2017-07-10",10.43
"2649","2017-07-11",10.42
"2650","2017-07-12",10.45
"2651","2017-07-13",10.36
"2652","2017-07-14",10.44
"2653","2017-07-17",10.34
"2654","2017-07-18",10.2
"2655","2017-07-19",10.16
"2656","2017-07-20",10.17
"2657","2017-07-21",10.19
"2658","2017-07-24",10.16
"2659","2017-07-25",10.05
"2660","2017-07-26",9.99
"2661","2017-07-27",9.78
"2662","2017-07-28",9.75
"2663","2017-07-31",9.78
"2664","2017-08-01",9.75
"2665","2017-08-02",9.71
"2666","2017-08-03",9.71
"2667","2017-08-04",9.64
"2668","2017-08-07",9.68
"2669","2017-08-08",9.73
"2670","2017-08-09",9.76
"2671","2017-08-10",9.69
"2672","2017-08-11",9.66
"2673","2017-08-14",9.7
"2674","2017-08-15",9.66
"2675","2017-08-16",9.68
"2676","2017-08-17",9.62
"2677","2017-08-18",9.73
"2678","2017-08-21",9.71
"2679","2017-08-22",9.9
"2680","2017-08-23",9.74
"2681","2017-08-24",9.78
"2682","2017-08-25",9.75
"2683","2017-08-28",9.73
"2684","2017-08-29",9.64
"2685","2017-08-30",9.6
"2686","2017-08-31",9.67
"2687","2017-09-01",9.72
"2688","2017-09-05",9.53
"2689","2017-09-06",9.57
"2690","2017-09-07",9.51
"2691","2017-09-08",9.47
"2692","2017-09-11",9.53
"2693","2017-09-12",9.48
"2694","2017-09-13",9.42
"2695","2017-09-14",9.43
"2696","2017-09-15",9.47
"2697","2017-09-18",9.54
"2698","2017-09-19",9.58
"2699","2017-09-20",9.58
"2700","2017-09-21",9.6
"2701","2017-09-22",9.67
"2702","2017-09-25",9.74
"2703","2017-09-26",9.72
"2704","2017-09-27",9.78
"2705","2017-09-28",9.72
"2706","2017-09-29",9.65
"2707","2017-10-02",9.74
"2708","2017-10-03",9.78
"2709","2017-10-04",9.78
"2710","2017-10-05",9.85
"2711","2017-10-06",9.66
"2712","2017-10-09",9.68
"2713","2017-10-10",9.6
"2714","2017-10-11",9.64
"2715","2017-10-12",9.63
"2716","2017-10-13",9.68
"2717","2017-10-16",9.69
"2718","2017-10-17",9.68
"2719","2017-10-18",9.73
"2720","2017-10-19",9.71
"2721","2017-10-20",9.68
"2722","2017-10-23",9.52
"2723","2017-10-24",9.44
"2724","2017-10-25",9.29
"2725","2017-10-26",9.15
"2726","2017-10-27",9.22
"2727","2017-10-30",8.95
"2728","2017-10-31",8.82
"2729","2017-11-01",8.84
"2730","2017-11-02",8.67
"2731","2017-11-03",8.66
"2732","2017-11-06",8.63
"2733","2017-11-07",8.74
"2734","2017-11-08",8.81
"2735","2017-11-09",8.77
"2736","2017-11-10",8.74
"2737","2017-11-13",8.82
"2738","2017-11-14",8.85
"2739","2017-11-15",8.82
"2740","2017-11-16",8.85
"2741","2017-11-17",8.88
"2742","2017-11-20",8.96
"2743","2017-11-21",9.06
"2744","2017-11-22",9.15
"2745","2017-11-24",9.08
"2746","2017-11-27",9.02
"2747","2017-11-28",9.15
"2748","2017-11-29",9.25
"2749","2017-11-30",9.07
"2750","2017-12-01",9.11
"2751","2017-12-04",9.24
"2752","2017-12-05",9.13
"2753","2017-12-06",9.1
"2754","2017-12-07",9.11
"2755","2017-12-08",9.24
"2756","2017-12-11",9.29
"2757","2017-12-12",9.07
"2758","2017-12-13",9.18
"2759","2017-12-14",9.14
"2760","2017-12-15",9.27
"2761","2017-12-18",9.14
"2762","2017-12-19",8.95
"2763","2017-12-20",9.02
"2764","2017-12-21",9.06
"2765","2017-12-22",8.93
"2766","2017-12-26",9.01
"2767","2017-12-27",8.92
"2768","2017-12-28",8.86
"2769","2017-12-29",8.65
"2770","2018-01-02",8.6
"2771","2018-01-03",8.54
"2772","2018-01-04",8.66
"2773","2018-01-05",8.72
"2774","2018-01-08",8.83
"2775","2018-01-09",8.78
"2776","2018-01-10",8.88
"2777","2018-01-11",8.87
"2778","2018-01-12",8.85
"2779","2018-01-16",8.7
"2780","2018-01-17",8.76
"2781","2018-01-18",8.61
"2782","2018-01-19",8.66
"2783","2018-01-22",8.69
"2784","2018-01-23",8.73
"2785","2018-01-24",8.75
"2786","2018-01-25",8.73
"2787","2018-01-26",8.66
"2788","2018-01-29",8.41
"2789","2018-01-30",8.41
"2790","2018-01-31",8.21
"2791","2018-02-01",8.56
"2792","2018-02-02",8.56
"2793","2018-02-05",8.42
"2794","2018-02-06",8.61
"2795","2018-02-07",8.59
"2796","2018-02-08",8.6
"2797","2018-02-09",8.6
"2798","2018-02-12",8.72
"2799","2018-02-13",8.81
"2800","2018-02-14",8.8
"2801","2018-02-15",8.87
"2802","2018-02-16",8.86
"2803","2018-02-20",8.56
"2804","2018-02-21",8.58
"2805","2018-02-22",8.57
"2806","2018-02-23",8.69
"2807","2018-02-26",8.74
"2808","2018-02-27",8.5
"2809","2018-02-28",8.35
"2810","2018-03-01",8.37
"2811","2018-03-02",8.54
"2812","2018-03-05",8.66
"2813","2018-03-06",8.7
"2814","2018-03-07",8.71
"2815","2018-03-08",8.7
"2816","2018-03-09",8.69
"2817","2018-03-12",8.84
"2818","2018-03-13",8.83
"2819","2018-03-14",8.81
"2820","2018-03-15",8.73
"2821","2018-03-16",8.85
"2822","2018-03-19",8.73
"2823","2018-03-20",8.65
"2824","2018-03-21",8.63
"2825","2018-03-22",8.6
"2826","2018-03-23",8.55
"2827","2018-03-26",8.6
"2828","2018-03-27",8.62
"2829","2018-03-28",8.66
"2830","2018-03-29",8.65
"2831","2018-04-02",8.54
"2832","2018-04-03",8.63
"2833","2018-04-04",8.69
"2834","2018-04-05",8.68
"2835","2018-04-06",8.7
"2836","2018-04-09",8.7
"2837","2018-04-10",8.72
"2838","2018-04-11",8.72
"2839","2018-04-12",8.67
"2840","2018-04-13",8.62
"2841","2018-04-16",8.68
"2842","2018-04-17",8.82
"2843","2018-04-18",8.84
"2844","2018-04-19",8.76
"2845","2018-04-20",8.75
"2846","2018-04-23",8.73
"2847","2018-04-24",8.82
"2848","2018-04-25",8.91
"2849","2018-04-26",8.93
"2850","2018-04-27",8.85
"2851","2018-04-30",8.8
"2852","2018-05-01",8.77
"2853","2018-05-02",8.7
"2854","2018-05-03",8.79
"2855","2018-05-04",8.88
"2856","2018-05-07",8.93
"2857","2018-05-08",8.84
"2858","2018-05-09",8.86
"2859","2018-05-10",8.93
"2860","2018-05-11",8.89
"2861","2018-05-14",8.86
"2862","2018-05-15",8.92
"2863","2018-05-16",8.98
"2864","2018-05-17",9
"2865","2018-05-18",9.1
"2866","2018-05-21",9.16
"2867","2018-05-22",9.2
"2868","2018-05-23",9.23
"2869","2018-05-24",9.21
"2870","2018-05-25",9.27
"2871","2018-05-29",9.31
"2872","2018-05-30",9.35
"2873","2018-05-31",9.15
"2874","2018-06-01",9.17
"2875","2018-06-04",9.24
"2876","2018-06-05",9.09
"2877","2018-06-06",9.06
"2878","2018-06-07",9.07
"2879","2018-06-08",9.1
"2880","2018-06-11",9.17
"2881","2018-06-12",9.16
"2882","2018-06-13",9.09
"2883","2018-06-14",9.07
"2884","2018-06-15",9.08
"2885","2018-06-18",9.23
"2886","2018-06-19",9.29
"2887","2018-06-20",9.25
"2888","2018-06-21",9.19
"2889","2018-06-22",9.2
"2890","2018-06-25",9.16
"2891","2018-06-26",9.15
"2892","2018-06-27",8.91
"2893","2018-06-28",8.95
"2894","2018-06-29",8.95
"2895","2018-07-02",9.01
"2896","2018-07-03",9.17
"2897","2018-07-05",9.22
"2898","2018-07-06",9.24
"2899","2018-07-09",9.21
"2900","2018-07-10",8.79
"2901","2018-07-11",8.76
"2902","2018-07-12",8.66
"2903","2018-07-13",8.57
"2904","2018-07-16",8.57
"2905","2018-07-17",8.49
"2906","2018-07-18",8.57
"2907","2018-07-19",8.64
"2908","2018-07-20",8.66
"2909","2018-07-23",8.63
"2910","2018-07-24",8.58
"2911","2018-07-25",8.58
"2912","2018-07-26",8.34
"2913","2018-07-27",8.29
"2914","2018-07-30",8.37
"2915","2018-07-31",8.37
"2916","2018-08-01",8.37
"2917","2018-08-02",8.34
"2918","2018-08-03",8.25
"2919","2018-08-06",8.23
"2920","2018-08-07",8.16
"2921","2018-08-08",8.16
"2922","2018-08-09",8.15
"2923","2018-08-10",8.21
"2924","2018-08-13",8.33
"2925","2018-08-14",8.38
"2926","2018-08-15",8.43
"2927","2018-08-16",8.4
"2928","2018-08-17",8.38
"2929","2018-08-20",8.38
"2930","2018-08-21",8.43
"2931","2018-08-22",8.4
"2932","2018-08-23",8.38
"2933","2018-08-24",8.34
"2934","2018-08-27",8.35
"2935","2018-08-28",8.37
"2936","2018-08-29",8.37
"2937","2018-08-30",8.4
"2938","2018-08-31",8.4
"2939","2018-09-04",8.45
"2940","2018-09-05",8.54
"2941","2018-09-06",8.56
"2942","2018-09-07",8.54
"2943","2018-09-10",8.5
"2944","2018-09-11",8.43
"2945","2018-09-12",8.35
"2946","2018-09-13",8.27
"2947","2018-09-14",8.21
"2948","2018-09-17",8.23
"2949","2018-09-18",8.19
"2950","2018-09-19",8.06
"2951","2018-09-20",8.07
"2952","2018-09-21",8.1
"2953","2018-09-24",8.03
"2954","2018-09-25",8.04
"2955","2018-09-26",8.02
"2956","2018-09-27",7.94
"2957","2018-09-28",7.91
"2958","2018-10-01",7.82
"2959","2018-10-02",7.79
"2960","2018-10-03",7.72
"2961","2018-10-04",7.65
"2962","2018-10-05",7.62
"2963","2018-10-08",7.65
"2964","2018-10-09",7.66
"2965","2018-10-10",7.61
"2966","2018-10-11",7.47
"2967","2018-10-12",7.37
"2968","2018-10-15",7.4
"2969","2018-10-16",7.51
"2970","2018-10-17",7.54
"2971","2018-10-18",7.52
"2972","2018-10-19",7.49
"2973","2018-10-22",7.46
"2974","2018-10-23",7.37
"2975","2018-10-24",7.38
"2976","2018-10-25",7.14
"2977","2018-10-26",7.24
"2978","2018-10-29",6.74
"2979","2018-10-30",6.74
"2980","2018-10-31",6.86
"2981","2018-11-01",7.33
"2982","2018-11-02",7.26
"2983","2018-11-05",7.3
"2984","2018-11-06",7.46
"2985","2018-11-07",7.54
"2986","2018-11-08",7.46
"2987","2018-11-09",7.34
"2988","2018-11-12",7.38
"2989","2018-11-13",7.45
"2990","2018-11-14",7.49
"2991","2018-11-15",7.5
"2992","2018-11-16",7.57
"2993","2018-11-19",7.63
"2994","2018-11-20",7.62
"2995","2018-11-21",7.6
"2996","2018-11-23",7.59
"2997","2018-11-26",7.68
"2998","2018-11-27",7.64
"2999","2018-11-28",7.65
"3000","2018-11-29",7.66
"3001","2018-11-30",7.73
"3002","2018-12-03",7.69
"3003","2018-12-04",7.68
"3004","2018-12-06",7.67
"3005","2018-12-07",7.64
"3006","2018-12-10",7.35
"3007","2018-12-11",7.45
"3008","2018-12-12",7.48
"3009","2018-12-13",7.38
"3010","2018-12-14",7.39
"3011","2018-12-17",7.06
"3012","2018-12-18",7.13
"3013","2018-12-19",7.06
"3014","2018-12-20",6.72
"3015","2018-12-21",6.78
"3016","2018-12-24",6.71
"3017","2018-12-26",6.91
"3018","2018-12-27",6.93
"3019","2018-12-28",6.89
"3020","2018-12-31",6.67
"3021","2019-01-02",6.76
"3022","2019-01-03",6.83
"3023","2019-01-04",6.93
"3024","2019-01-07",7.04
"3025","2019-01-08",6.95
"3026","2019-01-09",7.07
"3027","2019-01-10",7.11
"3028","2019-01-11",7.21
"3029","2019-01-14",7.21
"3030","2019-01-15",7.2
"3031","2019-01-16",7.2
"3032","2019-01-17",7.23
"3033","2019-01-18",7.18
"3034","2019-01-22",7.12
"3035","2019-01-23",7.12
"3036","2019-01-24",7.21
"3037","2019-01-25",7.23
"3038","2019-01-28",7.21
"3039","2019-01-29",7.21
"3040","2019-01-30",7.25
"3041","2019-01-31",7.37
"3042","2019-02-01",7.5
"3043","2019-02-04",7.72
"3044","2019-02-05",7.89
"3045","2019-02-06",7.92
"3046","2019-02-07",7.84
"3047","2019-02-08",7.86
"3048","2019-02-11",7.89
"3049","2019-02-12",7.87
"3050","2019-02-13",7.87
"3051","2019-02-14",7.89
"3052","2019-02-15",7.92
"3053","2019-02-19",8.12
"3054","2019-02-20",8.14
"3055","2019-02-21",8.17
"3056","2019-02-22",8.23
"3057","2019-02-25",8.3
"3058","2019-02-26",8.36
"3059","2019-02-27",8.32
"3060","2019-02-28",8.3
"3061","2019-03-01",8.25
"3062","2019-03-04",8.25
"3063","2019-03-05",8.25
"3064","2019-03-06",8.22
"3065","2019-03-07",8.21
"3066","2019-03-08",8.19
"3067","2019-03-11",8.3
"3068","2019-03-12",8.31
"3069","2019-03-13",8.39
"3070","2019-03-14",8.48
"3071","2019-03-15",8.51
"3072","2019-03-18",8.57
"3073","2019-03-19",8.5
"3074","2019-03-20",8.45
"3075","2019-03-21",8.38
"3076","2019-03-22",8.28
"3077","2019-03-25",8.39
"3078","2019-03-26",8.55
"3079","2019-03-27",8.59
"3080","2019-03-28",8.56
"3081","2019-03-29",8.59
"3082","2019-04-01",8.64
"3083","2019-04-02",8.61
"3084","2019-04-03",8.59
"3085","2019-04-04",8.65
"3086","2019-04-05",8.69
"3087","2019-04-08",8.74
"3088","2019-04-09",8.71
"3089","2019-04-10",8.72
"3090","2019-04-11",8.68
"3091","2019-04-12",8.7
"3092","2019-04-15",8.6
"3093","2019-04-16",8.56
"3094","2019-04-17",8.59
"3095","2019-04-18",8.57
"3096","2019-04-22",8.6
"3097","2019-04-23",8.62
"3098","2019-04-24",8.63
"3099","2019-04-25",8.48
"3100","2019-04-26",8.57
"3101","2019-04-29",8.6
"3102","2019-04-30",8.59
"3103","2019-05-01",8.51
"3104","2019-05-02",8.59
"3105","2019-05-03",8.64
"3106","2019-05-06",8.62
"3107","2019-05-07",8.52
"3108","2019-05-08",8.49
"3109","2019-05-09",8.48
"3110","2019-05-10",8.43
"3111","2019-05-13",8.31
"3112","2019-05-14",8.39
"3113","2019-05-15",8.49
"3114","2019-05-16",8.51
"3115","2019-05-17",8.41
"3116","2019-05-20",8.31
"3117","2019-05-21",8.29
"3118","2019-05-22",8.21
"3119","2019-05-23",8.16
"3120","2019-05-24",8.22
"3121","2019-05-28",8.16
"3122","2019-05-29",8.02
"3123","2019-05-30",8.02
"3124","2019-05-31",7.91
"3125","2019-06-03",8.06
"3126","2019-06-04",8.22
"3127","2019-06-05",8.38
"3128","2019-06-06",8.31
"3129","2019-06-07",8.09
"3130","2019-06-10",8.14
"3131","2019-06-11",8.18
"3132","2019-06-12",8.2
"3133","2019-06-13",8.3
"3134","2019-06-14",8.31
"3135","2019-06-17",8.21
"3136","2019-06-18",8.17
"3137","2019-06-19",8.21
"3138","2019-06-20",8.18
"3139","2019-06-21",8.26
"3140","2019-06-24",8.28
"3141","2019-06-25",8.34
"3142","2019-06-26",8.3
"3143","2019-06-27",8.28
"3144","2019-06-28",8.35
"3145","2019-07-01",8.38
"3146","2019-07-02",8.3
"3147","2019-07-03",8.42
"3148","2019-07-05",8.44
"3149","2019-07-08",8.56
"3150","2019-07-09",8.45
"3151","2019-07-10",8.52
"3152","2019-07-11",8.53
"3153","2019-07-12",8.78
"3154","2019-07-15",8.82
"3155","2019-07-16",8.86
"3156","2019-07-17",8.92
"3157","2019-07-18",8.98
"3158","2019-07-19",9.03
"3159","2019-07-22",9.1
"3160","2019-07-23",9.08
"3161","2019-07-24",9.14
"3162","2019-07-25",8.8
"3163","2019-07-26",8.85
"3164","2019-07-29",8.94
"3165","2019-07-30",8.61
"3166","2019-07-31",8.43
"3167","2019-08-01",8.3
"3168","2019-08-02",8.36
"3169","2019-08-05",8.16
"3170","2019-08-06",8.2
"3171","2019-08-07",8.18
"3172","2019-08-08",8.29
"3173","2019-08-09",8.24
"3174","2019-08-12",8.21
"3175","2019-08-13",8.19
"3176","2019-08-14",7.99
"3177","2019-08-15",7.99
"3178","2019-08-16",8.01
"3179","2019-08-19",7.96
"3180","2019-08-20",7.93
"3181","2019-08-21",7.92
"3182","2019-08-22",7.9
"3183","2019-08-23",7.73
"3184","2019-08-26",7.71
"3185","2019-08-27",7.46
"3186","2019-08-28",7.21
"3187","2019-08-29",7.23
"3188","2019-08-30",7.27
"3189","2019-09-03",7.09
"3190","2019-09-04",7.07
"3191","2019-09-05",7.16
"3192","2019-09-06",7.11
"3193","2019-09-09",7.23
"3194","2019-09-10",7.29
"3195","2019-09-11",7.41
"3196","2019-09-12",7.41
"3197","2019-09-13",7.54
"3198","2019-09-16",7.55
"3199","2019-09-17",7.46
"3200","2019-09-18",7.5
"3201","2019-09-19",7.56
"3202","2019-09-20",7.51
"3203","2019-09-23",7.52
"3204","2019-09-24",7.39
"3205","2019-09-25",7.64
"3206","2019-09-26",7.6
"3207","2019-09-27",7.37
"3208","2019-09-30",7.35
"3209","2019-10-01",7.25
"3210","2019-10-02",7.3
"3211","2019-10-03",7.38
"3212","2019-10-04",7.44
"3213","2019-10-07",7.44
"3214","2019-10-08",7.36
"3215","2019-10-09",7.44
"3216","2019-10-10",7.51
"3217","2019-10-11",7.54
"3218","2019-10-14",7.5
"3219","2019-10-15",7.53
"3220","2019-10-16",7.54
"3221","2019-10-17",7.63
"3222","2019-10-18",7.62
"3223","2019-10-21",7.8
"3224","2019-10-22",7.82
"3225","2019-10-23",7.87
"3226","2019-10-24",7.77
"3227","2019-10-25",7.74
"3228","2019-10-28",7.81
"3229","2019-10-29",7.83
"3230","2019-10-30",7.83
"3231","2019-10-31",7.73
"3232","2019-11-01",7.73
"3233","2019-11-04",7.63
"3234","2019-11-05",7.54
"3235","2019-11-06",7.47
"3236","2019-11-07",7.56
"3237","2019-11-08",7.61
"3238","2019-11-11",7.55
"3239","2019-11-12",7.53
"3240","2019-11-13",7.59
"3241","2019-11-14",7.64
"3242","2019-11-15",7.7
"3243","2019-11-18",7.66
"3244","2019-11-19",7.64
"3245","2019-11-20",7.58
"3246","2019-11-21",7.63
"3247","2019-11-22",7.64
"3248","2019-11-25",7.73
"3249","2019-11-26",7.65
"3250","2019-11-27",7.74
"3251","2019-11-29",7.78
"3252","2019-12-02",7.76
"3253","2019-12-03",7.74
"3254","2019-12-04",7.78
"3255","2019-12-05",7.81
"3256","2019-12-06",7.91
"3257","2019-12-09",7.96
"3258","2019-12-10",7.99
"3259","2019-12-11",8
"3260","2019-12-12",8.11
"3261","2019-12-13",8.07
"3262","2019-12-16",8
"3263","2019-12-17",8.02
"3264","2019-12-18",8.09
"3265","2019-12-19",7.98
"3266","2019-12-20",7.88
"3267","2019-12-23",7.9
"3268","2019-12-24",8.03
"3269","2019-12-26",8.13
"3270","2019-12-27",8.09
"3271","2019-12-30",7.9
"3272","2019-12-31",7.92
"3273","2020-01-02",7.86
"3274","2020-01-03",7.93
"3275","2020-01-06",7.96
"3276","2020-01-07",8
"3277","2020-01-08",7.98
"3278","2020-01-09",7.92
"3279","2020-01-10",7.98
"3280","2020-01-13",8.16
"3281","2020-01-14",8.22
"3282","2020-01-15",8.22
"3283","2020-01-16",8.21
"3284","2020-01-17",8.15
"3285","2020-01-21",8.11
"3286","2020-01-22",8.17
"3287","2020-01-23",8.14
"3288","2020-01-24",8.05
"3289","2020-01-27",8.12
"3290","2020-01-28",8.18
"3291","2020-01-29",8.23
"3292","2020-01-30",8.3
"3293","2020-01-31",8.22
"3294","2020-02-03",8.3
"3295","2020-02-04",8.27
"3296","2020-02-05",8.36
"3297","2020-02-06",8.32
"3298","2020-02-07",8.28
"3299","2020-02-10",8.28
"3300","2020-02-11",8.3
"3301","2020-02-12",8.29
"3302","2020-02-13",8.31
"3303","2020-02-14",8.27
"3304","2020-02-18",8.29
"3305","2020-02-19",8.32
"3306","2020-02-20",8.3
"3307","2020-02-21",8.21
"3308","2020-02-24",8.12
"3309","2020-02-25",7.88
"3310","2020-02-26",7.98
"3311","2020-02-27",7.5
"3312","2020-02-28",7.1
"3313","2020-03-02",7.49
"3314","2020-03-03",7.57
"3315","2020-03-04",7.85
"3316","2020-03-05",7.67
"3317","2020-03-06",7.59
"3318","2020-03-09",6.91
"3319","2020-03-10",6.86
"3320","2020-03-11",6.53
"3321","2020-03-12",5.38
"3322","2020-03-13",5.62
"3323","2020-03-16",4.83
"3324","2020-03-17",4.39
"3325","2020-03-18",2.98
"3326","2020-03-19",3.5
"3327","2020-03-20",3.08
"3328","2020-03-23",3.03
"3329","2020-03-24",3.33
"3330","2020-03-25",3.77
"3331","2020-03-26",4.93
"3332","2020-03-27",5.04
"3333","2020-03-30",4.66
"3334","2020-03-31",4.2
"3335","2020-04-01",3.82
"3336","2020-04-02",3.53
"3337","2020-04-03",3.27
"3338","2020-04-06",3.5
"3339","2020-04-07",4.04
"3340","2020-04-08",4.65
"3341","2020-04-09",5.06
"3342","2020-04-13",4.83
"3343","2020-04-14",4.61
"3344","2020-04-15",4.4
"3345","2020-04-16",4.38
"3346","2020-04-17",4.69
"3347","2020-04-20",4.54
"3348","2020-04-21",4.78
"3349","2020-04-22",4.84
"3350","2020-04-23",4.82
"3351","2020-04-24",4.73
"3352","2020-04-27",4.96
"3353","2020-04-28",5.42
"3354","2020-04-29",5.89
"3355","2020-04-30",5.19
"3356","2020-05-01",4.89
"3357","2020-05-04",4.85
"3358","2020-05-05",4.91
"3359","2020-05-06",4.82
"3360","2020-05-07",4.82
"3361","2020-05-08",4.96
"3362","2020-05-11",4.73
"3363","2020-05-12",4.52
"3364","2020-05-13",4.37
"3365","2020-05-14",4.64
"3366","2020-05-15",4.72
"3367","2020-05-18",4.87
"3368","2020-05-19",4.93
"3369","2020-05-20",5.09
"3370","2020-05-21",4.95
"3371","2020-05-22",5.12
"3372","2020-05-26",5.19
"3373","2020-05-27",5.38
"3374","2020-05-28",5.16
"3375","2020-05-29",5.06
"3376","2020-06-01",5.13
"3377","2020-06-02",5.1
"3378","2020-06-03",5.33
"3379","2020-06-04",5.84
"3380","2020-06-05",5.67
"3381","2020-06-08",6.06
"3382","2020-06-09",5.87
"3383","2020-06-10",5.68
"3384","2020-06-11",5.24
"3385","2020-06-12",5.6
"3386","2020-06-15",5.69
"3387","2020-06-16",5.69
"3388","2020-06-17",5.65
"3389","2020-06-18",5.66
"3390","2020-06-19",5.47
"3391","2020-06-22",5.53
"3392","2020-06-23",5.64
"3393","2020-06-24",5.38
"3394","2020-06-25",5.65
"3395","2020-06-26",5.5
"3396","2020-06-29",5.54
"3397","2020-06-30",5.49
"3398","2020-07-01",5.5
"3399","2020-07-02",5.4
"3400","2020-07-06",5.54
"3401","2020-07-07",5.4
"3402","2020-07-08",5.5
"3403","2020-07-09",5.24
"3404","2020-07-10",5.33
"3405","2020-07-13",5.39
"3406","2020-07-14",5.58
"3407","2020-07-15",5.78
"3408","2020-07-16",5.82
"3409","2020-07-17",5.8
"3410","2020-07-20",5.84
"3411","2020-07-21",5.92
"3412","2020-07-22",6.03
"3413","2020-07-23",5.96
"3414","2020-07-24",5.87
"3415","2020-07-27",5.96
"3416","2020-07-28",5.99
"3417","2020-07-29",6.08
"3418","2020-07-30",6.16
"3419","2020-07-31",6.15
"3420","2020-08-03",6.05
"3421","2020-08-04",5.95
"3422","2020-08-05",6.07
"3423","2020-08-06",6.07
"3424","2020-08-07",6.15
"3425","2020-08-10",6.24
"3426","2020-08-11",6.23
"3427","2020-08-12",6.22
"3428","2020-08-13",6.25
"3429","2020-08-14",6.36
"3430","2020-08-17",6.22
"3431","2020-08-18",6.24
"3432","2020-08-19",6.19
"3433","2020-08-20",6.27
"3434","2020-08-21",6.2
"3435","2020-08-24",6.35
"3436","2020-08-25",6.32
"3437","2020-08-26",6.26
"3438","2020-08-27",6.29
"3439","2020-08-28",6.32
"3440","2020-08-31",6.17
"3441","2020-09-01",6.24
"3442","2020-09-02",6.13
"3443","2020-09-03",6.04
"3444","2020-09-04",6.07
"3445","2020-09-08",6.04
"3446","2020-09-09",6.07
"3447","2020-09-10",5.99
"3448","2020-09-11",5.91
"3449","2020-09-14",6.09
"3450","2020-09-15",6.04
"3451","2020-09-16",6.14
"3452","2020-09-17",6.13
"3453","2020-09-18",6.2
"3454","2020-09-21",6.05
"3455","2020-09-22",5.88
"3456","2020-09-23",5.65
"3457","2020-09-24",5.67
"3458","2020-09-25",5.78
"3459","2020-09-28",6
"3460","2020-09-29",5.74
"3461","2020-09-30",5.62
"3462","2020-10-01",5.57
"3463","2020-10-02",5.69
"3464","2020-10-05",5.75
"3465","2020-10-06",5.74
"3466","2020-10-07",5.74
"3467","2020-10-08",5.97
"3468","2020-10-09",5.89
"3469","2020-10-12",5.9
"3470","2020-10-13",5.85
"3471","2020-10-14",5.81
"3472","2020-10-15",5.81
"3473","2020-10-16",5.69
"3474","2020-10-19",5.52
"3475","2020-10-20",5.59
"3476","2020-10-21",5.53
"3477","2020-10-22",5.66
"3478","2020-10-23",5.67
"3479","2020-10-26",5.61
"3480","2020-10-27",5.61
"3481","2020-10-28",5.46
"3482","2020-10-29",5.3
"3483","2020-10-30",5.11
"3484","2020-11-02",5.1
"3485","2020-11-03",5.26
"3486","2020-11-04",5.22
"3487","2020-11-05",5.25
"3488","2020-11-06",5.15
"3489","2020-11-09",5.24
"3490","2020-11-10",5.68
"3491","2020-11-11",5.53
"3492","2020-11-12",5.47
"3493","2020-11-13",5.55
"3494","2020-11-16",5.79
"3495","2020-11-17",5.79
"3496","2020-11-18",5.8
"3497","2020-11-19",5.68
"3498","2020-11-20",5.68
"3499","2020-11-23",5.85
"3500","2020-11-24",6.04
"3501","2020-11-25",5.93
"3502","2020-11-27",5.86
