"","date","CMTL"
"1","2007-01-03",38.810001
"2","2007-01-04",39.189999
"3","2007-01-05",38.34
"4","2007-01-08",37.82
"5","2007-01-09",37.240002
"6","2007-01-10",37.34
"7","2007-01-11",37.799999
"8","2007-01-12",37.68
"9","2007-01-16",37.290001
"10","2007-01-17",36.5
"11","2007-01-18",35.790001
"12","2007-01-19",36.139999
"13","2007-01-22",35.860001
"14","2007-01-23",35.720001
"15","2007-01-24",35.82
"16","2007-01-25",35.16
"17","2007-01-26",35
"18","2007-01-29",35.119999
"19","2007-01-30",35.139999
"20","2007-01-31",36
"21","2007-02-01",35.299999
"22","2007-02-02",35.470001
"23","2007-02-05",35.380001
"24","2007-02-06",35.540001
"25","2007-02-07",35.799999
"26","2007-02-08",35.959999
"27","2007-02-09",35.25
"28","2007-02-12",35
"29","2007-02-13",35.23
"30","2007-02-14",35.41
"31","2007-02-15",35.369999
"32","2007-02-16",35.23
"33","2007-02-20",35.82
"34","2007-02-21",36.34
"35","2007-02-22",36.529999
"36","2007-02-23",36.43
"37","2007-02-26",35.759998
"38","2007-02-27",34.799999
"39","2007-02-28",34.349998
"40","2007-03-01",34.330002
"41","2007-03-02",34
"42","2007-03-05",33.209999
"43","2007-03-06",33.75
"44","2007-03-07",34.619999
"45","2007-03-08",35.380001
"46","2007-03-09",35.889999
"47","2007-03-12",37.09
"48","2007-03-13",36.540001
"49","2007-03-14",37.029999
"50","2007-03-15",36.91
"51","2007-03-16",36.91
"52","2007-03-19",36.91
"53","2007-03-20",37.169998
"54","2007-03-21",37.400002
"55","2007-03-22",37.310001
"56","2007-03-23",37.560001
"57","2007-03-26",38.09
"58","2007-03-27",38.09
"59","2007-03-28",38.189999
"60","2007-03-29",38.060001
"61","2007-03-30",38.73
"62","2007-04-02",38.689999
"63","2007-04-03",39.349998
"64","2007-04-04",39.16
"65","2007-04-05",38.830002
"66","2007-04-09",39.459999
"67","2007-04-10",39.900002
"68","2007-04-11",38.830002
"69","2007-04-12",39.189999
"70","2007-04-13",39.48
"71","2007-04-16",40.029999
"72","2007-04-17",40.119999
"73","2007-04-18",40.009998
"74","2007-04-19",39.57
"75","2007-04-20",39.740002
"76","2007-04-23",39.810001
"77","2007-04-24",39.860001
"78","2007-04-25",39.900002
"79","2007-04-26",39.950001
"80","2007-04-27",39.57
"81","2007-04-30",37.849998
"82","2007-05-01",38.970001
"83","2007-05-02",39.75
"84","2007-05-03",39.599998
"85","2007-05-04",39.75
"86","2007-05-07",39.700001
"87","2007-05-08",41.779999
"88","2007-05-09",42.689999
"89","2007-05-10",42.5
"90","2007-05-11",42.59
"91","2007-05-14",42.919998
"92","2007-05-15",43.25
"93","2007-05-16",44.029999
"94","2007-05-17",44.139999
"95","2007-05-18",44.650002
"96","2007-05-21",45.299999
"97","2007-05-22",45.689999
"98","2007-05-23",44.580002
"99","2007-05-24",43.369999
"100","2007-05-25",44.16
"101","2007-05-29",44.32
"102","2007-05-30",44.279999
"103","2007-05-31",44.77
"104","2007-06-01",44.889999
"105","2007-06-04",45.040001
"106","2007-06-05",44.75
"107","2007-06-06",44.93
"108","2007-06-07",40.73
"109","2007-06-08",41.639999
"110","2007-06-11",41.5
"111","2007-06-12",42.73
"112","2007-06-13",42.810001
"113","2007-06-14",43
"114","2007-06-15",42.900002
"115","2007-06-18",42.580002
"116","2007-06-19",44
"117","2007-06-20",44.049999
"118","2007-06-21",44.869999
"119","2007-06-22",44.029999
"120","2007-06-25",43.599998
"121","2007-06-26",45.040001
"122","2007-06-27",44.490002
"123","2007-06-28",46.490002
"124","2007-06-29",46.419998
"125","2007-07-02",46.919998
"126","2007-07-03",47.099998
"127","2007-07-05",47
"128","2007-07-06",48.110001
"129","2007-07-09",48.369999
"130","2007-07-10",47.43
"131","2007-07-11",47.299999
"132","2007-07-12",47.419998
"133","2007-07-13",47.32
"134","2007-07-16",46.900002
"135","2007-07-17",47.68
"136","2007-07-18",47.549999
"137","2007-07-19",48.27
"138","2007-07-20",47.029999
"139","2007-07-23",47.330002
"140","2007-07-24",46.470001
"141","2007-07-25",46.02
"142","2007-07-26",43.560001
"143","2007-07-27",42.869999
"144","2007-07-30",43.799999
"145","2007-07-31",43.470001
"146","2007-08-01",43.619999
"147","2007-08-02",44.23
"148","2007-08-03",42.18
"149","2007-08-06",42.650002
"150","2007-08-07",42.470001
"151","2007-08-08",40.34
"152","2007-08-09",37.459999
"153","2007-08-10",42.650002
"154","2007-08-13",41.77
"155","2007-08-14",41.009998
"156","2007-08-15",40.529999
"157","2007-08-16",40.939999
"158","2007-08-17",41.790001
"159","2007-08-20",42.119999
"160","2007-08-21",41.790001
"161","2007-08-22",41.779999
"162","2007-08-23",41.98
"163","2007-08-24",42.389999
"164","2007-08-27",42.02
"165","2007-08-28",40.950001
"166","2007-08-29",41.830002
"167","2007-08-30",42.060001
"168","2007-08-31",42.560001
"169","2007-09-04",44.009998
"170","2007-09-05",47.07
"171","2007-09-06",46.759998
"172","2007-09-07",45.380001
"173","2007-09-10",45.759998
"174","2007-09-11",46.630001
"175","2007-09-12",47.459999
"176","2007-09-13",46.799999
"177","2007-09-14",46.970001
"178","2007-09-17",46.099998
"179","2007-09-18",48.110001
"180","2007-09-19",50.150002
"181","2007-09-20",51.400002
"182","2007-09-21",52.77
"183","2007-09-24",52.990002
"184","2007-09-25",53.150002
"185","2007-09-26",54.16
"186","2007-09-27",53.59
"187","2007-09-28",53.490002
"188","2007-10-01",54.669998
"189","2007-10-02",54.720001
"190","2007-10-03",54.810001
"191","2007-10-04",55.029999
"192","2007-10-05",56.380001
"193","2007-10-08",55.189999
"194","2007-10-09",54.650002
"195","2007-10-10",57.09
"196","2007-10-11",54.529999
"197","2007-10-12",55.779999
"198","2007-10-15",56.369999
"199","2007-10-16",55.470001
"200","2007-10-17",55.959999
"201","2007-10-18",55.73
"202","2007-10-19",54.09
"203","2007-10-22",53.18
"204","2007-10-23",52.919998
"205","2007-10-24",52.700001
"206","2007-10-25",53.34
"207","2007-10-26",55.029999
"208","2007-10-29",54.709999
"209","2007-10-30",54.860001
"210","2007-10-31",54.25
"211","2007-11-01",51.66
"212","2007-11-02",51.25
"213","2007-11-05",50.869999
"214","2007-11-06",53.049999
"215","2007-11-07",50.720001
"216","2007-11-08",51.73
"217","2007-11-09",50.830002
"218","2007-11-12",50.189999
"219","2007-11-13",50.689999
"220","2007-11-14",50.310001
"221","2007-11-15",49.630001
"222","2007-11-16",49.779999
"223","2007-11-19",48.299999
"224","2007-11-20",47.380001
"225","2007-11-21",46.790001
"226","2007-11-23",47.389999
"227","2007-11-26",45.799999
"228","2007-11-27",48
"229","2007-11-28",49.709999
"230","2007-11-29",49.700001
"231","2007-11-30",49.66
"232","2007-12-03",47.880001
"233","2007-12-04",49.360001
"234","2007-12-05",51.650002
"235","2007-12-06",50.02
"236","2007-12-07",51.75
"237","2007-12-10",54.189999
"238","2007-12-11",52.529999
"239","2007-12-12",53.599998
"240","2007-12-13",53.959999
"241","2007-12-14",52.27
"242","2007-12-17",51.459999
"243","2007-12-18",51.59
"244","2007-12-19",52.27
"245","2007-12-20",53.349998
"246","2007-12-21",53.84
"247","2007-12-24",54.73
"248","2007-12-26",55.919998
"249","2007-12-27",54.34
"250","2007-12-28",55.09
"251","2007-12-31",54.009998
"252","2008-01-02",53.790001
"253","2008-01-03",54.07
"254","2008-01-04",51.41
"255","2008-01-07",51.91
"256","2008-01-08",50.299999
"257","2008-01-09",48.759998
"258","2008-01-10",48.950001
"259","2008-01-11",47.349998
"260","2008-01-14",48.48
"261","2008-01-15",48.060001
"262","2008-01-16",48.259998
"263","2008-01-17",47.139999
"264","2008-01-18",46.119999
"265","2008-01-22",46.060001
"266","2008-01-23",46.380001
"267","2008-01-24",44.889999
"268","2008-01-25",44.310001
"269","2008-01-28",44.869999
"270","2008-01-29",44.889999
"271","2008-01-30",45.07
"272","2008-01-31",44.799999
"273","2008-02-01",45.98
"274","2008-02-04",46.970001
"275","2008-02-05",45.34
"276","2008-02-06",45.029999
"277","2008-02-07",44.169998
"278","2008-02-08",43.119999
"279","2008-02-11",44.110001
"280","2008-02-12",43.880001
"281","2008-02-13",46.849998
"282","2008-02-14",45.5
"283","2008-02-15",45.23
"284","2008-02-19",43.950001
"285","2008-02-20",44.27
"286","2008-02-21",42.040001
"287","2008-02-22",41.630001
"288","2008-02-25",43.360001
"289","2008-02-26",43.66
"290","2008-02-27",44.299999
"291","2008-02-28",44.279999
"292","2008-02-29",43.380001
"293","2008-03-03",43.099998
"294","2008-03-04",42.439999
"295","2008-03-05",42.740002
"296","2008-03-06",47.25
"297","2008-03-07",42.59
"298","2008-03-10",42.82
"299","2008-03-11",42.689999
"300","2008-03-12",41.549999
"301","2008-03-13",41.669998
"302","2008-03-14",40.110001
"303","2008-03-17",38.599998
"304","2008-03-18",40.240002
"305","2008-03-19",38.139999
"306","2008-03-20",40.119999
"307","2008-03-24",39.450001
"308","2008-03-25",40.48
"309","2008-03-26",40.139999
"310","2008-03-27",39.259998
"311","2008-03-28",38.290001
"312","2008-03-31",39
"313","2008-04-01",39.610001
"314","2008-04-02",40.650002
"315","2008-04-03",40.560001
"316","2008-04-04",40.369999
"317","2008-04-07",40.880001
"318","2008-04-08",41
"319","2008-04-09",40.419998
"320","2008-04-10",40.400002
"321","2008-04-11",39.110001
"322","2008-04-14",38.560001
"323","2008-04-15",38.77
"324","2008-04-16",40.299999
"325","2008-04-17",39.299999
"326","2008-04-18",39.82
"327","2008-04-21",39.650002
"328","2008-04-22",38.700001
"329","2008-04-23",39.52
"330","2008-04-24",40.209999
"331","2008-04-25",39.919998
"332","2008-04-28",39.669998
"333","2008-04-29",39.32
"334","2008-04-30",38.73
"335","2008-05-01",39.16
"336","2008-05-02",39.59
"337","2008-05-05",39.220001
"338","2008-05-06",39.93
"339","2008-05-07",40.75
"340","2008-05-08",41.099998
"341","2008-05-09",41.290001
"342","2008-05-12",43.450001
"343","2008-05-13",43.599998
"344","2008-05-14",44.360001
"345","2008-05-15",45.369999
"346","2008-05-16",45.220001
"347","2008-05-19",44.509998
"348","2008-05-20",44.279999
"349","2008-05-21",44.060001
"350","2008-05-22",43.970001
"351","2008-05-23",43.630001
"352","2008-05-27",44.43
"353","2008-05-28",45.599998
"354","2008-05-29",46.029999
"355","2008-05-30",46.299999
"356","2008-06-02",45.98
"357","2008-06-03",45.400002
"358","2008-06-04",45.880001
"359","2008-06-05",49.880001
"360","2008-06-06",49.52
"361","2008-06-09",48.52
"362","2008-06-10",49.119999
"363","2008-06-11",47.189999
"364","2008-06-12",47.439999
"365","2008-06-13",47.830002
"366","2008-06-16",48.34
"367","2008-06-17",48.360001
"368","2008-06-18",49.25
"369","2008-06-19",49.77
"370","2008-06-20",48.82
"371","2008-06-23",49.02
"372","2008-06-24",49.009998
"373","2008-06-25",49.389999
"374","2008-06-26",48.880001
"375","2008-06-27",49
"376","2008-06-30",49
"377","2008-07-01",49.48
"378","2008-07-02",49.220001
"379","2008-07-03",47.57
"380","2008-07-07",47.73
"381","2008-07-08",48.240002
"382","2008-07-09",47.25
"383","2008-07-10",48.360001
"384","2008-07-11",48.150002
"385","2008-07-14",47.93
"386","2008-07-15",48.82
"387","2008-07-16",49.849998
"388","2008-07-17",48.959999
"389","2008-07-18",48.389999
"390","2008-07-21",48.34
"391","2008-07-22",49.419998
"392","2008-07-23",49.130001
"393","2008-07-24",49.279999
"394","2008-07-25",51.16
"395","2008-07-28",47.970001
"396","2008-07-29",49.099998
"397","2008-07-30",48.77
"398","2008-07-31",49.130001
"399","2008-08-01",48.889999
"400","2008-08-04",46.459999
"401","2008-08-05",46.689999
"402","2008-08-06",47.099998
"403","2008-08-07",46.02
"404","2008-08-08",47.41
"405","2008-08-11",48.400002
"406","2008-08-12",47.830002
"407","2008-08-13",48.490002
"408","2008-08-14",49.310001
"409","2008-08-15",47.689999
"410","2008-08-18",46.689999
"411","2008-08-19",46.200001
"412","2008-08-20",46.099998
"413","2008-08-21",45.650002
"414","2008-08-22",45.790001
"415","2008-08-25",45.380001
"416","2008-08-26",45.490002
"417","2008-08-27",45.400002
"418","2008-08-28",45.57
"419","2008-08-29",45.720001
"420","2008-09-02",46.02
"421","2008-09-03",46
"422","2008-09-04",45.599998
"423","2008-09-05",44.57
"424","2008-09-08",45.41
"425","2008-09-09",42.299999
"426","2008-09-10",42.299999
"427","2008-09-11",42.23
"428","2008-09-12",42.700001
"429","2008-09-15",40.529999
"430","2008-09-16",42.540001
"431","2008-09-17",40.27
"432","2008-09-18",46.060001
"433","2008-09-19",47.810001
"434","2008-09-22",47.220001
"435","2008-09-23",47.110001
"436","2008-09-24",48.549999
"437","2008-09-25",49.130001
"438","2008-09-26",50.110001
"439","2008-09-29",48.32
"440","2008-09-30",49.240002
"441","2008-10-01",50.23
"442","2008-10-02",49.720001
"443","2008-10-03",48.349998
"444","2008-10-06",48.23
"445","2008-10-07",44.669998
"446","2008-10-08",45.07
"447","2008-10-09",43.66
"448","2008-10-10",43.98
"449","2008-10-13",46.25
"450","2008-10-14",46.220001
"451","2008-10-15",43.619999
"452","2008-10-16",44.509998
"453","2008-10-17",43.029999
"454","2008-10-20",45.09
"455","2008-10-21",44.02
"456","2008-10-22",43.560001
"457","2008-10-23",42.889999
"458","2008-10-24",42.450001
"459","2008-10-27",40.830002
"460","2008-10-28",43.5
"461","2008-10-29",46.110001
"462","2008-10-30",47.330002
"463","2008-10-31",48.419998
"464","2008-11-03",49.23
"465","2008-11-04",49.400002
"466","2008-11-05",47.25
"467","2008-11-06",46.110001
"468","2008-11-07",46.389999
"469","2008-11-10",48.029999
"470","2008-11-11",45.75
"471","2008-11-12",43.75
"472","2008-11-13",46.310001
"473","2008-11-14",44
"474","2008-11-17",43.630001
"475","2008-11-18",44.110001
"476","2008-11-19",41.419998
"477","2008-11-20",41.07
"478","2008-11-21",43.27
"479","2008-11-24",46.720001
"480","2008-11-25",45
"481","2008-11-26",46.810001
"482","2008-11-28",47.43
"483","2008-12-01",45.130001
"484","2008-12-02",46.200001
"485","2008-12-03",45.32
"486","2008-12-04",44.02
"487","2008-12-05",48.880001
"488","2008-12-08",48.939999
"489","2008-12-09",46.790001
"490","2008-12-10",46.59
"491","2008-12-11",45.700001
"492","2008-12-12",48.950001
"493","2008-12-15",47.470001
"494","2008-12-16",48.029999
"495","2008-12-17",47.59
"496","2008-12-18",45.959999
"497","2008-12-19",47.139999
"498","2008-12-22",46.48
"499","2008-12-23",45.41
"500","2008-12-24",44.639999
"501","2008-12-26",45.169998
"502","2008-12-29",44.369999
"503","2008-12-30",45.240002
"504","2008-12-31",45.82
"505","2009-01-02",46.419998
"506","2009-01-05",46.18
"507","2009-01-06",45.18
"508","2009-01-07",44.689999
"509","2009-01-08",44.07
"510","2009-01-09",43.349998
"511","2009-01-12",42.91
"512","2009-01-13",42.529999
"513","2009-01-14",40.73
"514","2009-01-15",40.700001
"515","2009-01-16",41
"516","2009-01-20",40.119999
"517","2009-01-21",40.25
"518","2009-01-22",39.889999
"519","2009-01-23",40.880001
"520","2009-01-26",40.779999
"521","2009-01-27",40.950001
"522","2009-01-28",39.919998
"523","2009-01-29",39.310001
"524","2009-01-30",38.799999
"525","2009-02-02",37.759998
"526","2009-02-03",38.990002
"527","2009-02-04",39.349998
"528","2009-02-05",40.139999
"529","2009-02-06",41.299999
"530","2009-02-09",41.279999
"531","2009-02-10",40.049999
"532","2009-02-11",40.040001
"533","2009-02-12",40.509998
"534","2009-02-13",40.740002
"535","2009-02-17",39.450001
"536","2009-02-18",39.540001
"537","2009-02-19",39.5
"538","2009-02-20",39.110001
"539","2009-02-23",37.290001
"540","2009-02-24",38.5
"541","2009-02-25",38.009998
"542","2009-02-26",37.43
"543","2009-02-27",37.790001
"544","2009-03-02",37.18
"545","2009-03-03",37.110001
"546","2009-03-04",37.639999
"547","2009-03-05",35.200001
"548","2009-03-06",36.029999
"549","2009-03-09",35.450001
"550","2009-03-10",22.48
"551","2009-03-11",21.15
"552","2009-03-12",21.48
"553","2009-03-13",21.610001
"554","2009-03-16",22.219999
"555","2009-03-17",23.07
"556","2009-03-18",22.809999
"557","2009-03-19",22.860001
"558","2009-03-20",21.32
"559","2009-03-23",21.24
"560","2009-03-24",22.07
"561","2009-03-25",22.639999
"562","2009-03-26",23.68
"563","2009-03-27",23.91
"564","2009-03-30",23.82
"565","2009-03-31",24.77
"566","2009-04-01",25.139999
"567","2009-04-02",26.6
"568","2009-04-03",26.83
"569","2009-04-06",25.68
"570","2009-04-07",25.4
"571","2009-04-08",26.049999
"572","2009-04-09",27.309999
"573","2009-04-13",27.51
"574","2009-04-14",27.26
"575","2009-04-15",27.66
"576","2009-04-16",28.440001
"577","2009-04-17",28.82
"578","2009-04-20",29.450001
"579","2009-04-21",31.92
"580","2009-04-22",32.939999
"581","2009-04-23",32.669998
"582","2009-04-24",33.98
"583","2009-04-27",33.380001
"584","2009-04-28",33.169998
"585","2009-04-29",34.360001
"586","2009-04-30",33.470001
"587","2009-05-01",33.799999
"588","2009-05-04",29.690001
"589","2009-05-05",28.690001
"590","2009-05-06",28.83
"591","2009-05-07",27.98
"592","2009-05-08",27.34
"593","2009-05-11",27.379999
"594","2009-05-12",27.35
"595","2009-05-13",26.65
"596","2009-05-14",27.02
"597","2009-05-15",28.07
"598","2009-05-18",28.57
"599","2009-05-19",28.65
"600","2009-05-20",28.459999
"601","2009-05-21",28.139999
"602","2009-05-22",27.870001
"603","2009-05-26",28.99
"604","2009-05-27",28.16
"605","2009-05-28",28.4
"606","2009-05-29",29.139999
"607","2009-06-01",29.74
"608","2009-06-02",29.610001
"609","2009-06-03",29.27
"610","2009-06-04",30.780001
"611","2009-06-05",30.41
"612","2009-06-08",30.459999
"613","2009-06-09",30.99
"614","2009-06-10",30.73
"615","2009-06-11",30.98
"616","2009-06-12",31.059999
"617","2009-06-15",30.02
"618","2009-06-16",30.049999
"619","2009-06-17",30.17
"620","2009-06-18",30.040001
"621","2009-06-19",30.030001
"622","2009-06-22",29.16
"623","2009-06-23",29.25
"624","2009-06-24",29.26
"625","2009-06-25",30.049999
"626","2009-06-26",30.709999
"627","2009-06-29",30.559999
"628","2009-06-30",31.879999
"629","2009-07-01",32.549999
"630","2009-07-02",31.940001
"631","2009-07-06",31.389999
"632","2009-07-07",30.99
"633","2009-07-08",30.98
"634","2009-07-09",30.780001
"635","2009-07-10",30.92
"636","2009-07-13",31.34
"637","2009-07-14",32.610001
"638","2009-07-15",32.549999
"639","2009-07-16",32.880001
"640","2009-07-17",33
"641","2009-07-20",33.169998
"642","2009-07-21",33.080002
"643","2009-07-22",33.169998
"644","2009-07-23",33.619999
"645","2009-07-24",33.369999
"646","2009-07-27",32.59
"647","2009-07-28",32.91
"648","2009-07-29",32.509998
"649","2009-07-30",32.07
"650","2009-07-31",31.870001
"651","2009-08-03",31.790001
"652","2009-08-04",31.870001
"653","2009-08-05",31.66
"654","2009-08-06",31.83
"655","2009-08-07",32.959999
"656","2009-08-10",32.68
"657","2009-08-11",32.52
"658","2009-08-12",33.110001
"659","2009-08-13",33.68
"660","2009-08-14",33.349998
"661","2009-08-17",33.009998
"662","2009-08-18",33.310001
"663","2009-08-19",33.740002
"664","2009-08-20",34.169998
"665","2009-08-21",35.07
"666","2009-08-24",35
"667","2009-08-25",34.43
"668","2009-08-26",34.450001
"669","2009-08-27",34.779999
"670","2009-08-28",34.490002
"671","2009-08-31",34.110001
"672","2009-09-01",33.470001
"673","2009-09-02",33.259998
"674","2009-09-03",33.689999
"675","2009-09-04",34.060001
"676","2009-09-08",34.25
"677","2009-09-09",34.630001
"678","2009-09-10",34.900002
"679","2009-09-11",34.43
"680","2009-09-14",34.790001
"681","2009-09-15",34.860001
"682","2009-09-16",34.540001
"683","2009-09-17",34.5
"684","2009-09-18",34.57
"685","2009-09-21",34.369999
"686","2009-09-22",34.150002
"687","2009-09-23",34.080002
"688","2009-09-24",36.07
"689","2009-09-25",34.110001
"690","2009-09-28",34.009998
"691","2009-09-29",33.240002
"692","2009-09-30",33.220001
"693","2009-10-01",33.029999
"694","2009-10-02",32.34
"695","2009-10-05",32.110001
"696","2009-10-06",32.25
"697","2009-10-07",32.080002
"698","2009-10-08",32.029999
"699","2009-10-09",32.290001
"700","2009-10-12",31.93
"701","2009-10-13",32.23
"702","2009-10-14",34.209999
"703","2009-10-15",33.619999
"704","2009-10-16",33.009998
"705","2009-10-19",34.16
"706","2009-10-20",33.900002
"707","2009-10-21",33.700001
"708","2009-10-22",33.669998
"709","2009-10-23",33.080002
"710","2009-10-26",33.220001
"711","2009-10-27",32.869999
"712","2009-10-28",32.200001
"713","2009-10-29",32.93
"714","2009-10-30",32.119999
"715","2009-11-02",32.060001
"716","2009-11-03",32.290001
"717","2009-11-04",31.440001
"718","2009-11-05",32.240002
"719","2009-11-06",32.290001
"720","2009-11-09",32.400002
"721","2009-11-10",31.84
"722","2009-11-11",32.27
"723","2009-11-12",31.84
"724","2009-11-13",31.73
"725","2009-11-16",32.380001
"726","2009-11-17",32.040001
"727","2009-11-18",32.029999
"728","2009-11-19",31.08
"729","2009-11-20",30.41
"730","2009-11-23",29.68
"731","2009-11-24",30.17
"732","2009-11-25",29.879999
"733","2009-11-27",29.07
"734","2009-11-30",28.74
"735","2009-12-01",29.09
"736","2009-12-02",29.6
"737","2009-12-03",29.26
"738","2009-12-04",29.59
"739","2009-12-07",30.280001
"740","2009-12-08",30.459999
"741","2009-12-09",34.599998
"742","2009-12-10",34.139999
"743","2009-12-11",33.970001
"744","2009-12-14",34.77
"745","2009-12-15",34.43
"746","2009-12-16",34.290001
"747","2009-12-17",34.119999
"748","2009-12-18",34.459999
"749","2009-12-21",34.970001
"750","2009-12-22",35.34
"751","2009-12-23",36.32
"752","2009-12-24",36.529999
"753","2009-12-28",36.200001
"754","2009-12-29",36.099998
"755","2009-12-30",35.5
"756","2009-12-31",35.040001
"757","2010-01-04",35.549999
"758","2010-01-05",35.490002
"759","2010-01-06",35.34
"760","2010-01-07",35.869999
"761","2010-01-08",37
"762","2010-01-11",37.630001
"763","2010-01-12",37.66
"764","2010-01-13",38.169998
"765","2010-01-14",37.939999
"766","2010-01-15",36.84
"767","2010-01-19",37.139999
"768","2010-01-20",36.93
"769","2010-01-21",36.709999
"770","2010-01-22",35.639999
"771","2010-01-25",36.610001
"772","2010-01-26",36.099998
"773","2010-01-27",36.490002
"774","2010-01-28",35.610001
"775","2010-01-29",35.360001
"776","2010-02-01",35.540001
"777","2010-02-02",33.919998
"778","2010-02-03",32.849998
"779","2010-02-04",32.57
"780","2010-02-05",31.360001
"781","2010-02-08",30.23
"782","2010-02-09",30.799999
"783","2010-02-10",31.139999
"784","2010-02-11",31.18
"785","2010-02-12",31.360001
"786","2010-02-16",31.24
"787","2010-02-17",31.26
"788","2010-02-18",31.68
"789","2010-02-19",31.67
"790","2010-02-22",31.389999
"791","2010-02-23",30.690001
"792","2010-02-24",30.360001
"793","2010-02-25",31.190001
"794","2010-02-26",31.620001
"795","2010-03-01",32.130001
"796","2010-03-02",32.57
"797","2010-03-03",32.93
"798","2010-03-04",30.040001
"799","2010-03-05",30.32
"800","2010-03-08",30.09
"801","2010-03-09",30.049999
"802","2010-03-10",29.950001
"803","2010-03-11",29.76
"804","2010-03-12",31
"805","2010-03-15",31.25
"806","2010-03-16",32.470001
"807","2010-03-17",31.950001
"808","2010-03-18",32.119999
"809","2010-03-19",31.719999
"810","2010-03-22",32.029999
"811","2010-03-23",31.620001
"812","2010-03-24",31.59
"813","2010-03-25",31.780001
"814","2010-03-26",31.98
"815","2010-03-29",32.099998
"816","2010-03-30",32.139999
"817","2010-03-31",32.02
"818","2010-04-01",32.43
"819","2010-04-05",32.68
"820","2010-04-06",33.02
"821","2010-04-07",33.029999
"822","2010-04-08",32.709999
"823","2010-04-09",32.709999
"824","2010-04-12",32.779999
"825","2010-04-13",32.73
"826","2010-04-14",33.27
"827","2010-04-15",33.299999
"828","2010-04-16",32.939999
"829","2010-04-19",32.860001
"830","2010-04-20",32.77
"831","2010-04-21",32.470001
"832","2010-04-22",32.84
"833","2010-04-23",32.549999
"834","2010-04-26",32.549999
"835","2010-04-27",31.549999
"836","2010-04-28",31.469999
"837","2010-04-29",32.540001
"838","2010-04-30",31.24
"839","2010-05-03",31.98
"840","2010-05-04",31.139999
"841","2010-05-05",32.700001
"842","2010-05-06",32.200001
"843","2010-05-07",31.059999
"844","2010-05-10",32.259998
"845","2010-05-11",31.879999
"846","2010-05-12",31.870001
"847","2010-05-13",32.389999
"848","2010-05-14",31.84
"849","2010-05-17",31.85
"850","2010-05-18",31.35
"851","2010-05-19",30.92
"852","2010-05-20",29.469999
"853","2010-05-21",29.15
"854","2010-05-24",28.76
"855","2010-05-25",28.43
"856","2010-05-26",28.75
"857","2010-05-27",29
"858","2010-05-28",28.809999
"859","2010-06-01",28.18
"860","2010-06-02",28.84
"861","2010-06-03",29.280001
"862","2010-06-04",31.15
"863","2010-06-07",30.84
"864","2010-06-08",29.9
"865","2010-06-09",29.75
"866","2010-06-10",30.530001
"867","2010-06-11",30.85
"868","2010-06-14",30.26
"869","2010-06-15",31.370001
"870","2010-06-16",31.190001
"871","2010-06-17",30.85
"872","2010-06-18",30.76
"873","2010-06-21",31.209999
"874","2010-06-22",30.620001
"875","2010-06-23",30.43
"876","2010-06-24",30.25
"877","2010-06-25",31.219999
"878","2010-06-28",31.110001
"879","2010-06-29",30.120001
"880","2010-06-30",29.93
"881","2010-07-01",29.01
"882","2010-07-02",28.620001
"883","2010-07-06",27.700001
"884","2010-07-07",28.48
"885","2010-07-08",29.25
"886","2010-07-09",29.360001
"887","2010-07-12",28.610001
"888","2010-07-13",31.110001
"889","2010-07-14",31.370001
"890","2010-07-15",31.5
"891","2010-07-16",30.790001
"892","2010-07-19",30.99
"893","2010-07-20",31.299999
"894","2010-07-21",21.299999
"895","2010-07-22",20.99
"896","2010-07-23",21.73
"897","2010-07-26",22.17
"898","2010-07-27",22.24
"899","2010-07-28",21.93
"900","2010-07-29",21.92
"901","2010-07-30",21.57
"902","2010-08-02",21.790001
"903","2010-08-03",21.48
"904","2010-08-04",21.92
"905","2010-08-05",21.389999
"906","2010-08-06",21.23
"907","2010-08-09",21.870001
"908","2010-08-10",21.6
"909","2010-08-11",21.18
"910","2010-08-12",21.43
"911","2010-08-13",21.639999
"912","2010-08-16",21.83
"913","2010-08-17",21.690001
"914","2010-08-18",21.629999
"915","2010-08-19",21.209999
"916","2010-08-20",20.959999
"917","2010-08-23",20.440001
"918","2010-08-24",20.469999
"919","2010-08-25",20.84
"920","2010-08-26",20.360001
"921","2010-08-27",20.799999
"922","2010-08-30",20.92
"923","2010-08-31",20.370001
"924","2010-09-01",21.200001
"925","2010-09-02",21.360001
"926","2010-09-03",21.33
"927","2010-09-07",20.889999
"928","2010-09-08",22.639999
"929","2010-09-09",23.23
"930","2010-09-10",24.889999
"931","2010-09-13",24.700001
"932","2010-09-14",24.5
"933","2010-09-15",24.870001
"934","2010-09-16",25.379999
"935","2010-09-17",25.040001
"936","2010-09-20",25.9
"937","2010-09-21",25.25
"938","2010-09-22",24.969999
"939","2010-09-23",24.620001
"940","2010-09-24",26.48
"941","2010-09-27",26.35
"942","2010-09-28",26.77
"943","2010-09-29",27.139999
"944","2010-09-30",27.35
"945","2010-10-01",27.5
"946","2010-10-04",27.280001
"947","2010-10-05",28.280001
"948","2010-10-06",28.32
"949","2010-10-07",29.379999
"950","2010-10-08",29.639999
"951","2010-10-11",29.780001
"952","2010-10-12",29.959999
"953","2010-10-13",30
"954","2010-10-14",29.870001
"955","2010-10-15",29.709999
"956","2010-10-18",30.469999
"957","2010-10-19",30.23
"958","2010-10-20",30.379999
"959","2010-10-21",30.59
"960","2010-10-22",30.6
"961","2010-10-25",30.93
"962","2010-10-26",30.67
"963","2010-10-27",30.98
"964","2010-10-28",30.59
"965","2010-10-29",30.82
"966","2010-11-01",30.030001
"967","2010-11-02",31.190001
"968","2010-11-03",31.82
"969","2010-11-04",31.389999
"970","2010-11-05",31.5
"971","2010-11-08",31.09
"972","2010-11-09",30.780001
"973","2010-11-10",31
"974","2010-11-11",30.74
"975","2010-11-12",30.059999
"976","2010-11-15",30.02
"977","2010-11-16",29.459999
"978","2010-11-17",29.219999
"979","2010-11-18",29.84
"980","2010-11-19",29.74
"981","2010-11-22",29.459999
"982","2010-11-23",29.530001
"983","2010-11-24",30.049999
"984","2010-11-26",29.93
"985","2010-11-29",29.98
"986","2010-11-30",29.66
"987","2010-12-01",30.040001
"988","2010-12-02",30.700001
"989","2010-12-03",30.969999
"990","2010-12-06",31.280001
"991","2010-12-07",31.52
"992","2010-12-08",31.48
"993","2010-12-09",27.709999
"994","2010-12-10",28.030001
"995","2010-12-13",27.889999
"996","2010-12-14",27.799999
"997","2010-12-15",27.690001
"998","2010-12-16",27.530001
"999","2010-12-17",27.73
"1000","2010-12-20",28.26
"1001","2010-12-21",28.6
"1002","2010-12-22",28.16
"1003","2010-12-23",27.9
"1004","2010-12-27",27.700001
"1005","2010-12-28",27.42
"1006","2010-12-29",27.51
"1007","2010-12-30",27.889999
"1008","2010-12-31",27.76
"1009","2011-01-03",28.77
"1010","2011-01-04",28.360001
"1011","2011-01-05",28.700001
"1012","2011-01-06",28.4
"1013","2011-01-07",27.92
"1014","2011-01-10",27.959999
"1015","2011-01-11",27.98
"1016","2011-01-12",28.24
"1017","2011-01-13",28.23
"1018","2011-01-14",28.209999
"1019","2011-01-18",28.219999
"1020","2011-01-19",27
"1021","2011-01-20",26.49
"1022","2011-01-21",26.780001
"1023","2011-01-24",26.52
"1024","2011-01-25",26.49
"1025","2011-01-26",28.91
"1026","2011-01-27",29.959999
"1027","2011-01-28",28.120001
"1028","2011-01-31",28.059999
"1029","2011-02-01",27.99
"1030","2011-02-02",27.700001
"1031","2011-02-03",27.700001
"1032","2011-02-04",27.9
"1033","2011-02-07",28.370001
"1034","2011-02-08",28.200001
"1035","2011-02-09",28.049999
"1036","2011-02-10",27.99
"1037","2011-02-11",28.209999
"1038","2011-02-14",28.360001
"1039","2011-02-15",28.219999
"1040","2011-02-16",28.6
"1041","2011-02-17",28.450001
"1042","2011-02-18",28.620001
"1043","2011-02-22",27.52
"1044","2011-02-23",26.65
"1045","2011-02-24",27.040001
"1046","2011-02-25",27.1
"1047","2011-02-28",27.049999
"1048","2011-03-01",27.290001
"1049","2011-03-02",27.48
"1050","2011-03-03",27.469999
"1051","2011-03-04",28.200001
"1052","2011-03-07",27.040001
"1053","2011-03-08",27.33
"1054","2011-03-09",26.98
"1055","2011-03-10",26.74
"1056","2011-03-11",26.040001
"1057","2011-03-14",26.07
"1058","2011-03-15",26.01
"1059","2011-03-16",25.92
"1060","2011-03-17",26.25
"1061","2011-03-18",26.780001
"1062","2011-03-21",27.01
"1063","2011-03-22",26.889999
"1064","2011-03-23",26.809999
"1065","2011-03-24",26.76
"1066","2011-03-25",26.49
"1067","2011-03-28",26.719999
"1068","2011-03-29",27.040001
"1069","2011-03-30",27.27
"1070","2011-03-31",27.219999
"1071","2011-04-01",27.719999
"1072","2011-04-04",29.01
"1073","2011-04-05",28.73
"1074","2011-04-06",29.709999
"1075","2011-04-07",29.629999
"1076","2011-04-08",29.450001
"1077","2011-04-11",29.110001
"1078","2011-04-12",28.82
"1079","2011-04-13",28.59
"1080","2011-04-14",28.620001
"1081","2011-04-15",28.49
"1082","2011-04-18",27.85
"1083","2011-04-19",27.450001
"1084","2011-04-20",28.02
"1085","2011-04-21",28.049999
"1086","2011-04-25",28.1
"1087","2011-04-26",28.139999
"1088","2011-04-27",28.41
"1089","2011-04-28",28.459999
"1090","2011-04-29",28.299999
"1091","2011-05-02",28.290001
"1092","2011-05-03",27.690001
"1093","2011-05-04",27.530001
"1094","2011-05-05",27.559999
"1095","2011-05-06",28.040001
"1096","2011-05-09",28.52
"1097","2011-05-10",28.969999
"1098","2011-05-11",28.540001
"1099","2011-05-12",28.719999
"1100","2011-05-13",28.51
"1101","2011-05-16",28.07
"1102","2011-05-17",27.959999
"1103","2011-05-18",28
"1104","2011-05-19",27.98
"1105","2011-05-20",27.799999
"1106","2011-05-23",27.48
"1107","2011-05-24",27.23
"1108","2011-05-25",27.450001
"1109","2011-05-26",27.51
"1110","2011-05-27",27.860001
"1111","2011-05-31",27.790001
"1112","2011-06-01",27.370001
"1113","2011-06-02",27.67
"1114","2011-06-03",27.120001
"1115","2011-06-06",27.16
"1116","2011-06-07",26.74
"1117","2011-06-08",24.24
"1118","2011-06-09",24.01
"1119","2011-06-10",23.82
"1120","2011-06-13",23.620001
"1121","2011-06-14",23.870001
"1122","2011-06-15",24.209999
"1123","2011-06-16",24.209999
"1124","2011-06-17",25.16
"1125","2011-06-20",25.860001
"1126","2011-06-21",26.280001
"1127","2011-06-22",26.25
"1128","2011-06-23",26.85
"1129","2011-06-24",26.73
"1130","2011-06-27",27.17
"1131","2011-06-28",27.6
"1132","2011-06-29",27.719999
"1133","2011-06-30",28.040001
"1134","2011-07-01",28.41
"1135","2011-07-05",28.67
"1136","2011-07-06",28.610001
"1137","2011-07-07",29.52
"1138","2011-07-08",29.549999
"1139","2011-07-11",29.049999
"1140","2011-07-12",29.09
"1141","2011-07-13",28.99
"1142","2011-07-14",28.690001
"1143","2011-07-15",28.719999
"1144","2011-07-18",28.530001
"1145","2011-07-19",28.67
"1146","2011-07-20",28.84
"1147","2011-07-21",28.860001
"1148","2011-07-22",28.59
"1149","2011-07-25",28.35
"1150","2011-07-26",28.219999
"1151","2011-07-27",27.610001
"1152","2011-07-28",27.639999
"1153","2011-07-29",26.950001
"1154","2011-08-01",26.99
"1155","2011-08-02",26.51
"1156","2011-08-03",26.860001
"1157","2011-08-04",25.85
"1158","2011-08-05",25.49
"1159","2011-08-08",24.280001
"1160","2011-08-09",25.83
"1161","2011-08-10",24.99
"1162","2011-08-11",26.52
"1163","2011-08-12",26.17
"1164","2011-08-15",26.82
"1165","2011-08-16",26.459999
"1166","2011-08-17",26.43
"1167","2011-08-18",25.26
"1168","2011-08-19",25.190001
"1169","2011-08-22",25.23
"1170","2011-08-23",26.24
"1171","2011-08-24",26.559999
"1172","2011-08-25",26.58
"1173","2011-08-26",27.200001
"1174","2011-08-29",27.700001
"1175","2011-08-30",27.9
"1176","2011-08-31",27.84
"1177","2011-09-01",27.68
"1178","2011-09-02",27.34
"1179","2011-09-06",27.4
"1180","2011-09-07",28.1
"1181","2011-09-08",27.889999
"1182","2011-09-09",27.68
"1183","2011-09-12",28.110001
"1184","2011-09-13",28.040001
"1185","2011-09-14",28.360001
"1186","2011-09-15",28.17
"1187","2011-09-16",28.33
"1188","2011-09-19",28.09
"1189","2011-09-20",27.66
"1190","2011-09-21",27.15
"1191","2011-09-22",26.790001
"1192","2011-09-23",26.52
"1193","2011-09-26",27.040001
"1194","2011-09-27",27.870001
"1195","2011-09-28",27.57
"1196","2011-09-29",28.25
"1197","2011-09-30",28.09
"1198","2011-10-03",27.209999
"1199","2011-10-04",27.969999
"1200","2011-10-05",28.200001
"1201","2011-10-06",30.9
"1202","2011-10-07",30.99
"1203","2011-10-10",31.629999
"1204","2011-10-11",31.950001
"1205","2011-10-12",32.400002
"1206","2011-10-13",31.620001
"1207","2011-10-14",32.439999
"1208","2011-10-17",31.629999
"1209","2011-10-18",31.98
"1210","2011-10-19",31.58
"1211","2011-10-20",32.07
"1212","2011-10-21",32.150002
"1213","2011-10-24",33.099998
"1214","2011-10-25",32.299999
"1215","2011-10-26",32.849998
"1216","2011-10-27",33.700001
"1217","2011-10-28",33.41
"1218","2011-10-31",33.110001
"1219","2011-11-01",32.330002
"1220","2011-11-02",32.700001
"1221","2011-11-03",32.990002
"1222","2011-11-04",33.060001
"1223","2011-11-07",33.099998
"1224","2011-11-08",33.759998
"1225","2011-11-09",33.009998
"1226","2011-11-10",33.380001
"1227","2011-11-11",34.32
"1228","2011-11-14",34.43
"1229","2011-11-15",34.98
"1230","2011-11-16",34.720001
"1231","2011-11-17",33.919998
"1232","2011-11-18",33.080002
"1233","2011-11-21",32.400002
"1234","2011-11-22",30.49
"1235","2011-11-23",29.639999
"1236","2011-11-25",29.280001
"1237","2011-11-28",29.66
"1238","2011-11-29",29.5
"1239","2011-11-30",30.290001
"1240","2011-12-01",30.219999
"1241","2011-12-02",30.35
"1242","2011-12-05",30.99
"1243","2011-12-06",31.059999
"1244","2011-12-07",30.9
"1245","2011-12-08",30.4
"1246","2011-12-09",29.549999
"1247","2011-12-12",29.540001
"1248","2011-12-13",28.98
"1249","2011-12-14",28.280001
"1250","2011-12-15",28.34
"1251","2011-12-16",28.450001
"1252","2011-12-19",27.940001
"1253","2011-12-20",29.110001
"1254","2011-12-21",29.15
"1255","2011-12-22",29.209999
"1256","2011-12-23",29.26
"1257","2011-12-27",29.389999
"1258","2011-12-28",28.73
"1259","2011-12-29",29.110001
"1260","2011-12-30",28.620001
"1261","2012-01-03",29.26
"1262","2012-01-04",28.9
"1263","2012-01-05",29.25
"1264","2012-01-06",29.549999
"1265","2012-01-09",29.48
"1266","2012-01-10",29.459999
"1267","2012-01-11",29.799999
"1268","2012-01-12",30.08
"1269","2012-01-13",29.719999
"1270","2012-01-17",29.719999
"1271","2012-01-18",30.139999
"1272","2012-01-19",30.24
"1273","2012-01-20",30.48
"1274","2012-01-23",30.559999
"1275","2012-01-24",30.5
"1276","2012-01-25",30.42
"1277","2012-01-26",30.559999
"1278","2012-01-27",30.889999
"1279","2012-01-30",30.790001
"1280","2012-01-31",30.860001
"1281","2012-02-01",31.5
"1282","2012-02-02",32.150002
"1283","2012-02-03",32.98
"1284","2012-02-06",32.700001
"1285","2012-02-07",32.950001
"1286","2012-02-08",32.950001
"1287","2012-02-09",32.599998
"1288","2012-02-10",32.57
"1289","2012-02-13",32.810001
"1290","2012-02-14",32.5
"1291","2012-02-15",32.209999
"1292","2012-02-16",32.799999
"1293","2012-02-17",32.779999
"1294","2012-02-21",32.73
"1295","2012-02-22",32.57
"1296","2012-02-23",32.82
"1297","2012-02-24",32.82
"1298","2012-02-27",32.73
"1299","2012-02-28",32.580002
"1300","2012-02-29",32.27
"1301","2012-03-01",32.040001
"1302","2012-03-02",31.76
"1303","2012-03-05",31.59
"1304","2012-03-06",31.299999
"1305","2012-03-07",31.530001
"1306","2012-03-08",31.969999
"1307","2012-03-09",32.860001
"1308","2012-03-12",32.599998
"1309","2012-03-13",33.279999
"1310","2012-03-14",32.939999
"1311","2012-03-15",32.77
"1312","2012-03-16",32.619999
"1313","2012-03-19",32.990002
"1314","2012-03-20",32.75
"1315","2012-03-21",32.360001
"1316","2012-03-22",32.619999
"1317","2012-03-23",33.02
"1318","2012-03-26",33.709999
"1319","2012-03-27",33.34
"1320","2012-03-28",33.349998
"1321","2012-03-29",33.02
"1322","2012-03-30",32.580002
"1323","2012-04-02",33.849998
"1324","2012-04-03",33.91
"1325","2012-04-04",33.619999
"1326","2012-04-05",33.540001
"1327","2012-04-09",33.290001
"1328","2012-04-10",32.259998
"1329","2012-04-11",33.040001
"1330","2012-04-12",32.439999
"1331","2012-04-13",31.879999
"1332","2012-04-16",31.719999
"1333","2012-04-17",31.67
"1334","2012-04-18",31.58
"1335","2012-04-19",31.219999
"1336","2012-04-20",31.26
"1337","2012-04-23",30.889999
"1338","2012-04-24",30.98
"1339","2012-04-25",31.5
"1340","2012-04-26",31.59
"1341","2012-04-27",31.700001
"1342","2012-04-30",30.92
"1343","2012-05-01",31.02
"1344","2012-05-02",31.4
"1345","2012-05-03",31.07
"1346","2012-05-04",30.33
"1347","2012-05-07",30.780001
"1348","2012-05-08",30.33
"1349","2012-05-09",30.440001
"1350","2012-05-10",30.4
"1351","2012-05-11",30.41
"1352","2012-05-14",30.57
"1353","2012-05-15",30.48
"1354","2012-05-16",29.639999
"1355","2012-05-17",29.41
"1356","2012-05-18",28.98
"1357","2012-05-21",29.120001
"1358","2012-05-22",28.83
"1359","2012-05-23",28.6
"1360","2012-05-24",28.59
"1361","2012-05-25",28.700001
"1362","2012-05-29",28.85
"1363","2012-05-30",29.049999
"1364","2012-05-31",28.879999
"1365","2012-06-01",28.950001
"1366","2012-06-04",29.09
"1367","2012-06-05",29.48
"1368","2012-06-06",29.51
"1369","2012-06-07",29.120001
"1370","2012-06-08",30.83
"1371","2012-06-11",27.959999
"1372","2012-06-12",28.6
"1373","2012-06-13",27.610001
"1374","2012-06-14",27.98
"1375","2012-06-15",28.209999
"1376","2012-06-18",28.5
"1377","2012-06-19",28.98
"1378","2012-06-20",28.99
"1379","2012-06-21",28.42
"1380","2012-06-22",28.700001
"1381","2012-06-25",28.26
"1382","2012-06-26",28.51
"1383","2012-06-27",28.48
"1384","2012-06-28",28.219999
"1385","2012-06-29",28.58
"1386","2012-07-02",29.110001
"1387","2012-07-03",29.459999
"1388","2012-07-05",29.41
"1389","2012-07-06",29.219999
"1390","2012-07-09",29.280001
"1391","2012-07-10",28.77
"1392","2012-07-11",28.780001
"1393","2012-07-12",28.280001
"1394","2012-07-13",28.620001
"1395","2012-07-16",28.34
"1396","2012-07-17",28.16
"1397","2012-07-18",28.309999
"1398","2012-07-19",27.67
"1399","2012-07-20",27.43
"1400","2012-07-23",27.129999
"1401","2012-07-24",26.889999
"1402","2012-07-25",27.07
"1403","2012-07-26",27.07
"1404","2012-07-27",27.25
"1405","2012-07-30",27.129999
"1406","2012-07-31",27.32
"1407","2012-08-01",27.200001
"1408","2012-08-02",26.549999
"1409","2012-08-03",27.24
"1410","2012-08-06",27.27
"1411","2012-08-07",27.33
"1412","2012-08-08",27.860001
"1413","2012-08-09",28.110001
"1414","2012-08-10",28.190001
"1415","2012-08-13",28.4
"1416","2012-08-14",28.23
"1417","2012-08-15",28.389999
"1418","2012-08-16",28.389999
"1419","2012-08-17",28.85
"1420","2012-08-20",28.6
"1421","2012-08-21",28.360001
"1422","2012-08-22",28.440001
"1423","2012-08-23",28.5
"1424","2012-08-24",28.370001
"1425","2012-08-27",28.299999
"1426","2012-08-28",28.620001
"1427","2012-08-29",28.809999
"1428","2012-08-30",27.959999
"1429","2012-08-31",28.120001
"1430","2012-09-04",28.290001
"1431","2012-09-05",28
"1432","2012-09-06",28.360001
"1433","2012-09-07",28.610001
"1434","2012-09-10",28.83
"1435","2012-09-11",28.83
"1436","2012-09-12",28.76
"1437","2012-09-13",28.950001
"1438","2012-09-14",28.799999
"1439","2012-09-17",28.700001
"1440","2012-09-18",29.059999
"1441","2012-09-19",28.700001
"1442","2012-09-20",28.32
"1443","2012-09-21",28.32
"1444","2012-09-24",28.610001
"1445","2012-09-25",28.190001
"1446","2012-09-26",28.379999
"1447","2012-09-27",27.43
"1448","2012-09-28",27.639999
"1449","2012-10-01",27.74
"1450","2012-10-02",27.98
"1451","2012-10-03",27.6
"1452","2012-10-04",27.799999
"1453","2012-10-05",27.75
"1454","2012-10-08",27.639999
"1455","2012-10-09",27.35
"1456","2012-10-10",26.76
"1457","2012-10-11",26.690001
"1458","2012-10-12",26.690001
"1459","2012-10-15",26.76
"1460","2012-10-16",26.780001
"1461","2012-10-17",26.620001
"1462","2012-10-18",26.18
"1463","2012-10-19",25.879999
"1464","2012-10-22",25.780001
"1465","2012-10-23",25.5
"1466","2012-10-24",25.41
"1467","2012-10-25",25.4
"1468","2012-10-26",25.33
"1469","2012-10-31",25.17
"1470","2012-11-01",25.41
"1471","2012-11-02",25.01
"1472","2012-11-05",25.43
"1473","2012-11-06",25.77
"1474","2012-11-07",25.35
"1475","2012-11-08",24.6
"1476","2012-11-09",25.08
"1477","2012-11-12",24.77
"1478","2012-11-13",24.59
"1479","2012-11-14",24.559999
"1480","2012-11-15",24.58
"1481","2012-11-16",24.68
"1482","2012-11-19",24.76
"1483","2012-11-20",24.17
"1484","2012-11-21",24.360001
"1485","2012-11-23",24.66
"1486","2012-11-26",24.950001
"1487","2012-11-27",25.059999
"1488","2012-11-28",25.4
"1489","2012-11-29",25.52
"1490","2012-11-30",25.559999
"1491","2012-12-03",25.34
"1492","2012-12-04",25.799999
"1493","2012-12-05",25.629999
"1494","2012-12-06",25.799999
"1495","2012-12-07",24.129999
"1496","2012-12-10",25.059999
"1497","2012-12-11",25.17
"1498","2012-12-12",25.18
"1499","2012-12-13",25.120001
"1500","2012-12-14",25.4
"1501","2012-12-17",25.690001
"1502","2012-12-18",25.719999
"1503","2012-12-19",25.65
"1504","2012-12-20",25.83
"1505","2012-12-21",25.620001
"1506","2012-12-24",25.59
"1507","2012-12-26",25.280001
"1508","2012-12-27",25.48
"1509","2012-12-28",24.969999
"1510","2012-12-31",25.379999
"1511","2013-01-02",26.469999
"1512","2013-01-03",26.440001
"1513","2013-01-04",26.18
"1514","2013-01-07",26.07
"1515","2013-01-08",26.32
"1516","2013-01-09",26.42
"1517","2013-01-10",26.469999
"1518","2013-01-11",26.549999
"1519","2013-01-14",26.23
"1520","2013-01-15",26.110001
"1521","2013-01-16",26.34
"1522","2013-01-17",26.5
"1523","2013-01-18",26.620001
"1524","2013-01-22",26.690001
"1525","2013-01-23",26.25
"1526","2013-01-24",26.459999
"1527","2013-01-25",26.540001
"1528","2013-01-28",26.639999
"1529","2013-01-29",26.52
"1530","2013-01-30",26.139999
"1531","2013-01-31",26.5
"1532","2013-02-01",26.43
"1533","2013-02-04",26.16
"1534","2013-02-05",26.379999
"1535","2013-02-06",26.51
"1536","2013-02-07",26.700001
"1537","2013-02-08",26.790001
"1538","2013-02-11",26.959999
"1539","2013-02-12",26.879999
"1540","2013-02-13",26.959999
"1541","2013-02-14",27.17
"1542","2013-02-15",27.049999
"1543","2013-02-19",27.09
"1544","2013-02-20",26.639999
"1545","2013-02-21",26.5
"1546","2013-02-22",26.780001
"1547","2013-02-25",26.459999
"1548","2013-02-26",26.57
"1549","2013-02-27",26.860001
"1550","2013-02-28",26.780001
"1551","2013-03-01",27.200001
"1552","2013-03-04",27.110001
"1553","2013-03-05",26.959999
"1554","2013-03-06",27.110001
"1555","2013-03-07",27.26
"1556","2013-03-08",25.77
"1557","2013-03-11",25.1
"1558","2013-03-12",24.799999
"1559","2013-03-13",24.450001
"1560","2013-03-14",24.469999
"1561","2013-03-15",24.6
"1562","2013-03-18",24.65
"1563","2013-03-19",24.75
"1564","2013-03-20",24.9
"1565","2013-03-21",24.620001
"1566","2013-03-22",24.379999
"1567","2013-03-25",24.5
"1568","2013-03-26",24.41
"1569","2013-03-27",24.379999
"1570","2013-03-28",24.280001
"1571","2013-04-01",24.049999
"1572","2013-04-02",24.27
"1573","2013-04-03",24.120001
"1574","2013-04-04",24.08
"1575","2013-04-05",23.74
"1576","2013-04-08",23.99
"1577","2013-04-09",24.379999
"1578","2013-04-10",24.860001
"1579","2013-04-11",24.879999
"1580","2013-04-12",24.690001
"1581","2013-04-15",23.16
"1582","2013-04-16",23.620001
"1583","2013-04-17",22.85
"1584","2013-04-18",23
"1585","2013-04-19",23.129999
"1586","2013-04-22",22.98
"1587","2013-04-23",23.780001
"1588","2013-04-24",23.950001
"1589","2013-04-25",23.969999
"1590","2013-04-26",23.780001
"1591","2013-04-29",24.02
"1592","2013-04-30",24.610001
"1593","2013-05-01",23.84
"1594","2013-05-02",24.25
"1595","2013-05-03",25.200001
"1596","2013-05-06",25.67
"1597","2013-05-07",25.709999
"1598","2013-05-08",25.49
"1599","2013-05-09",26.01
"1600","2013-05-10",26
"1601","2013-05-13",25.700001
"1602","2013-05-14",26.059999
"1603","2013-05-15",26.17
"1604","2013-05-16",26.049999
"1605","2013-05-17",26.65
"1606","2013-05-20",26.9
"1607","2013-05-21",26.700001
"1608","2013-05-22",26.209999
"1609","2013-05-23",26.25
"1610","2013-05-24",26.5
"1611","2013-05-28",26.75
"1612","2013-05-29",26.700001
"1613","2013-05-30",27.02
"1614","2013-05-31",26.4
"1615","2013-06-03",27
"1616","2013-06-04",26.540001
"1617","2013-06-05",26.08
"1618","2013-06-06",26.27
"1619","2013-06-07",27
"1620","2013-06-10",26.790001
"1621","2013-06-11",26.68
"1622","2013-06-12",26.52
"1623","2013-06-13",26.809999
"1624","2013-06-14",26.42
"1625","2013-06-17",26.4
"1626","2013-06-18",26.969999
"1627","2013-06-19",26.4
"1628","2013-06-20",25.940001
"1629","2013-06-21",25.809999
"1630","2013-06-24",25.66
"1631","2013-06-25",25.77
"1632","2013-06-26",25.639999
"1633","2013-06-27",25.969999
"1634","2013-06-28",26.889999
"1635","2013-07-01",27.49
"1636","2013-07-02",27.370001
"1637","2013-07-03",27.52
"1638","2013-07-05",27.59
"1639","2013-07-08",27.469999
"1640","2013-07-09",27.4
"1641","2013-07-10",27.540001
"1642","2013-07-11",27.6
"1643","2013-07-12",27.59
"1644","2013-07-15",27.75
"1645","2013-07-16",27.57
"1646","2013-07-17",27.6
"1647","2013-07-18",27.629999
"1648","2013-07-19",27.540001
"1649","2013-07-22",27.57
"1650","2013-07-23",27.299999
"1651","2013-07-24",27.139999
"1652","2013-07-25",27.17
"1653","2013-07-26",26.790001
"1654","2013-07-29",26.709999
"1655","2013-07-30",27.139999
"1656","2013-07-31",27.08
"1657","2013-08-01",27.25
"1658","2013-08-02",27.299999
"1659","2013-08-05",27.299999
"1660","2013-08-06",27.120001
"1661","2013-08-07",26.969999
"1662","2013-08-08",26.889999
"1663","2013-08-09",26.610001
"1664","2013-08-12",26.5
"1665","2013-08-13",26.34
"1666","2013-08-14",26.24
"1667","2013-08-15",25.99
"1668","2013-08-16",25.969999
"1669","2013-08-19",25.540001
"1670","2013-08-20",25.709999
"1671","2013-08-21",25.25
"1672","2013-08-22",25.67
"1673","2013-08-23",25.540001
"1674","2013-08-26",25.209999
"1675","2013-08-27",24.5
"1676","2013-08-28",24.629999
"1677","2013-08-29",24.57
"1678","2013-08-30",23.969999
"1679","2013-09-03",24.01
"1680","2013-09-04",24.700001
"1681","2013-09-05",24.620001
"1682","2013-09-06",24.360001
"1683","2013-09-09",24.700001
"1684","2013-09-10",24.719999
"1685","2013-09-11",24.639999
"1686","2013-09-12",24.67
"1687","2013-09-13",24.440001
"1688","2013-09-16",24.370001
"1689","2013-09-17",24.67
"1690","2013-09-18",24.780001
"1691","2013-09-19",24.709999
"1692","2013-09-20",24.57
"1693","2013-09-23",24.49
"1694","2013-09-24",24.41
"1695","2013-09-25",24.99
"1696","2013-09-26",24.83
"1697","2013-09-27",24.690001
"1698","2013-09-30",24.32
"1699","2013-10-01",24.43
"1700","2013-10-02",24.35
"1701","2013-10-03",24.09
"1702","2013-10-04",25.77
"1703","2013-10-07",26.860001
"1704","2013-10-08",26.629999
"1705","2013-10-09",26.83
"1706","2013-10-10",27.370001
"1707","2013-10-11",27.450001
"1708","2013-10-14",27.42
"1709","2013-10-15",27.360001
"1710","2013-10-16",27.4
"1711","2013-10-17",27.84
"1712","2013-10-18",28.950001
"1713","2013-10-21",28.530001
"1714","2013-10-22",28.73
"1715","2013-10-23",29.110001
"1716","2013-10-24",29.049999
"1717","2013-10-25",28.92
"1718","2013-10-28",29.82
"1719","2013-10-29",29.91
"1720","2013-10-30",29.969999
"1721","2013-10-31",30.02
"1722","2013-11-01",30.16
"1723","2013-11-04",30.290001
"1724","2013-11-05",30.389999
"1725","2013-11-06",30.870001
"1726","2013-11-07",30.5
"1727","2013-11-08",30.530001
"1728","2013-11-11",30.370001
"1729","2013-11-12",30.51
"1730","2013-11-13",30.59
"1731","2013-11-14",30.540001
"1732","2013-11-15",30.809999
"1733","2013-11-18",30.620001
"1734","2013-11-19",30.74
"1735","2013-11-20",30.66
"1736","2013-11-21",30.799999
"1737","2013-11-22",31
"1738","2013-11-25",31.440001
"1739","2013-11-26",31.51
"1740","2013-11-27",32.169998
"1741","2013-11-29",32.139999
"1742","2013-12-02",31.540001
"1743","2013-12-03",31.450001
"1744","2013-12-04",31.040001
"1745","2013-12-05",31.24
"1746","2013-12-06",31.33
"1747","2013-12-09",31.290001
"1748","2013-12-10",31.92
"1749","2013-12-11",31.74
"1750","2013-12-12",32.009998
"1751","2013-12-13",32
"1752","2013-12-16",32.060001
"1753","2013-12-17",31.75
"1754","2013-12-18",31.620001
"1755","2013-12-19",31.42
"1756","2013-12-20",31.74
"1757","2013-12-23",32.009998
"1758","2013-12-24",32.119999
"1759","2013-12-26",31.93
"1760","2013-12-27",31.950001
"1761","2013-12-30",31.84
"1762","2013-12-31",31.51
"1763","2014-01-02",31.389999
"1764","2014-01-03",31.52
"1765","2014-01-06",31.370001
"1766","2014-01-07",31.66
"1767","2014-01-08",31.58
"1768","2014-01-09",31.85
"1769","2014-01-10",32.23
"1770","2014-01-13",32.290001
"1771","2014-01-14",32.369999
"1772","2014-01-15",32.25
"1773","2014-01-16",32.310001
"1774","2014-01-17",31.799999
"1775","2014-01-21",32.16
"1776","2014-01-22",31.969999
"1777","2014-01-23",31.700001
"1778","2014-01-24",31.1
"1779","2014-01-27",30.969999
"1780","2014-01-28",30.790001
"1781","2014-01-29",30.719999
"1782","2014-01-30",30.76
"1783","2014-01-31",30.42
"1784","2014-02-03",30.120001
"1785","2014-02-04",30.1
"1786","2014-02-05",30
"1787","2014-02-06",30.290001
"1788","2014-02-07",30.040001
"1789","2014-02-10",30.01
"1790","2014-02-11",30.68
"1791","2014-02-12",30.709999
"1792","2014-02-13",31.379999
"1793","2014-02-14",31.379999
"1794","2014-02-18",31.51
"1795","2014-02-19",31.4
"1796","2014-02-20",31.73
"1797","2014-02-21",31.51
"1798","2014-02-24",31.709999
"1799","2014-02-25",31.780001
"1800","2014-02-26",32.490002
"1801","2014-02-27",31.959999
"1802","2014-02-28",32.009998
"1803","2014-03-03",32.029999
"1804","2014-03-04",32.5
"1805","2014-03-05",32.400002
"1806","2014-03-06",32.59
"1807","2014-03-07",32.849998
"1808","2014-03-10",32.240002
"1809","2014-03-11",31.879999
"1810","2014-03-12",31.969999
"1811","2014-03-13",31.25
"1812","2014-03-14",31.290001
"1813","2014-03-17",31.290001
"1814","2014-03-18",31.82
"1815","2014-03-19",31.49
"1816","2014-03-20",31.459999
"1817","2014-03-21",31.51
"1818","2014-03-24",31.76
"1819","2014-03-25",31.860001
"1820","2014-03-26",31.440001
"1821","2014-03-27",31.639999
"1822","2014-03-28",31.719999
"1823","2014-03-31",31.860001
"1824","2014-04-01",32.400002
"1825","2014-04-02",32.450001
"1826","2014-04-03",32.48
"1827","2014-04-04",32.060001
"1828","2014-04-07",31.84
"1829","2014-04-08",31.879999
"1830","2014-04-09",31.84
"1831","2014-04-10",31.66
"1832","2014-04-11",31.610001
"1833","2014-04-14",31.780001
"1834","2014-04-15",31.77
"1835","2014-04-16",31.639999
"1836","2014-04-17",31.889999
"1837","2014-04-21",31.959999
"1838","2014-04-22",31.99
"1839","2014-04-23",31.9
"1840","2014-04-24",31.799999
"1841","2014-04-25",31.719999
"1842","2014-04-28",31.700001
"1843","2014-04-29",31.709999
"1844","2014-04-30",31.75
"1845","2014-05-01",31.889999
"1846","2014-05-02",31.83
"1847","2014-05-05",31.209999
"1848","2014-05-06",30.99
"1849","2014-05-07",30.93
"1850","2014-05-08",30.5
"1851","2014-05-09",30.790001
"1852","2014-05-12",31.27
"1853","2014-05-13",31.23
"1854","2014-05-14",30.870001
"1855","2014-05-15",30.950001
"1856","2014-05-16",31.15
"1857","2014-05-19",31.629999
"1858","2014-05-20",31.15
"1859","2014-05-21",31.33
"1860","2014-05-22",31.58
"1861","2014-05-23",32.110001
"1862","2014-05-27",32.630001
"1863","2014-05-28",32.849998
"1864","2014-05-29",33.040001
"1865","2014-05-30",32.669998
"1866","2014-06-02",32.209999
"1867","2014-06-03",31.9
"1868","2014-06-04",31.440001
"1869","2014-06-05",32.990002
"1870","2014-06-06",38.759998
"1871","2014-06-09",39.669998
"1872","2014-06-10",39.41
"1873","2014-06-11",39.189999
"1874","2014-06-12",38.900002
"1875","2014-06-13",38.77
"1876","2014-06-16",38.66
"1877","2014-06-17",38.5
"1878","2014-06-18",38.740002
"1879","2014-06-19",39.490002
"1880","2014-06-20",39.200001
"1881","2014-06-23",38.259998
"1882","2014-06-24",37.91
"1883","2014-06-25",37.130001
"1884","2014-06-26",36.919998
"1885","2014-06-27",36.860001
"1886","2014-06-30",37.330002
"1887","2014-07-01",37.650002
"1888","2014-07-02",37.52
"1889","2014-07-03",37.41
"1890","2014-07-07",36.630001
"1891","2014-07-08",35.709999
"1892","2014-07-09",35.470001
"1893","2014-07-10",35.43
"1894","2014-07-11",35.73
"1895","2014-07-14",36.049999
"1896","2014-07-15",35.200001
"1897","2014-07-16",35.240002
"1898","2014-07-17",34.810001
"1899","2014-07-18",35.509998
"1900","2014-07-21",35.389999
"1901","2014-07-22",35.580002
"1902","2014-07-23",35.669998
"1903","2014-07-24",35.459999
"1904","2014-07-25",35.220001
"1905","2014-07-28",34.860001
"1906","2014-07-29",35.009998
"1907","2014-07-30",34.849998
"1908","2014-07-31",33.799999
"1909","2014-08-01",33.709999
"1910","2014-08-04",33.939999
"1911","2014-08-05",33.84
"1912","2014-08-06",34.41
"1913","2014-08-07",34.41
"1914","2014-08-08",34.25
"1915","2014-08-11",34.610001
"1916","2014-08-12",34.52
"1917","2014-08-13",35.360001
"1918","2014-08-14",35.459999
"1919","2014-08-15",35.18
"1920","2014-08-18",35.330002
"1921","2014-08-19",35.259998
"1922","2014-08-20",34.650002
"1923","2014-08-21",35.369999
"1924","2014-08-22",35.110001
"1925","2014-08-25",36.810001
"1926","2014-08-26",37.720001
"1927","2014-08-27",37.700001
"1928","2014-08-28",37.970001
"1929","2014-08-29",38.040001
"1930","2014-09-02",38.009998
"1931","2014-09-03",38.049999
"1932","2014-09-04",38.360001
"1933","2014-09-05",39.099998
"1934","2014-09-08",39.09
"1935","2014-09-09",38.75
"1936","2014-09-10",38.970001
"1937","2014-09-11",39.330002
"1938","2014-09-12",38.970001
"1939","2014-09-15",38.740002
"1940","2014-09-16",39.150002
"1941","2014-09-17",38.799999
"1942","2014-09-18",39.130001
"1943","2014-09-19",38.84
"1944","2014-09-22",38.27
"1945","2014-09-23",37.75
"1946","2014-09-24",38.32
"1947","2014-09-25",37.830002
"1948","2014-09-26",38.689999
"1949","2014-09-29",37.669998
"1950","2014-09-30",37.150002
"1951","2014-10-01",37.119999
"1952","2014-10-02",37.470001
"1953","2014-10-03",36.52
"1954","2014-10-06",36.470001
"1955","2014-10-07",36.290001
"1956","2014-10-08",37.25
"1957","2014-10-09",36.240002
"1958","2014-10-10",35.119999
"1959","2014-10-13",34.93
"1960","2014-10-14",34.919998
"1961","2014-10-15",34.880001
"1962","2014-10-16",35.189999
"1963","2014-10-17",34.959999
"1964","2014-10-20",35.599998
"1965","2014-10-21",36.27
"1966","2014-10-22",35.32
"1967","2014-10-23",36.27
"1968","2014-10-24",36.43
"1969","2014-10-27",36.43
"1970","2014-10-28",37.57
"1971","2014-10-29",37.639999
"1972","2014-10-30",37.509998
"1973","2014-10-31",38.07
"1974","2014-11-03",37.91
"1975","2014-11-04",38.110001
"1976","2014-11-05",38.439999
"1977","2014-11-06",38.700001
"1978","2014-11-07",38.400002
"1979","2014-11-10",38.990002
"1980","2014-11-11",39.25
"1981","2014-11-12",39.459999
"1982","2014-11-13",39.009998
"1983","2014-11-14",39.25
"1984","2014-11-17",39.02
"1985","2014-11-18",39.509998
"1986","2014-11-19",38.560001
"1987","2014-11-20",38.689999
"1988","2014-11-21",38.290001
"1989","2014-11-24",39.209999
"1990","2014-11-25",39.849998
"1991","2014-11-26",39.68
"1992","2014-11-28",39.689999
"1993","2014-12-01",39.82
"1994","2014-12-02",39.900002
"1995","2014-12-03",40.049999
"1996","2014-12-04",39.82
"1997","2014-12-05",40.18
"1998","2014-12-08",38.799999
"1999","2014-12-09",38.950001
"2000","2014-12-10",35.330002
"2001","2014-12-11",32.720001
"2002","2014-12-12",31.059999
"2003","2014-12-15",30.92
"2004","2014-12-16",30.23
"2005","2014-12-17",30.85
"2006","2014-12-18",31.709999
"2007","2014-12-19",31.26
"2008","2014-12-22",31.610001
"2009","2014-12-23",32.200001
"2010","2014-12-24",32.16
"2011","2014-12-26",32.68
"2012","2014-12-29",32.139999
"2013","2014-12-30",31.709999
"2014","2014-12-31",31.52
"2015","2015-01-02",31.6
"2016","2015-01-05",32.18
"2017","2015-01-06",31.58
"2018","2015-01-07",31.82
"2019","2015-01-08",31.879999
"2020","2015-01-09",31.709999
"2021","2015-01-12",32.220001
"2022","2015-01-13",33.439999
"2023","2015-01-14",32.52
"2024","2015-01-15",31.93
"2025","2015-01-16",32.119999
"2026","2015-01-20",31.93
"2027","2015-01-21",31.709999
"2028","2015-01-22",33.779999
"2029","2015-01-23",33.470001
"2030","2015-01-26",33.759998
"2031","2015-01-27",33.66
"2032","2015-01-28",33.75
"2033","2015-01-29",34.540001
"2034","2015-01-30",33.040001
"2035","2015-02-02",33.720001
"2036","2015-02-03",35.169998
"2037","2015-02-04",34.040001
"2038","2015-02-05",34.48
"2039","2015-02-06",34.439999
"2040","2015-02-09",34.459999
"2041","2015-02-10",34.439999
"2042","2015-02-11",34.299999
"2043","2015-02-12",34.630001
"2044","2015-02-13",35.259998
"2045","2015-02-17",35.869999
"2046","2015-02-18",35.740002
"2047","2015-02-19",35.259998
"2048","2015-02-20",35.650002
"2049","2015-02-23",35.360001
"2050","2015-02-24",36.02
"2051","2015-02-25",36
"2052","2015-02-26",35.560001
"2053","2015-02-27",35.740002
"2054","2015-03-02",35.48
"2055","2015-03-03",35.490002
"2056","2015-03-04",35.349998
"2057","2015-03-05",34.959999
"2058","2015-03-06",34
"2059","2015-03-09",34.240002
"2060","2015-03-10",30.9
"2061","2015-03-11",31.719999
"2062","2015-03-12",26.84
"2063","2015-03-13",27.540001
"2064","2015-03-16",27.43
"2065","2015-03-17",27.860001
"2066","2015-03-18",28.65
"2067","2015-03-19",28.5
"2068","2015-03-20",28.719999
"2069","2015-03-23",29.16
"2070","2015-03-24",29.309999
"2071","2015-03-25",28.33
"2072","2015-03-26",28.639999
"2073","2015-03-27",28.799999
"2074","2015-03-30",29.09
"2075","2015-03-31",28.950001
"2076","2015-04-01",30.049999
"2077","2015-04-02",30.219999
"2078","2015-04-06",30.34
"2079","2015-04-07",30.459999
"2080","2015-04-08",30.49
"2081","2015-04-09",30.82
"2082","2015-04-10",31.65
"2083","2015-04-13",31.389999
"2084","2015-04-14",31.629999
"2085","2015-04-15",31.68
"2086","2015-04-16",31.68
"2087","2015-04-17",30.91
"2088","2015-04-20",30.809999
"2089","2015-04-21",30.85
"2090","2015-04-22",30.969999
"2091","2015-04-23",31.059999
"2092","2015-04-24",31.209999
"2093","2015-04-27",30.540001
"2094","2015-04-28",30.76
"2095","2015-04-29",29.98
"2096","2015-04-30",28.9
"2097","2015-05-01",29.450001
"2098","2015-05-04",29.24
"2099","2015-05-05",28.870001
"2100","2015-05-06",28.799999
"2101","2015-05-07",28.879999
"2102","2015-05-08",29.27
"2103","2015-05-11",29.27
"2104","2015-05-12",29.51
"2105","2015-05-13",29.790001
"2106","2015-05-14",30.459999
"2107","2015-05-15",31.110001
"2108","2015-05-18",31.639999
"2109","2015-05-19",31.93
"2110","2015-05-20",31.58
"2111","2015-05-21",31.120001
"2112","2015-05-22",30.799999
"2113","2015-05-26",29.870001
"2114","2015-05-27",30.02
"2115","2015-05-28",29.98
"2116","2015-05-29",30.040001
"2117","2015-06-01",29.870001
"2118","2015-06-02",30.139999
"2119","2015-06-03",29.85
"2120","2015-06-04",29.799999
"2121","2015-06-05",29.74
"2122","2015-06-08",29.530001
"2123","2015-06-09",29.52
"2124","2015-06-10",30
"2125","2015-06-11",30.02
"2126","2015-06-12",29.99
"2127","2015-06-15",29.709999
"2128","2015-06-16",29.65
"2129","2015-06-17",29.389999
"2130","2015-06-18",29.76
"2131","2015-06-19",29.85
"2132","2015-06-22",30.440001
"2133","2015-06-23",30.48
"2134","2015-06-24",30.17
"2135","2015-06-25",30.57
"2136","2015-06-26",30.469999
"2137","2015-06-29",29.379999
"2138","2015-06-30",29.049999
"2139","2015-07-01",29.129999
"2140","2015-07-02",29.42
"2141","2015-07-06",29.049999
"2142","2015-07-07",28.77
"2143","2015-07-08",28.26
"2144","2015-07-09",28.040001
"2145","2015-07-10",30.360001
"2146","2015-07-13",30.629999
"2147","2015-07-14",30.799999
"2148","2015-07-15",29.950001
"2149","2015-07-16",29.98
"2150","2015-07-17",29.530001
"2151","2015-07-20",29.559999
"2152","2015-07-21",29.27
"2153","2015-07-22",29.129999
"2154","2015-07-23",28.440001
"2155","2015-07-24",28.309999
"2156","2015-07-27",28.09
"2157","2015-07-28",28
"2158","2015-07-29",27.809999
"2159","2015-07-30",27.799999
"2160","2015-07-31",28.809999
"2161","2015-08-03",28.08
"2162","2015-08-04",28.35
"2163","2015-08-05",28.540001
"2164","2015-08-06",28.5
"2165","2015-08-07",28.129999
"2166","2015-08-10",28.93
"2167","2015-08-11",28.540001
"2168","2015-08-12",28.280001
"2169","2015-08-13",27.959999
"2170","2015-08-14",28.25
"2171","2015-08-17",28.379999
"2172","2015-08-18",27.66
"2173","2015-08-19",27.280001
"2174","2015-08-20",26.68
"2175","2015-08-21",26.49
"2176","2015-08-24",25.969999
"2177","2015-08-25",25.469999
"2178","2015-08-26",25.42
"2179","2015-08-27",25.290001
"2180","2015-08-28",25.440001
"2181","2015-08-31",26.68
"2182","2015-09-01",25.74
"2183","2015-09-02",25.76
"2184","2015-09-03",26.25
"2185","2015-09-04",25.83
"2186","2015-09-08",26.32
"2187","2015-09-09",26.1
"2188","2015-09-10",26.379999
"2189","2015-09-11",26.190001
"2190","2015-09-14",25.68
"2191","2015-09-15",26.290001
"2192","2015-09-16",27.139999
"2193","2015-09-17",26.879999
"2194","2015-09-18",26.5
"2195","2015-09-21",26.620001
"2196","2015-09-22",26.07
"2197","2015-09-23",26.110001
"2198","2015-09-24",26.219999
"2199","2015-09-25",26.42
"2200","2015-09-28",26.219999
"2201","2015-09-29",21.299999
"2202","2015-09-30",20.610001
"2203","2015-10-01",20.52
"2204","2015-10-02",21.51
"2205","2015-10-05",23.059999
"2206","2015-10-06",22.66
"2207","2015-10-07",23
"2208","2015-10-08",23.700001
"2209","2015-10-09",23.34
"2210","2015-10-12",23.110001
"2211","2015-10-13",23.66
"2212","2015-10-14",23.040001
"2213","2015-10-15",23.34
"2214","2015-10-16",23.629999
"2215","2015-10-19",23.49
"2216","2015-10-20",23.790001
"2217","2015-10-21",23.35
"2218","2015-10-22",24.01
"2219","2015-10-23",24.26
"2220","2015-10-26",23.75
"2221","2015-10-27",23.459999
"2222","2015-10-28",25
"2223","2015-10-29",24.370001
"2224","2015-10-30",24.16
"2225","2015-11-02",25.219999
"2226","2015-11-03",25.6
"2227","2015-11-04",25.25
"2228","2015-11-05",25.18
"2229","2015-11-06",24.68
"2230","2015-11-09",24.540001
"2231","2015-11-10",24.450001
"2232","2015-11-11",24.290001
"2233","2015-11-12",23.440001
"2234","2015-11-13",23
"2235","2015-11-16",23.040001
"2236","2015-11-17",22.77
"2237","2015-11-18",23
"2238","2015-11-19",22.459999
"2239","2015-11-20",22.33
"2240","2015-11-23",21.110001
"2241","2015-11-24",21.85
"2242","2015-11-25",22.67
"2243","2015-11-27",22.530001
"2244","2015-11-30",22.030001
"2245","2015-12-01",21.98
"2246","2015-12-02",21.83
"2247","2015-12-03",21.610001
"2248","2015-12-04",21.74
"2249","2015-12-07",21.48
"2250","2015-12-08",20.809999
"2251","2015-12-09",20.9
"2252","2015-12-10",19.629999
"2253","2015-12-11",19.76
"2254","2015-12-14",19.790001
"2255","2015-12-15",19.950001
"2256","2015-12-16",20.190001
"2257","2015-12-17",20.32
"2258","2015-12-18",19.66
"2259","2015-12-21",19.75
"2260","2015-12-22",20.68
"2261","2015-12-23",20.780001
"2262","2015-12-24",20.629999
"2263","2015-12-28",20.51
"2264","2015-12-29",20.51
"2265","2015-12-30",20.17
"2266","2015-12-31",20.09
"2267","2016-01-04",19.83
"2268","2016-01-05",19.809999
"2269","2016-01-06",19.530001
"2270","2016-01-07",18.879999
"2271","2016-01-08",19.139999
"2272","2016-01-11",18.969999
"2273","2016-01-12",18.780001
"2274","2016-01-13",19.120001
"2275","2016-01-14",19.24
"2276","2016-01-15",18.620001
"2277","2016-01-19",18.24
"2278","2016-01-20",18.24
"2279","2016-01-21",18.35
"2280","2016-01-22",18.73
"2281","2016-01-25",18.25
"2282","2016-01-26",18.73
"2283","2016-01-27",18.59
"2284","2016-01-28",18.74
"2285","2016-01-29",19.52
"2286","2016-02-01",19.07
"2287","2016-02-02",18.51
"2288","2016-02-03",18.639999
"2289","2016-02-04",18.620001
"2290","2016-02-05",18.209999
"2291","2016-02-08",18.48
"2292","2016-02-09",18.440001
"2293","2016-02-10",18.58
"2294","2016-02-11",18.780001
"2295","2016-02-12",19.18
"2296","2016-02-16",20.24
"2297","2016-02-17",19.59
"2298","2016-02-18",19.43
"2299","2016-02-19",20
"2300","2016-02-22",19.559999
"2301","2016-02-23",19.860001
"2302","2016-02-24",20.23
"2303","2016-02-25",20.219999
"2304","2016-02-26",20.49
"2305","2016-02-29",20.549999
"2306","2016-03-01",21.200001
"2307","2016-03-02",21.389999
"2308","2016-03-03",21.58
"2309","2016-03-04",21.58
"2310","2016-03-07",22.01
"2311","2016-03-08",21.530001
"2312","2016-03-09",21.5
"2313","2016-03-10",21.540001
"2314","2016-03-11",23.16
"2315","2016-03-14",23.209999
"2316","2016-03-15",23.889999
"2317","2016-03-16",23.57
"2318","2016-03-17",24
"2319","2016-03-18",25.01
"2320","2016-03-21",24.5
"2321","2016-03-22",23.73
"2322","2016-03-23",22.940001
"2323","2016-03-24",23.02
"2324","2016-03-28",22.809999
"2325","2016-03-29",23.41
"2326","2016-03-30",23.620001
"2327","2016-03-31",23.370001
"2328","2016-04-01",23.5
"2329","2016-04-04",22.879999
"2330","2016-04-05",22.58
"2331","2016-04-06",22.799999
"2332","2016-04-07",22.030001
"2333","2016-04-08",22.48
"2334","2016-04-11",22.889999
"2335","2016-04-12",22.709999
"2336","2016-04-13",22.879999
"2337","2016-04-14",22.92
"2338","2016-04-15",22.709999
"2339","2016-04-18",22.459999
"2340","2016-04-19",22.51
"2341","2016-04-20",22.459999
"2342","2016-04-21",22.6
"2343","2016-04-22",23.120001
"2344","2016-04-25",22.879999
"2345","2016-04-26",24.219999
"2346","2016-04-27",24.639999
"2347","2016-04-28",24.379999
"2348","2016-04-29",24.200001
"2349","2016-05-02",24.129999
"2350","2016-05-03",23.940001
"2351","2016-05-04",23.799999
"2352","2016-05-05",22.99
"2353","2016-05-06",22.799999
"2354","2016-05-09",22.540001
"2355","2016-05-10",22.85
"2356","2016-05-11",22.799999
"2357","2016-05-12",22.68
"2358","2016-05-13",22.459999
"2359","2016-05-16",22.610001
"2360","2016-05-17",22.370001
"2361","2016-05-18",22.77
"2362","2016-05-19",22.610001
"2363","2016-05-20",22.91
"2364","2016-05-23",22.799999
"2365","2016-05-24",23.469999
"2366","2016-05-25",23.190001
"2367","2016-05-26",23.309999
"2368","2016-05-27",23.290001
"2369","2016-05-31",23.040001
"2370","2016-06-01",23.27
"2371","2016-06-02",23.25
"2372","2016-06-03",23.24
"2373","2016-06-06",23.18
"2374","2016-06-07",22.75
"2375","2016-06-08",22.440001
"2376","2016-06-09",20.299999
"2377","2016-06-10",20.040001
"2378","2016-06-13",18
"2379","2016-06-14",16.940001
"2380","2016-06-15",16.440001
"2381","2016-06-16",16.110001
"2382","2016-06-17",13.83
"2383","2016-06-20",13.86
"2384","2016-06-21",13.85
"2385","2016-06-22",13.6
"2386","2016-06-23",13.53
"2387","2016-06-24",12.3
"2388","2016-06-27",11.34
"2389","2016-06-28",11.74
"2390","2016-06-29",12.39
"2391","2016-06-30",12.84
"2392","2016-07-01",12.85
"2393","2016-07-05",12.31
"2394","2016-07-06",12.43
"2395","2016-07-07",12.85
"2396","2016-07-08",13.12
"2397","2016-07-11",13.39
"2398","2016-07-12",13.61
"2399","2016-07-13",13.58
"2400","2016-07-14",13.07
"2401","2016-07-15",13.3
"2402","2016-07-18",13.25
"2403","2016-07-19",13.14
"2404","2016-07-20",13.45
"2405","2016-07-21",13.51
"2406","2016-07-22",13.72
"2407","2016-07-25",13.53
"2408","2016-07-26",13.59
"2409","2016-07-27",13.74
"2410","2016-07-28",13.7
"2411","2016-07-29",13.07
"2412","2016-08-01",13.43
"2413","2016-08-02",12.81
"2414","2016-08-03",12.87
"2415","2016-08-04",12.84
"2416","2016-08-05",13.19
"2417","2016-08-08",13.15
"2418","2016-08-09",13.15
"2419","2016-08-10",13.3
"2420","2016-08-11",13.3
"2421","2016-08-12",13.26
"2422","2016-08-15",13.36
"2423","2016-08-16",13.18
"2424","2016-08-17",13.02
"2425","2016-08-18",13.03
"2426","2016-08-19",12.84
"2427","2016-08-22",12.83
"2428","2016-08-23",13.12
"2429","2016-08-24",12.92
"2430","2016-08-25",12.78
"2431","2016-08-26",12.48
"2432","2016-08-29",12.95
"2433","2016-08-30",13.13
"2434","2016-08-31",12.89
"2435","2016-09-01",12.72
"2436","2016-09-02",12.87
"2437","2016-09-06",12.93
"2438","2016-09-07",13.12
"2439","2016-09-08",13.24
"2440","2016-09-09",12.75
"2441","2016-09-12",12.93
"2442","2016-09-13",12.79
"2443","2016-09-14",12.81
"2444","2016-09-15",13.15
"2445","2016-09-16",13.19
"2446","2016-09-19",13.35
"2447","2016-09-20",13.27
"2448","2016-09-21",13.38
"2449","2016-09-22",13.5
"2450","2016-09-23",13.22
"2451","2016-09-26",13.09
"2452","2016-09-27",13.04
"2453","2016-09-28",13.21
"2454","2016-09-29",13.13
"2455","2016-09-30",12.81
"2456","2016-10-03",12.49
"2457","2016-10-04",12.15
"2458","2016-10-05",12.63
"2459","2016-10-06",12.66
"2460","2016-10-07",11.72
"2461","2016-10-10",11.71
"2462","2016-10-11",11.37
"2463","2016-10-12",11.08
"2464","2016-10-13",10.73
"2465","2016-10-14",10.75
"2466","2016-10-17",10.69
"2467","2016-10-18",10.88
"2468","2016-10-19",10.45
"2469","2016-10-20",10.35
"2470","2016-10-21",10.33
"2471","2016-10-24",10.36
"2472","2016-10-25",10.58
"2473","2016-10-26",10.55
"2474","2016-10-27",10.2
"2475","2016-10-28",9.99
"2476","2016-10-31",10.4
"2477","2016-11-01",10.03
"2478","2016-11-02",9.66
"2479","2016-11-03",9.59
"2480","2016-11-04",9.52
"2481","2016-11-07",9.74
"2482","2016-11-08",9.62
"2483","2016-11-09",10.42
"2484","2016-11-10",10.63
"2485","2016-11-11",10.88
"2486","2016-11-14",11.19
"2487","2016-11-15",11.15
"2488","2016-11-16",11
"2489","2016-11-17",11.23
"2490","2016-11-18",11.4
"2491","2016-11-21",11.47
"2492","2016-11-22",11.57
"2493","2016-11-23",11.63
"2494","2016-11-25",11.57
"2495","2016-11-28",11.55
"2496","2016-11-29",11.4
"2497","2016-11-30",11.5
"2498","2016-12-01",11.68
"2499","2016-12-02",11.55
"2500","2016-12-05",11.78
"2501","2016-12-06",11.98
"2502","2016-12-07",12.75
"2503","2016-12-08",10.55
"2504","2016-12-09",11.08
"2505","2016-12-12",11.41
"2506","2016-12-13",11.48
"2507","2016-12-14",11.22
"2508","2016-12-15",11.43
"2509","2016-12-16",11.51
"2510","2016-12-19",11.99
"2511","2016-12-20",12.48
"2512","2016-12-21",11.98
"2513","2016-12-22",11.66
"2514","2016-12-23",11.69
"2515","2016-12-27",11.65
"2516","2016-12-28",11.8
"2517","2016-12-29",12.09
"2518","2016-12-30",11.85
"2519","2017-01-03",11.87
"2520","2017-01-04",12.45
"2521","2017-01-05",12.07
"2522","2017-01-06",11.94
"2523","2017-01-09",11.58
"2524","2017-01-10",11.57
"2525","2017-01-11",11.64
"2526","2017-01-12",11.33
"2527","2017-01-13",11.37
"2528","2017-01-17",10.93
"2529","2017-01-18",10.78
"2530","2017-01-19",10.86
"2531","2017-01-20",10.84
"2532","2017-01-23",10.65
"2533","2017-01-24",10.87
"2534","2017-01-25",11
"2535","2017-01-26",10.92
"2536","2017-01-27",10.84
"2537","2017-01-30",10.66
"2538","2017-01-31",10.73
"2539","2017-02-01",10.85
"2540","2017-02-02",10.81
"2541","2017-02-03",11.09
"2542","2017-02-06",11.07
"2543","2017-02-07",10.92
"2544","2017-02-08",10.71
"2545","2017-02-09",10.68
"2546","2017-02-10",10.79
"2547","2017-02-13",10.98
"2548","2017-02-14",11.04
"2549","2017-02-15",11.15
"2550","2017-02-16",11.66
"2551","2017-02-17",11.62
"2552","2017-02-21",12.07
"2553","2017-02-22",11.65
"2554","2017-02-23",11.25
"2555","2017-02-24",11.52
"2556","2017-02-27",11.78
"2557","2017-02-28",11.41
"2558","2017-03-01",11.5
"2559","2017-03-02",11.7
"2560","2017-03-03",11.43
"2561","2017-03-06",11.19
"2562","2017-03-07",11.04
"2563","2017-03-08",11.13
"2564","2017-03-09",13.78
"2565","2017-03-10",14.35
"2566","2017-03-13",14.19
"2567","2017-03-14",14.37
"2568","2017-03-15",14.57
"2569","2017-03-16",15.04
"2570","2017-03-17",14.91
"2571","2017-03-20",14.89
"2572","2017-03-21",14.75
"2573","2017-03-22",14.64
"2574","2017-03-23",14.73
"2575","2017-03-24",14.55
"2576","2017-03-27",14.68
"2577","2017-03-28",14.52
"2578","2017-03-29",14.61
"2579","2017-03-30",15
"2580","2017-03-31",14.74
"2581","2017-04-03",14.42
"2582","2017-04-04",14.02
"2583","2017-04-05",13.68
"2584","2017-04-06",13.65
"2585","2017-04-07",13.31
"2586","2017-04-10",13.58
"2587","2017-04-11",13.58
"2588","2017-04-12",13.35
"2589","2017-04-13",13.25
"2590","2017-04-17",13.31
"2591","2017-04-18",13.5
"2592","2017-04-19",13.62
"2593","2017-04-20",13.84
"2594","2017-04-21",14.09
"2595","2017-04-24",14.2
"2596","2017-04-25",14.38
"2597","2017-04-26",14.56
"2598","2017-04-27",14.22
"2599","2017-04-28",14.01
"2600","2017-05-01",14.41
"2601","2017-05-02",14.33
"2602","2017-05-03",14.35
"2603","2017-05-04",14.17
"2604","2017-05-05",14.27
"2605","2017-05-08",14.65
"2606","2017-05-09",14.39
"2607","2017-05-10",14.44
"2608","2017-05-11",14.33
"2609","2017-05-12",13.9
"2610","2017-05-15",14.12
"2611","2017-05-16",14.55
"2612","2017-05-17",13.91
"2613","2017-05-18",13.76
"2614","2017-05-19",13.98
"2615","2017-05-22",14.19
"2616","2017-05-23",14.28
"2617","2017-05-24",14.26
"2618","2017-05-25",14.22
"2619","2017-05-26",14.43
"2620","2017-05-30",14.37
"2621","2017-05-31",14.43
"2622","2017-06-01",14.95
"2623","2017-06-02",15
"2624","2017-06-05",15.4
"2625","2017-06-06",15.15
"2626","2017-06-07",15
"2627","2017-06-08",17.790001
"2628","2017-06-09",18.18
"2629","2017-06-12",18.790001
"2630","2017-06-13",18.91
"2631","2017-06-14",19.41
"2632","2017-06-15",19.34
"2633","2017-06-16",19.01
"2634","2017-06-19",19.120001
"2635","2017-06-20",18.9
"2636","2017-06-21",18.870001
"2637","2017-06-22",18.77
"2638","2017-06-23",18.860001
"2639","2017-06-26",19.290001
"2640","2017-06-27",19.33
"2641","2017-06-28",19.42
"2642","2017-06-29",19.16
"2643","2017-06-30",18.969999
"2644","2017-07-03",19.110001
"2645","2017-07-05",19.26
"2646","2017-07-06",18.84
"2647","2017-07-07",18.719999
"2648","2017-07-10",18.58
"2649","2017-07-11",18.91
"2650","2017-07-12",18.719999
"2651","2017-07-13",18.870001
"2652","2017-07-14",18.620001
"2653","2017-07-17",18.68
"2654","2017-07-18",18.58
"2655","2017-07-19",18.82
"2656","2017-07-20",18.74
"2657","2017-07-21",18.690001
"2658","2017-07-24",18.610001
"2659","2017-07-25",18.950001
"2660","2017-07-26",18.5
"2661","2017-07-27",18.309999
"2662","2017-07-28",18.08
"2663","2017-07-31",18
"2664","2017-08-01",18.469999
"2665","2017-08-02",18.129999
"2666","2017-08-03",17.82
"2667","2017-08-04",17.99
"2668","2017-08-07",18.129999
"2669","2017-08-08",18.139999
"2670","2017-08-09",18.24
"2671","2017-08-10",18.219999
"2672","2017-08-11",18.25
"2673","2017-08-14",19.32
"2674","2017-08-15",19.129999
"2675","2017-08-16",19.1
"2676","2017-08-17",19.1
"2677","2017-08-18",18.83
"2678","2017-08-21",18.51
"2679","2017-08-22",18.860001
"2680","2017-08-23",18.780001
"2681","2017-08-24",18.950001
"2682","2017-08-25",19.219999
"2683","2017-08-28",19.41
"2684","2017-08-29",19.370001
"2685","2017-08-30",19.379999
"2686","2017-08-31",19.57
"2687","2017-09-01",19.540001
"2688","2017-09-05",19.48
"2689","2017-09-06",19.66
"2690","2017-09-07",19.68
"2691","2017-09-08",19.9
"2692","2017-09-11",20.35
"2693","2017-09-12",20.700001
"2694","2017-09-13",20.5
"2695","2017-09-14",20.459999
"2696","2017-09-15",20.280001
"2697","2017-09-18",20.66
"2698","2017-09-19",20.450001
"2699","2017-09-20",20.66
"2700","2017-09-21",20.9
"2701","2017-09-22",20.59
"2702","2017-09-25",20.700001
"2703","2017-09-26",20.35
"2704","2017-09-27",21.32
"2705","2017-09-28",17.610001
"2706","2017-09-29",20.530001
"2707","2017-10-02",19.469999
"2708","2017-10-03",20.08
"2709","2017-10-04",20.459999
"2710","2017-10-05",20.709999
"2711","2017-10-06",20.620001
"2712","2017-10-09",21.540001
"2713","2017-10-10",22.66
"2714","2017-10-11",22.690001
"2715","2017-10-12",22.33
"2716","2017-10-13",22.110001
"2717","2017-10-16",21.84
"2718","2017-10-17",21.540001
"2719","2017-10-18",21.620001
"2720","2017-10-19",21.09
"2721","2017-10-20",21.4
"2722","2017-10-23",21.66
"2723","2017-10-24",21.700001
"2724","2017-10-25",21.65
"2725","2017-10-26",21.379999
"2726","2017-10-27",21.48
"2727","2017-10-30",21.1
"2728","2017-10-31",21.51
"2729","2017-11-01",21.52
"2730","2017-11-02",21.059999
"2731","2017-11-03",20.65
"2732","2017-11-06",20.58
"2733","2017-11-07",20.370001
"2734","2017-11-08",20.27
"2735","2017-11-09",19.870001
"2736","2017-11-10",19.57
"2737","2017-11-13",19.49
"2738","2017-11-14",19.719999
"2739","2017-11-15",19.969999
"2740","2017-11-16",20.68
"2741","2017-11-17",20.57
"2742","2017-11-20",20.690001
"2743","2017-11-21",21.059999
"2744","2017-11-22",21.040001
"2745","2017-11-24",20.959999
"2746","2017-11-27",21.209999
"2747","2017-11-28",21.73
"2748","2017-11-29",21.07
"2749","2017-11-30",21.67
"2750","2017-12-01",21.16
"2751","2017-12-04",20.690001
"2752","2017-12-05",20.76
"2753","2017-12-06",21.309999
"2754","2017-12-07",22.07
"2755","2017-12-08",20.76
"2756","2017-12-11",20.629999
"2757","2017-12-12",20.870001
"2758","2017-12-13",22
"2759","2017-12-14",22.049999
"2760","2017-12-15",23.15
"2761","2017-12-18",23.139999
"2762","2017-12-19",22.65
"2763","2017-12-20",22.389999
"2764","2017-12-21",22.370001
"2765","2017-12-22",22.43
"2766","2017-12-26",22.27
"2767","2017-12-27",22.25
"2768","2017-12-28",22.190001
"2769","2017-12-29",22.120001
"2770","2018-01-02",22.5
"2771","2018-01-03",22
"2772","2018-01-04",21.98
"2773","2018-01-05",21.860001
"2774","2018-01-08",21.35
"2775","2018-01-09",21.43
"2776","2018-01-10",21.139999
"2777","2018-01-11",21.780001
"2778","2018-01-12",21.98
"2779","2018-01-16",21.4
"2780","2018-01-17",21.690001
"2781","2018-01-18",21.6
"2782","2018-01-19",21.91
"2783","2018-01-22",21.639999
"2784","2018-01-23",21.299999
"2785","2018-01-24",21.139999
"2786","2018-01-25",21.709999
"2787","2018-01-26",21.74
"2788","2018-01-29",21.43
"2789","2018-01-30",21.690001
"2790","2018-01-31",21.629999
"2791","2018-02-01",22.290001
"2792","2018-02-02",22.07
"2793","2018-02-05",21.76
"2794","2018-02-06",21.84
"2795","2018-02-07",21.82
"2796","2018-02-08",21.360001
"2797","2018-02-09",21.17
"2798","2018-02-12",21.540001
"2799","2018-02-13",21.690001
"2800","2018-02-14",21.65
"2801","2018-02-15",21.950001
"2802","2018-02-16",21.879999
"2803","2018-02-20",21.889999
"2804","2018-02-21",23.379999
"2805","2018-02-22",22.709999
"2806","2018-02-23",22.52
"2807","2018-02-26",22.99
"2808","2018-02-27",22.690001
"2809","2018-02-28",22.1
"2810","2018-03-01",22.82
"2811","2018-03-02",23.23
"2812","2018-03-05",24.02
"2813","2018-03-06",23.969999
"2814","2018-03-07",24.27
"2815","2018-03-08",30.030001
"2816","2018-03-09",30.65
"2817","2018-03-12",30.74
"2818","2018-03-13",30.459999
"2819","2018-03-14",29.879999
"2820","2018-03-15",30.25
"2821","2018-03-16",30.059999
"2822","2018-03-19",30.26
"2823","2018-03-20",30.219999
"2824","2018-03-21",30.1
"2825","2018-03-22",29.18
"2826","2018-03-23",29
"2827","2018-03-26",29.77
"2828","2018-03-27",29.23
"2829","2018-03-28",29.24
"2830","2018-03-29",29.889999
"2831","2018-04-02",30.200001
"2832","2018-04-03",30.41
"2833","2018-04-04",30.040001
"2834","2018-04-05",30.530001
"2835","2018-04-06",29.709999
"2836","2018-04-09",29.24
"2837","2018-04-10",30.59
"2838","2018-04-11",30.709999
"2839","2018-04-12",30.73
"2840","2018-04-13",31.18
"2841","2018-04-16",31.68
"2842","2018-04-17",32.639999
"2843","2018-04-18",32.099998
"2844","2018-04-19",31.83
"2845","2018-04-20",31.18
"2846","2018-04-23",31.02
"2847","2018-04-24",30.959999
"2848","2018-04-25",30.709999
"2849","2018-04-26",30.58
"2850","2018-04-27",30.540001
"2851","2018-04-30",30.59
"2852","2018-05-01",30.389999
"2853","2018-05-02",30.1
"2854","2018-05-03",29.549999
"2855","2018-05-04",30.040001
"2856","2018-05-07",30.4
"2857","2018-05-08",30.48
"2858","2018-05-09",30.610001
"2859","2018-05-10",30.700001
"2860","2018-05-11",30.459999
"2861","2018-05-14",30
"2862","2018-05-15",30.33
"2863","2018-05-16",31.27
"2864","2018-05-17",31.110001
"2865","2018-05-18",30.959999
"2866","2018-05-21",31.16
"2867","2018-05-22",30.809999
"2868","2018-05-23",31.09
"2869","2018-05-24",30.74
"2870","2018-05-25",30.879999
"2871","2018-05-29",31.030001
"2872","2018-05-30",31.16
"2873","2018-05-31",31.299999
"2874","2018-06-01",32.119999
"2875","2018-06-04",32.470001
"2876","2018-06-05",33.099998
"2877","2018-06-06",32.389999
"2878","2018-06-07",32.439999
"2879","2018-06-08",31.809999
"2880","2018-06-11",31.620001
"2881","2018-06-12",31.799999
"2882","2018-06-13",32.349998
"2883","2018-06-14",32.5
"2884","2018-06-15",32.59
"2885","2018-06-18",32.66
"2886","2018-06-19",32.310001
"2887","2018-06-20",32.049999
"2888","2018-06-21",31.68
"2889","2018-06-22",31.73
"2890","2018-06-25",31.799999
"2891","2018-06-26",32.110001
"2892","2018-06-27",31.870001
"2893","2018-06-28",32.060001
"2894","2018-06-29",31.879999
"2895","2018-07-02",32
"2896","2018-07-03",32.18
"2897","2018-07-05",32.290001
"2898","2018-07-06",32.700001
"2899","2018-07-09",32.75
"2900","2018-07-10",33.259998
"2901","2018-07-11",33.84
"2902","2018-07-12",34.59
"2903","2018-07-13",35.119999
"2904","2018-07-16",34.529999
"2905","2018-07-17",34.220001
"2906","2018-07-18",34.419998
"2907","2018-07-19",34.060001
"2908","2018-07-20",33.880001
"2909","2018-07-23",33.470001
"2910","2018-07-24",32.990002
"2911","2018-07-25",33.700001
"2912","2018-07-26",34.240002
"2913","2018-07-27",33.450001
"2914","2018-07-30",33.029999
"2915","2018-07-31",33.599998
"2916","2018-08-01",33.700001
"2917","2018-08-02",34.380001
"2918","2018-08-03",33.82
"2919","2018-08-06",34.669998
"2920","2018-08-07",34.490002
"2921","2018-08-08",34.669998
"2922","2018-08-09",34.549999
"2923","2018-08-10",34.529999
"2924","2018-08-13",34.630001
"2925","2018-08-14",34.75
"2926","2018-08-15",34.580002
"2927","2018-08-16",34.75
"2928","2018-08-17",35.68
"2929","2018-08-20",35.540001
"2930","2018-08-21",35.540001
"2931","2018-08-22",35.759998
"2932","2018-08-23",36.07
"2933","2018-08-24",36.52
"2934","2018-08-27",36.299999
"2935","2018-08-28",35.900002
"2936","2018-08-29",35.959999
"2937","2018-08-30",35.849998
"2938","2018-08-31",35.849998
"2939","2018-09-04",35.549999
"2940","2018-09-05",35
"2941","2018-09-06",35.02
"2942","2018-09-07",34.450001
"2943","2018-09-10",34.650002
"2944","2018-09-11",34.200001
"2945","2018-09-12",33.349998
"2946","2018-09-13",33.75
"2947","2018-09-14",33.220001
"2948","2018-09-17",32.669998
"2949","2018-09-18",32.82
"2950","2018-09-19",32.889999
"2951","2018-09-20",32.830002
"2952","2018-09-21",33.32
"2953","2018-09-24",33.959999
"2954","2018-09-25",34.73
"2955","2018-09-26",36.5
"2956","2018-09-27",32.700001
"2957","2018-09-28",36.27
"2958","2018-10-01",35.529999
"2959","2018-10-02",34.560001
"2960","2018-10-03",34.240002
"2961","2018-10-04",34.349998
"2962","2018-10-05",33.560001
"2963","2018-10-08",32.959999
"2964","2018-10-09",33.189999
"2965","2018-10-10",31.940001
"2966","2018-10-11",31.73
"2967","2018-10-12",31.92
"2968","2018-10-15",31.889999
"2969","2018-10-16",32.869999
"2970","2018-10-17",33.029999
"2971","2018-10-18",32.09
"2972","2018-10-19",31.690001
"2973","2018-10-22",31.370001
"2974","2018-10-23",30.34
"2975","2018-10-24",29.16
"2976","2018-10-25",29.34
"2977","2018-10-26",28.129999
"2978","2018-10-29",27.51
"2979","2018-10-30",27.940001
"2980","2018-10-31",27.92
"2981","2018-11-01",27.82
"2982","2018-11-02",28.290001
"2983","2018-11-05",27.690001
"2984","2018-11-06",27.780001
"2985","2018-11-07",28.709999
"2986","2018-11-08",28.66
"2987","2018-11-09",28.190001
"2988","2018-11-12",27.08
"2989","2018-11-13",26.84
"2990","2018-11-14",26.139999
"2991","2018-11-15",26.469999
"2992","2018-11-16",26.16
"2993","2018-11-19",26.209999
"2994","2018-11-20",25.290001
"2995","2018-11-21",25.49
"2996","2018-11-23",25.74
"2997","2018-11-26",26.02
"2998","2018-11-27",25.200001
"2999","2018-11-28",25.530001
"3000","2018-11-29",25.209999
"3001","2018-11-30",25.540001
"3002","2018-12-03",26.09
"3003","2018-12-04",25.01
"3004","2018-12-06",25.4
"3005","2018-12-07",28.440001
"3006","2018-12-10",25.709999
"3007","2018-12-11",25.389999
"3008","2018-12-12",26.1
"3009","2018-12-13",25.93
"3010","2018-12-14",25.629999
"3011","2018-12-17",25.030001
"3012","2018-12-18",25.950001
"3013","2018-12-19",25.51
"3014","2018-12-20",25.110001
"3015","2018-12-21",24.129999
"3016","2018-12-24",22.99
"3017","2018-12-26",23.85
"3018","2018-12-27",23.959999
"3019","2018-12-28",23.940001
"3020","2018-12-31",24.34
"3021","2019-01-02",24.08
"3022","2019-01-03",23.940001
"3023","2019-01-04",24.34
"3024","2019-01-07",24.42
"3025","2019-01-08",24.74
"3026","2019-01-09",25.02
"3027","2019-01-10",25.08
"3028","2019-01-11",24.940001
"3029","2019-01-14",24.889999
"3030","2019-01-15",24.940001
"3031","2019-01-16",25.08
"3032","2019-01-17",25.16
"3033","2019-01-18",25.65
"3034","2019-01-22",25.34
"3035","2019-01-23",24.98
"3036","2019-01-24",25.08
"3037","2019-01-25",25.57
"3038","2019-01-28",24.98
"3039","2019-01-29",24.969999
"3040","2019-01-30",24.969999
"3041","2019-01-31",24.969999
"3042","2019-02-01",24.860001
"3043","2019-02-04",25.4
"3044","2019-02-05",25.790001
"3045","2019-02-06",25.82
"3046","2019-02-07",25.15
"3047","2019-02-08",25.35
"3048","2019-02-11",25.75
"3049","2019-02-12",26.389999
"3050","2019-02-13",26.459999
"3051","2019-02-14",26.950001
"3052","2019-02-15",27.200001
"3053","2019-02-19",26.93
"3054","2019-02-20",26.83
"3055","2019-02-21",27.15
"3056","2019-02-22",27.040001
"3057","2019-02-25",26.98
"3058","2019-02-26",26.67
"3059","2019-02-27",26.58
"3060","2019-02-28",26.5
"3061","2019-03-01",26.860001
"3062","2019-03-04",26.700001
"3063","2019-03-05",26.389999
"3064","2019-03-06",26.26
"3065","2019-03-07",23.74
"3066","2019-03-08",23.66
"3067","2019-03-11",22.450001
"3068","2019-03-12",22.629999
"3069","2019-03-13",23.02
"3070","2019-03-14",22.280001
"3071","2019-03-15",22.610001
"3072","2019-03-18",22.41
"3073","2019-03-19",21.98
"3074","2019-03-20",22.209999
"3075","2019-03-21",22.209999
"3076","2019-03-22",21.17
"3077","2019-03-25",21.52
"3078","2019-03-26",21.549999
"3079","2019-03-27",21.5
"3080","2019-03-28",22.690001
"3081","2019-03-29",23.219999
"3082","2019-04-01",23.6
"3083","2019-04-02",23.389999
"3084","2019-04-03",23.110001
"3085","2019-04-04",23.09
"3086","2019-04-05",23.18
"3087","2019-04-08",23.549999
"3088","2019-04-09",23.24
"3089","2019-04-10",23.530001
"3090","2019-04-11",23.780001
"3091","2019-04-12",23.780001
"3092","2019-04-15",23.51
"3093","2019-04-16",23.690001
"3094","2019-04-17",23.75
"3095","2019-04-18",23.65
"3096","2019-04-22",23.27
"3097","2019-04-23",23.66
"3098","2019-04-24",23.639999
"3099","2019-04-25",22.860001
"3100","2019-04-26",22.889999
"3101","2019-04-29",24.190001
"3102","2019-04-30",23.530001
"3103","2019-05-01",23.299999
"3104","2019-05-02",23.799999
"3105","2019-05-03",24.309999
"3106","2019-05-06",23.969999
"3107","2019-05-07",23.4
"3108","2019-05-08",23.219999
"3109","2019-05-09",23.24
"3110","2019-05-10",23.09
"3111","2019-05-13",22.040001
"3112","2019-05-14",22.309999
"3113","2019-05-15",22.17
"3114","2019-05-16",22.549999
"3115","2019-05-17",21.76
"3116","2019-05-20",22.139999
"3117","2019-05-21",22.290001
"3118","2019-05-22",22.16
"3119","2019-05-23",21.82
"3120","2019-05-24",22.139999
"3121","2019-05-28",22.059999
"3122","2019-05-29",21.83
"3123","2019-05-30",21.700001
"3124","2019-05-31",21.15
"3125","2019-06-03",21.91
"3126","2019-06-04",22.58
"3127","2019-06-05",22.73
"3128","2019-06-06",26.540001
"3129","2019-06-07",27.209999
"3130","2019-06-10",26.5
"3131","2019-06-11",26.52
"3132","2019-06-12",26.26
"3133","2019-06-13",27.02
"3134","2019-06-14",26.91
"3135","2019-06-17",27.15
"3136","2019-06-18",28.32
"3137","2019-06-19",28.280001
"3138","2019-06-20",28.379999
"3139","2019-06-21",27.530001
"3140","2019-06-24",28.08
"3141","2019-06-25",27.5
"3142","2019-06-26",28.01
"3143","2019-06-27",27.67
"3144","2019-06-28",28.110001
"3145","2019-07-01",28.549999
"3146","2019-07-02",28.540001
"3147","2019-07-03",28.469999
"3148","2019-07-05",27.99
"3149","2019-07-08",27.42
"3150","2019-07-09",27.719999
"3151","2019-07-10",27.84
"3152","2019-07-11",27.809999
"3153","2019-07-12",28.1
"3154","2019-07-15",28.200001
"3155","2019-07-16",28.049999
"3156","2019-07-17",27.790001
"3157","2019-07-18",27.32
"3158","2019-07-19",27.110001
"3159","2019-07-22",27.049999
"3160","2019-07-23",27.5
"3161","2019-07-24",28.34
"3162","2019-07-25",28.23
"3163","2019-07-26",29.08
"3164","2019-07-29",29.200001
"3165","2019-07-30",29.459999
"3166","2019-07-31",29.76
"3167","2019-08-01",29.540001
"3168","2019-08-02",28.82
"3169","2019-08-05",28.02
"3170","2019-08-06",27.48
"3171","2019-08-07",27.68
"3172","2019-08-08",28.639999
"3173","2019-08-09",27.9
"3174","2019-08-12",28.120001
"3175","2019-08-13",28.299999
"3176","2019-08-14",27.610001
"3177","2019-08-15",26.9
"3178","2019-08-16",27.49
"3179","2019-08-19",27.610001
"3180","2019-08-20",27.25
"3181","2019-08-21",27.700001
"3182","2019-08-22",27.51
"3183","2019-08-23",26.700001
"3184","2019-08-26",27.02
"3185","2019-08-27",26.719999
"3186","2019-08-28",27
"3187","2019-08-29",26.67
"3188","2019-08-30",26.75
"3189","2019-09-03",26.51
"3190","2019-09-04",26.700001
"3191","2019-09-05",27.32
"3192","2019-09-06",27.59
"3193","2019-09-09",27.639999
"3194","2019-09-10",28.690001
"3195","2019-09-11",29.870001
"3196","2019-09-12",30.440001
"3197","2019-09-13",29.85
"3198","2019-09-16",29.639999
"3199","2019-09-17",29.559999
"3200","2019-09-18",29.41
"3201","2019-09-19",29.370001
"3202","2019-09-20",29.74
"3203","2019-09-23",29.74
"3204","2019-09-24",29.82
"3205","2019-09-25",34.970001
"3206","2019-09-26",33.950001
"3207","2019-09-27",33.389999
"3208","2019-09-30",32.5
"3209","2019-10-01",31.48
"3210","2019-10-02",31.25
"3211","2019-10-03",30.5
"3212","2019-10-04",31.110001
"3213","2019-10-07",31.700001
"3214","2019-10-08",30.93
"3215","2019-10-09",30.959999
"3216","2019-10-10",30.75
"3217","2019-10-11",31.200001
"3218","2019-10-14",30.99
"3219","2019-10-15",31.27
"3220","2019-10-16",31.469999
"3221","2019-10-17",32.209999
"3222","2019-10-18",32.349998
"3223","2019-10-21",32.18
"3224","2019-10-22",32.169998
"3225","2019-10-23",31.98
"3226","2019-10-24",31.709999
"3227","2019-10-25",31.98
"3228","2019-10-28",33
"3229","2019-10-29",33.32
"3230","2019-10-30",34.580002
"3231","2019-10-31",34.950001
"3232","2019-11-01",35.48
"3233","2019-11-04",35.25
"3234","2019-11-05",35.25
"3235","2019-11-06",34.639999
"3236","2019-11-07",34.849998
"3237","2019-11-08",35.330002
"3238","2019-11-11",36
"3239","2019-11-12",36.759998
"3240","2019-11-13",36.09
"3241","2019-11-14",35.990002
"3242","2019-11-15",36.02
"3243","2019-11-18",36.369999
"3244","2019-11-19",36.34
"3245","2019-11-20",35.82
"3246","2019-11-21",35.990002
"3247","2019-11-22",36.240002
"3248","2019-11-25",36.709999
"3249","2019-11-26",37.529999
"3250","2019-11-27",37.290001
"3251","2019-11-29",37.790001
"3252","2019-12-02",36.82
"3253","2019-12-03",36.110001
"3254","2019-12-04",36.439999
"3255","2019-12-05",35.939999
"3256","2019-12-06",35.099998
"3257","2019-12-09",34.700001
"3258","2019-12-10",34.48
"3259","2019-12-11",34.610001
"3260","2019-12-12",34.849998
"3261","2019-12-13",34.77
"3262","2019-12-16",35.009998
"3263","2019-12-17",35.290001
"3264","2019-12-18",35
"3265","2019-12-19",35.040001
"3266","2019-12-20",35.25
"3267","2019-12-23",35.98
"3268","2019-12-24",36.48
"3269","2019-12-26",35.720001
"3270","2019-12-27",35.560001
"3271","2019-12-30",35.82
"3272","2019-12-31",35.490002
"3273","2020-01-02",35.93
"3274","2020-01-03",35.560001
"3275","2020-01-06",35.709999
"3276","2020-01-07",35.630001
"3277","2020-01-08",36.200001
"3278","2020-01-09",36.18
"3279","2020-01-10",36.52
"3280","2020-01-13",36.970001
"3281","2020-01-14",35.68
"3282","2020-01-15",35.639999
"3283","2020-01-16",36.650002
"3284","2020-01-17",36.259998
"3285","2020-01-21",36.099998
"3286","2020-01-22",36.68
"3287","2020-01-23",36.439999
"3288","2020-01-24",37.049999
"3289","2020-01-27",36.59
"3290","2020-01-28",37.099998
"3291","2020-01-29",30.030001
"3292","2020-01-30",29.83
"3293","2020-01-31",28.91
"3294","2020-02-03",29.41
"3295","2020-02-04",29.43
"3296","2020-02-05",29.879999
"3297","2020-02-06",30.32
"3298","2020-02-07",29.690001
"3299","2020-02-10",30.49
"3300","2020-02-11",31.48
"3301","2020-02-12",32.610001
"3302","2020-02-13",34.200001
"3303","2020-02-14",33.52
"3304","2020-02-18",33
"3305","2020-02-19",33.52
"3306","2020-02-20",33.84
"3307","2020-02-21",33.060001
"3308","2020-02-24",31.790001
"3309","2020-02-25",30.27
"3310","2020-02-26",30.530001
"3311","2020-02-27",28.74
"3312","2020-02-28",28.02
"3313","2020-03-02",28.26
"3314","2020-03-03",27.73
"3315","2020-03-04",29.01
"3316","2020-03-05",23.51
"3317","2020-03-06",23.389999
"3318","2020-03-09",21.530001
"3319","2020-03-10",21.98
"3320","2020-03-11",20.41
"3321","2020-03-12",17.790001
"3322","2020-03-13",18.110001
"3323","2020-03-16",17.18
"3324","2020-03-17",16.620001
"3325","2020-03-18",12.82
"3326","2020-03-19",14.04
"3327","2020-03-20",14.09
"3328","2020-03-23",13.06
"3329","2020-03-24",13.83
"3330","2020-03-25",15.67
"3331","2020-03-26",15.41
"3332","2020-03-27",14.99
"3333","2020-03-30",14.38
"3334","2020-03-31",13.29
"3335","2020-04-01",11.7
"3336","2020-04-02",11.8
"3337","2020-04-03",11.97
"3338","2020-04-06",13.89
"3339","2020-04-07",14.76
"3340","2020-04-08",16.049999
"3341","2020-04-09",16.83
"3342","2020-04-13",17.41
"3343","2020-04-14",16.99
"3344","2020-04-15",16.299999
"3345","2020-04-16",15.68
"3346","2020-04-17",16.719999
"3347","2020-04-20",16.92
"3348","2020-04-21",15.91
"3349","2020-04-22",16.24
"3350","2020-04-23",16.74
"3351","2020-04-24",17.049999
"3352","2020-04-27",17.65
"3353","2020-04-28",17.790001
"3354","2020-04-29",19.379999
"3355","2020-04-30",18.51
"3356","2020-05-01",18.209999
"3357","2020-05-04",17.940001
"3358","2020-05-05",17.950001
"3359","2020-05-06",16.639999
"3360","2020-05-07",17.48
"3361","2020-05-08",18.49
"3362","2020-05-11",18.049999
"3363","2020-05-12",17.309999
"3364","2020-05-13",15.91
"3365","2020-05-14",15.63
"3366","2020-05-15",15.67
"3367","2020-05-18",17.59
"3368","2020-05-19",17.280001
"3369","2020-05-20",17.67
"3370","2020-05-21",17.360001
"3371","2020-05-22",17.139999
"3372","2020-05-26",18.559999
"3373","2020-05-27",18.5
"3374","2020-05-28",17.879999
"3375","2020-05-29",17.809999
"3376","2020-06-01",18.33
"3377","2020-06-02",18.51
"3378","2020-06-03",21.01
"3379","2020-06-04",17.18
"3380","2020-06-05",17.65
"3381","2020-06-08",19.74
"3382","2020-06-09",18.59
"3383","2020-06-10",17.700001
"3384","2020-06-11",16.75
"3385","2020-06-12",16.92
"3386","2020-06-15",17.16
"3387","2020-06-16",17.379999
"3388","2020-06-17",16.709999
"3389","2020-06-18",16.469999
"3390","2020-06-19",15.96
"3391","2020-06-22",16.75
"3392","2020-06-23",16.59
"3393","2020-06-24",15.85
"3394","2020-06-25",15.8
"3395","2020-06-26",15.18
"3396","2020-06-29",16.42
"3397","2020-06-30",16.889999
"3398","2020-07-01",16.129999
"3399","2020-07-02",16.040001
"3400","2020-07-06",16.24
"3401","2020-07-07",15.5
"3402","2020-07-08",15.87
"3403","2020-07-09",14.83
"3404","2020-07-10",15.26
"3405","2020-07-13",15.55
"3406","2020-07-14",15.23
"3407","2020-07-15",16.059999
"3408","2020-07-16",15.8
"3409","2020-07-17",15.96
"3410","2020-07-20",15.65
"3411","2020-07-21",16.139999
"3412","2020-07-22",15.95
"3413","2020-07-23",16.52
"3414","2020-07-24",16.209999
"3415","2020-07-27",16.360001
"3416","2020-07-28",16.17
"3417","2020-07-29",16.389999
"3418","2020-07-30",16.33
"3419","2020-07-31",16.42
"3420","2020-08-03",16.540001
"3421","2020-08-04",16.68
"3422","2020-08-05",16.870001
"3423","2020-08-06",16.950001
"3424","2020-08-07",17.559999
"3425","2020-08-10",18.200001
"3426","2020-08-11",18.040001
"3427","2020-08-12",17.84
"3428","2020-08-13",17.67
"3429","2020-08-14",17.6
"3430","2020-08-17",17.42
"3431","2020-08-18",17.280001
"3432","2020-08-19",17.040001
"3433","2020-08-20",17.01
"3434","2020-08-21",16.67
"3435","2020-08-24",17
"3436","2020-08-25",17.09
"3437","2020-08-26",16.719999
"3438","2020-08-27",16.83
"3439","2020-08-28",17
"3440","2020-08-31",16.6
"3441","2020-09-01",16.110001
"3442","2020-09-02",16.379999
"3443","2020-09-03",15.98
"3444","2020-09-04",15.85
"3445","2020-09-08",15.45
"3446","2020-09-09",14.9
"3447","2020-09-10",14.39
"3448","2020-09-11",14.42
"3449","2020-09-14",15.32
"3450","2020-09-15",15.15
"3451","2020-09-16",15.37
"3452","2020-09-17",15.38
"3453","2020-09-18",15.45
"3454","2020-09-21",14.99
"3455","2020-09-22",14.61
"3456","2020-09-23",13.87
"3457","2020-09-24",13.32
"3458","2020-09-25",13.2
"3459","2020-09-28",14.03
"3460","2020-09-29",14.05
"3461","2020-09-30",14
"3462","2020-10-01",13.86
"3463","2020-10-02",13.97
"3464","2020-10-05",15.54
"3465","2020-10-06",16
"3466","2020-10-07",15.36
"3467","2020-10-08",15.51
"3468","2020-10-09",16.43
"3469","2020-10-12",16.450001
"3470","2020-10-13",16.1
"3471","2020-10-14",16.33
"3472","2020-10-15",16.360001
"3473","2020-10-16",16.219999
"3474","2020-10-19",16.309999
"3475","2020-10-20",16.41
"3476","2020-10-21",16.309999
"3477","2020-10-22",16.209999
"3478","2020-10-23",16.209999
"3479","2020-10-26",15.57
"3480","2020-10-27",15.68
"3481","2020-10-28",14.39
"3482","2020-10-29",14.98
"3483","2020-10-30",14.4
"3484","2020-11-02",14.7
"3485","2020-11-03",15.55
"3486","2020-11-04",15.19
"3487","2020-11-05",15.58
"3488","2020-11-06",15.18
"3489","2020-11-09",16.860001
"3490","2020-11-10",16.82
"3491","2020-11-11",16.530001
"3492","2020-11-12",16.27
"3493","2020-11-13",17.01
"3494","2020-11-16",17.799999
"3495","2020-11-17",17.959999
"3496","2020-11-18",17.75
"3497","2020-11-19",18.07
"3498","2020-11-20",18.129999
"3499","2020-11-23",18.690001
"3500","2020-11-24",20.17
"3501","2020-11-25",20.17
"3502","2020-11-27",20.4
