"","date","CZZ"
"1","2007-09-04",10.95
"2","2007-09-05",10.62
"3","2007-09-06",10.35
"4","2007-09-07",10.05
"5","2007-09-10",10.2
"6","2007-09-11",10.46
"7","2007-09-12",10.68
"8","2007-09-13",11.11
"9","2007-09-14",11.3
"10","2007-09-17",11.19
"11","2007-09-18",11.45
"12","2007-09-19",11.48
"13","2007-09-20",11.64
"14","2007-09-21",12.25
"15","2007-09-24",12.4
"16","2007-09-25",12.11
"17","2007-09-26",12.57
"18","2007-09-27",12.93
"19","2007-09-28",12.9
"20","2007-10-01",13.28
"21","2007-10-02",13.03
"22","2007-10-03",12.43
"23","2007-10-04",12.95
"24","2007-10-05",13.24
"25","2007-10-08",13.1
"26","2007-10-09",13.1
"27","2007-10-10",12.96
"28","2007-10-11",12.41
"29","2007-10-12",12.28
"30","2007-10-15",12.34
"31","2007-10-16",12.2
"32","2007-10-17",12.09
"33","2007-10-18",12.24
"34","2007-10-19",12
"35","2007-10-22",12
"36","2007-10-23",12.12
"37","2007-10-24",12.19
"38","2007-10-25",12.18
"39","2007-10-26",12.39
"40","2007-10-29",12.4
"41","2007-10-30",12.49
"42","2007-10-31",12.7
"43","2007-11-01",12.61
"44","2007-11-02",12.15
"45","2007-11-05",11.85
"46","2007-11-06",11.96
"47","2007-11-07",11.53
"48","2007-11-08",11.27
"49","2007-11-09",11.04
"50","2007-11-12",10.3
"51","2007-11-13",10.8
"52","2007-11-14",11.01
"53","2007-11-15",10.62
"54","2007-11-16",11.54
"55","2007-11-19",10.92
"56","2007-11-20",10.8
"57","2007-11-21",10.33
"58","2007-11-23",10.45
"59","2007-11-26",10.1
"60","2007-11-27",10
"61","2007-11-28",10.6
"62","2007-11-29",11.11
"63","2007-11-30",10.85
"64","2007-12-03",10.95
"65","2007-12-04",10.87
"66","2007-12-05",11.03
"67","2007-12-06",10.9
"68","2007-12-07",10.93
"69","2007-12-10",10.72
"70","2007-12-11",10.9
"71","2007-12-12",10.63
"72","2007-12-13",10.39
"73","2007-12-14",10.83
"74","2007-12-17",10.35
"75","2007-12-18",10.87
"76","2007-12-19",10.8
"77","2007-12-20",10.99
"78","2007-12-21",11.23
"79","2007-12-24",11.48
"80","2007-12-26",11.59
"81","2007-12-27",11.7
"82","2007-12-28",12.51
"83","2007-12-31",12.6
"84","2008-01-02",12.19
"85","2008-01-03",12.28
"86","2008-01-04",12.15
"87","2008-01-07",12.3
"88","2008-01-08",12.9
"89","2008-01-09",13.94
"90","2008-01-10",13.5
"91","2008-01-11",13.59
"92","2008-01-14",13.88
"93","2008-01-15",13.32
"94","2008-01-16",12.68
"95","2008-01-17",13.17
"96","2008-01-18",13.59
"97","2008-01-22",12.97
"98","2008-01-23",12.48
"99","2008-01-24",12.47
"100","2008-01-25",12.56
"101","2008-01-28",13.56
"102","2008-01-29",13.57
"103","2008-01-30",13.65
"104","2008-01-31",14.35
"105","2008-02-01",14.54
"106","2008-02-04",14.05
"107","2008-02-05",12.98
"108","2008-02-06",12.71
"109","2008-02-07",12.58
"110","2008-02-08",12.9
"111","2008-02-11",13.96
"112","2008-02-12",13.7
"113","2008-02-13",13.9
"114","2008-02-14",13.88
"115","2008-02-15",13.9
"116","2008-02-19",14.07
"117","2008-02-20",14.28
"118","2008-02-21",14.85
"119","2008-02-22",14.64
"120","2008-02-25",14.5
"121","2008-02-26",14.43
"122","2008-02-27",14.7
"123","2008-02-28",14.99
"124","2008-02-29",15
"125","2008-03-03",15.75
"126","2008-03-04",15.14
"127","2008-03-05",15.53
"128","2008-03-06",15.03
"129","2008-03-07",14.65
"130","2008-03-10",13.58
"131","2008-03-11",14.39
"132","2008-03-12",14
"133","2008-03-13",14.23
"134","2008-03-14",13.87
"135","2008-03-17",12.68
"136","2008-03-18",12.7
"137","2008-03-19",12.06
"138","2008-03-20",12.32
"139","2008-03-24",12.73
"140","2008-03-25",12.86
"141","2008-03-26",12.34
"142","2008-03-27",11.85
"143","2008-03-28",12.05
"144","2008-03-31",12.32
"145","2008-04-01",11.85
"146","2008-04-02",12.38
"147","2008-04-03",12.65
"148","2008-04-04",12.56
"149","2008-04-07",13.11
"150","2008-04-08",13.09
"151","2008-04-09",12.77
"152","2008-04-10",12.87
"153","2008-04-11",12.77
"154","2008-04-14",13.15
"155","2008-04-15",13.64
"156","2008-04-16",14.54
"157","2008-04-17",14.8
"158","2008-04-18",13.75
"159","2008-04-21",13.92
"160","2008-04-22",13.44
"161","2008-04-23",13.11
"162","2008-04-24",12.55
"163","2008-04-25",13
"164","2008-04-28",13.11
"165","2008-04-29",12.77
"166","2008-04-30",13.26
"167","2008-05-01",13.31
"168","2008-05-02",13.39
"169","2008-05-05",13.31
"170","2008-05-06",13.45
"171","2008-05-07",13.23
"172","2008-05-08",13.29
"173","2008-05-09",13.21
"174","2008-05-12",13.69
"175","2008-05-13",13.61
"176","2008-05-14",13.1
"177","2008-05-15",13.36
"178","2008-05-16",13.59
"179","2008-05-19",13.36
"180","2008-05-20",13.47
"181","2008-05-21",13.24
"182","2008-05-22",13.19
"183","2008-05-23",12.5
"184","2008-05-27",12.28
"185","2008-05-28",12.02
"186","2008-05-29",12.25
"187","2008-05-30",11.78
"188","2008-06-02",11.58
"189","2008-06-03",11.56
"190","2008-06-04",11.41
"191","2008-06-05",11.43
"192","2008-06-06",11.5
"193","2008-06-09",11.38
"194","2008-06-10",11.03
"195","2008-06-11",11.32
"196","2008-06-12",11.11
"197","2008-06-13",11.27
"198","2008-06-16",11.51
"199","2008-06-17",12.66
"200","2008-06-18",12.84
"201","2008-06-19",12.32
"202","2008-06-20",12.31
"203","2008-06-23",12.16
"204","2008-06-24",12.57
"205","2008-06-25",12.79
"206","2008-06-26",12.58
"207","2008-06-27",12.63
"208","2008-06-30",12.65
"209","2008-07-01",13.49
"210","2008-07-02",13.75
"211","2008-07-03",13.99
"212","2008-07-07",12.87
"213","2008-07-08",12.69
"214","2008-07-09",12.92
"215","2008-07-10",12.97
"216","2008-07-11",13.24
"217","2008-07-14",13.45
"218","2008-07-15",13.15
"219","2008-07-16",13.11
"220","2008-07-17",12.86
"221","2008-07-18",12.77
"222","2008-07-21",12.95
"223","2008-07-22",13.02
"224","2008-07-23",12.95
"225","2008-07-24",13.27
"226","2008-07-25",13.45
"227","2008-07-28",13.45
"228","2008-07-29",13.41
"229","2008-07-30",13.8
"230","2008-07-31",13.11
"231","2008-08-01",13.33
"232","2008-08-04",12.76
"233","2008-08-05",11.91
"234","2008-08-06",12.06
"235","2008-08-07",12.53
"236","2008-08-08",12.13
"237","2008-08-11",11.79
"238","2008-08-12",11.79
"239","2008-08-13",11.95
"240","2008-08-14",12.17
"241","2008-08-15",11.62
"242","2008-08-18",11.83
"243","2008-08-19",12.08
"244","2008-08-20",12.23
"245","2008-08-21",12.29
"246","2008-08-22",12.12
"247","2008-08-25",12.06
"248","2008-08-26",12.05
"249","2008-08-27",12.11
"250","2008-08-28",12.19
"251","2008-08-29",11.98
"252","2008-09-02",11.33
"253","2008-09-03",11.09
"254","2008-09-04",10.42
"255","2008-09-05",10.2
"256","2008-09-08",9.77
"257","2008-09-09",8.56
"258","2008-09-10",8.02
"259","2008-09-11",8.15
"260","2008-09-12",8.27
"261","2008-09-15",8.01
"262","2008-09-16",8.01
"263","2008-09-17",7.49
"264","2008-09-18",7.74
"265","2008-09-19",9.95
"266","2008-09-22",8.28
"267","2008-09-23",7.65
"268","2008-09-24",7.68
"269","2008-09-25",7.71
"270","2008-09-26",8.12
"271","2008-09-29",9.5
"272","2008-09-30",7.98
"273","2008-10-01",8.32
"274","2008-10-02",7.43
"275","2008-10-03",7
"276","2008-10-06",5.49
"277","2008-10-07",4.75
"278","2008-10-08",5.06
"279","2008-10-09",4.33
"280","2008-10-10",3.72
"281","2008-10-13",3.9
"282","2008-10-14",3.69
"283","2008-10-15",3.5
"284","2008-10-16",3.2
"285","2008-10-17",3.02
"286","2008-10-20",3.58
"287","2008-10-21",3.21
"288","2008-10-22",2.11
"289","2008-10-23",2.63
"290","2008-10-24",2.48
"291","2008-10-27",2.1
"292","2008-10-28",2.55
"293","2008-10-29",2.67
"294","2008-10-30",2.85
"295","2008-10-31",2.68
"296","2008-11-03",2.98
"297","2008-11-04",3.49
"298","2008-11-05",3.3
"299","2008-11-06",2.96
"300","2008-11-07",3
"301","2008-11-10",2.99
"302","2008-11-11",2.95
"303","2008-11-12",2.61
"304","2008-11-13",2.95
"305","2008-11-14",2.73
"306","2008-11-17",2.56
"307","2008-11-18",2.83
"308","2008-11-19",2.53
"309","2008-11-20",2.19
"310","2008-11-21",2.17
"311","2008-11-24",2.57
"312","2008-11-25",2.68
"313","2008-11-26",2.87
"314","2008-11-28",3.07
"315","2008-12-01",2.62
"316","2008-12-02",2.81
"317","2008-12-03",2.95
"318","2008-12-04",2.53
"319","2008-12-05",2.63
"320","2008-12-08",3.01
"321","2008-12-09",2.73
"322","2008-12-10",2.73
"323","2008-12-11",2.74
"324","2008-12-12",2.89
"325","2008-12-15",2.77
"326","2008-12-16",2.9
"327","2008-12-17",3.02
"328","2008-12-18",2.82
"329","2008-12-19",3.04
"330","2008-12-22",2.85
"331","2008-12-23",2.77
"332","2008-12-24",2.82
"333","2008-12-26",3
"334","2008-12-29",3.35
"335","2008-12-30",3.46
"336","2008-12-31",3.46
"337","2009-01-02",3.54
"338","2009-01-05",3.28
"339","2009-01-06",3.71
"340","2009-01-07",3.61
"341","2009-01-08",4.17
"342","2009-01-09",4.18
"343","2009-01-12",4.05
"344","2009-01-13",3.62
"345","2009-01-14",3.45
"346","2009-01-15",3.31
"347","2009-01-16",3.41
"348","2009-01-20",3.14
"349","2009-01-21",3.32
"350","2009-01-22",3.07
"351","2009-01-23",2.93
"352","2009-01-26",3.11
"353","2009-01-27",3
"354","2009-01-28",3.3
"355","2009-01-29",3.25
"356","2009-01-30",3.22
"357","2009-02-02",3.19
"358","2009-02-03",3.39
"359","2009-02-04",3.42
"360","2009-02-05",3.48
"361","2009-02-06",3.8
"362","2009-02-09",3.92
"363","2009-02-10",3.64
"364","2009-02-11",3.58
"365","2009-02-12",3.73
"366","2009-02-13",3.73
"367","2009-02-17",3.43
"368","2009-02-18",3.47
"369","2009-02-19",3.58
"370","2009-02-20",3.35
"371","2009-02-23",3.03
"372","2009-02-24",3.25
"373","2009-02-25",3.58
"374","2009-02-26",3.49
"375","2009-02-27",3.35
"376","2009-03-02",2.91
"377","2009-03-03",2.7
"378","2009-03-04",2.59
"379","2009-03-05",2.5
"380","2009-03-06",2.44
"381","2009-03-09",2.5
"382","2009-03-10",2.65
"383","2009-03-11",2.84
"384","2009-03-12",3.02
"385","2009-03-13",2.9
"386","2009-03-16",2.88
"387","2009-03-17",2.61
"388","2009-03-18",2.65
"389","2009-03-19",2.46
"390","2009-03-20",2.38
"391","2009-03-23",2.54
"392","2009-03-24",2.5
"393","2009-03-25",2.38
"394","2009-03-26",2.53
"395","2009-03-27",2.45
"396","2009-03-30",2.37
"397","2009-03-31",2.45
"398","2009-04-01",2.4
"399","2009-04-02",2.83
"400","2009-04-03",3.5
"401","2009-04-06",4.13
"402","2009-04-07",4.65
"403","2009-04-08",4.07
"404","2009-04-09",4.45
"405","2009-04-13",4.79
"406","2009-04-14",4.6
"407","2009-04-15",4.24
"408","2009-04-16",4.25
"409","2009-04-17",3.5
"410","2009-04-20",3.38
"411","2009-04-21",3.23
"412","2009-04-22",3.37
"413","2009-04-23",3.29
"414","2009-04-24",3.33
"415","2009-04-27",3.32
"416","2009-04-28",3.41
"417","2009-04-29",3.45
"418","2009-04-30",3.52
"419","2009-05-01",3.76
"420","2009-05-04",3.99
"421","2009-05-05",3.89
"422","2009-05-06",4.49
"423","2009-05-07",4.61
"424","2009-05-08",4.5
"425","2009-05-11",4.48
"426","2009-05-12",4.38
"427","2009-05-13",4
"428","2009-05-14",4.1
"429","2009-05-15",4.13
"430","2009-05-18",4.33
"431","2009-05-19",4.52
"432","2009-05-20",4.81
"433","2009-05-21",4.5
"434","2009-05-22",4.64
"435","2009-05-26",5.13
"436","2009-05-27",5.48
"437","2009-05-28",5.23
"438","2009-05-29",5.11
"439","2009-06-01",5.59
"440","2009-06-02",6.08
"441","2009-06-03",5.27
"442","2009-06-04",5.46
"443","2009-06-05",5.4
"444","2009-06-08",5.35
"445","2009-06-09",5.68
"446","2009-06-10",5.78
"447","2009-06-11",6.34
"448","2009-06-12",6.67
"449","2009-06-15",6.23
"450","2009-06-16",5.84
"451","2009-06-17",5.58
"452","2009-06-18",5.36
"453","2009-06-19",5.66
"454","2009-06-22",5.39
"455","2009-06-23",5.54
"456","2009-06-24",5.91
"457","2009-06-25",6.24
"458","2009-06-26",5.67
"459","2009-06-29",5.37
"460","2009-06-30",5.18
"461","2009-07-01",5.35
"462","2009-07-02",5.25
"463","2009-07-06",5.08
"464","2009-07-07",5.07
"465","2009-07-08",4.88
"466","2009-07-09",4.86
"467","2009-07-10",4.98
"468","2009-07-13",5
"469","2009-07-14",5.19
"470","2009-07-15",5.52
"471","2009-07-16",5.43
"472","2009-07-17",5.36
"473","2009-07-20",5.63
"474","2009-07-21",5.87
"475","2009-07-22",6
"476","2009-07-23",6.26
"477","2009-07-24",6.26
"478","2009-07-27",6.35
"479","2009-07-28",6.32
"480","2009-07-29",6.08
"481","2009-07-30",6.49
"482","2009-07-31",6.72
"483","2009-08-03",7.12
"484","2009-08-04",7.25
"485","2009-08-05",7.17
"486","2009-08-06",7.34
"487","2009-08-07",7.76
"488","2009-08-10",7.78
"489","2009-08-11",7.4
"490","2009-08-12",7.48
"491","2009-08-13",7.92
"492","2009-08-14",7.84
"493","2009-08-17",7.38
"494","2009-08-18",7.58
"495","2009-08-19",7.93
"496","2009-08-20",7.81
"497","2009-08-21",7.99
"498","2009-08-24",8.18
"499","2009-08-25",8.21
"500","2009-08-26",8.11
"501","2009-08-27",8.11
"502","2009-08-28",8.43
"503","2009-08-31",8.17
"504","2009-09-01",7.7
"505","2009-09-02",7.65
"506","2009-09-03",8
"507","2009-09-04",7.87
"508","2009-09-08",8.11
"509","2009-09-09",7.98
"510","2009-09-10",8.28
"511","2009-09-11",8.4
"512","2009-09-14",8.47
"513","2009-09-15",8.41
"514","2009-09-16",8.32
"515","2009-09-17",8.03
"516","2009-09-18",8.15
"517","2009-09-21",8.03
"518","2009-09-22",8.23
"519","2009-09-23",7.98
"520","2009-09-24",7.65
"521","2009-09-25",7.79
"522","2009-09-28",7.86
"523","2009-09-29",7.83
"524","2009-09-30",7.9
"525","2009-10-01",7.58
"526","2009-10-02",7.74
"527","2009-10-05",8
"528","2009-10-06",8.04
"529","2009-10-07",7.98
"530","2009-10-08",7.91
"531","2009-10-09",8
"532","2009-10-12",8.01
"533","2009-10-13",8.43
"534","2009-10-14",8.62
"535","2009-10-15",8.58
"536","2009-10-16",8.47
"537","2009-10-19",8.48
"538","2009-10-20",7.98
"539","2009-10-21",8.07
"540","2009-10-22",8.16
"541","2009-10-23",7.95
"542","2009-10-26",7.6
"543","2009-10-27",7.21
"544","2009-10-28",6.65
"545","2009-10-29",7.09
"546","2009-10-30",6.66
"547","2009-11-02",6.83
"548","2009-11-03",7
"549","2009-11-04",7.09
"550","2009-11-05",7.42
"551","2009-11-06",7.61
"552","2009-11-09",7.69
"553","2009-11-10",7.75
"554","2009-11-11",7.75
"555","2009-11-12",7.79
"556","2009-11-13",7.85
"557","2009-11-16",8.11
"558","2009-11-17",8.21
"559","2009-11-18",8.14
"560","2009-11-19",7.8
"561","2009-11-20",7.75
"562","2009-11-23",7.45
"563","2009-11-24",6.99
"564","2009-11-25",7.49
"565","2009-11-27",7.28
"566","2009-11-30",7.34
"567","2009-12-01",7.54
"568","2009-12-02",7.79
"569","2009-12-03",7.89
"570","2009-12-04",7.77
"571","2009-12-07",7.74
"572","2009-12-08",7.58
"573","2009-12-09",7.42
"574","2009-12-10",7.61
"575","2009-12-11",7.67
"576","2009-12-14",7.83
"577","2009-12-15",7.7
"578","2009-12-16",8.02
"579","2009-12-17",7.53
"580","2009-12-18",7.39
"581","2009-12-21",7.45
"582","2009-12-22",7.36
"583","2009-12-23",7.88
"584","2009-12-24",7.99
"585","2009-12-28",8.49
"586","2009-12-29",8.69
"587","2009-12-30",8.68
"588","2009-12-31",8.7
"589","2010-01-04",8.79
"590","2010-01-05",8.94
"591","2010-01-06",9.24
"592","2010-01-07",8.92
"593","2010-01-08",9.01
"594","2010-01-11",9.1
"595","2010-01-12",8.98
"596","2010-01-13",9.07
"597","2010-01-14",9.04
"598","2010-01-15",8.93
"599","2010-01-19",9.09
"600","2010-01-20",8.7
"601","2010-01-21",8.33
"602","2010-01-22",8.27
"603","2010-01-25",8.44
"604","2010-01-26",8.2
"605","2010-01-27",8.16
"606","2010-01-28",7.97
"607","2010-01-29",7.8
"608","2010-02-01",8.6
"609","2010-02-02",8.82
"610","2010-02-03",8.88
"611","2010-02-04",8.35
"612","2010-02-05",8.15
"613","2010-02-08",8.23
"614","2010-02-09",8.6
"615","2010-02-10",8.59
"616","2010-02-11",8.63
"617","2010-02-12",8.53
"618","2010-02-16",8.81
"619","2010-02-17",8.76
"620","2010-02-18",8.75
"621","2010-02-19",8.87
"622","2010-02-22",8.69
"623","2010-02-23",8.64
"624","2010-02-24",8.55
"625","2010-02-25",8.67
"626","2010-02-26",9.07
"627","2010-03-01",8.98
"628","2010-03-02",9.11
"629","2010-03-03",9.05
"630","2010-03-04",9.04
"631","2010-03-05",9.11
"632","2010-03-08",9.3
"633","2010-03-09",9.38
"634","2010-03-10",9.32
"635","2010-03-11",9.11
"636","2010-03-12",9.39
"637","2010-03-15",9.38
"638","2010-03-16",9.52
"639","2010-03-17",9.75
"640","2010-03-18",9.71
"641","2010-03-19",9.45
"642","2010-03-22",9.4
"643","2010-03-23",9.45
"644","2010-03-24",9.25
"645","2010-03-25",9.28
"646","2010-03-26",9.27
"647","2010-03-29",9.56
"648","2010-03-30",9.45
"649","2010-03-31",9.43
"650","2010-04-01",9.27
"651","2010-04-05",9.35
"652","2010-04-06",9.37
"653","2010-04-07",9.57
"654","2010-04-08",9.78
"655","2010-04-09",9.9
"656","2010-04-12",10.03
"657","2010-04-13",10.25
"658","2010-04-14",10.47
"659","2010-04-15",10.62
"660","2010-04-16",10.4
"661","2010-04-19",10.7
"662","2010-04-20",10.9
"663","2010-04-21",10.73
"664","2010-04-22",10.65
"665","2010-04-23",10.76
"666","2010-04-26",10.62
"667","2010-04-27",10.03
"668","2010-04-28",10.27
"669","2010-04-29",10.58
"670","2010-04-30",10.62
"671","2010-05-03",10.64
"672","2010-05-04",10.15
"673","2010-05-05",9.6
"674","2010-05-06",8.94
"675","2010-05-07",8.85
"676","2010-05-10",9.51
"677","2010-05-11",9.41
"678","2010-05-12",9.7
"679","2010-05-13",9.53
"680","2010-05-14",9.12
"681","2010-05-17",8.89
"682","2010-05-18",8.64
"683","2010-05-19",8.45
"684","2010-05-20",7.95
"685","2010-05-21",8.36
"686","2010-05-24",8.32
"687","2010-05-25",8.04
"688","2010-05-26",8.33
"689","2010-05-27",8.73
"690","2010-05-28",8.63
"691","2010-06-01",8.52
"692","2010-06-02",8.86
"693","2010-06-03",9.07
"694","2010-06-04",8.78
"695","2010-06-07",8.55
"696","2010-06-08",8.76
"697","2010-06-09",8.91
"698","2010-06-10",9.39
"699","2010-06-11",9.44
"700","2010-06-14",9.47
"701","2010-06-15",10.05
"702","2010-06-16",10.12
"703","2010-06-17",10.03
"704","2010-06-18",10.03
"705","2010-06-21",10.01
"706","2010-06-22",9.85
"707","2010-06-23",9.89
"708","2010-06-24",9.78
"709","2010-06-25",10.15
"710","2010-06-28",10.03
"711","2010-06-29",9.37
"712","2010-06-30",9.34
"713","2010-07-01",9.82
"714","2010-07-02",9.85
"715","2010-07-06",10.03
"716","2010-07-07",10.27
"717","2010-07-08",10.27
"718","2010-07-09",10.46
"719","2010-07-12",10.43
"720","2010-07-13",10.49
"721","2010-07-14",10.39
"722","2010-07-15",10.38
"723","2010-07-16",10.08
"724","2010-07-19",10.17
"725","2010-07-20",10.36
"726","2010-07-21",10.41
"727","2010-07-22",10.7
"728","2010-07-23",10.79
"729","2010-07-26",10.74
"730","2010-07-27",10.99
"731","2010-07-28",11.01
"732","2010-07-29",11.17
"733","2010-07-30",11.36
"734","2010-08-02",11.56
"735","2010-08-03",11.18
"736","2010-08-04",11.11
"737","2010-08-05",11.28
"738","2010-08-06",11.25
"739","2010-08-09",11.38
"740","2010-08-10",11.26
"741","2010-08-11",10.8
"742","2010-08-12",10.75
"743","2010-08-13",10.25
"744","2010-08-16",10.32
"745","2010-08-17",10.71
"746","2010-08-18",10.3
"747","2010-08-19",10.1
"748","2010-08-20",9.92
"749","2010-08-23",10.08
"750","2010-08-24",10.12
"751","2010-08-25",10.6
"752","2010-08-26",10.5
"753","2010-08-27",10.75
"754","2010-08-30",10.56
"755","2010-08-31",10.54
"756","2010-09-01",11
"757","2010-09-02",11.21
"758","2010-09-03",11.19
"759","2010-09-07",11.19
"760","2010-09-08",11.08
"761","2010-09-09",11.25
"762","2010-09-10",11.4
"763","2010-09-13",11.4
"764","2010-09-14",11.38
"765","2010-09-15",11.31
"766","2010-09-16",11.44
"767","2010-09-17",11.65
"768","2010-09-20",11.67
"769","2010-09-21",11.67
"770","2010-09-22",11.6
"771","2010-09-23",11.6
"772","2010-09-24",12.01
"773","2010-09-27",11.77
"774","2010-09-28",11.59
"775","2010-09-29",11.45
"776","2010-09-30",11.59
"777","2010-10-01",11.68
"778","2010-10-04",11.57
"779","2010-10-05",11.92
"780","2010-10-06",11.93
"781","2010-10-07",11.96
"782","2010-10-08",12.25
"783","2010-10-11",12.37
"784","2010-10-12",12.4
"785","2010-10-13",12.9
"786","2010-10-14",12.8
"787","2010-10-15",12.68
"788","2010-10-18",12.58
"789","2010-10-19",12.31
"790","2010-10-20",12.54
"791","2010-10-21",12.28
"792","2010-10-22",12.29
"793","2010-10-25",12.7
"794","2010-10-26",12.81
"795","2010-10-27",12.86
"796","2010-10-28",12.91
"797","2010-10-29",13.14
"798","2010-11-01",13.12
"799","2010-11-02",13.32
"800","2010-11-03",13.46
"801","2010-11-04",14.08
"802","2010-11-05",13.9
"803","2010-11-08",13.89
"804","2010-11-09",13.89
"805","2010-11-10",13.95
"806","2010-11-11",13.65
"807","2010-11-12",12.92
"808","2010-11-15",13.09
"809","2010-11-16",12.52
"810","2010-11-17",12.71
"811","2010-11-18",13.14
"812","2010-11-19",13
"813","2010-11-22",12.73
"814","2010-11-23",12.28
"815","2010-11-24",12.7
"816","2010-11-26",12.54
"817","2010-11-29",12.45
"818","2010-11-30",12.76
"819","2010-12-01",13.1
"820","2010-12-02",13.44
"821","2010-12-03",13.64
"822","2010-12-06",13.57
"823","2010-12-07",13.79
"824","2010-12-08",13.58
"825","2010-12-09",13.02
"826","2010-12-10",12.98
"827","2010-12-13",13.01
"828","2010-12-14",12.82
"829","2010-12-15",12.7
"830","2010-12-16",12.55
"831","2010-12-17",12.81
"832","2010-12-20",12.74
"833","2010-12-21",13.03
"834","2010-12-22",13.21
"835","2010-12-23",13.21
"836","2010-12-27",13.3
"837","2010-12-28",13.29
"838","2010-12-29",13.82
"839","2010-12-30",13.72
"840","2010-12-31",13.62
"841","2011-01-03",13.86
"842","2011-01-04",14.57
"843","2011-01-05",14.35
"844","2011-01-06",14.06
"845","2011-01-07",14.15
"846","2011-01-10",14.16
"847","2011-01-11",14.52
"848","2011-01-12",14.52
"849","2011-01-13",14.45
"850","2011-01-14",14.35
"851","2011-01-18",14.33
"852","2011-01-19",14.11
"853","2011-01-20",13.74
"854","2011-01-21",13.89
"855","2011-01-24",13.55
"856","2011-01-25",13.3
"857","2011-01-26",13.11
"858","2011-01-27",13.01
"859","2011-01-28",12.89
"860","2011-01-31",12.98
"861","2011-02-01",13.78
"862","2011-02-02",13.86
"863","2011-02-03",13.75
"864","2011-02-04",13.43
"865","2011-02-07",13.33
"866","2011-02-08",13.54
"867","2011-02-09",13.13
"868","2011-02-10",12.24
"869","2011-02-11",12.52
"870","2011-02-14",12.68
"871","2011-02-15",12.75
"872","2011-02-16",12.87
"873","2011-02-17",12.91
"874","2011-02-18",12.87
"875","2011-02-22",12.82
"876","2011-02-23",13.19
"877","2011-02-24",13.23
"878","2011-02-25",13.39
"879","2011-02-28",13.76
"880","2011-03-01",13.52
"881","2011-03-02",14
"882","2011-03-03",14.03
"883","2011-03-04",13.68
"884","2011-03-07",13.42
"885","2011-03-08",13.5
"886","2011-03-09",13.36
"887","2011-03-10",12.89
"888","2011-03-11",13.01
"889","2011-03-14",12.66
"890","2011-03-15",12.85
"891","2011-03-16",12.23
"892","2011-03-17",12.17
"893","2011-03-18",12.4
"894","2011-03-21",12.62
"895","2011-03-22",12.75
"896","2011-03-23",12.65
"897","2011-03-24",12.48
"898","2011-03-25",12.85
"899","2011-03-28",12.83
"900","2011-03-29",13
"901","2011-03-30",12.87
"902","2011-03-31",12.9
"903","2011-04-01",13.16
"904","2011-04-04",13.26
"905","2011-04-05",13.35
"906","2011-04-06",13.06
"907","2011-04-07",12.41
"908","2011-04-08",11.98
"909","2011-04-11",12
"910","2011-04-12",11.74
"911","2011-04-13",11.65
"912","2011-04-14",12.07
"913","2011-04-15",12.14
"914","2011-04-18",12.11
"915","2011-04-19",12.1
"916","2011-04-20",12.14
"917","2011-04-21",11.99
"918","2011-04-25",11.99
"919","2011-04-26",12.3
"920","2011-04-27",12.14
"921","2011-04-28",12.37
"922","2011-04-29",12.45
"923","2011-05-02",12.38
"924","2011-05-03",11.83
"925","2011-05-04",11.65
"926","2011-05-05",11.31
"927","2011-05-06",11.53
"928","2011-05-09",11.44
"929","2011-05-10",11.72
"930","2011-05-11",11.49
"931","2011-05-12",11.25
"932","2011-05-13",11.03
"933","2011-05-16",11.03
"934","2011-05-17",10.95
"935","2011-05-18",10.93
"936","2011-05-19",10.83
"937","2011-05-20",10.98
"938","2011-05-23",10.86
"939","2011-05-24",11.07
"940","2011-05-25",11.41
"941","2011-05-26",11.71
"942","2011-05-27",11.69
"943","2011-05-31",11.88
"944","2011-06-01",11.92
"945","2011-06-02",12.27
"946","2011-06-03",12.15
"947","2011-06-06",12
"948","2011-06-07",12.29
"949","2011-06-08",12.25
"950","2011-06-09",12.26
"951","2011-06-10",11.85
"952","2011-06-13",12.09
"953","2011-06-14",12.32
"954","2011-06-15",12.31
"955","2011-06-16",12.12
"956","2011-06-17",12.58
"957","2011-06-20",12.28
"958","2011-06-21",12.45
"959","2011-06-22",12.3
"960","2011-06-23",12.27
"961","2011-06-24",11.85
"962","2011-06-27",11.69
"963","2011-06-28",12.08
"964","2011-06-29",12.23
"965","2011-06-30",12.29
"966","2011-07-01",12.39
"967","2011-07-05",12.39
"968","2011-07-06",12.13
"969","2011-07-07",12.13
"970","2011-07-08",12.22
"971","2011-07-11",11.98
"972","2011-07-12",12.09
"973","2011-07-13",12.32
"974","2011-07-14",12.25
"975","2011-07-15",12.44
"976","2011-07-18",12.24
"977","2011-07-19",12.23
"978","2011-07-20",12.29
"979","2011-07-21",12.82
"980","2011-07-22",12.81
"981","2011-07-25",12.78
"982","2011-07-26",12.67
"983","2011-07-27",12.34
"984","2011-07-28",12.28
"985","2011-07-29",12.33
"986","2011-08-01",12.2
"987","2011-08-02",11.69
"988","2011-08-03",11.64
"989","2011-08-04",10.75
"990","2011-08-05",10.9
"991","2011-08-08",9.44
"992","2011-08-09",10.12
"993","2011-08-10",10
"994","2011-08-11",10.51
"995","2011-08-12",10.62
"996","2011-08-15",11.5
"997","2011-08-16",11.4
"998","2011-08-17",11.92
"999","2011-08-18",11.1
"1000","2011-08-19",10.67
"1001","2011-08-22",10.66
"1002","2011-08-23",10.96
"1003","2011-08-24",10.97
"1004","2011-08-25",10.7
"1005","2011-08-26",10.98
"1006","2011-08-29",11.4
"1007","2011-08-30",11.51
"1008","2011-08-31",11.66
"1009","2011-09-01",11.7
"1010","2011-09-02",11.5
"1011","2011-09-06",11.24
"1012","2011-09-07",11.45
"1013","2011-09-08",11.55
"1014","2011-09-09",11.32
"1015","2011-09-12",11.21
"1016","2011-09-13",11.09
"1017","2011-09-14",11.18
"1018","2011-09-15",11.17
"1019","2011-09-16",11.15
"1020","2011-09-19",10.97
"1021","2011-09-20",10.96
"1022","2011-09-21",10.21
"1023","2011-09-22",9.75
"1024","2011-09-23",9.9
"1025","2011-09-26",10.26
"1026","2011-09-27",10.35
"1027","2011-09-28",10.03
"1028","2011-09-29",9.99
"1029","2011-09-30",9.47
"1030","2011-10-03",9.08
"1031","2011-10-04",9.51
"1032","2011-10-05",9.61
"1033","2011-10-06",10.06
"1034","2011-10-07",9.91
"1035","2011-10-10",10.43
"1036","2011-10-11",10.71
"1037","2011-10-12",10.76
"1038","2011-10-13",10.84
"1039","2011-10-14",11.01
"1040","2011-10-17",10.7
"1041","2011-10-18",11.1
"1042","2011-10-19",11.6
"1043","2011-10-20",11.77
"1044","2011-10-21",11.51
"1045","2011-10-24",11.74
"1046","2011-10-25",11.4
"1047","2011-10-26",11.48
"1048","2011-10-27",11.93
"1049","2011-10-28",12.01
"1050","2011-10-31",12
"1051","2011-11-01",11.74
"1052","2011-11-02",11.79
"1053","2011-11-03",11.88
"1054","2011-11-04",11.82
"1055","2011-11-07",11.78
"1056","2011-11-08",11.9
"1057","2011-11-09",11.36
"1058","2011-11-10",11.6
"1059","2011-11-11",11.95
"1060","2011-11-14",11.94
"1061","2011-11-15",11.9
"1062","2011-11-16",11.75
"1063","2011-11-17",11.33
"1064","2011-11-18",11.45
"1065","2011-11-21",11.24
"1066","2011-11-22",11.44
"1067","2011-11-23",10.9
"1068","2011-11-25",10.75
"1069","2011-11-28",11.27
"1070","2011-11-29",11.31
"1071","2011-11-30",11.77
"1072","2011-12-01",11.84
"1073","2011-12-02",12.05
"1074","2011-12-05",12.25
"1075","2011-12-06",12.13
"1076","2011-12-07",12.39
"1077","2011-12-08",11.92
"1078","2011-12-09",12.34
"1079","2011-12-12",11.99
"1080","2011-12-13",11.52
"1081","2011-12-14",11.3
"1082","2011-12-15",11.68
"1083","2011-12-16",11.6
"1084","2011-12-19",11.18
"1085","2011-12-20",11.42
"1086","2011-12-21",11.37
"1087","2011-12-22",11.03
"1088","2011-12-23",11.11
"1089","2011-12-27",11.06
"1090","2011-12-28",10.84
"1091","2011-12-29",10.95
"1092","2011-12-30",10.96
"1093","2012-01-03",11.1
"1094","2012-01-04",11.28
"1095","2012-01-05",11.31
"1096","2012-01-06",11.31
"1097","2012-01-09",11.38
"1098","2012-01-10",11.7
"1099","2012-01-11",11.75
"1100","2012-01-12",11.75
"1101","2012-01-13",11.79
"1102","2012-01-17",11.77
"1103","2012-01-18",12.19
"1104","2012-01-19",12.4
"1105","2012-01-20",12.54
"1106","2012-01-23",12.71
"1107","2012-01-24",12.68
"1108","2012-01-25",12.87
"1109","2012-01-26",12.92
"1110","2012-01-27",13.2
"1111","2012-01-30",13.02
"1112","2012-01-31",12.84
"1113","2012-02-01",13.43
"1114","2012-02-02",13.99
"1115","2012-02-03",13.71
"1116","2012-02-06",13.64
"1117","2012-02-07",13.87
"1118","2012-02-08",14.04
"1119","2012-02-09",14
"1120","2012-02-10",13.99
"1121","2012-02-13",14.13
"1122","2012-02-14",14.13
"1123","2012-02-15",14.19
"1124","2012-02-16",14.35
"1125","2012-02-17",14.38
"1126","2012-02-21",14.38
"1127","2012-02-22",13.46
"1128","2012-02-23",13.97
"1129","2012-02-24",14.62
"1130","2012-02-27",14.78
"1131","2012-02-28",14.8
"1132","2012-02-29",14.87
"1133","2012-03-01",14.71
"1134","2012-03-02",14.75
"1135","2012-03-05",14.61
"1136","2012-03-06",14.05
"1137","2012-03-07",14.37
"1138","2012-03-08",14.23
"1139","2012-03-09",14.24
"1140","2012-03-12",14.1
"1141","2012-03-13",14.56
"1142","2012-03-14",14.53
"1143","2012-03-15",14.92
"1144","2012-03-16",14.89
"1145","2012-03-19",14.79
"1146","2012-03-20",14.65
"1147","2012-03-21",14.89
"1148","2012-03-22",14.74
"1149","2012-03-23",14.78
"1150","2012-03-26",15.11
"1151","2012-03-27",15.1
"1152","2012-03-28",14.87
"1153","2012-03-29",14.88
"1154","2012-03-30",14.85
"1155","2012-04-02",15.05
"1156","2012-04-03",15.17
"1157","2012-04-04",15.02
"1158","2012-04-05",15.23
"1159","2012-04-09",14.9
"1160","2012-04-10",14.62
"1161","2012-04-11",14.66
"1162","2012-04-12",14.14
"1163","2012-04-13",13.93
"1164","2012-04-16",13.65
"1165","2012-04-17",13.97
"1166","2012-04-18",14.18
"1167","2012-04-19",13.75
"1168","2012-04-20",13.57
"1169","2012-04-23",13.27
"1170","2012-04-24",13.55
"1171","2012-04-25",13.63
"1172","2012-04-26",13.76
"1173","2012-04-27",13.78
"1174","2012-04-30",13.84
"1175","2012-05-01",13.86
"1176","2012-05-02",13.69
"1177","2012-05-03",13.56
"1178","2012-05-04",13.7
"1179","2012-05-07",13.59
"1180","2012-05-08",13.29
"1181","2012-05-09",13.29
"1182","2012-05-10",13.39
"1183","2012-05-11",13.37
"1184","2012-05-14",12.95
"1185","2012-05-15",12.71
"1186","2012-05-16",12.77
"1187","2012-05-17",12.07
"1188","2012-05-18",11.78
"1189","2012-05-21",12.14
"1190","2012-05-22",11.84
"1191","2012-05-23",11.66
"1192","2012-05-24",11.77
"1193","2012-05-25",11.9
"1194","2012-05-29",12.08
"1195","2012-05-30",11.73
"1196","2012-05-31",11.97
"1197","2012-06-01",11.51
"1198","2012-06-04",11.42
"1199","2012-06-05",11.62
"1200","2012-06-06",11.79
"1201","2012-06-07",11.56
"1202","2012-06-08",11.62
"1203","2012-06-11",11.29
"1204","2012-06-12",11.52
"1205","2012-06-13",11.68
"1206","2012-06-14",11.83
"1207","2012-06-15",12.1
"1208","2012-06-18",12.45
"1209","2012-06-19",12.67
"1210","2012-06-20",12.55
"1211","2012-06-21",12.14
"1212","2012-06-22",12.08
"1213","2012-06-25",11.78
"1214","2012-06-26",11.74
"1215","2012-06-27",11.91
"1216","2012-06-28",12.02
"1217","2012-06-29",12.69
"1218","2012-07-02",12.78
"1219","2012-07-03",13.06
"1220","2012-07-05",13.13
"1221","2012-07-06",12.86
"1222","2012-07-09",12.71
"1223","2012-07-10",12.48
"1224","2012-07-11",12.27
"1225","2012-07-12",12.39
"1226","2012-07-13",12.85
"1227","2012-07-16",12.82
"1228","2012-07-17",13
"1229","2012-07-18",13.2
"1230","2012-07-19",13.02
"1231","2012-07-20",13.17
"1232","2012-07-23",12.66
"1233","2012-07-24",12.3
"1234","2012-07-25",12.28
"1235","2012-07-26",12.55
"1236","2012-07-27",12.8
"1237","2012-07-30",12.8
"1238","2012-07-31",12.7
"1239","2012-08-01",12.75
"1240","2012-08-02",12.76
"1241","2012-08-03",12.97
"1242","2012-08-06",13.35
"1243","2012-08-07",13.19
"1244","2012-08-08",13.64
"1245","2012-08-09",13.63
"1246","2012-08-10",13.59
"1247","2012-08-13",13.26
"1248","2012-08-14",13.95
"1249","2012-08-15",13.84
"1250","2012-08-16",13.64
"1251","2012-08-17",13.6
"1252","2012-08-20",13.71
"1253","2012-08-21",14.26
"1254","2012-08-22",14.26
"1255","2012-08-23",14.18
"1256","2012-08-24",14.31
"1257","2012-08-27",14.34
"1258","2012-08-28",14.13
"1259","2012-08-29",13.84
"1260","2012-08-30",13.92
"1261","2012-08-31",13.93
"1262","2012-09-04",14.15
"1263","2012-09-05",14.61
"1264","2012-09-06",14.72
"1265","2012-09-07",14.79
"1266","2012-09-10",14.65
"1267","2012-09-11",14.65
"1268","2012-09-12",14.9
"1269","2012-09-13",15.25
"1270","2012-09-14",15
"1271","2012-09-17",14.78
"1272","2012-09-18",14.99
"1273","2012-09-19",15.06
"1274","2012-09-20",14.76
"1275","2012-09-21",15.12
"1276","2012-09-24",15.02
"1277","2012-09-25",15.07
"1278","2012-09-26",15.74
"1279","2012-09-27",15.79
"1280","2012-09-28",15.86
"1281","2012-10-01",15.79
"1282","2012-10-02",15.84
"1283","2012-10-03",15.74
"1284","2012-10-04",15.91
"1285","2012-10-05",15.86
"1286","2012-10-08",15.81
"1287","2012-10-09",15.72
"1288","2012-10-10",15.8
"1289","2012-10-11",16.24
"1290","2012-10-12",16.18
"1291","2012-10-15",15.5
"1292","2012-10-16",15.56
"1293","2012-10-17",15.96
"1294","2012-10-18",15.67
"1295","2012-10-19",15.85
"1296","2012-10-22",16.01
"1297","2012-10-23",15.82
"1298","2012-10-24",15.68
"1299","2012-10-25",15.68
"1300","2012-10-26",16.12
"1301","2012-10-31",16.41
"1302","2012-11-01",16.59
"1303","2012-11-02",16.4
"1304","2012-11-05",16.69
"1305","2012-11-06",16.81
"1306","2012-11-07",16.81
"1307","2012-11-08",16.75
"1308","2012-11-09",16.92
"1309","2012-11-12",16.85
"1310","2012-11-13",16.82
"1311","2012-11-14",16.47
"1312","2012-11-15",16.5
"1313","2012-11-16",16.49
"1314","2012-11-19",16.79
"1315","2012-11-20",16.72
"1316","2012-11-21",16.63
"1317","2012-11-23",16.64
"1318","2012-11-26",16.38
"1319","2012-11-27",16.13
"1320","2012-11-28",16.21
"1321","2012-11-29",16.27
"1322","2012-11-30",16.2
"1323","2012-12-03",15.63
"1324","2012-12-04",15.42
"1325","2012-12-05",15.71
"1326","2012-12-06",15.95
"1327","2012-12-07",15.99
"1328","2012-12-10",16.07
"1329","2012-12-11",16.23
"1330","2012-12-12",16.67
"1331","2012-12-13",16.6
"1332","2012-12-14",16.79
"1333","2012-12-17",16.83
"1334","2012-12-18",16.99
"1335","2012-12-19",17
"1336","2012-12-20",17
"1337","2012-12-21",17.05
"1338","2012-12-24",16.9
"1339","2012-12-26",17.15
"1340","2012-12-27",17.26
"1341","2012-12-28",17.13
"1342","2012-12-31",17.31
"1343","2013-01-02",17.71
"1344","2013-01-03",17.59
"1345","2013-01-04",17.81
"1346","2013-01-07",17.97
"1347","2013-01-08",17.67
"1348","2013-01-09",17.59
"1349","2013-01-10",17.73
"1350","2013-01-11",17.53
"1351","2013-01-14",17.84
"1352","2013-01-15",17.85
"1353","2013-01-16",17.64
"1354","2013-01-17",17.72
"1355","2013-01-18",17.63
"1356","2013-01-22",17.61
"1357","2013-01-23",18.03
"1358","2013-01-24",18.62
"1359","2013-01-25",18.83
"1360","2013-01-28",18.89
"1361","2013-01-29",19.45
"1362","2013-01-30",19.73
"1363","2013-01-31",19.67
"1364","2013-02-01",19.8
"1365","2013-02-04",19.8
"1366","2013-02-05",20.39
"1367","2013-02-06",20.02
"1368","2013-02-07",21
"1369","2013-02-08",20.55
"1370","2013-02-11",20.35
"1371","2013-02-12",20.1
"1372","2013-02-13",20.15
"1373","2013-02-14",20.04
"1374","2013-02-15",20
"1375","2013-02-19",20.44
"1376","2013-02-20",19.98
"1377","2013-02-21",19.71
"1378","2013-02-22",19.85
"1379","2013-02-25",19.59
"1380","2013-02-26",19.63
"1381","2013-02-27",19.84
"1382","2013-02-28",20.56
"1383","2013-03-01",20.49
"1384","2013-03-04",20.63
"1385","2013-03-05",21.18
"1386","2013-03-06",21.11
"1387","2013-03-07",20.65
"1388","2013-03-08",21.02
"1389","2013-03-11",20.94
"1390","2013-03-12",21.01
"1391","2013-03-13",21.31
"1392","2013-03-14",21.3
"1393","2013-03-15",20.93
"1394","2013-03-18",20.65
"1395","2013-03-19",20.67
"1396","2013-03-20",20.51
"1397","2013-03-21",20.1
"1398","2013-03-22",19.66
"1399","2013-03-25",19.43
"1400","2013-03-26",19.69
"1401","2013-03-27",19.8
"1402","2013-03-28",19.5
"1403","2013-04-01",19.42
"1404","2013-04-02",19.56
"1405","2013-04-03",19.2
"1406","2013-04-04",19.1
"1407","2013-04-05",19.52
"1408","2013-04-08",19.11
"1409","2013-04-09",19.33
"1410","2013-04-10",20.08
"1411","2013-04-11",19.51
"1412","2013-04-12",19.31
"1413","2013-04-15",18.58
"1414","2013-04-16",19.25
"1415","2013-04-17",18.75
"1416","2013-04-18",19.15
"1417","2013-04-19",19.46
"1418","2013-04-22",19.22
"1419","2013-04-23",19.75
"1420","2013-04-24",20.37
"1421","2013-04-25",20.41
"1422","2013-04-26",20.14
"1423","2013-04-29",20.33
"1424","2013-04-30",20.75
"1425","2013-05-01",20.22
"1426","2013-05-02",20.65
"1427","2013-05-03",20.75
"1428","2013-05-06",20.62
"1429","2013-05-07",20.7
"1430","2013-05-08",20.66
"1431","2013-05-09",20.25
"1432","2013-05-10",20.38
"1433","2013-05-13",20.23
"1434","2013-05-14",20.49
"1435","2013-05-15",20.45
"1436","2013-05-16",19.94
"1437","2013-05-17",20.54
"1438","2013-05-20",20.57
"1439","2013-05-21",20.95
"1440","2013-05-22",20.78
"1441","2013-05-23",20.84
"1442","2013-05-24",20.69
"1443","2013-05-28",20.16
"1444","2013-05-29",19.65
"1445","2013-05-30",19.78
"1446","2013-05-31",18.99
"1447","2013-06-03",18.84
"1448","2013-06-04",19
"1449","2013-06-05",18.68
"1450","2013-06-06",17.87
"1451","2013-06-07",18.09
"1452","2013-06-10",17.61
"1453","2013-06-11",16.92
"1454","2013-06-12",17.07
"1455","2013-06-13",17.32
"1456","2013-06-14",17.02
"1457","2013-06-17",16.88
"1458","2013-06-18",16.86
"1459","2013-06-19",16.46
"1460","2013-06-20",15.88
"1461","2013-06-21",15.55
"1462","2013-06-24",15.34
"1463","2013-06-25",15.76
"1464","2013-06-26",16
"1465","2013-06-27",16.35
"1466","2013-06-28",16.16
"1467","2013-07-01",16.04
"1468","2013-07-02",15.77
"1469","2013-07-03",15.84
"1470","2013-07-05",15.65
"1471","2013-07-08",15.7
"1472","2013-07-09",15.82
"1473","2013-07-10",15.46
"1474","2013-07-11",16.37
"1475","2013-07-12",16.31
"1476","2013-07-15",16.49
"1477","2013-07-16",16.08
"1478","2013-07-17",16.33
"1479","2013-07-18",16.4
"1480","2013-07-19",16.16
"1481","2013-07-22",16.26
"1482","2013-07-23",16.76
"1483","2013-07-24",16.58
"1484","2013-07-25",16.24
"1485","2013-07-26",16.11
"1486","2013-07-29",15.93
"1487","2013-07-30",15.86
"1488","2013-07-31",16.08
"1489","2013-08-01",15.8
"1490","2013-08-02",15.91
"1491","2013-08-05",15.74
"1492","2013-08-06",15.48
"1493","2013-08-07",14.97
"1494","2013-08-08",15.1
"1495","2013-08-09",15.57
"1496","2013-08-12",15.29
"1497","2013-08-13",14.89
"1498","2013-08-14",14.46
"1499","2013-08-15",14
"1500","2013-08-16",13.89
"1501","2013-08-19",13.67
"1502","2013-08-20",13.91
"1503","2013-08-21",13.41
"1504","2013-08-22",13.63
"1505","2013-08-23",13.94
"1506","2013-08-26",13.68
"1507","2013-08-27",13.34
"1508","2013-08-28",13.51
"1509","2013-08-29",13.2
"1510","2013-08-30",13.38
"1511","2013-09-03",13.46
"1512","2013-09-04",13.61
"1513","2013-09-05",13.72
"1514","2013-09-06",13.61
"1515","2013-09-09",13.97
"1516","2013-09-10",14.33
"1517","2013-09-11",14.52
"1518","2013-09-12",14.67
"1519","2013-09-13",14.84
"1520","2013-09-16",14.94
"1521","2013-09-17",14.77
"1522","2013-09-18",15.22
"1523","2013-09-19",15.01
"1524","2013-09-20",14.96
"1525","2013-09-23",15.01
"1526","2013-09-24",15.34
"1527","2013-09-25",15.55
"1528","2013-09-26",15.43
"1529","2013-09-27",15.23
"1530","2013-09-30",15.37
"1531","2013-10-01",15.57
"1532","2013-10-02",15.85
"1533","2013-10-03",15.66
"1534","2013-10-04",15.56
"1535","2013-10-07",15.52
"1536","2013-10-08",15.49
"1537","2013-10-09",15.48
"1538","2013-10-10",15.39
"1539","2013-10-11",15.5
"1540","2013-10-14",15.76
"1541","2013-10-15",15.75
"1542","2013-10-16",15.97
"1543","2013-10-17",16.1
"1544","2013-10-18",16.05
"1545","2013-10-21",15.99
"1546","2013-10-22",16.13
"1547","2013-10-23",16.07
"1548","2013-10-24",15.82
"1549","2013-10-25",15.7
"1550","2013-10-28",16.1
"1551","2013-10-29",16.07
"1552","2013-10-30",15.97
"1553","2013-10-31",15.76
"1554","2013-11-01",15.7
"1555","2013-11-04",15.9
"1556","2013-11-05",15.71
"1557","2013-11-06",15.41
"1558","2013-11-07",15.31
"1559","2013-11-08",15.05
"1560","2013-11-11",14.89
"1561","2013-11-12",14.72
"1562","2013-11-13",14.7
"1563","2013-11-14",14.94
"1564","2013-11-15",14.86
"1565","2013-11-18",14.96
"1566","2013-11-19",14.71
"1567","2013-11-20",14.42
"1568","2013-11-21",14.53
"1569","2013-11-22",14.55
"1570","2013-11-25",14.78
"1571","2013-11-26",14.84
"1572","2013-11-27",14.77
"1573","2013-11-29",14.98
"1574","2013-12-02",14.41
"1575","2013-12-03",13.97
"1576","2013-12-04",14.15
"1577","2013-12-05",13.97
"1578","2013-12-06",14.31
"1579","2013-12-09",14.36
"1580","2013-12-10",14.53
"1581","2013-12-11",14.11
"1582","2013-12-12",14.12
"1583","2013-12-13",13.98
"1584","2013-12-16",14.09
"1585","2013-12-17",14.07
"1586","2013-12-18",14.12
"1587","2013-12-19",13.73
"1588","2013-12-20",13.46
"1589","2013-12-23",13.57
"1590","2013-12-24",13.6
"1591","2013-12-26",13.61
"1592","2013-12-27",13.59
"1593","2013-12-30",13.71
"1594","2013-12-31",13.72
"1595","2014-01-02",13.2
"1596","2014-01-03",13.19
"1597","2014-01-06",12.97
"1598","2014-01-07",12.95
"1599","2014-01-08",12.67
"1600","2014-01-09",12.98
"1601","2014-01-10",13.54
"1602","2014-01-13",13.21
"1603","2014-01-14",13.34
"1604","2014-01-15",13.4
"1605","2014-01-16",13.3
"1606","2014-01-17",13.14
"1607","2014-01-21",12.95
"1608","2014-01-22",12.96
"1609","2014-01-23",12.71
"1610","2014-01-24",12.34
"1611","2014-01-27",12.22
"1612","2014-01-28",12.22
"1613","2014-01-29",11.96
"1614","2014-01-30",11.64
"1615","2014-01-31",11.56
"1616","2014-02-03",10.93
"1617","2014-02-04",11.27
"1618","2014-02-05",11.36
"1619","2014-02-06",11.78
"1620","2014-02-07",11.88
"1621","2014-02-10",11.9
"1622","2014-02-11",11.9
"1623","2014-02-12",11.87
"1624","2014-02-13",11.97
"1625","2014-02-14",12.4
"1626","2014-02-18",11.87
"1627","2014-02-19",11.43
"1628","2014-02-20",11.72
"1629","2014-02-21",12
"1630","2014-02-24",12.15
"1631","2014-02-25",11.97
"1632","2014-02-26",11.95
"1633","2014-02-27",12.13
"1634","2014-02-28",11.79
"1635","2014-03-03",11.48
"1636","2014-03-04",11.68
"1637","2014-03-05",11.77
"1638","2014-03-06",12.15
"1639","2014-03-07",11.83
"1640","2014-03-10",11.6
"1641","2014-03-11",11.54
"1642","2014-03-12",11.34
"1643","2014-03-13",11.09
"1644","2014-03-14",10.67
"1645","2014-03-17",10.62
"1646","2014-03-18",10.72
"1647","2014-03-19",10.55
"1648","2014-03-20",10.45
"1649","2014-03-21",10.47
"1650","2014-03-24",10.64
"1651","2014-03-25",10.73
"1652","2014-03-26",10.81
"1653","2014-03-27",11.2
"1654","2014-03-28",11.27
"1655","2014-03-31",11.4
"1656","2014-04-01",11.53
"1657","2014-04-02",11.91
"1658","2014-04-03",11.84
"1659","2014-04-04",12.18
"1660","2014-04-07",12.35
"1661","2014-04-08",12.2
"1662","2014-04-09",12.01
"1663","2014-04-10",12.16
"1664","2014-04-11",12.33
"1665","2014-04-14",12.41
"1666","2014-04-15",12.17
"1667","2014-04-16",12.62
"1668","2014-04-17",12.65
"1669","2014-04-21",12.5
"1670","2014-04-22",12.67
"1671","2014-04-23",12.69
"1672","2014-04-24",12.71
"1673","2014-04-25",12.54
"1674","2014-04-28",12.31
"1675","2014-04-29",12.25
"1676","2014-04-30",12.13
"1677","2014-05-01",12.06
"1678","2014-05-02",12.14
"1679","2014-05-05",12.04
"1680","2014-05-06",12.19
"1681","2014-05-07",12.25
"1682","2014-05-08",12.16
"1683","2014-05-09",11.94
"1684","2014-05-12",12.1
"1685","2014-05-13",12.46
"1686","2014-05-14",12.43
"1687","2014-05-15",12.06
"1688","2014-05-16",12.18
"1689","2014-05-19",12.24
"1690","2014-05-20",12.13
"1691","2014-05-21",11.92
"1692","2014-05-22",12.04
"1693","2014-05-23",11.98
"1694","2014-05-27",12.04
"1695","2014-05-28",12.41
"1696","2014-05-29",12.66
"1697","2014-05-30",12.5
"1698","2014-06-02",12.66
"1699","2014-06-03",12.59
"1700","2014-06-04",13.04
"1701","2014-06-05",12.95
"1702","2014-06-06",13.61
"1703","2014-06-09",13.91
"1704","2014-06-10",13.99
"1705","2014-06-11",13.98
"1706","2014-06-12",14.19
"1707","2014-06-13",14.08
"1708","2014-06-16",13.95
"1709","2014-06-17",13.77
"1710","2014-06-18",13.89
"1711","2014-06-19",13.95
"1712","2014-06-20",13.96
"1713","2014-06-23",14.27
"1714","2014-06-24",14.23
"1715","2014-06-25",13.85
"1716","2014-06-26",13.54
"1717","2014-06-27",13.76
"1718","2014-06-30",13.56
"1719","2014-07-01",13.34
"1720","2014-07-02",13.27
"1721","2014-07-03",13.56
"1722","2014-07-07",13.3
"1723","2014-07-08",13.02
"1724","2014-07-09",12.93
"1725","2014-07-10",12.79
"1726","2014-07-11",12.75
"1727","2014-07-14",12.86
"1728","2014-07-15",12.89
"1729","2014-07-16",12.8
"1730","2014-07-17",12.62
"1731","2014-07-18",12.94
"1732","2014-07-21",12.89
"1733","2014-07-22",12.91
"1734","2014-07-23",12.74
"1735","2014-07-24",12.65
"1736","2014-07-25",12.5
"1737","2014-07-28",12.18
"1738","2014-07-29",12.07
"1739","2014-07-30",12.23
"1740","2014-07-31",12.07
"1741","2014-08-01",12.14
"1742","2014-08-04",12.15
"1743","2014-08-05",12.15
"1744","2014-08-06",12.2
"1745","2014-08-07",12.02
"1746","2014-08-08",11.92
"1747","2014-08-11",12.09
"1748","2014-08-12",11.98
"1749","2014-08-13",11.64
"1750","2014-08-14",11.66
"1751","2014-08-15",11.79
"1752","2014-08-18",11.99
"1753","2014-08-19",12.08
"1754","2014-08-20",12.17
"1755","2014-08-21",12.21
"1756","2014-08-22",12.19
"1757","2014-08-25",12.5
"1758","2014-08-26",12.84
"1759","2014-08-27",13.69
"1760","2014-08-28",13.88
"1761","2014-08-29",14.5
"1762","2014-09-02",14.61
"1763","2014-09-03",14.66
"1764","2014-09-04",14.41
"1765","2014-09-05",14.26
"1766","2014-09-08",13.76
"1767","2014-09-09",13.39
"1768","2014-09-10",13.14
"1769","2014-09-11",13
"1770","2014-09-12",12.56
"1771","2014-09-15",12.35
"1772","2014-09-16",12.65
"1773","2014-09-17",12.43
"1774","2014-09-18",12.33
"1775","2014-09-19",12.02
"1776","2014-09-22",11.65
"1777","2014-09-23",11.36
"1778","2014-09-24",11.44
"1779","2014-09-25",10.96
"1780","2014-09-26",11.4
"1781","2014-09-29",10.9
"1782","2014-09-30",10.76
"1783","2014-10-01",10.1
"1784","2014-10-02",10.12
"1785","2014-10-03",10.24
"1786","2014-10-06",10.76
"1787","2014-10-07",10.88
"1788","2014-10-08",11.25
"1789","2014-10-09",11.35
"1790","2014-10-10",10.82
"1791","2014-10-13",11.45
"1792","2014-10-14",11.7
"1793","2014-10-15",11.25
"1794","2014-10-16",10.62
"1795","2014-10-17",10.99
"1796","2014-10-20",10.89
"1797","2014-10-21",10.35
"1798","2014-10-22",9.99
"1799","2014-10-23",9.77
"1800","2014-10-24",10.04
"1801","2014-10-27",9.53
"1802","2014-10-28",10.06
"1803","2014-10-29",10.12
"1804","2014-10-30",10.37
"1805","2014-10-31",10.59
"1806","2014-11-03",10.39
"1807","2014-11-04",10.49
"1808","2014-11-05",10.49
"1809","2014-11-06",9.34
"1810","2014-11-07",9.42
"1811","2014-11-10",9.27
"1812","2014-11-11",9.21
"1813","2014-11-12",9.57
"1814","2014-11-13",9.37
"1815","2014-11-14",9
"1816","2014-11-17",8.75
"1817","2014-11-18",8.7
"1818","2014-11-19",8.74
"1819","2014-11-20",8.77
"1820","2014-11-21",9.52
"1821","2014-11-24",9.65
"1822","2014-11-25",9.49
"1823","2014-11-26",9.8
"1824","2014-11-28",9.15
"1825","2014-12-01",8.81
"1826","2014-12-02",8.78
"1827","2014-12-03",8.79
"1828","2014-12-04",8.29
"1829","2014-12-05",8.19
"1830","2014-12-08",7.43
"1831","2014-12-09",7.39
"1832","2014-12-10",7.08
"1833","2014-12-11",7.04
"1834","2014-12-12",6.72
"1835","2014-12-15",6.18
"1836","2014-12-16",6.6
"1837","2014-12-17",7.06
"1838","2014-12-18",7.33
"1839","2014-12-19",7.3
"1840","2014-12-22",7.46
"1841","2014-12-23",7.43
"1842","2014-12-24",7.52
"1843","2014-12-26",7.75
"1844","2014-12-29",7.78
"1845","2014-12-30",7.79
"1846","2014-12-31",7.75
"1847","2015-01-02",7.73
"1848","2015-01-05",7.22
"1849","2015-01-06",6.98
"1850","2015-01-07",6.98
"1851","2015-01-08",7.16
"1852","2015-01-09",7.05
"1853","2015-01-12",6.82
"1854","2015-01-13",6.88
"1855","2015-01-14",7.16
"1856","2015-01-15",7.1
"1857","2015-01-16",7.27
"1858","2015-01-20",7.19
"1859","2015-01-21",7.54
"1860","2015-01-22",7.8
"1861","2015-01-23",7.8
"1862","2015-01-26",7.72
"1863","2015-01-27",7.49
"1864","2015-01-28",7.41
"1865","2015-01-29",7.03
"1866","2015-01-30",6.9
"1867","2015-02-02",6.99
"1868","2015-02-03",7.19
"1869","2015-02-04",7.12
"1870","2015-02-05",7.34
"1871","2015-02-06",7.24
"1872","2015-02-09",7.52
"1873","2015-02-10",7.38
"1874","2015-02-11",7.44
"1875","2015-02-12",7.95
"1876","2015-02-13",7.85
"1877","2015-02-17",8.06
"1878","2015-02-18",7.88
"1879","2015-02-19",7.71
"1880","2015-02-20",7.81
"1881","2015-02-23",7.65
"1882","2015-02-24",7.71
"1883","2015-02-25",7.46
"1884","2015-02-26",7.47
"1885","2015-02-27",7.55
"1886","2015-03-02",7.34
"1887","2015-03-03",7.17
"1888","2015-03-04",7.03
"1889","2015-03-05",7.05
"1890","2015-03-06",6.8
"1891","2015-03-09",6.72
"1892","2015-03-10",6.54
"1893","2015-03-11",6.64
"1894","2015-03-12",6.67
"1895","2015-03-13",6.32
"1896","2015-03-16",6.29
"1897","2015-03-17",6.46
"1898","2015-03-18",6.7
"1899","2015-03-19",6.22
"1900","2015-03-20",6.55
"1901","2015-03-23",6.75
"1902","2015-03-24",6.73
"1903","2015-03-25",6.77
"1904","2015-03-26",6.63
"1905","2015-03-27",6.29
"1906","2015-03-30",6.37
"1907","2015-03-31",6.33
"1908","2015-04-01",6.8
"1909","2015-04-02",6.99
"1910","2015-04-06",7.2
"1911","2015-04-07",7.12
"1912","2015-04-08",7.31
"1913","2015-04-09",7.3
"1914","2015-04-10",7.3
"1915","2015-04-13",7.36
"1916","2015-04-14",7.48
"1917","2015-04-15",7.7
"1918","2015-04-16",7.6
"1919","2015-04-17",7.53
"1920","2015-04-20",7.51
"1921","2015-04-21",7.42
"1922","2015-04-22",7.49
"1923","2015-04-23",7.48
"1924","2015-04-24",7.28
"1925","2015-04-27",7.32
"1926","2015-04-28",7.32
"1927","2015-04-29",7.19
"1928","2015-04-30",7.26
"1929","2015-05-01",7.4
"1930","2015-05-04",7.24
"1931","2015-05-05",7.2
"1932","2015-05-06",7.13
"1933","2015-05-07",7.08
"1934","2015-05-08",7.34
"1935","2015-05-11",6.98
"1936","2015-05-12",7.06
"1937","2015-05-13",6.99
"1938","2015-05-14",6.94
"1939","2015-05-15",7.09
"1940","2015-05-18",6.88
"1941","2015-05-19",6.75
"1942","2015-05-20",6.72
"1943","2015-05-21",6.78
"1944","2015-05-22",6.65
"1945","2015-05-26",6.5
"1946","2015-05-27",6.44
"1947","2015-05-28",6.41
"1948","2015-05-29",6.21
"1949","2015-06-01",6.11
"1950","2015-06-02",6.23
"1951","2015-06-03",6.21
"1952","2015-06-04",6.01
"1953","2015-06-05",6.03
"1954","2015-06-08",6.1
"1955","2015-06-09",6.18
"1956","2015-06-10",6.37
"1957","2015-06-11",6.45
"1958","2015-06-12",6.45
"1959","2015-06-15",6.31
"1960","2015-06-16",6.28
"1961","2015-06-17",6.31
"1962","2015-06-18",6.34
"1963","2015-06-19",6.4
"1964","2015-06-22",6.5
"1965","2015-06-23",6.59
"1966","2015-06-24",6.57
"1967","2015-06-25",6.56
"1968","2015-06-26",6.65
"1969","2015-06-29",6.1
"1970","2015-06-30",6.16
"1971","2015-07-01",6.08
"1972","2015-07-02",6.12
"1973","2015-07-06",5.73
"1974","2015-07-07",5.53
"1975","2015-07-08",5.41
"1976","2015-07-09",5.51
"1977","2015-07-10",5.62
"1978","2015-07-13",5.71
"1979","2015-07-14",5.73
"1980","2015-07-15",5.39
"1981","2015-07-16",5.23
"1982","2015-07-17",4.99
"1983","2015-07-20",4.86
"1984","2015-07-21",4.98
"1985","2015-07-22",4.8
"1986","2015-07-23",4.6
"1987","2015-07-24",4.41
"1988","2015-07-27",4.55
"1989","2015-07-28",4.61
"1990","2015-07-29",4.71
"1991","2015-07-30",4.61
"1992","2015-07-31",4.7
"1993","2015-08-03",4.44
"1994","2015-08-04",4.49
"1995","2015-08-05",4.4
"1996","2015-08-06",4.33
"1997","2015-08-07",4.16
"1998","2015-08-10",4.34
"1999","2015-08-11",4.22
"2000","2015-08-12",4.03
"2001","2015-08-13",3.91
"2002","2015-08-14",3.95
"2003","2015-08-17",3.92
"2004","2015-08-18",3.97
"2005","2015-08-19",3.9
"2006","2015-08-20",3.87
"2007","2015-08-21",3.83
"2008","2015-08-24",3.45
"2009","2015-08-25",3.6
"2010","2015-08-26",3.7
"2011","2015-08-27",3.88
"2012","2015-08-28",3.78
"2013","2015-08-31",3.73
"2014","2015-09-01",3.38
"2015","2015-09-02",3.28
"2016","2015-09-03",3.4
"2017","2015-09-04",3.42
"2018","2015-09-08",3.4
"2019","2015-09-09",3.38
"2020","2015-09-10",3.29
"2021","2015-09-11",3.25
"2022","2015-09-14",3.4
"2023","2015-09-15",3.45
"2024","2015-09-16",3.46
"2025","2015-09-17",3.46
"2026","2015-09-18",3.4
"2027","2015-09-21",3.19
"2028","2015-09-22",3.01
"2029","2015-09-23",2.75
"2030","2015-09-24",2.95
"2031","2015-09-25",3.06
"2032","2015-09-28",2.78
"2033","2015-09-29",2.82
"2034","2015-09-30",2.89
"2035","2015-10-01",2.9
"2036","2015-10-02",3.16
"2037","2015-10-05",3.15
"2038","2015-10-06",3.34
"2039","2015-10-07",3.59
"2040","2015-10-08",3.69
"2041","2015-10-09",3.8
"2042","2015-10-12",3.67
"2043","2015-10-13",3.36
"2044","2015-10-14",3.38
"2045","2015-10-15",3.36
"2046","2015-10-16",3.32
"2047","2015-10-19",3.26
"2048","2015-10-20",3.4
"2049","2015-10-21",3.26
"2050","2015-10-22",3.37
"2051","2015-10-23",3.45
"2052","2015-10-26",3.41
"2053","2015-10-27",3.25
"2054","2015-10-28",3.4
"2055","2015-10-29",3.43
"2056","2015-10-30",3.5
"2057","2015-11-02",3.64
"2058","2015-11-03",3.76
"2059","2015-11-04",3.74
"2060","2015-11-05",3.74
"2061","2015-11-06",3.68
"2062","2015-11-09",3.57
"2063","2015-11-10",3.72
"2064","2015-11-11",3.67
"2065","2015-11-12",3.76
"2066","2015-11-13",3.64
"2067","2015-11-16",3.8
"2068","2015-11-17",3.69
"2069","2015-11-18",3.82
"2070","2015-11-19",3.84
"2071","2015-11-20",3.82
"2072","2015-11-23",3.9
"2073","2015-11-24",3.98
"2074","2015-11-25",3.86
"2075","2015-11-27",3.77
"2076","2015-11-30",3.8
"2077","2015-12-01",3.93
"2078","2015-12-02",4.01
"2079","2015-12-03",4.07
"2080","2015-12-04",3.99
"2081","2015-12-07",3.84
"2082","2015-12-08",3.69
"2083","2015-12-09",3.76
"2084","2015-12-10",3.8
"2085","2015-12-11",3.68
"2086","2015-12-14",3.49
"2087","2015-12-15",3.59
"2088","2015-12-16",3.75
"2089","2015-12-17",3.62
"2090","2015-12-18",3.44
"2091","2015-12-21",3.33
"2092","2015-12-22",3.48
"2093","2015-12-23",3.61
"2094","2015-12-24",3.7
"2095","2015-12-28",3.61
"2096","2015-12-29",3.68
"2097","2015-12-30",3.6
"2098","2015-12-31",3.69
"2099","2016-01-04",3.51
"2100","2016-01-05",3.36
"2101","2016-01-06",3.26
"2102","2016-01-07",3
"2103","2016-01-08",2.95
"2104","2016-01-11",2.75
"2105","2016-01-12",2.77
"2106","2016-01-13",2.9
"2107","2016-01-14",2.99
"2108","2016-01-15",2.77
"2109","2016-01-19",2.6
"2110","2016-01-20",2.67
"2111","2016-01-21",2.66
"2112","2016-01-22",3
"2113","2016-01-25",2.87
"2114","2016-01-26",2.87
"2115","2016-01-27",2.88
"2116","2016-01-28",3.04
"2117","2016-01-29",3.24
"2118","2016-02-01",3.22
"2119","2016-02-02",2.99
"2120","2016-02-03",3.09
"2121","2016-02-04",3.14
"2122","2016-02-05",3.14
"2123","2016-02-08",2.97
"2124","2016-02-09",2.77
"2125","2016-02-10",2.79
"2126","2016-02-11",2.66
"2127","2016-02-12",2.97
"2128","2016-02-16",3
"2129","2016-02-17",3.1
"2130","2016-02-18",3.13
"2131","2016-02-19",3.16
"2132","2016-02-22",3.45
"2133","2016-02-23",3.43
"2134","2016-02-24",3.43
"2135","2016-02-25",3.43
"2136","2016-02-26",3.47
"2137","2016-02-29",3.56
"2138","2016-03-01",3.62
"2139","2016-03-02",3.73
"2140","2016-03-03",3.75
"2141","2016-03-04",4.09
"2142","2016-03-07",4
"2143","2016-03-08",3.96
"2144","2016-03-09",4.1
"2145","2016-03-10",4.23
"2146","2016-03-11",4.35
"2147","2016-03-14",4.26
"2148","2016-03-15",4
"2149","2016-03-16",4.11
"2150","2016-03-17",4.37
"2151","2016-03-18",4.51
"2152","2016-03-21",4.55
"2153","2016-03-22",4.59
"2154","2016-03-23",4.38
"2155","2016-03-24",4.39
"2156","2016-03-28",4.62
"2157","2016-03-29",4.78
"2158","2016-03-30",4.86
"2159","2016-03-31",4.92
"2160","2016-04-01",4.92
"2161","2016-04-04",4.65
"2162","2016-04-05",4.6
"2163","2016-04-06",4.55
"2164","2016-04-07",4.59
"2165","2016-04-08",4.87
"2166","2016-04-11",4.92
"2167","2016-04-12",5.12
"2168","2016-04-13",5.21
"2169","2016-04-14",5.16
"2170","2016-04-15",5.35
"2171","2016-04-18",5.2
"2172","2016-04-19",5.34
"2173","2016-04-20",5.32
"2174","2016-04-21",5.29
"2175","2016-04-22",5.37
"2176","2016-04-25",5.28
"2177","2016-04-26",5.36
"2178","2016-04-27",5.46
"2179","2016-04-28",5.41
"2180","2016-04-29",5.38
"2181","2016-05-02",5.23
"2182","2016-05-03",5.04
"2183","2016-05-04",5.25
"2184","2016-05-05",5.14
"2185","2016-05-06",5.15
"2186","2016-05-09",4.89
"2187","2016-05-10",5.15
"2188","2016-05-11",5.33
"2189","2016-05-12",5.45
"2190","2016-05-13",5.54
"2191","2016-05-16",5.57
"2192","2016-05-17",5.7
"2193","2016-05-18",5.5
"2194","2016-05-19",5.46
"2195","2016-05-20",5.69
"2196","2016-05-23",5.62
"2197","2016-05-24",5.46
"2198","2016-05-25",5.46
"2199","2016-05-26",5.45
"2200","2016-05-27",5.46
"2201","2016-05-31",5.41
"2202","2016-06-01",5.48
"2203","2016-06-02",5.39
"2204","2016-06-03",5.82
"2205","2016-06-06",6
"2206","2016-06-07",6.22
"2207","2016-06-08",6.32
"2208","2016-06-09",6.07
"2209","2016-06-10",6.03
"2210","2016-06-13",5.79
"2211","2016-06-14",5.69
"2212","2016-06-15",5.9
"2213","2016-06-16",5.92
"2214","2016-06-17",6.19
"2215","2016-06-20",6.35
"2216","2016-06-21",6.23
"2217","2016-06-22",6.23
"2218","2016-06-23",6.45
"2219","2016-06-24",6
"2220","2016-06-27",5.79
"2221","2016-06-28",6.19
"2222","2016-06-29",6.5
"2223","2016-06-30",6.51
"2224","2016-07-01",6.76
"2225","2016-07-05",6.46
"2226","2016-07-06",6.23
"2227","2016-07-07",6.35
"2228","2016-07-08",6.51
"2229","2016-07-11",6.6
"2230","2016-07-12",6.69
"2231","2016-07-13",6.54
"2232","2016-07-14",6.67
"2233","2016-07-15",6.66
"2234","2016-07-18",6.76
"2235","2016-07-19",6.65
"2236","2016-07-20",6.68
"2237","2016-07-21",6.72
"2238","2016-07-22",6.56
"2239","2016-07-25",6.42
"2240","2016-07-26",6.51
"2241","2016-07-27",6.47
"2242","2016-07-28",6.44
"2243","2016-07-29",6.68
"2244","2016-08-01",6.39
"2245","2016-08-02",6.22
"2246","2016-08-03",6.43
"2247","2016-08-04",6.47
"2248","2016-08-05",6.52
"2249","2016-08-08",6.53
"2250","2016-08-09",6.59
"2251","2016-08-10",6.51
"2252","2016-08-11",6.58
"2253","2016-08-12",6.44
"2254","2016-08-15",6.52
"2255","2016-08-16",6.48
"2256","2016-08-17",6.49
"2257","2016-08-18",6.74
"2258","2016-08-19",6.92
"2259","2016-08-22",6.88
"2260","2016-08-23",6.85
"2261","2016-08-24",6.87
"2262","2016-08-25",6.96
"2263","2016-08-26",6.95
"2264","2016-08-29",7.09
"2265","2016-08-30",7.18
"2266","2016-08-31",7.04
"2267","2016-09-01",7.17
"2268","2016-09-02",7.28
"2269","2016-09-06",7.3
"2270","2016-09-07",7.38
"2271","2016-09-08",7.46
"2272","2016-09-09",7.06
"2273","2016-09-12",7
"2274","2016-09-13",6.77
"2275","2016-09-14",6.71
"2276","2016-09-15",6.81
"2277","2016-09-16",6.69
"2278","2016-09-19",6.74
"2279","2016-09-20",6.68
"2280","2016-09-21",6.75
"2281","2016-09-22",6.93
"2282","2016-09-23",6.89
"2283","2016-09-26",6.9
"2284","2016-09-27",6.89
"2285","2016-09-28",7.17
"2286","2016-09-29",7.06
"2287","2016-09-30",7.15
"2288","2016-10-03",7.44
"2289","2016-10-04",7.31
"2290","2016-10-05",7.54
"2291","2016-10-06",7.85
"2292","2016-10-07",8
"2293","2016-10-10",7.96
"2294","2016-10-11",7.93
"2295","2016-10-12",8.06
"2296","2016-10-13",8.28
"2297","2016-10-14",8.38
"2298","2016-10-17",8.49
"2299","2016-10-18",8.63
"2300","2016-10-19",8.76
"2301","2016-10-20",8.95
"2302","2016-10-21",9.29
"2303","2016-10-24",9.28
"2304","2016-10-25",9.11
"2305","2016-10-26",9.05
"2306","2016-10-27",9.04
"2307","2016-10-28",8.92
"2308","2016-10-31",8.9
"2309","2016-11-01",8.64
"2310","2016-11-02",8.49
"2311","2016-11-03",8.38
"2312","2016-11-04",8.34
"2313","2016-11-07",8.5
"2314","2016-11-08",8.55
"2315","2016-11-09",8.3
"2316","2016-11-10",7.16
"2317","2016-11-11",7.14
"2318","2016-11-14",7.14
"2319","2016-11-15",7.16
"2320","2016-11-16",7.08
"2321","2016-11-17",6.98
"2322","2016-11-18",7.05
"2323","2016-11-21",7.09
"2324","2016-11-22",7.22
"2325","2016-11-23",7.2
"2326","2016-11-25",7.15
"2327","2016-11-28",7.2
"2328","2016-11-29",7.01
"2329","2016-11-30",7.19
"2330","2016-12-01",6.92
"2331","2016-12-02",7.11
"2332","2016-12-05",7.3
"2333","2016-12-06",7.51
"2334","2016-12-07",7.67
"2335","2016-12-08",7.74
"2336","2016-12-09",7.8
"2337","2016-12-12",7.71
"2338","2016-12-13",7.83
"2339","2016-12-14",7.59
"2340","2016-12-15",7.69
"2341","2016-12-16",7.81
"2342","2016-12-19",7.75
"2343","2016-12-20",7.51
"2344","2016-12-21",7.46
"2345","2016-12-22",7.54
"2346","2016-12-23",7.56
"2347","2016-12-27",7.53
"2348","2016-12-28",7.64
"2349","2016-12-29",7.62
"2350","2016-12-30",7.51
"2351","2017-01-03",7.86
"2352","2017-01-04",7.94
"2353","2017-01-05",7.93
"2354","2017-01-06",7.73
"2355","2017-01-09",7.75
"2356","2017-01-10",7.79
"2357","2017-01-11",7.83
"2358","2017-01-12",7.74
"2359","2017-01-13",8
"2360","2017-01-17",8.13
"2361","2017-01-18",8.23
"2362","2017-01-19",8.31
"2363","2017-01-20",8.46
"2364","2017-01-23",8.56
"2365","2017-01-24",8.65
"2366","2017-01-25",8.68
"2367","2017-01-26",8.45
"2368","2017-01-27",8.29
"2369","2017-01-30",8.07
"2370","2017-01-31",8.18
"2371","2017-02-01",8.23
"2372","2017-02-02",8.5
"2373","2017-02-03",8.77
"2374","2017-02-06",8.65
"2375","2017-02-07",8.48
"2376","2017-02-08",8.54
"2377","2017-02-09",8.68
"2378","2017-02-10",8.76
"2379","2017-02-13",8.96
"2380","2017-02-14",8.91
"2381","2017-02-15",9.04
"2382","2017-02-16",9.09
"2383","2017-02-17",9.03
"2384","2017-02-21",9.33
"2385","2017-02-22",9.29
"2386","2017-02-23",9.26
"2387","2017-02-24",8.69
"2388","2017-02-27",8.48
"2389","2017-02-28",8.34
"2390","2017-03-01",8.49
"2391","2017-03-02",8.43
"2392","2017-03-03",8.47
"2393","2017-03-06",8.28
"2394","2017-03-07",8.2
"2395","2017-03-08",7.94
"2396","2017-03-09",7.94
"2397","2017-03-10",7.95
"2398","2017-03-13",8.16
"2399","2017-03-14",7.83
"2400","2017-03-15",8.08
"2401","2017-03-16",8.3
"2402","2017-03-17",8.42
"2403","2017-03-20",8.43
"2404","2017-03-21",8.06
"2405","2017-03-22",8.2
"2406","2017-03-23",8.14
"2407","2017-03-24",8.24
"2408","2017-03-27",8.29
"2409","2017-03-28",8.76
"2410","2017-03-29",8.74
"2411","2017-03-30",8.49
"2412","2017-03-31",8.54
"2413","2017-04-03",8.78
"2414","2017-04-04",9.03
"2415","2017-04-05",8.89
"2416","2017-04-06",8.74
"2417","2017-04-07",8.6
"2418","2017-04-10",8.81
"2419","2017-04-11",8.7
"2420","2017-04-12",8.41
"2421","2017-04-13",8.17
"2422","2017-04-17",8.25
"2423","2017-04-18",8.09
"2424","2017-04-19",8
"2425","2017-04-20",7.98
"2426","2017-04-21",7.86
"2427","2017-04-24",7.97
"2428","2017-04-25",7.98
"2429","2017-04-26",7.74
"2430","2017-04-27",7.54
"2431","2017-04-28",7.69
"2432","2017-05-01",7.74
"2433","2017-05-02",7.85
"2434","2017-05-03",7.86
"2435","2017-05-04",7.54
"2436","2017-05-05",7.74
"2437","2017-05-08",7.7
"2438","2017-05-09",7.79
"2439","2017-05-10",7.98
"2440","2017-05-11",8.05
"2441","2017-05-12",8.15
"2442","2017-05-15",8.28
"2443","2017-05-16",8.44
"2444","2017-05-17",8.08
"2445","2017-05-18",6.76
"2446","2017-05-19",7.38
"2447","2017-05-22",7.12
"2448","2017-05-23",7.18
"2449","2017-05-24",7.25
"2450","2017-05-25",7.1
"2451","2017-05-26",7.28
"2452","2017-05-30",7.14
"2453","2017-05-31",7.08
"2454","2017-06-01",7.12
"2455","2017-06-02",6.98
"2456","2017-06-05",6.73
"2457","2017-06-06",6.63
"2458","2017-06-07",6.51
"2459","2017-06-08",6.52
"2460","2017-06-09",6.39
"2461","2017-06-12",6.29
"2462","2017-06-13",6.15
"2463","2017-06-14",6.1
"2464","2017-06-15",6.13
"2465","2017-06-16",6.16
"2466","2017-06-19",6.18
"2467","2017-06-20",5.89
"2468","2017-06-21",5.69
"2469","2017-06-22",5.86
"2470","2017-06-23",6.02
"2471","2017-06-26",6.27
"2472","2017-06-27",6.3
"2473","2017-06-28",6.32
"2474","2017-06-29",6.3
"2475","2017-06-30",6.41
"2476","2017-07-03",6.39
"2477","2017-07-05",6.42
"2478","2017-07-06",6.42
"2479","2017-07-07",6.32
"2480","2017-07-10",6.4
"2481","2017-07-11",6.41
"2482","2017-07-12",6.76
"2483","2017-07-13",6.95
"2484","2017-07-14",6.91
"2485","2017-07-17",6.87
"2486","2017-07-18",7.07
"2487","2017-07-19",7.15
"2488","2017-07-20",7.17
"2489","2017-07-21",7.09
"2490","2017-07-24",7.08
"2491","2017-07-25",7.23
"2492","2017-07-26",7.27
"2493","2017-07-27",7.26
"2494","2017-07-28",7.23
"2495","2017-07-31",7.32
"2496","2017-08-01",7.33
"2497","2017-08-02",7.35
"2498","2017-08-03",7.22
"2499","2017-08-04",7.32
"2500","2017-08-07",7.49
"2501","2017-08-08",7.41
"2502","2017-08-09",7.24
"2503","2017-08-10",7.12
"2504","2017-08-11",7.04
"2505","2017-08-14",7.18
"2506","2017-08-15",7.31
"2507","2017-08-16",7.33
"2508","2017-08-17",7.09
"2509","2017-08-18",7.32
"2510","2017-08-21",7.28
"2511","2017-08-22",7.29
"2512","2017-08-23",7.4
"2513","2017-08-24",7.57
"2514","2017-08-25",7.85
"2515","2017-08-28",8.02
"2516","2017-08-29",8.16
"2517","2017-08-30",8.03
"2518","2017-08-31",8.2
"2519","2017-09-01",8.33
"2520","2017-09-05",8.15
"2521","2017-09-06",8.07
"2522","2017-09-07",8.14
"2523","2017-09-08",7.97
"2524","2017-09-11",8.13
"2525","2017-09-12",8.05
"2526","2017-09-13",8.08
"2527","2017-09-14",8.05
"2528","2017-09-15",8.16
"2529","2017-09-18",8.3
"2530","2017-09-19",8.41
"2531","2017-09-20",8.41
"2532","2017-09-21",8.3
"2533","2017-09-22",8.29
"2534","2017-09-25",8.22
"2535","2017-09-26",8.17
"2536","2017-09-27",8
"2537","2017-09-28",8.04
"2538","2017-09-29",8.13
"2539","2017-10-02",8.29
"2540","2017-10-03",8.62
"2541","2017-10-04",8.85
"2542","2017-10-05",9.04
"2543","2017-10-06",8.91
"2544","2017-10-09",8.69
"2545","2017-10-10",9.02
"2546","2017-10-11",8.95
"2547","2017-10-12",8.69
"2548","2017-10-13",8.95
"2549","2017-10-16",9.2
"2550","2017-10-17",9.14
"2551","2017-10-18",9.12
"2552","2017-10-19",9.13
"2553","2017-10-20",9.15
"2554","2017-10-23",9.15
"2555","2017-10-24",9.08
"2556","2017-10-25",8.93
"2557","2017-10-26",8.78
"2558","2017-10-27",8.86
"2559","2017-10-30",8.68
"2560","2017-10-31",8.69
"2561","2017-11-01",8.73
"2562","2017-11-02",8.59
"2563","2017-11-03",8.39
"2564","2017-11-06",8.53
"2565","2017-11-07",8.43
"2566","2017-11-08",8.52
"2567","2017-11-09",8.43
"2568","2017-11-10",8.17
"2569","2017-11-13",8.09
"2570","2017-11-14",7.87
"2571","2017-11-15",7.95
"2572","2017-11-16",8.12
"2573","2017-11-17",8.39
"2574","2017-11-20",9.14
"2575","2017-11-21",9.29
"2576","2017-11-22",9.34
"2577","2017-11-24",9.41
"2578","2017-11-27",9.41
"2579","2017-11-28",9.39
"2580","2017-11-29",9.44
"2581","2017-11-30",9.26
"2582","2017-12-01",9.27
"2583","2017-12-04",9.4
"2584","2017-12-05",9.28
"2585","2017-12-06",9.29
"2586","2017-12-07",9.24
"2587","2017-12-08",9.2
"2588","2017-12-11",9.24
"2589","2017-12-12",9.23
"2590","2017-12-13",9.61
"2591","2017-12-14",9.46
"2592","2017-12-15",9.52
"2593","2017-12-18",9.49
"2594","2017-12-19",9.41
"2595","2017-12-20",9.82
"2596","2017-12-21",9.89
"2597","2017-12-22",9.79
"2598","2017-12-26",10.13
"2599","2017-12-27",9.97
"2600","2017-12-28",9.75
"2601","2017-12-29",9.7
"2602","2018-01-02",10.21
"2603","2018-01-03",10.09
"2604","2018-01-04",10.18
"2605","2018-01-05",10.47
"2606","2018-01-08",10.36
"2607","2018-01-09",10.21
"2608","2018-01-10",10.13
"2609","2018-01-11",10.36
"2610","2018-01-12",10.4
"2611","2018-01-16",10.42
"2612","2018-01-17",10.44
"2613","2018-01-18",10.55
"2614","2018-01-19",10.6
"2615","2018-01-22",10.59
"2616","2018-01-23",10.44
"2617","2018-01-24",10.9
"2618","2018-01-25",11.13
"2619","2018-01-26",11.53
"2620","2018-01-29",11.25
"2621","2018-01-30",11.15
"2622","2018-01-31",11.46
"2623","2018-02-01",11.61
"2624","2018-02-02",11.19
"2625","2018-02-05",11.05
"2626","2018-02-06",11.32
"2627","2018-02-07",11
"2628","2018-02-08",10.51
"2629","2018-02-09",10.79
"2630","2018-02-12",10.79
"2631","2018-02-13",10.71
"2632","2018-02-14",10.96
"2633","2018-02-15",10.9
"2634","2018-02-16",10.84
"2635","2018-02-20",11.34
"2636","2018-02-21",11.68
"2637","2018-02-22",11.54
"2638","2018-02-23",11.31
"2639","2018-02-26",11.72
"2640","2018-02-27",11.61
"2641","2018-02-28",11.22
"2642","2018-03-01",11.41
"2643","2018-03-02",11.55
"2644","2018-03-05",11.5
"2645","2018-03-06",11.76
"2646","2018-03-07",11.52
"2647","2018-03-08",11.55
"2648","2018-03-09",11.64
"2649","2018-03-12",11.4
"2650","2018-03-13",11.29
"2651","2018-03-14",11.21
"2652","2018-03-15",10.8
"2653","2018-03-16",10.9
"2654","2018-03-19",10.89
"2655","2018-03-20",10.93
"2656","2018-03-21",11.21
"2657","2018-03-22",10.97
"2658","2018-03-23",10.76
"2659","2018-03-26",10.9
"2660","2018-03-27",10.48
"2661","2018-03-28",10.19
"2662","2018-03-29",10.39
"2663","2018-04-02",10.22
"2664","2018-04-03",10.14
"2665","2018-04-04",10.16
"2666","2018-04-05",10.6
"2667","2018-04-06",10.51
"2668","2018-04-09",10.56
"2669","2018-04-10",10.52
"2670","2018-04-11",10.78
"2671","2018-04-12",10.67
"2672","2018-04-13",10.37
"2673","2018-04-16",10.26
"2674","2018-04-17",10.28
"2675","2018-04-18",10.56
"2676","2018-04-19",10.39
"2677","2018-04-20",10.13
"2678","2018-04-23",9.83
"2679","2018-04-24",10.05
"2680","2018-04-25",10.05
"2681","2018-04-26",10.13
"2682","2018-04-27",10.07
"2683","2018-04-30",10.08
"2684","2018-05-01",9.9
"2685","2018-05-02",9.89
"2686","2018-05-03",9.55
"2687","2018-05-04",9.55
"2688","2018-05-07",9.57
"2689","2018-05-08",9.66
"2690","2018-05-09",9.73
"2691","2018-05-10",9.84
"2692","2018-05-11",9.74
"2693","2018-05-14",9.8
"2694","2018-05-15",9.83
"2695","2018-05-16",9.8
"2696","2018-05-17",9.68
"2697","2018-05-18",9.63
"2698","2018-05-21",9.74
"2699","2018-05-22",10.06
"2700","2018-05-23",10.04
"2701","2018-05-24",9.67
"2702","2018-05-25",9.58
"2703","2018-05-29",9.06
"2704","2018-05-30",8.92
"2705","2018-05-31",8.85
"2706","2018-06-01",8.94
"2707","2018-06-04",8.89
"2708","2018-06-05",8.82
"2709","2018-06-06",8.7
"2710","2018-06-07",8.23
"2711","2018-06-08",8.34
"2712","2018-06-11",8.29
"2713","2018-06-12",8.51
"2714","2018-06-13",8.29
"2715","2018-06-14",8.02
"2716","2018-06-15",7.86
"2717","2018-06-18",7.87
"2718","2018-06-19",7.92
"2719","2018-06-20",7.92
"2720","2018-06-21",7.73
"2721","2018-06-22",7.97
"2722","2018-06-25",7.89
"2723","2018-06-26",7.94
"2724","2018-06-27",7.74
"2725","2018-06-28",7.68
"2726","2018-06-29",7.63
"2727","2018-07-02",7.6
"2728","2018-07-03",7.7
"2729","2018-07-05",7.5
"2730","2018-07-06",7.68
"2731","2018-07-09",7.83
"2732","2018-07-10",7.75
"2733","2018-07-11",7.9
"2734","2018-07-12",8.07
"2735","2018-07-13",8.21
"2736","2018-07-16",7.98
"2737","2018-07-17",8.26
"2738","2018-07-18",8.2
"2739","2018-07-19",8.21
"2740","2018-07-20",8.32
"2741","2018-07-23",8.11
"2742","2018-07-24",8.34
"2743","2018-07-25",8.52
"2744","2018-07-26",8.43
"2745","2018-07-27",8.27
"2746","2018-07-30",8.49
"2747","2018-07-31",8.08
"2748","2018-08-01",8.08
"2749","2018-08-02",8.1
"2750","2018-08-03",8.46
"2751","2018-08-06",8.26
"2752","2018-08-07",8.28
"2753","2018-08-08",8.21
"2754","2018-08-09",7.78
"2755","2018-08-10",7.44
"2756","2018-08-13",7.24
"2757","2018-08-14",7.36
"2758","2018-08-15",7.16
"2759","2018-08-16",7.1
"2760","2018-08-17",6.94
"2761","2018-08-20",7
"2762","2018-08-21",6.89
"2763","2018-08-22",6.94
"2764","2018-08-23",6.68
"2765","2018-08-24",6.64
"2766","2018-08-27",6.84
"2767","2018-08-28",6.68
"2768","2018-08-29",6.86
"2769","2018-08-30",6.56
"2770","2018-08-31",6.61
"2771","2018-09-04",6.48
"2772","2018-09-05",6.51
"2773","2018-09-06",6.53
"2774","2018-09-07",6.55
"2775","2018-09-10",6.38
"2776","2018-09-11",6.26
"2777","2018-09-12",6.34
"2778","2018-09-13",6.26
"2779","2018-09-14",6.4
"2780","2018-09-17",6.6
"2781","2018-09-18",6.77
"2782","2018-09-19",6.88
"2783","2018-09-20",7.07
"2784","2018-09-21",7.13
"2785","2018-09-24",7.07
"2786","2018-09-25",7.05
"2787","2018-09-26",7
"2788","2018-09-27",6.97
"2789","2018-09-28",6.73
"2790","2018-10-01",6.7
"2791","2018-10-02",7.12
"2792","2018-10-03",7.25
"2793","2018-10-04",7.13
"2794","2018-10-05",7.22
"2795","2018-10-08",7.67
"2796","2018-10-09",7.77
"2797","2018-10-10",7.56
"2798","2018-10-11",7.36
"2799","2018-10-12",7.22
"2800","2018-10-15",7.34
"2801","2018-10-16",7.56
"2802","2018-10-17",7.78
"2803","2018-10-18",7.96
"2804","2018-10-19",8.15
"2805","2018-10-22",8.25
"2806","2018-10-23",8.18
"2807","2018-10-24",8.21
"2808","2018-10-25",8.25
"2809","2018-10-26",8.45
"2810","2018-10-29",8.13
"2811","2018-10-30",8.28
"2812","2018-10-31",8.35
"2813","2018-11-01",8.55
"2814","2018-11-02",8.59
"2815","2018-11-05",8.8
"2816","2018-11-06",8.72
"2817","2018-11-07",8.54
"2818","2018-11-08",8.1
"2819","2018-11-09",8.02
"2820","2018-11-12",7.76
"2821","2018-11-13",7.56
"2822","2018-11-14",7.78
"2823","2018-11-15",7.79
"2824","2018-11-16",7.93
"2825","2018-11-19",7.74
"2826","2018-11-20",7.42
"2827","2018-11-21",7.79
"2828","2018-11-23",7.69
"2829","2018-11-26",7.38
"2830","2018-11-27",7.69
"2831","2018-11-28",7.92
"2832","2018-11-29",8.09
"2833","2018-11-30",8.89
"2834","2018-12-03",8.87
"2835","2018-12-04",8.67
"2836","2018-12-06",8.71
"2837","2018-12-07",8.51
"2838","2018-12-10",8.38
"2839","2018-12-11",8.45
"2840","2018-12-12",8.55
"2841","2018-12-13",8.55
"2842","2018-12-14",8.4
"2843","2018-12-17",8.2
"2844","2018-12-18",8.24
"2845","2018-12-19",8.29
"2846","2018-12-20",8.13
"2847","2018-12-21",8.18
"2848","2018-12-24",8.18
"2849","2018-12-26",8.47
"2850","2018-12-27",8.71
"2851","2018-12-28",8.95
"2852","2018-12-31",8.8
"2853","2019-01-02",9.18
"2854","2019-01-03",9.33
"2855","2019-01-04",9.76
"2856","2019-01-07",9.29
"2857","2019-01-08",9.45
"2858","2019-01-09",9.98
"2859","2019-01-10",9.93
"2860","2019-01-11",10.11
"2861","2019-01-14",10.09
"2862","2019-01-15",9.86
"2863","2019-01-16",10.58
"2864","2019-01-17",10.48
"2865","2019-01-18",10.54
"2866","2019-01-22",10.46
"2867","2019-01-23",10.65
"2868","2019-01-24",10.84
"2869","2019-01-25",10.86
"2870","2019-01-28",10.51
"2871","2019-01-29",10.64
"2872","2019-01-30",10.75
"2873","2019-01-31",11.03
"2874","2019-02-01",10.98
"2875","2019-02-04",11.07
"2876","2019-02-05",11.08
"2877","2019-02-06",10.9
"2878","2019-02-07",10.93
"2879","2019-02-08",10.95
"2880","2019-02-11",10.84
"2881","2019-02-12",10.92
"2882","2019-02-13",10.86
"2883","2019-02-14",10.94
"2884","2019-02-15",11.24
"2885","2019-02-19",11.73
"2886","2019-02-20",11.64
"2887","2019-02-21",11.4
"2888","2019-02-22",11.63
"2889","2019-02-25",11.51
"2890","2019-02-26",11.55
"2891","2019-02-27",11.6
"2892","2019-02-28",11.48
"2893","2019-03-01",11.08
"2894","2019-03-04",11.23
"2895","2019-03-05",11.3
"2896","2019-03-06",10.95
"2897","2019-03-07",10.85
"2898","2019-03-08",10.87
"2899","2019-03-11",11.54
"2900","2019-03-12",11.59
"2901","2019-03-13",11.37
"2902","2019-03-14",11.37
"2903","2019-03-15",11.64
"2904","2019-03-18",12.13
"2905","2019-03-19",12.4
"2906","2019-03-20",12.88
"2907","2019-03-21",13.03
"2908","2019-03-22",12.06
"2909","2019-03-25",12.04
"2910","2019-03-26",11.89
"2911","2019-03-27",11.43
"2912","2019-03-28",11.44
"2913","2019-03-29",11.59
"2914","2019-04-01",11.67
"2915","2019-04-02",11.59
"2916","2019-04-03",11.79
"2917","2019-04-04",12.35
"2918","2019-04-05",12.54
"2919","2019-04-08",12.64
"2920","2019-04-09",12.53
"2921","2019-04-10",12.72
"2922","2019-04-11",12.5
"2923","2019-04-12",12.17
"2924","2019-04-15",12.25
"2925","2019-04-16",12.36
"2926","2019-04-17",12.22
"2927","2019-04-18",12.34
"2928","2019-04-22",12.28
"2929","2019-04-23",12.25
"2930","2019-04-24",11.92
"2931","2019-04-25",12.08
"2932","2019-04-26",12.16
"2933","2019-04-29",12.25
"2934","2019-04-30",12.22
"2935","2019-05-01",11.86
"2936","2019-05-02",12.01
"2937","2019-05-03",12.19
"2938","2019-05-06",11.99
"2939","2019-05-07",11.72
"2940","2019-05-08",11.82
"2941","2019-05-09",11.79
"2942","2019-05-10",11.76
"2943","2019-05-13",11.37
"2944","2019-05-14",11.66
"2945","2019-05-15",11.56
"2946","2019-05-16",11.37
"2947","2019-05-17",10.97
"2948","2019-05-20",10.99
"2949","2019-05-21",11.4
"2950","2019-05-22",11.66
"2951","2019-05-23",11.68
"2952","2019-05-24",11.66
"2953","2019-05-28",11.71
"2954","2019-05-29",12.25
"2955","2019-05-30",12.6
"2956","2019-05-31",12.63
"2957","2019-06-03",12.63
"2958","2019-06-04",12.95
"2959","2019-06-05",12.75
"2960","2019-06-06",12.82
"2961","2019-06-07",13.18
"2962","2019-06-10",13.06
"2963","2019-06-11",13.14
"2964","2019-06-12",12.9
"2965","2019-06-13",12.96
"2966","2019-06-14",13.17
"2967","2019-06-17",13.12
"2968","2019-06-18",12.92
"2969","2019-06-19",12.89
"2970","2019-06-20",13.22
"2971","2019-06-21",12.93
"2972","2019-06-24",13.24
"2973","2019-06-25",13.13
"2974","2019-06-26",13.07
"2975","2019-06-27",13.12
"2976","2019-06-28",13.36
"2977","2019-07-01",13.35
"2978","2019-07-02",13.46
"2979","2019-07-03",13.25
"2980","2019-07-05",13.83
"2981","2019-07-08",13.84
"2982","2019-07-09",14.03
"2983","2019-07-10",14.4
"2984","2019-07-11",14.41
"2985","2019-07-12",14.52
"2986","2019-07-15",14.43
"2987","2019-07-16",14.25
"2988","2019-07-17",14.18
"2989","2019-07-18",14.42
"2990","2019-07-19",14.39
"2991","2019-07-22",14.54
"2992","2019-07-23",14.51
"2993","2019-07-24",14.69
"2994","2019-07-25",14.26
"2995","2019-07-26",14.61
"2996","2019-07-29",14.44
"2997","2019-07-30",14.66
"2998","2019-07-31",14.67
"2999","2019-08-01",14.48
"3000","2019-08-02",14.29
"3001","2019-08-05",13.52
"3002","2019-08-06",13.66
"3003","2019-08-07",13.89
"3004","2019-08-08",14.39
"3005","2019-08-09",14.23
"3006","2019-08-12",13.75
"3007","2019-08-13",13.9
"3008","2019-08-14",13.34
"3009","2019-08-15",13.07
"3010","2019-08-16",13.58
"3011","2019-08-19",13.77
"3012","2019-08-20",13.85
"3013","2019-08-21",14.19
"3014","2019-08-22",13.67
"3015","2019-08-23",13.3
"3016","2019-08-26",12.85
"3017","2019-08-27",12.82
"3018","2019-08-28",13.59
"3019","2019-08-29",13.59
"3020","2019-08-30",14.02
"3021","2019-09-03",14.06
"3022","2019-09-04",14.47
"3023","2019-09-05",14.47
"3024","2019-09-06",14.61
"3025","2019-09-09",14.53
"3026","2019-09-10",14.42
"3027","2019-09-11",15.03
"3028","2019-09-12",15.32
"3029","2019-09-13",15.24
"3030","2019-09-16",15.29
"3031","2019-09-17",15.2
"3032","2019-09-18",14.8
"3033","2019-09-19",14.96
"3034","2019-09-20",14.89
"3035","2019-09-23",15.1
"3036","2019-09-24",15.33
"3037","2019-09-25",15.4
"3038","2019-09-26",15.5
"3039","2019-09-27",15.07
"3040","2019-09-30",14.9
"3041","2019-10-01",14.84
"3042","2019-10-02",14.63
"3043","2019-10-03",14.97
"3044","2019-10-04",14.82
"3045","2019-10-07",14.76
"3046","2019-10-08",14.62
"3047","2019-10-09",14.7
"3048","2019-10-10",15
"3049","2019-10-11",15.44
"3050","2019-10-14",15.75
"3051","2019-10-15",15.9
"3052","2019-10-16",15.9
"3053","2019-10-17",15.7
"3054","2019-10-18",16.01
"3055","2019-10-21",16.35
"3056","2019-10-22",16.28
"3057","2019-10-23",16.44
"3058","2019-10-24",16.19
"3059","2019-10-25",16.3
"3060","2019-10-28",16.49
"3061","2019-10-29",16.98
"3062","2019-10-30",16.92
"3063","2019-10-31",16.82
"3064","2019-11-01",17.38
"3065","2019-11-04",17.24
"3066","2019-11-05",17.34
"3067","2019-11-06",17
"3068","2019-11-07",16.96
"3069","2019-11-08",16.99
"3070","2019-11-11",17.13
"3071","2019-11-12",16.39
"3072","2019-11-13",16.15
"3073","2019-11-14",16.68
"3074","2019-11-15",16.87
"3075","2019-11-18",16.65
"3076","2019-11-19",16.93
"3077","2019-11-20",17.18
"3078","2019-11-21",17.34
"3079","2019-11-22",17.16
"3080","2019-11-25",17.07
"3081","2019-11-26",16.92
"3082","2019-11-27",17.35
"3083","2019-11-29",17.49
"3084","2019-12-02",17.64
"3085","2019-12-03",17.59
"3086","2019-12-04",18.09
"3087","2019-12-05",18.63
"3088","2019-12-06",18.72
"3089","2019-12-09",18.85
"3090","2019-12-10",19.21
"3091","2019-12-11",19.98
"3092","2019-12-12",20.23
"3093","2019-12-13",20.74
"3094","2019-12-16",21.04
"3095","2019-12-17",20.93
"3096","2019-12-18",21.64
"3097","2019-12-19",21.65
"3098","2019-12-20",21.84
"3099","2019-12-23",22.18
"3100","2019-12-24",23.03
"3101","2019-12-26",23.27
"3102","2019-12-27",22.88
"3103","2019-12-30",22.79
"3104","2019-12-31",22.84
"3105","2020-01-02",23.27
"3106","2020-01-03",23.47
"3107","2020-01-06",23.29
"3108","2020-01-07",22.85
"3109","2020-01-08",22.09
"3110","2020-01-09",22.37
"3111","2020-01-10",22.79
"3112","2020-01-13",22.89
"3113","2020-01-14",22.76
"3114","2020-01-15",22.61
"3115","2020-01-16",22.53
"3116","2020-01-17",22.59
"3117","2020-01-21",22.82
"3118","2020-01-22",23.08
"3119","2020-01-23",22.81
"3120","2020-01-24",22.7
"3121","2020-01-27",21.48
"3122","2020-01-28",22.26
"3123","2020-01-29",22.58
"3124","2020-01-30",22.7
"3125","2020-01-31",22.09
"3126","2020-02-03",22.55
"3127","2020-02-04",22.18
"3128","2020-02-05",22.25
"3129","2020-02-06",22.46
"3130","2020-02-07",21.89
"3131","2020-02-10",21.62
"3132","2020-02-11",22.45
"3133","2020-02-12",22.77
"3134","2020-02-13",22.41
"3135","2020-02-14",22.58
"3136","2020-02-18",21.33
"3137","2020-02-19",22.06
"3138","2020-02-20",21.08
"3139","2020-02-21",20.58
"3140","2020-02-24",19.85
"3141","2020-02-25",19.65
"3142","2020-02-26",19.07
"3143","2020-02-27",17.99
"3144","2020-02-28",18.26
"3145","2020-03-02",19.63
"3146","2020-03-03",19.03
"3147","2020-03-04",18.85
"3148","2020-03-05",17.67
"3149","2020-03-06",16.85
"3150","2020-03-09",14.76
"3151","2020-03-10",16.12
"3152","2020-03-11",14.75
"3153","2020-03-12",11.59
"3154","2020-03-13",14.4
"3155","2020-03-16",11
"3156","2020-03-17",11.2
"3157","2020-03-18",9.62
"3158","2020-03-19",11.07
"3159","2020-03-20",12.17
"3160","2020-03-23",11.43
"3161","2020-03-24",12.57
"3162","2020-03-25",13.21
"3163","2020-03-26",14.18
"3164","2020-03-27",12.28
"3165","2020-03-30",12
"3166","2020-03-31",12.3
"3167","2020-04-01",11.36
"3168","2020-04-02",11.44
"3169","2020-04-03",11.05
"3170","2020-04-06",11.96
"3171","2020-04-07",11.43
"3172","2020-04-08",12.01
"3173","2020-04-09",11.47
"3174","2020-04-13",11.95
"3175","2020-04-14",12.33
"3176","2020-04-15",12.43
"3177","2020-04-16",12.1
"3178","2020-04-17",11.83
"3179","2020-04-20",12.42
"3180","2020-04-21",12.2
"3181","2020-04-22",13.21
"3182","2020-04-23",13.21
"3183","2020-04-24",11.81
"3184","2020-04-27",12.64
"3185","2020-04-28",13.2
"3186","2020-04-29",14.04
"3187","2020-04-30",13.34
"3188","2020-05-01",12.44
"3189","2020-05-04",12.4
"3190","2020-05-05",12.05
"3191","2020-05-06",11.75
"3192","2020-05-07",11.38
"3193","2020-05-08",11.86
"3194","2020-05-11",11.47
"3195","2020-05-12",10.93
"3196","2020-05-13",10.61
"3197","2020-05-14",11.06
"3198","2020-05-15",10.72
"3199","2020-05-18",11.32
"3200","2020-05-19",11.72
"3201","2020-05-20",11.5
"3202","2020-05-21",12.54
"3203","2020-05-22",12.31
"3204","2020-05-26",12.56
"3205","2020-05-27",13.65
"3206","2020-05-28",13.05
"3207","2020-05-29",12.78
"3208","2020-06-01",13.72
"3209","2020-06-02",14.63
"3210","2020-06-03",15
"3211","2020-06-04",14.92
"3212","2020-06-05",15.16
"3213","2020-06-08",15.84
"3214","2020-06-09",15.58
"3215","2020-06-10",14.81
"3216","2020-06-11",13.45
"3217","2020-06-12",14.54
"3218","2020-06-15",14.6
"3219","2020-06-16",14.94
"3220","2020-06-17",15.69
"3221","2020-06-18",15.42
"3222","2020-06-19",15.3
"3223","2020-06-22",15.57
"3224","2020-06-23",15.27
"3225","2020-06-24",14.9
"3226","2020-06-25",15.39
"3227","2020-06-26",14.83
"3228","2020-06-29",14.99
"3229","2020-06-30",15.06
"3230","2020-07-01",16
"3231","2020-07-02",15.58
"3232","2020-07-06",17.82
"3233","2020-07-07",17.27
"3234","2020-07-08",17.56
"3235","2020-07-09",17.12
"3236","2020-07-10",16.89
"3237","2020-07-13",16.61
"3238","2020-07-14",17.01
"3239","2020-07-15",17.19
"3240","2020-07-16",16.96
"3241","2020-07-17",17.79
"3242","2020-07-20",18.48
"3243","2020-07-21",18.4
"3244","2020-07-22",18.99
"3245","2020-07-23",18.79
"3246","2020-07-24",18.32
"3247","2020-07-27",18.74
"3248","2020-07-28",18.66
"3249","2020-07-29",19.15
"3250","2020-07-30",20.43
"3251","2020-07-31",20.2
"3252","2020-08-03",19.58
"3253","2020-08-04",18.74
"3254","2020-08-05",19.18
"3255","2020-08-06",18.8
"3256","2020-08-07",18.7
"3257","2020-08-10",18.59
"3258","2020-08-11",18.19
"3259","2020-08-12",18.66
"3260","2020-08-13",18.46
"3261","2020-08-14",18.42
"3262","2020-08-17",17.61
"3263","2020-08-18",18.14
"3264","2020-08-19",17.77
"3265","2020-08-20",18.03
"3266","2020-08-21",17.93
"3267","2020-08-24",18.51
"3268","2020-08-25",18.67
"3269","2020-08-26",18.3
"3270","2020-08-27",18.34
"3271","2020-08-28",19.17
"3272","2020-08-31",18.16
"3273","2020-09-01",18.42
"3274","2020-09-02",17.56
"3275","2020-09-03",17.35
"3276","2020-09-04",17.54
"3277","2020-09-08",16.59
"3278","2020-09-09",17.54
"3279","2020-09-10",17.25
"3280","2020-09-11",16.81
"3281","2020-09-14",17
"3282","2020-09-15",17.28
"3283","2020-09-16",17.26
"3284","2020-09-17",17.41
"3285","2020-09-18",16.84
"3286","2020-09-21",16.28
"3287","2020-09-22",16
"3288","2020-09-23",15.37
"3289","2020-09-24",15.52
"3290","2020-09-25",15.14
"3291","2020-09-28",14.77
"3292","2020-09-29",14.28
"3293","2020-09-30",14.85
"3294","2020-10-01",15.09
"3295","2020-10-02",14.62
"3296","2020-10-05",15.04
"3297","2020-10-06",14.66
"3298","2020-10-07",14.47
"3299","2020-10-08",14.87
"3300","2020-10-09",14.67
"3301","2020-10-12",14.8
"3302","2020-10-13",14.32
"3303","2020-10-14",14.83
"3304","2020-10-15",14.94
"3305","2020-10-16",14.77
"3306","2020-10-19",15.11
"3307","2020-10-20",15.26
"3308","2020-10-21",15.19
"3309","2020-10-22",15.23
"3310","2020-10-23",14.9
"3311","2020-10-26",14.78
"3312","2020-10-27",14.97
"3313","2020-10-28",14.21
"3314","2020-10-29",14.16
"3315","2020-10-30",13.73
"3316","2020-11-02",13.76
"3317","2020-11-03",13.94
"3318","2020-11-04",14.29
"3319","2020-11-05",15.76
"3320","2020-11-06",16.14
"3321","2020-11-09",16.47
"3322","2020-11-10",17.35
"3323","2020-11-11",17.19
"3324","2020-11-12",16.82
"3325","2020-11-13",17.33
"3326","2020-11-16",18.16
"3327","2020-11-17",18.25
"3328","2020-11-18",17.71
"3329","2020-11-19",17.69
"3330","2020-11-20",17.57
"3331","2020-11-23",18.18
"3332","2020-11-24",18.68
"3333","2020-11-25",18.45
"3334","2020-11-27",18.24
