"","date","D"
"1","2007-01-03",41.825001
"2","2007-01-04",41.720001
"3","2007-01-05",41.119999
"4","2007-01-08",40.935001
"5","2007-01-09",40.865002
"6","2007-01-10",40.75
"7","2007-01-11",40.435001
"8","2007-01-12",40
"9","2007-01-16",40.025002
"10","2007-01-17",40.049999
"11","2007-01-18",40.165001
"12","2007-01-19",40.380001
"13","2007-01-22",40.259998
"14","2007-01-23",40.424999
"15","2007-01-24",41.02
"16","2007-01-25",40.939999
"17","2007-01-26",41.035
"18","2007-01-29",40.959999
"19","2007-01-30",41.200001
"20","2007-01-31",41.48
"21","2007-02-01",42.095001
"22","2007-02-02",43.27
"23","2007-02-05",43.259998
"24","2007-02-06",43.57
"25","2007-02-07",43.494999
"26","2007-02-08",43.740002
"27","2007-02-09",43.73
"28","2007-02-12",43.775002
"29","2007-02-13",43.41
"30","2007-02-14",43.404999
"31","2007-02-15",43.400002
"32","2007-02-16",43.279999
"33","2007-02-20",43.150002
"34","2007-02-21",42.695
"35","2007-02-22",42.674999
"36","2007-02-23",42.84
"37","2007-02-26",43.695
"38","2007-02-27",42.584999
"39","2007-02-28",42.764999
"40","2007-03-01",42.794998
"41","2007-03-02",42.5
"42","2007-03-05",41.91
"43","2007-03-06",42.34
"44","2007-03-07",42.424999
"45","2007-03-08",42.244999
"46","2007-03-09",42.294998
"47","2007-03-12",42.865002
"48","2007-03-13",42.369999
"49","2007-03-14",42.349998
"50","2007-03-15",42.709999
"51","2007-03-16",42.485001
"52","2007-03-19",43.105
"53","2007-03-20",43.825001
"54","2007-03-21",44.330002
"55","2007-03-22",44.299999
"56","2007-03-23",44.455002
"57","2007-03-26",44.665001
"58","2007-03-27",44.560001
"59","2007-03-28",44.285
"60","2007-03-29",44.564999
"61","2007-03-30",44.384998
"62","2007-04-02",45
"63","2007-04-03",44.990002
"64","2007-04-04",44.785
"65","2007-04-05",45.07
"66","2007-04-09",45.099998
"67","2007-04-10",45.209999
"68","2007-04-11",44.935001
"69","2007-04-12",44.77
"70","2007-04-13",44.57
"71","2007-04-16",44.75
"72","2007-04-17",44.625
"73","2007-04-18",44.369999
"74","2007-04-19",44.540001
"75","2007-04-20",45.43
"76","2007-04-23",45.814999
"77","2007-04-24",45.764999
"78","2007-04-25",46.209999
"79","2007-04-26",46.165001
"80","2007-04-27",45.775002
"81","2007-04-30",45.599998
"82","2007-05-01",46.119999
"83","2007-05-02",46.014999
"84","2007-05-03",45.57
"85","2007-05-04",45.41
"86","2007-05-07",45.220001
"87","2007-05-08",44.849998
"88","2007-05-09",45.095001
"89","2007-05-10",44.575001
"90","2007-05-11",45.264999
"91","2007-05-14",45.235001
"92","2007-05-15",45.060001
"93","2007-05-16",45.365002
"94","2007-05-17",45.16
"95","2007-05-18",45.529999
"96","2007-05-21",45.514999
"97","2007-05-22",45.134998
"98","2007-05-23",44.595001
"99","2007-05-24",43.435001
"100","2007-05-25",43.285
"101","2007-05-29",43.865002
"102","2007-05-30",43.814999
"103","2007-05-31",44.294998
"104","2007-06-01",43.82
"105","2007-06-04",43.935001
"106","2007-06-05",43.174999
"107","2007-06-06",42.18
"108","2007-06-07",40.860001
"109","2007-06-08",41.235001
"110","2007-06-11",41.755001
"111","2007-06-12",41.005001
"112","2007-06-13",42.34
"113","2007-06-14",42.400002
"114","2007-06-15",42.814999
"115","2007-06-18",42.294998
"116","2007-06-19",42
"117","2007-06-20",41.044998
"118","2007-06-21",41.029999
"119","2007-06-22",40.275002
"120","2007-06-25",40.700001
"121","2007-06-26",40.580002
"122","2007-06-27",41.775002
"123","2007-06-28",43.014999
"124","2007-06-29",43.154999
"125","2007-07-02",43.419998
"126","2007-07-03",43.345001
"127","2007-07-05",43.314999
"128","2007-07-06",43.095001
"129","2007-07-09",43.285
"130","2007-07-10",43.23
"131","2007-07-11",43.66
"132","2007-07-12",44.244999
"133","2007-07-13",44.299999
"134","2007-07-16",44.185001
"135","2007-07-17",44.049999
"136","2007-07-18",43.865002
"137","2007-07-19",44.119999
"138","2007-07-20",43.595001
"139","2007-07-23",43.540001
"140","2007-07-24",42.490002
"141","2007-07-25",42.860001
"142","2007-07-26",41.834999
"143","2007-07-27",41.095001
"144","2007-07-30",41.950001
"145","2007-07-31",42.110001
"146","2007-08-01",42.529999
"147","2007-08-02",42.299999
"148","2007-08-03",42
"149","2007-08-06",43.48
"150","2007-08-07",44.625
"151","2007-08-08",45.549999
"152","2007-08-09",45.424999
"153","2007-08-10",45.125
"154","2007-08-13",44.66
"155","2007-08-14",43.939999
"156","2007-08-15",43.16
"157","2007-08-16",42.794998
"158","2007-08-17",43.685001
"159","2007-08-20",43.555
"160","2007-08-21",43.52
"161","2007-08-22",44.294998
"162","2007-08-23",44.235001
"163","2007-08-24",44.450001
"164","2007-08-27",43.360001
"165","2007-08-28",43.244999
"166","2007-08-29",43.259998
"167","2007-08-30",42.599998
"168","2007-08-31",42.59
"169","2007-09-04",43.025002
"170","2007-09-05",42.474998
"171","2007-09-06",42.860001
"172","2007-09-07",42.240002
"173","2007-09-10",42.610001
"174","2007-09-11",42.799999
"175","2007-09-12",42.970001
"176","2007-09-13",42.759998
"177","2007-09-14",42.860001
"178","2007-09-17",42.544998
"179","2007-09-18",42.849998
"180","2007-09-19",43.360001
"181","2007-09-20",42.965
"182","2007-09-21",43.080002
"183","2007-09-24",43.169998
"184","2007-09-25",43.404999
"185","2007-09-26",43.424999
"186","2007-09-27",42.875
"187","2007-09-28",42.150002
"188","2007-10-01",42.610001
"189","2007-10-02",42.68
"190","2007-10-03",42.759998
"191","2007-10-04",43.18
"192","2007-10-05",43.535
"193","2007-10-08",43.514999
"194","2007-10-09",44.275002
"195","2007-10-10",43.700001
"196","2007-10-11",43.720001
"197","2007-10-12",43.775002
"198","2007-10-15",43.595001
"199","2007-10-16",43.59
"200","2007-10-17",43.514999
"201","2007-10-18",43.505001
"202","2007-10-19",42.994999
"203","2007-10-22",43.110001
"204","2007-10-23",42.935001
"205","2007-10-24",43.255001
"206","2007-10-25",43.855
"207","2007-10-26",44.32
"208","2007-10-29",45.064999
"209","2007-10-30",45.080002
"210","2007-10-31",45.814999
"211","2007-11-01",45.044998
"212","2007-11-02",45.345001
"213","2007-11-05",45.900002
"214","2007-11-06",45.915001
"215","2007-11-07",45.049999
"216","2007-11-08",46.029999
"217","2007-11-09",46.07
"218","2007-11-12",45.224998
"219","2007-11-13",45.485001
"220","2007-11-14",45.275002
"221","2007-11-15",45.34
"222","2007-11-16",45.650002
"223","2007-11-19",45.514999
"224","2007-11-20",46.369999
"225","2007-11-21",46.220001
"226","2007-11-23",45.709999
"227","2007-11-26",45.889999
"228","2007-11-27",46.540001
"229","2007-11-28",46.990002
"230","2007-11-29",46.919998
"231","2007-11-30",47.23
"232","2007-12-03",47.389999
"233","2007-12-04",48
"234","2007-12-05",48.990002
"235","2007-12-06",48.939999
"236","2007-12-07",48.77
"237","2007-12-10",48.599998
"238","2007-12-11",47.73
"239","2007-12-12",47.82
"240","2007-12-13",48.540001
"241","2007-12-14",47.82
"242","2007-12-17",47.200001
"243","2007-12-18",47.529999
"244","2007-12-19",47.34
"245","2007-12-20",47.599998
"246","2007-12-21",48.700001
"247","2007-12-24",48.400002
"248","2007-12-26",48.259998
"249","2007-12-27",47.389999
"250","2007-12-28",47.599998
"251","2007-12-31",47.450001
"252","2008-01-02",46.52
"253","2008-01-03",46.43
"254","2008-01-04",46.439999
"255","2008-01-07",47.709999
"256","2008-01-08",47.369999
"257","2008-01-09",48.110001
"258","2008-01-10",47.740002
"259","2008-01-11",47.290001
"260","2008-01-14",47.560001
"261","2008-01-15",46.990002
"262","2008-01-16",46.720001
"263","2008-01-17",44.98
"264","2008-01-18",44.240002
"265","2008-01-22",42.349998
"266","2008-01-23",43.439999
"267","2008-01-24",42.169998
"268","2008-01-25",41.029999
"269","2008-01-28",42.099998
"270","2008-01-29",42.349998
"271","2008-01-30",42.77
"272","2008-01-31",43
"273","2008-02-01",43.57
"274","2008-02-04",44.200001
"275","2008-02-05",42.720001
"276","2008-02-06",42.48
"277","2008-02-07",42.41
"278","2008-02-08",42.110001
"279","2008-02-11",41.950001
"280","2008-02-12",42.490002
"281","2008-02-13",43.02
"282","2008-02-14",42.599998
"283","2008-02-15",42.669998
"284","2008-02-19",42.599998
"285","2008-02-20",42.290001
"286","2008-02-21",41.709999
"287","2008-02-22",42.27
"288","2008-02-25",42.610001
"289","2008-02-26",42.75
"290","2008-02-27",41.919998
"291","2008-02-28",41.490002
"292","2008-02-29",39.939999
"293","2008-03-03",40.220001
"294","2008-03-04",40.259998
"295","2008-03-05",40.59
"296","2008-03-06",39.389999
"297","2008-03-07",39.099998
"298","2008-03-10",39.049999
"299","2008-03-11",40.25
"300","2008-03-12",40.099998
"301","2008-03-13",39.669998
"302","2008-03-14",39.57
"303","2008-03-17",40.209999
"304","2008-03-18",41.23
"305","2008-03-19",40.130001
"306","2008-03-20",40.75
"307","2008-03-24",40.689999
"308","2008-03-25",40.5
"309","2008-03-26",40.650002
"310","2008-03-27",40.790001
"311","2008-03-28",40.5
"312","2008-03-31",40.84
"313","2008-04-01",42.490002
"314","2008-04-02",42.75
"315","2008-04-03",42.32
"316","2008-04-04",43.209999
"317","2008-04-07",43.400002
"318","2008-04-08",43.5
"319","2008-04-09",43.5
"320","2008-04-10",43.369999
"321","2008-04-11",42.950001
"322","2008-04-14",43.029999
"323","2008-04-15",43.43
"324","2008-04-16",44.220001
"325","2008-04-17",43.84
"326","2008-04-18",44.189999
"327","2008-04-21",43.799999
"328","2008-04-22",43.419998
"329","2008-04-23",43.59
"330","2008-04-24",43.389999
"331","2008-04-25",43.540001
"332","2008-04-28",43.419998
"333","2008-04-29",43.439999
"334","2008-04-30",43.389999
"335","2008-05-01",44.240002
"336","2008-05-02",45.59
"337","2008-05-05",44.810001
"338","2008-05-06",44.799999
"339","2008-05-07",44.52
"340","2008-05-08",45.009998
"341","2008-05-09",44.990002
"342","2008-05-12",45.299999
"343","2008-05-13",44.93
"344","2008-05-14",45.689999
"345","2008-05-15",45.66
"346","2008-05-16",45.970001
"347","2008-05-19",46.119999
"348","2008-05-20",46.369999
"349","2008-05-21",46.490002
"350","2008-05-22",46.73
"351","2008-05-23",45.439999
"352","2008-05-27",45.5
"353","2008-05-28",45.619999
"354","2008-05-29",45.880001
"355","2008-05-30",46.299999
"356","2008-06-02",45.869999
"357","2008-06-03",46.490002
"358","2008-06-04",46.959999
"359","2008-06-05",47.380001
"360","2008-06-06",45.919998
"361","2008-06-09",46.799999
"362","2008-06-10",47.049999
"363","2008-06-11",46.259998
"364","2008-06-12",45.810001
"365","2008-06-13",46.130001
"366","2008-06-16",46.490002
"367","2008-06-17",46.540001
"368","2008-06-18",46.610001
"369","2008-06-19",47.52
"370","2008-06-20",47.080002
"371","2008-06-23",47.509998
"372","2008-06-24",47.580002
"373","2008-06-25",47.84
"374","2008-06-26",46.950001
"375","2008-06-27",46.200001
"376","2008-06-30",47.490002
"377","2008-07-01",47.68
"378","2008-07-02",47.490002
"379","2008-07-03",46.98
"380","2008-07-07",46.849998
"381","2008-07-08",46.59
"382","2008-07-09",46.939999
"383","2008-07-10",47.130001
"384","2008-07-11",46.869999
"385","2008-07-14",45.990002
"386","2008-07-15",45.720001
"387","2008-07-16",44.540001
"388","2008-07-17",44.209999
"389","2008-07-18",44.470001
"390","2008-07-21",44.790001
"391","2008-07-22",44.580002
"392","2008-07-23",43.669998
"393","2008-07-24",43.779999
"394","2008-07-25",43.310001
"395","2008-07-28",43.73
"396","2008-07-29",43.419998
"397","2008-07-30",44.439999
"398","2008-07-31",44.18
"399","2008-08-01",42.59
"400","2008-08-04",42.330002
"401","2008-08-05",42.48
"402","2008-08-06",42.169998
"403","2008-08-07",41.939999
"404","2008-08-08",42.77
"405","2008-08-11",43.279999
"406","2008-08-12",42.689999
"407","2008-08-13",42.990002
"408","2008-08-14",42.299999
"409","2008-08-15",42.549999
"410","2008-08-18",42.490002
"411","2008-08-19",42.759998
"412","2008-08-20",43.110001
"413","2008-08-21",43.599998
"414","2008-08-22",43.580002
"415","2008-08-25",43.279999
"416","2008-08-26",44.07
"417","2008-08-27",43.830002
"418","2008-08-28",44.369999
"419","2008-08-29",43.529999
"420","2008-09-02",43.099998
"421","2008-09-03",42.450001
"422","2008-09-04",41.599998
"423","2008-09-05",40.939999
"424","2008-09-08",42.580002
"425","2008-09-09",41.389999
"426","2008-09-10",42.299999
"427","2008-09-11",42.130001
"428","2008-09-12",43.110001
"429","2008-09-15",41.720001
"430","2008-09-16",42.759998
"431","2008-09-17",40.990002
"432","2008-09-18",41.73
"433","2008-09-19",44.169998
"434","2008-09-22",43.5
"435","2008-09-23",42.720001
"436","2008-09-24",42.330002
"437","2008-09-25",43.75
"438","2008-09-26",43.400002
"439","2008-09-29",41.990002
"440","2008-09-30",42.779999
"441","2008-10-01",43.639999
"442","2008-10-02",42.09
"443","2008-10-03",41.880001
"444","2008-10-06",40.080002
"445","2008-10-07",38.32
"446","2008-10-08",37.549999
"447","2008-10-09",35.049999
"448","2008-10-10",33.669998
"449","2008-10-13",37.209999
"450","2008-10-14",37.110001
"451","2008-10-15",34.310001
"452","2008-10-16",36.07
"453","2008-10-17",35.950001
"454","2008-10-20",37.959999
"455","2008-10-21",36.029999
"456","2008-10-22",33.860001
"457","2008-10-23",35.700001
"458","2008-10-24",35.139999
"459","2008-10-27",33.98
"460","2008-10-28",37.119999
"461","2008-10-29",35.209999
"462","2008-10-30",36.27
"463","2008-10-31",36.279999
"464","2008-11-03",36.459999
"465","2008-11-04",36.669998
"466","2008-11-05",35.23
"467","2008-11-06",34.299999
"468","2008-11-07",35.830002
"469","2008-11-10",35.189999
"470","2008-11-11",35.02
"471","2008-11-12",34.32
"472","2008-11-13",36.290001
"473","2008-11-14",36.389999
"474","2008-11-17",35.98
"475","2008-11-18",36.080002
"476","2008-11-19",34.950001
"477","2008-11-20",33.580002
"478","2008-11-21",36.93
"479","2008-11-24",37.25
"480","2008-11-25",37.099998
"481","2008-11-26",36.349998
"482","2008-11-28",36.82
"483","2008-12-01",34.84
"484","2008-12-02",35.59
"485","2008-12-03",36.02
"486","2008-12-04",34.669998
"487","2008-12-05",35.23
"488","2008-12-08",35.529999
"489","2008-12-09",34.990002
"490","2008-12-10",34.66
"491","2008-12-11",34.57
"492","2008-12-12",34.599998
"493","2008-12-15",34.380001
"494","2008-12-16",34.66
"495","2008-12-17",34.34
"496","2008-12-18",34.779999
"497","2008-12-19",34.98
"498","2008-12-22",34.689999
"499","2008-12-23",34.41
"500","2008-12-24",34.68
"501","2008-12-26",34.900002
"502","2008-12-29",34.830002
"503","2008-12-30",35.23
"504","2008-12-31",35.84
"505","2009-01-02",36.540001
"506","2009-01-05",36.400002
"507","2009-01-06",36.220001
"508","2009-01-07",35.68
"509","2009-01-08",35.470001
"510","2009-01-09",35.110001
"511","2009-01-12",35.139999
"512","2009-01-13",34.369999
"513","2009-01-14",33.880001
"514","2009-01-15",33.93
"515","2009-01-16",34.599998
"516","2009-01-20",34.389999
"517","2009-01-21",34.889999
"518","2009-01-22",34.93
"519","2009-01-23",35
"520","2009-01-26",35.75
"521","2009-01-27",35.470001
"522","2009-01-28",35.689999
"523","2009-01-29",36.209999
"524","2009-01-30",35.18
"525","2009-02-02",36.259998
"526","2009-02-03",36.57
"527","2009-02-04",36.560001
"528","2009-02-05",36.779999
"529","2009-02-06",36.93
"530","2009-02-09",36.189999
"531","2009-02-10",35.5
"532","2009-02-11",35.119999
"533","2009-02-12",34.93
"534","2009-02-13",34.540001
"535","2009-02-17",33.619999
"536","2009-02-18",32.57
"537","2009-02-19",32.540001
"538","2009-02-20",31.690001
"539","2009-02-23",30.809999
"540","2009-02-24",31.65
"541","2009-02-25",30.77
"542","2009-02-26",30.08
"543","2009-02-27",30.18
"544","2009-03-02",28.68
"545","2009-03-03",27.76
"546","2009-03-04",28.4
"547","2009-03-05",27.889999
"548","2009-03-06",28.120001
"549","2009-03-09",27.290001
"550","2009-03-10",28.01
"551","2009-03-11",28.15
"552","2009-03-12",28.68
"553","2009-03-13",29.530001
"554","2009-03-16",30.209999
"555","2009-03-17",30.540001
"556","2009-03-18",31.07
"557","2009-03-19",31.200001
"558","2009-03-20",30.99
"559","2009-03-23",32.369999
"560","2009-03-24",31.34
"561","2009-03-25",31.389999
"562","2009-03-26",31.549999
"563","2009-03-27",31.07
"564","2009-03-30",30.51
"565","2009-03-31",30.99
"566","2009-04-01",30.77
"567","2009-04-02",30.790001
"568","2009-04-03",30.440001
"569","2009-04-06",30.209999
"570","2009-04-07",30.450001
"571","2009-04-08",30.540001
"572","2009-04-09",30.48
"573","2009-04-13",30.16
"574","2009-04-14",29.969999
"575","2009-04-15",30.370001
"576","2009-04-16",30.059999
"577","2009-04-17",29.940001
"578","2009-04-20",29.58
"579","2009-04-21",29.379999
"580","2009-04-22",29.01
"581","2009-04-23",29.280001
"582","2009-04-24",29.290001
"583","2009-04-27",29.57
"584","2009-04-28",29.9
"585","2009-04-29",29.610001
"586","2009-04-30",30.16
"587","2009-05-01",31.09
"588","2009-05-04",31.610001
"589","2009-05-05",31.66
"590","2009-05-06",31.52
"591","2009-05-07",31.870001
"592","2009-05-08",31.870001
"593","2009-05-11",31.780001
"594","2009-05-12",31.99
"595","2009-05-13",31.299999
"596","2009-05-14",31.040001
"597","2009-05-15",30.52
"598","2009-05-18",30.5
"599","2009-05-19",31.41
"600","2009-05-20",31.129999
"601","2009-05-21",30.719999
"602","2009-05-22",30.809999
"603","2009-05-26",31.549999
"604","2009-05-27",30.33
"605","2009-05-28",31.18
"606","2009-05-29",31.790001
"607","2009-06-01",32.900002
"608","2009-06-02",32.610001
"609","2009-06-03",31.950001
"610","2009-06-04",32.07
"611","2009-06-05",32.02
"612","2009-06-08",31.76
"613","2009-06-09",31.870001
"614","2009-06-10",32.240002
"615","2009-06-11",32.950001
"616","2009-06-12",33.389999
"617","2009-06-15",32.639999
"618","2009-06-16",32.529999
"619","2009-06-17",32.389999
"620","2009-06-18",33.34
"621","2009-06-19",32.720001
"622","2009-06-22",33.009998
"623","2009-06-23",32.549999
"624","2009-06-24",32.790001
"625","2009-06-25",33.349998
"626","2009-06-26",33.389999
"627","2009-06-29",33.869999
"628","2009-06-30",33.419998
"629","2009-07-01",34.23
"630","2009-07-02",33.189999
"631","2009-07-06",33.490002
"632","2009-07-07",32.73
"633","2009-07-08",32.599998
"634","2009-07-09",32.810001
"635","2009-07-10",32.450001
"636","2009-07-13",33.02
"637","2009-07-14",33.099998
"638","2009-07-15",33.18
"639","2009-07-16",33.169998
"640","2009-07-17",32.869999
"641","2009-07-20",32.849998
"642","2009-07-21",33.029999
"643","2009-07-22",33.119999
"644","2009-07-23",33.900002
"645","2009-07-24",34.59
"646","2009-07-27",34.799999
"647","2009-07-28",34.139999
"648","2009-07-29",34.139999
"649","2009-07-30",34.540001
"650","2009-07-31",33.799999
"651","2009-08-03",33.91
"652","2009-08-04",33.77
"653","2009-08-05",33.669998
"654","2009-08-06",33.830002
"655","2009-08-07",33.599998
"656","2009-08-10",33.599998
"657","2009-08-11",33.490002
"658","2009-08-12",33.68
"659","2009-08-13",33.619999
"660","2009-08-14",33.560001
"661","2009-08-17",33.130001
"662","2009-08-18",33.189999
"663","2009-08-19",33.43
"664","2009-08-20",33.669998
"665","2009-08-21",34.220001
"666","2009-08-24",34.439999
"667","2009-08-25",34.310001
"668","2009-08-26",33.490002
"669","2009-08-27",33.450001
"670","2009-08-28",33.220001
"671","2009-08-31",33.080002
"672","2009-09-01",33.009998
"673","2009-09-02",32.740002
"674","2009-09-03",32.740002
"675","2009-09-04",33
"676","2009-09-08",33.02
"677","2009-09-09",33.080002
"678","2009-09-10",32.82
"679","2009-09-11",32.790001
"680","2009-09-14",33.189999
"681","2009-09-15",33.459999
"682","2009-09-16",34.130001
"683","2009-09-17",34.02
"684","2009-09-18",34.330002
"685","2009-09-21",34.189999
"686","2009-09-22",34.080002
"687","2009-09-23",34.049999
"688","2009-09-24",34.25
"689","2009-09-25",34.189999
"690","2009-09-28",34.599998
"691","2009-09-29",34.73
"692","2009-09-30",34.5
"693","2009-10-01",33.799999
"694","2009-10-02",33.490002
"695","2009-10-05",33.700001
"696","2009-10-06",33.860001
"697","2009-10-07",34.09
"698","2009-10-08",34.23
"699","2009-10-09",34.700001
"700","2009-10-12",34.860001
"701","2009-10-13",34.52
"702","2009-10-14",34.720001
"703","2009-10-15",34.34
"704","2009-10-16",34.52
"705","2009-10-19",35.110001
"706","2009-10-20",34.970001
"707","2009-10-21",35.07
"708","2009-10-22",35.490002
"709","2009-10-23",35.169998
"710","2009-10-26",34.810001
"711","2009-10-27",34.709999
"712","2009-10-28",34.610001
"713","2009-10-29",34.630001
"714","2009-10-30",34.09
"715","2009-11-02",34.599998
"716","2009-11-03",34.73
"717","2009-11-04",35.099998
"718","2009-11-05",35.810001
"719","2009-11-06",35.970001
"720","2009-11-09",36.610001
"721","2009-11-10",36.77
"722","2009-11-11",36.66
"723","2009-11-12",36.259998
"724","2009-11-13",36.259998
"725","2009-11-16",37.099998
"726","2009-11-17",37.25
"727","2009-11-18",37.040001
"728","2009-11-19",36.810001
"729","2009-11-20",36.369999
"730","2009-11-23",36.759998
"731","2009-11-24",36.970001
"732","2009-11-25",36.779999
"733","2009-11-27",36.139999
"734","2009-11-30",36.380001
"735","2009-12-01",37.18
"736","2009-12-02",37.880001
"737","2009-12-03",37.860001
"738","2009-12-04",37.75
"739","2009-12-07",38.220001
"740","2009-12-08",38.150002
"741","2009-12-09",38.290001
"742","2009-12-10",38.599998
"743","2009-12-11",39.080002
"744","2009-12-14",39.529999
"745","2009-12-15",39.25
"746","2009-12-16",39.189999
"747","2009-12-17",38.959999
"748","2009-12-18",39.130001
"749","2009-12-21",39.240002
"750","2009-12-22",39.119999
"751","2009-12-23",39.139999
"752","2009-12-24",39.369999
"753","2009-12-28",39.610001
"754","2009-12-29",39.400002
"755","2009-12-30",39.5
"756","2009-12-31",38.919998
"757","2010-01-04",38.959999
"758","2010-01-05",38.48
"759","2010-01-06",38.52
"760","2010-01-07",38.580002
"761","2010-01-08",38.560001
"762","2010-01-11",39.130001
"763","2010-01-12",38.93
"764","2010-01-13",39.150002
"765","2010-01-14",39.110001
"766","2010-01-15",38.849998
"767","2010-01-19",39.43
"768","2010-01-20",39.040001
"769","2010-01-21",38.529999
"770","2010-01-22",37.799999
"771","2010-01-25",38.07
"772","2010-01-26",38.099998
"773","2010-01-27",38
"774","2010-01-28",37.599998
"775","2010-01-29",37.459999
"776","2010-02-01",37.75
"777","2010-02-02",37.990002
"778","2010-02-03",37.639999
"779","2010-02-04",36.860001
"780","2010-02-05",36.75
"781","2010-02-08",36.27
"782","2010-02-09",36.57
"783","2010-02-10",36.599998
"784","2010-02-11",37.07
"785","2010-02-12",37.139999
"786","2010-02-16",38.240002
"787","2010-02-17",38.380001
"788","2010-02-18",38.720001
"789","2010-02-19",39.169998
"790","2010-02-22",39
"791","2010-02-23",38.82
"792","2010-02-24",38.529999
"793","2010-02-25",38.34
"794","2010-02-26",37.990002
"795","2010-03-01",38.299999
"796","2010-03-02",38.48
"797","2010-03-03",38.610001
"798","2010-03-04",38.75
"799","2010-03-05",39.110001
"800","2010-03-08",39.080002
"801","2010-03-09",39.220001
"802","2010-03-10",39.380001
"803","2010-03-11",39.650002
"804","2010-03-12",39.689999
"805","2010-03-15",39.709999
"806","2010-03-16",39.889999
"807","2010-03-17",40.560001
"808","2010-03-18",40.509998
"809","2010-03-19",40.700001
"810","2010-03-22",40.130001
"811","2010-03-23",40.189999
"812","2010-03-24",40.080002
"813","2010-03-25",40.259998
"814","2010-03-26",40.599998
"815","2010-03-29",41.18
"816","2010-03-30",41.259998
"817","2010-03-31",41.110001
"818","2010-04-01",41.830002
"819","2010-04-05",41.810001
"820","2010-04-06",41.700001
"821","2010-04-07",41.650002
"822","2010-04-08",41.470001
"823","2010-04-09",41.59
"824","2010-04-12",41.799999
"825","2010-04-13",41.669998
"826","2010-04-14",41.48
"827","2010-04-15",41.439999
"828","2010-04-16",41.18
"829","2010-04-19",41.279999
"830","2010-04-20",41.419998
"831","2010-04-21",41.360001
"832","2010-04-22",41.349998
"833","2010-04-23",41.77
"834","2010-04-26",41.860001
"835","2010-04-27",41.139999
"836","2010-04-28",41.419998
"837","2010-04-29",41.299999
"838","2010-04-30",41.799999
"839","2010-05-03",42.470001
"840","2010-05-04",41.68
"841","2010-05-05",41.779999
"842","2010-05-06",40.209999
"843","2010-05-07",40.220001
"844","2010-05-10",41.91
"845","2010-05-11",41.799999
"846","2010-05-12",41.849998
"847","2010-05-13",41.540001
"848","2010-05-14",40.990002
"849","2010-05-17",41.27
"850","2010-05-18",40.709999
"851","2010-05-19",40.43
"852","2010-05-20",39.240002
"853","2010-05-21",39.529999
"854","2010-05-24",39.25
"855","2010-05-25",39.23
"856","2010-05-26",38.560001
"857","2010-05-27",39.139999
"858","2010-05-28",38.959999
"859","2010-06-01",38.59
"860","2010-06-02",39.720001
"861","2010-06-03",40.150002
"862","2010-06-04",39.009998
"863","2010-06-07",39.330002
"864","2010-06-08",40.16
"865","2010-06-09",39.919998
"866","2010-06-10",40.810001
"867","2010-06-11",40.599998
"868","2010-06-14",40.48
"869","2010-06-15",41.279999
"870","2010-06-16",41.669998
"871","2010-06-17",41.849998
"872","2010-06-18",42
"873","2010-06-21",41.82
"874","2010-06-22",40.860001
"875","2010-06-23",40.23
"876","2010-06-24",40.150002
"877","2010-06-25",40.169998
"878","2010-06-28",40.57
"879","2010-06-29",39.27
"880","2010-06-30",38.740002
"881","2010-07-01",38.98
"882","2010-07-02",38.669998
"883","2010-07-06",39.139999
"884","2010-07-07",40.18
"885","2010-07-08",40.75
"886","2010-07-09",40.900002
"887","2010-07-12",40.990002
"888","2010-07-13",41.099998
"889","2010-07-14",41.439999
"890","2010-07-15",41.27
"891","2010-07-16",40.43
"892","2010-07-19",41.400002
"893","2010-07-20",41.959999
"894","2010-07-21",41.259998
"895","2010-07-22",42.220001
"896","2010-07-23",42.41
"897","2010-07-26",42.599998
"898","2010-07-27",43.27
"899","2010-07-28",42.98
"900","2010-07-29",41.689999
"901","2010-07-30",41.990002
"902","2010-08-02",43.200001
"903","2010-08-03",43.119999
"904","2010-08-04",43.5
"905","2010-08-05",43.549999
"906","2010-08-06",43.669998
"907","2010-08-09",44.029999
"908","2010-08-10",44.18
"909","2010-08-11",43.709999
"910","2010-08-12",43.799999
"911","2010-08-13",43.91
"912","2010-08-16",44.029999
"913","2010-08-17",44.709999
"914","2010-08-18",44.110001
"915","2010-08-19",43.669998
"916","2010-08-20",43.93
"917","2010-08-23",44.349998
"918","2010-08-24",44.41
"919","2010-08-25",43.150002
"920","2010-08-26",42.759998
"921","2010-08-27",43.419998
"922","2010-08-30",42.689999
"923","2010-08-31",42.73
"924","2010-09-01",43.860001
"925","2010-09-02",43.580002
"926","2010-09-03",43.990002
"927","2010-09-07",43.82
"928","2010-09-08",43.73
"929","2010-09-09",43.939999
"930","2010-09-10",43.290001
"931","2010-09-13",43.919998
"932","2010-09-14",44.029999
"933","2010-09-15",43.48
"934","2010-09-16",43.59
"935","2010-09-17",43.419998
"936","2010-09-20",44.290001
"937","2010-09-21",44.110001
"938","2010-09-22",44.209999
"939","2010-09-23",43.419998
"940","2010-09-24",44.23
"941","2010-09-27",44.259998
"942","2010-09-28",44.189999
"943","2010-09-29",43.950001
"944","2010-09-30",43.66
"945","2010-10-01",44.029999
"946","2010-10-04",43.889999
"947","2010-10-05",44.580002
"948","2010-10-06",44.490002
"949","2010-10-07",44.509998
"950","2010-10-08",44.68
"951","2010-10-11",44.689999
"952","2010-10-12",44.32
"953","2010-10-13",44.549999
"954","2010-10-14",44.630001
"955","2010-10-15",44.540001
"956","2010-10-18",44.919998
"957","2010-10-19",44.5
"958","2010-10-20",44.700001
"959","2010-10-21",44.740002
"960","2010-10-22",44.509998
"961","2010-10-25",44.459999
"962","2010-10-26",44.040001
"963","2010-10-27",43.82
"964","2010-10-28",43.950001
"965","2010-10-29",43.459999
"966","2010-11-01",42.490002
"967","2010-11-02",42.82
"968","2010-11-03",42.869999
"969","2010-11-04",43.529999
"970","2010-11-05",43.5
"971","2010-11-08",43.09
"972","2010-11-09",43.07
"973","2010-11-10",42.98
"974","2010-11-11",42.84
"975","2010-11-12",42.860001
"976","2010-11-15",43.119999
"977","2010-11-16",42.790001
"978","2010-11-17",42.450001
"979","2010-11-18",42.799999
"980","2010-11-19",42.759998
"981","2010-11-22",43.009998
"982","2010-11-23",42.490002
"983","2010-11-24",42.029999
"984","2010-11-26",41.84
"985","2010-11-29",41.610001
"986","2010-11-30",41.529999
"987","2010-12-01",42.049999
"988","2010-12-02",42.099998
"989","2010-12-03",42.419998
"990","2010-12-06",42.040001
"991","2010-12-07",41.900002
"992","2010-12-08",41.830002
"993","2010-12-09",41.77
"994","2010-12-10",41.619999
"995","2010-12-13",42.049999
"996","2010-12-14",42
"997","2010-12-15",41.720001
"998","2010-12-16",42.310001
"999","2010-12-17",42.57
"1000","2010-12-20",42.93
"1001","2010-12-21",42.959999
"1002","2010-12-22",42.919998
"1003","2010-12-23",42.959999
"1004","2010-12-27",42.889999
"1005","2010-12-28",42.919998
"1006","2010-12-29",42.939999
"1007","2010-12-30",42.900002
"1008","2010-12-31",42.720001
"1009","2011-01-03",42.75
"1010","2011-01-04",43.139999
"1011","2011-01-05",43.029999
"1012","2011-01-06",43.189999
"1013","2011-01-07",43.23
"1014","2011-01-10",42.439999
"1015","2011-01-11",42.330002
"1016","2011-01-12",42.259998
"1017","2011-01-13",42.610001
"1018","2011-01-14",42.98
"1019","2011-01-18",42.98
"1020","2011-01-19",42.970001
"1021","2011-01-20",43.369999
"1022","2011-01-21",43.349998
"1023","2011-01-24",43.580002
"1024","2011-01-25",43.57
"1025","2011-01-26",43.549999
"1026","2011-01-27",43.790001
"1027","2011-01-28",43.389999
"1028","2011-01-31",43.540001
"1029","2011-02-01",43.779999
"1030","2011-02-02",43.509998
"1031","2011-02-03",43.689999
"1032","2011-02-04",43.610001
"1033","2011-02-07",43.419998
"1034","2011-02-08",43.540001
"1035","2011-02-09",43.540001
"1036","2011-02-10",43.900002
"1037","2011-02-11",44.119999
"1038","2011-02-14",43.68
"1039","2011-02-15",43.740002
"1040","2011-02-16",44.09
"1041","2011-02-17",44.18
"1042","2011-02-18",44.369999
"1043","2011-02-22",44.290001
"1044","2011-02-23",44.639999
"1045","2011-02-24",44.740002
"1046","2011-02-25",45
"1047","2011-02-28",45.630001
"1048","2011-03-01",45.57
"1049","2011-03-02",44.790001
"1050","2011-03-03",45.529999
"1051","2011-03-04",45.540001
"1052","2011-03-07",45.419998
"1053","2011-03-08",46.139999
"1054","2011-03-09",46.34
"1055","2011-03-10",45.66
"1056","2011-03-11",45.509998
"1057","2011-03-14",45.16
"1058","2011-03-15",44.73
"1059","2011-03-16",43.720001
"1060","2011-03-17",43.610001
"1061","2011-03-18",43.779999
"1062","2011-03-21",44.490002
"1063","2011-03-22",44.43
"1064","2011-03-23",44.080002
"1065","2011-03-24",44.41
"1066","2011-03-25",44.540001
"1067","2011-03-28",44.23
"1068","2011-03-29",44.549999
"1069","2011-03-30",45.169998
"1070","2011-03-31",44.700001
"1071","2011-04-01",44.700001
"1072","2011-04-04",44.919998
"1073","2011-04-05",44.77
"1074","2011-04-06",45.029999
"1075","2011-04-07",44.950001
"1076","2011-04-08",44.82
"1077","2011-04-11",43.98
"1078","2011-04-12",43.599998
"1079","2011-04-13",43.549999
"1080","2011-04-14",44.029999
"1081","2011-04-15",44.470001
"1082","2011-04-18",44.099998
"1083","2011-04-19",44.310001
"1084","2011-04-20",44.48
"1085","2011-04-21",44.75
"1086","2011-04-25",45.09
"1087","2011-04-26",45.75
"1088","2011-04-27",46.060001
"1089","2011-04-28",46.330002
"1090","2011-04-29",46.419998
"1091","2011-05-02",46.540001
"1092","2011-05-03",46.73
"1093","2011-05-04",47.02
"1094","2011-05-05",46.540001
"1095","2011-05-06",46.919998
"1096","2011-05-09",47.009998
"1097","2011-05-10",47.639999
"1098","2011-05-11",47.650002
"1099","2011-05-12",48.150002
"1100","2011-05-13",47.990002
"1101","2011-05-16",47.869999
"1102","2011-05-17",48.330002
"1103","2011-05-18",47.970001
"1104","2011-05-19",48.200001
"1105","2011-05-20",48.279999
"1106","2011-05-23",47.939999
"1107","2011-05-24",47.91
"1108","2011-05-25",47.18
"1109","2011-05-26",47.34
"1110","2011-05-27",47.23
"1111","2011-05-31",47.720001
"1112","2011-06-01",47.119999
"1113","2011-06-02",47.27
"1114","2011-06-03",47.150002
"1115","2011-06-06",46.900002
"1116","2011-06-07",47.400002
"1117","2011-06-08",47.689999
"1118","2011-06-09",47.98
"1119","2011-06-10",47.529999
"1120","2011-06-13",47.830002
"1121","2011-06-14",47.689999
"1122","2011-06-15",47.099998
"1123","2011-06-16",47.259998
"1124","2011-06-17",47.66
"1125","2011-06-20",48.16
"1126","2011-06-21",48.23
"1127","2011-06-22",47.759998
"1128","2011-06-23",47.139999
"1129","2011-06-24",47.25
"1130","2011-06-27",47.700001
"1131","2011-06-28",47.799999
"1132","2011-06-29",48.099998
"1133","2011-06-30",48.27
"1134","2011-07-01",48.990002
"1135","2011-07-05",48.610001
"1136","2011-07-06",48.900002
"1137","2011-07-07",48.959999
"1138","2011-07-08",48.630001
"1139","2011-07-11",48.110001
"1140","2011-07-12",48.360001
"1141","2011-07-13",48.279999
"1142","2011-07-14",48.169998
"1143","2011-07-15",48.459999
"1144","2011-07-18",48
"1145","2011-07-19",48.689999
"1146","2011-07-20",49.259998
"1147","2011-07-21",50
"1148","2011-07-22",49.779999
"1149","2011-07-25",49.57
"1150","2011-07-26",49.299999
"1151","2011-07-27",49.049999
"1152","2011-07-28",48.990002
"1153","2011-07-29",48.450001
"1154","2011-08-01",48.59
"1155","2011-08-02",48.099998
"1156","2011-08-03",48.66
"1157","2011-08-04",47.77
"1158","2011-08-05",48.59
"1159","2011-08-08",45.939999
"1160","2011-08-09",46.77
"1161","2011-08-10",46.360001
"1162","2011-08-11",48.029999
"1163","2011-08-12",47.709999
"1164","2011-08-15",49.68
"1165","2011-08-16",49.689999
"1166","2011-08-17",50.119999
"1167","2011-08-18",49.080002
"1168","2011-08-19",47.990002
"1169","2011-08-22",48.25
"1170","2011-08-23",49.099998
"1171","2011-08-24",49.580002
"1172","2011-08-25",48.939999
"1173","2011-08-26",48.459999
"1174","2011-08-29",48.970001
"1175","2011-08-30",48.75
"1176","2011-08-31",48.740002
"1177","2011-09-01",48.59
"1178","2011-09-02",47.98
"1179","2011-09-06",47.889999
"1180","2011-09-07",48.200001
"1181","2011-09-08",48.150002
"1182","2011-09-09",47.189999
"1183","2011-09-12",47.470001
"1184","2011-09-13",47.779999
"1185","2011-09-14",48.540001
"1186","2011-09-15",49.459999
"1187","2011-09-16",49.84
"1188","2011-09-19",49.740002
"1189","2011-09-20",50.599998
"1190","2011-09-21",49.889999
"1191","2011-09-22",49.310001
"1192","2011-09-23",49.990002
"1193","2011-09-26",50.779999
"1194","2011-09-27",50.93
"1195","2011-09-28",50.419998
"1196","2011-09-29",51.25
"1197","2011-09-30",50.77
"1198","2011-10-03",49.84
"1199","2011-10-04",49.18
"1200","2011-10-05",49.509998
"1201","2011-10-06",50
"1202","2011-10-07",50.27
"1203","2011-10-10",51.200001
"1204","2011-10-11",50.580002
"1205","2011-10-12",50.169998
"1206","2011-10-13",50.040001
"1207","2011-10-14",50.490002
"1208","2011-10-17",50.02
"1209","2011-10-18",50.470001
"1210","2011-10-19",50.959999
"1211","2011-10-20",51.040001
"1212","2011-10-21",52.07
"1213","2011-10-24",51.400002
"1214","2011-10-25",50.700001
"1215","2011-10-26",51.150002
"1216","2011-10-27",52.009998
"1217","2011-10-28",51.369999
"1218","2011-10-31",51.59
"1219","2011-11-01",50.400002
"1220","2011-11-02",51.23
"1221","2011-11-03",51.700001
"1222","2011-11-04",51.560001
"1223","2011-11-07",52.450001
"1224","2011-11-08",52.639999
"1225","2011-11-09",51.279999
"1226","2011-11-10",51.349998
"1227","2011-11-11",52.060001
"1228","2011-11-14",51.73
"1229","2011-11-15",51.560001
"1230","2011-11-16",51.02
"1231","2011-11-17",50.84
"1232","2011-11-18",51.040001
"1233","2011-11-21",50.66
"1234","2011-11-22",50.040001
"1235","2011-11-23",49.310001
"1236","2011-11-25",49.509998
"1237","2011-11-28",50.110001
"1238","2011-11-29",50.849998
"1239","2011-11-30",51.619999
"1240","2011-12-01",51.349998
"1241","2011-12-02",50.560001
"1242","2011-12-05",50.5
"1243","2011-12-06",50.34
"1244","2011-12-07",50.5
"1245","2011-12-08",50.139999
"1246","2011-12-09",50.77
"1247","2011-12-12",50.310001
"1248","2011-12-13",50.48
"1249","2011-12-14",50.18
"1250","2011-12-15",50.779999
"1251","2011-12-16",50.650002
"1252","2011-12-19",50.360001
"1253","2011-12-20",52.119999
"1254","2011-12-21",52.790001
"1255","2011-12-22",52.720001
"1256","2011-12-23",52.950001
"1257","2011-12-27",53.43
"1258","2011-12-28",53.080002
"1259","2011-12-29",53.529999
"1260","2011-12-30",53.080002
"1261","2012-01-03",52.5
"1262","2012-01-04",52.07
"1263","2012-01-05",51.959999
"1264","2012-01-06",51.43
"1265","2012-01-09",51.360001
"1266","2012-01-10",51.290001
"1267","2012-01-11",51.169998
"1268","2012-01-12",50.93
"1269","2012-01-13",50.599998
"1270","2012-01-17",50.799999
"1271","2012-01-18",50.43
"1272","2012-01-19",50.299999
"1273","2012-01-20",50.57
"1274","2012-01-23",50.48
"1275","2012-01-24",50.310001
"1276","2012-01-25",51.110001
"1277","2012-01-26",50.849998
"1278","2012-01-27",49.560001
"1279","2012-01-30",49.34
"1280","2012-01-31",50.040001
"1281","2012-02-01",50.419998
"1282","2012-02-02",50.509998
"1283","2012-02-03",50.380001
"1284","2012-02-06",50.27
"1285","2012-02-07",50.419998
"1286","2012-02-08",50.200001
"1287","2012-02-09",49.860001
"1288","2012-02-10",49.91
"1289","2012-02-13",49.93
"1290","2012-02-14",50.23
"1291","2012-02-15",50.080002
"1292","2012-02-16",50.419998
"1293","2012-02-17",50.57
"1294","2012-02-21",50.139999
"1295","2012-02-22",50.470001
"1296","2012-02-23",50.939999
"1297","2012-02-24",51.32
"1298","2012-02-27",51.41
"1299","2012-02-28",51.25
"1300","2012-02-29",50.470001
"1301","2012-03-01",50.41
"1302","2012-03-02",50.52
"1303","2012-03-05",50.82
"1304","2012-03-06",50.52
"1305","2012-03-07",50.490002
"1306","2012-03-08",50.599998
"1307","2012-03-09",50.759998
"1308","2012-03-12",51.330002
"1309","2012-03-13",51.360001
"1310","2012-03-14",50.549999
"1311","2012-03-15",50.48
"1312","2012-03-16",50.32
"1313","2012-03-19",50.259998
"1314","2012-03-20",50.639999
"1315","2012-03-21",50.459999
"1316","2012-03-22",50.419998
"1317","2012-03-23",50.279999
"1318","2012-03-26",50.709999
"1319","2012-03-27",51.009998
"1320","2012-03-28",50.689999
"1321","2012-03-29",50.779999
"1322","2012-03-30",51.209999
"1323","2012-04-02",51.5
"1324","2012-04-03",51.540001
"1325","2012-04-04",51.59
"1326","2012-04-05",51.380001
"1327","2012-04-09",50.900002
"1328","2012-04-10",50.200001
"1329","2012-04-11",50.169998
"1330","2012-04-12",50.299999
"1331","2012-04-13",50.279999
"1332","2012-04-16",50.740002
"1333","2012-04-17",50.990002
"1334","2012-04-18",50.619999
"1335","2012-04-19",50.540001
"1336","2012-04-20",51.02
"1337","2012-04-23",50.849998
"1338","2012-04-24",50.810001
"1339","2012-04-25",51.240002
"1340","2012-04-26",51.889999
"1341","2012-04-27",52.07
"1342","2012-04-30",52.189999
"1343","2012-05-01",52.439999
"1344","2012-05-02",52.110001
"1345","2012-05-03",51.919998
"1346","2012-05-04",51.990002
"1347","2012-05-07",51.869999
"1348","2012-05-08",51.959999
"1349","2012-05-09",51.669998
"1350","2012-05-10",52.110001
"1351","2012-05-11",52.220001
"1352","2012-05-14",52.27
"1353","2012-05-15",52.299999
"1354","2012-05-16",52.509998
"1355","2012-05-17",51.889999
"1356","2012-05-18",52.290001
"1357","2012-05-21",52.23
"1358","2012-05-22",52.470001
"1359","2012-05-23",52.209999
"1360","2012-05-24",52.5
"1361","2012-05-25",52.549999
"1362","2012-05-29",52.5
"1363","2012-05-30",51.860001
"1364","2012-05-31",52.060001
"1365","2012-06-01",51.630001
"1366","2012-06-04",51.529999
"1367","2012-06-05",51.470001
"1368","2012-06-06",52.25
"1369","2012-06-07",52.740002
"1370","2012-06-08",53.23
"1371","2012-06-11",52.810001
"1372","2012-06-12",52.830002
"1373","2012-06-13",53.049999
"1374","2012-06-14",53.720001
"1375","2012-06-15",53.779999
"1376","2012-06-18",54.290001
"1377","2012-06-19",54.380001
"1378","2012-06-20",54.169998
"1379","2012-06-21",53.68
"1380","2012-06-22",53.610001
"1381","2012-06-25",53.34
"1382","2012-06-26",53.369999
"1383","2012-06-27",53.919998
"1384","2012-06-28",53.77
"1385","2012-06-29",54
"1386","2012-07-02",54.389999
"1387","2012-07-03",54.23
"1388","2012-07-05",53.779999
"1389","2012-07-06",53.830002
"1390","2012-07-09",53.77
"1391","2012-07-10",53.700001
"1392","2012-07-11",54.040001
"1393","2012-07-12",53.700001
"1394","2012-07-13",54.189999
"1395","2012-07-16",54.189999
"1396","2012-07-17",54.23
"1397","2012-07-18",54.369999
"1398","2012-07-19",54.189999
"1399","2012-07-20",53.959999
"1400","2012-07-23",53.5
"1401","2012-07-24",53.009998
"1402","2012-07-25",53.290001
"1403","2012-07-26",54.130001
"1404","2012-07-27",54.970001
"1405","2012-07-30",54.919998
"1406","2012-07-31",54.310001
"1407","2012-08-01",54.009998
"1408","2012-08-02",53.810001
"1409","2012-08-03",54.41
"1410","2012-08-06",54.330002
"1411","2012-08-07",53.98
"1412","2012-08-08",53.669998
"1413","2012-08-09",53.630001
"1414","2012-08-10",53.720001
"1415","2012-08-13",53.450001
"1416","2012-08-14",53.5
"1417","2012-08-15",53.810001
"1418","2012-08-16",53.950001
"1419","2012-08-17",53.919998
"1420","2012-08-20",54.119999
"1421","2012-08-21",53.799999
"1422","2012-08-22",53.610001
"1423","2012-08-23",53.139999
"1424","2012-08-24",53.490002
"1425","2012-08-27",54.049999
"1426","2012-08-28",53.950001
"1427","2012-08-29",52.970001
"1428","2012-08-30",52.52
"1429","2012-08-31",52.48
"1430","2012-09-04",52.509998
"1431","2012-09-05",52.5
"1432","2012-09-06",53.77
"1433","2012-09-07",53.16
"1434","2012-09-10",53.279999
"1435","2012-09-11",52.939999
"1436","2012-09-12",52.759998
"1437","2012-09-13",53.59
"1438","2012-09-14",52.82
"1439","2012-09-17",52.610001
"1440","2012-09-18",52.25
"1441","2012-09-19",52.360001
"1442","2012-09-20",52.720001
"1443","2012-09-21",52.700001
"1444","2012-09-24",53.110001
"1445","2012-09-25",52.650002
"1446","2012-09-26",52.889999
"1447","2012-09-27",52.810001
"1448","2012-09-28",52.939999
"1449","2012-10-01",52.810001
"1450","2012-10-02",53.23
"1451","2012-10-03",53.330002
"1452","2012-10-04",53.380001
"1453","2012-10-05",53.259998
"1454","2012-10-08",53.029999
"1455","2012-10-09",52.82
"1456","2012-10-10",53.220001
"1457","2012-10-11",53.029999
"1458","2012-10-12",52.68
"1459","2012-10-15",52.759998
"1460","2012-10-16",52.66
"1461","2012-10-17",53.349998
"1462","2012-10-18",53.580002
"1463","2012-10-19",53.509998
"1464","2012-10-22",52.959999
"1465","2012-10-23",52.689999
"1466","2012-10-24",52.450001
"1467","2012-10-25",51.950001
"1468","2012-10-26",52.07
"1469","2012-10-31",52.779999
"1470","2012-11-01",52.02
"1471","2012-11-02",51.700001
"1472","2012-11-05",50.93
"1473","2012-11-06",50.970001
"1474","2012-11-07",49.860001
"1475","2012-11-08",49.43
"1476","2012-11-09",49.330002
"1477","2012-11-12",49.189999
"1478","2012-11-13",50.209999
"1479","2012-11-14",49.889999
"1480","2012-11-15",49.68
"1481","2012-11-16",50.150002
"1482","2012-11-19",50.279999
"1483","2012-11-20",50.34
"1484","2012-11-21",50.16
"1485","2012-11-23",50.119999
"1486","2012-11-26",50.650002
"1487","2012-11-27",50.540001
"1488","2012-11-28",50.43
"1489","2012-11-29",50.669998
"1490","2012-11-30",51.110001
"1491","2012-12-03",50.75
"1492","2012-12-04",50.400002
"1493","2012-12-05",51.73
"1494","2012-12-06",51.540001
"1495","2012-12-07",51.689999
"1496","2012-12-10",51.59
"1497","2012-12-11",51.599998
"1498","2012-12-12",51.560001
"1499","2012-12-13",51.34
"1500","2012-12-14",51.189999
"1501","2012-12-17",51.959999
"1502","2012-12-18",52.23
"1503","2012-12-19",51.799999
"1504","2012-12-20",52.200001
"1505","2012-12-21",51.939999
"1506","2012-12-24",51.939999
"1507","2012-12-26",51.709999
"1508","2012-12-27",51.619999
"1509","2012-12-28",51.080002
"1510","2012-12-31",51.799999
"1511","2013-01-02",52.919998
"1512","2013-01-03",52.98
"1513","2013-01-04",53.540001
"1514","2013-01-07",52.66
"1515","2013-01-08",52.369999
"1516","2013-01-09",52.200001
"1517","2013-01-10",52.220001
"1518","2013-01-11",52.43
"1519","2013-01-14",52.389999
"1520","2013-01-15",52.529999
"1521","2013-01-16",52.400002
"1522","2013-01-17",52.41
"1523","2013-01-18",52.919998
"1524","2013-01-22",53.290001
"1525","2013-01-23",53.360001
"1526","2013-01-24",53.790001
"1527","2013-01-25",53.880001
"1528","2013-01-28",53.75
"1529","2013-01-29",54.360001
"1530","2013-01-30",54.52
"1531","2013-01-31",54.110001
"1532","2013-02-01",54.169998
"1533","2013-02-04",54.07
"1534","2013-02-05",54.310001
"1535","2013-02-06",54.349998
"1536","2013-02-07",54.310001
"1537","2013-02-08",54.310001
"1538","2013-02-11",54.330002
"1539","2013-02-12",54.630001
"1540","2013-02-13",54.689999
"1541","2013-02-14",54.470001
"1542","2013-02-15",54.919998
"1543","2013-02-19",55.59
"1544","2013-02-20",55.889999
"1545","2013-02-21",55.700001
"1546","2013-02-22",56.380001
"1547","2013-02-25",55.709999
"1548","2013-02-26",55.279999
"1549","2013-02-27",55.810001
"1550","2013-02-28",56
"1551","2013-03-01",56.419998
"1552","2013-03-04",56.41
"1553","2013-03-05",56.509998
"1554","2013-03-06",56.459999
"1555","2013-03-07",55.869999
"1556","2013-03-08",55.869999
"1557","2013-03-11",56.299999
"1558","2013-03-12",56.02
"1559","2013-03-13",56.34
"1560","2013-03-14",56.349998
"1561","2013-03-15",56.790001
"1562","2013-03-18",56.43
"1563","2013-03-19",56.740002
"1564","2013-03-20",57.200001
"1565","2013-03-21",56.919998
"1566","2013-03-22",56.77
"1567","2013-03-25",56.860001
"1568","2013-03-26",57.59
"1569","2013-03-27",57.529999
"1570","2013-03-28",58.18
"1571","2013-04-01",58.189999
"1572","2013-04-02",58.619999
"1573","2013-04-03",58.75
"1574","2013-04-04",59.490002
"1575","2013-04-05",59.630001
"1576","2013-04-08",60.07
"1577","2013-04-09",59.849998
"1578","2013-04-10",60.169998
"1579","2013-04-11",59.990002
"1580","2013-04-12",60.119999
"1581","2013-04-15",59.27
"1582","2013-04-16",59.82
"1583","2013-04-17",59.330002
"1584","2013-04-18",59.799999
"1585","2013-04-19",61.07
"1586","2013-04-22",60.959999
"1587","2013-04-23",61.009998
"1588","2013-04-24",61.119999
"1589","2013-04-25",60.75
"1590","2013-04-26",61.009998
"1591","2013-04-29",61.209999
"1592","2013-04-30",61.68
"1593","2013-05-01",61.139999
"1594","2013-05-02",61.110001
"1595","2013-05-03",60.91
"1596","2013-05-06",60.470001
"1597","2013-05-07",60.93
"1598","2013-05-08",60.5
"1599","2013-05-09",59.450001
"1600","2013-05-10",59.75
"1601","2013-05-13",59.689999
"1602","2013-05-14",60.459999
"1603","2013-05-15",60.66
"1604","2013-05-16",60.380001
"1605","2013-05-17",61.169998
"1606","2013-05-20",60.75
"1607","2013-05-21",60.689999
"1608","2013-05-22",59.259998
"1609","2013-05-23",58.950001
"1610","2013-05-24",57.619999
"1611","2013-05-28",57.73
"1612","2013-05-29",57.07
"1613","2013-05-30",57.09
"1614","2013-05-31",56.549999
"1615","2013-06-03",55.549999
"1616","2013-06-04",55.66
"1617","2013-06-05",54.560001
"1618","2013-06-06",55.299999
"1619","2013-06-07",55.639999
"1620","2013-06-10",55.790001
"1621","2013-06-11",55.330002
"1622","2013-06-12",55.32
"1623","2013-06-13",56.400002
"1624","2013-06-14",56.040001
"1625","2013-06-17",56.73
"1626","2013-06-18",57
"1627","2013-06-19",55.740002
"1628","2013-06-20",54.240002
"1629","2013-06-21",55.009998
"1630","2013-06-24",55.200001
"1631","2013-06-25",55.869999
"1632","2013-06-26",56.290001
"1633","2013-06-27",56.48
"1634","2013-06-28",56.82
"1635","2013-07-01",56.240002
"1636","2013-07-02",56.380001
"1637","2013-07-03",56.34
"1638","2013-07-05",56.25
"1639","2013-07-08",56.880001
"1640","2013-07-09",57.34
"1641","2013-07-10",57.389999
"1642","2013-07-11",58.560001
"1643","2013-07-12",58.799999
"1644","2013-07-15",59.720001
"1645","2013-07-16",59.439999
"1646","2013-07-17",59.48
"1647","2013-07-18",60.16
"1648","2013-07-19",59.68
"1649","2013-07-22",59.790001
"1650","2013-07-23",59.860001
"1651","2013-07-24",58.849998
"1652","2013-07-25",59.360001
"1653","2013-07-26",59.52
"1654","2013-07-29",59.360001
"1655","2013-07-30",59.400002
"1656","2013-07-31",59.310001
"1657","2013-08-01",59.439999
"1658","2013-08-02",59.43
"1659","2013-08-05",59.599998
"1660","2013-08-06",59.32
"1661","2013-08-07",59.869999
"1662","2013-08-08",60.290001
"1663","2013-08-09",60.330002
"1664","2013-08-12",60.07
"1665","2013-08-13",60.25
"1666","2013-08-14",58.860001
"1667","2013-08-15",57.91
"1668","2013-08-16",57.439999
"1669","2013-08-19",57.380001
"1670","2013-08-20",57.880001
"1671","2013-08-21",57.290001
"1672","2013-08-22",57.759998
"1673","2013-08-23",58.860001
"1674","2013-08-26",58.34
"1675","2013-08-27",58.509998
"1676","2013-08-28",58.740002
"1677","2013-08-29",58.529999
"1678","2013-08-30",58.349998
"1679","2013-09-03",57.779999
"1680","2013-09-04",57.619999
"1681","2013-09-05",57.509998
"1682","2013-09-06",57.529999
"1683","2013-09-09",58.02
"1684","2013-09-10",58.41
"1685","2013-09-11",58.610001
"1686","2013-09-12",59.779999
"1687","2013-09-13",61.279999
"1688","2013-09-16",61.110001
"1689","2013-09-17",61.75
"1690","2013-09-18",63.389999
"1691","2013-09-19",63.209999
"1692","2013-09-20",62.27
"1693","2013-09-23",62.639999
"1694","2013-09-24",62.450001
"1695","2013-09-25",62.419998
"1696","2013-09-26",62.810001
"1697","2013-09-27",62.43
"1698","2013-09-30",62.48
"1699","2013-10-01",62.509998
"1700","2013-10-02",62.34
"1701","2013-10-03",61.959999
"1702","2013-10-04",62.220001
"1703","2013-10-07",61.650002
"1704","2013-10-08",61.610001
"1705","2013-10-09",61.509998
"1706","2013-10-10",62.59
"1707","2013-10-11",62.950001
"1708","2013-10-14",62.610001
"1709","2013-10-15",61.799999
"1710","2013-10-16",63.169998
"1711","2013-10-17",63.849998
"1712","2013-10-18",63.68
"1713","2013-10-21",63.619999
"1714","2013-10-22",64.349998
"1715","2013-10-23",64.230003
"1716","2013-10-24",64.160004
"1717","2013-10-25",64.660004
"1718","2013-10-28",64.339996
"1719","2013-10-29",64.699997
"1720","2013-10-30",64.029999
"1721","2013-10-31",63.75
"1722","2013-11-01",64.089996
"1723","2013-11-04",63.990002
"1724","2013-11-05",64.57
"1725","2013-11-06",66.029999
"1726","2013-11-07",65.339996
"1727","2013-11-08",65.410004
"1728","2013-11-11",65.879997
"1729","2013-11-12",65.650002
"1730","2013-11-13",66.330002
"1731","2013-11-14",67.059998
"1732","2013-11-15",67.519997
"1733","2013-11-18",67.800003
"1734","2013-11-19",67.720001
"1735","2013-11-20",66.629997
"1736","2013-11-21",66.739998
"1737","2013-11-22",66.620003
"1738","2013-11-25",66.349998
"1739","2013-11-26",65.900002
"1740","2013-11-27",65.050003
"1741","2013-11-29",64.910004
"1742","2013-12-02",64.309998
"1743","2013-12-03",64.790001
"1744","2013-12-04",64.129997
"1745","2013-12-05",63.450001
"1746","2013-12-06",64.419998
"1747","2013-12-09",63.740002
"1748","2013-12-10",63.5
"1749","2013-12-11",63.25
"1750","2013-12-12",63.5
"1751","2013-12-13",63.580002
"1752","2013-12-16",63.860001
"1753","2013-12-17",63.880001
"1754","2013-12-18",64.779999
"1755","2013-12-19",64.5
"1756","2013-12-20",64.550003
"1757","2013-12-23",64.120003
"1758","2013-12-24",64.650002
"1759","2013-12-26",64.43
"1760","2013-12-27",64.410004
"1761","2013-12-30",64.389999
"1762","2013-12-31",64.690002
"1763","2014-01-02",63.580002
"1764","2014-01-03",63.509998
"1765","2014-01-06",63.52
"1766","2014-01-07",64.690002
"1767","2014-01-08",64.760002
"1768","2014-01-09",66.32
"1769","2014-01-10",67.779999
"1770","2014-01-13",67.169998
"1771","2014-01-14",67.110001
"1772","2014-01-15",66.629997
"1773","2014-01-16",66.480003
"1774","2014-01-17",66.290001
"1775","2014-01-21",66.879997
"1776","2014-01-22",67.120003
"1777","2014-01-23",66.400002
"1778","2014-01-24",65.93
"1779","2014-01-27",66.419998
"1780","2014-01-28",66.260002
"1781","2014-01-29",66.279999
"1782","2014-01-30",67.050003
"1783","2014-01-31",67.910004
"1784","2014-02-03",67.120003
"1785","2014-02-04",65.849998
"1786","2014-02-05",65.699997
"1787","2014-02-06",65.93
"1788","2014-02-07",66.93
"1789","2014-02-10",68.489998
"1790","2014-02-11",69.139999
"1791","2014-02-12",69.360001
"1792","2014-02-13",70.690002
"1793","2014-02-14",71.110001
"1794","2014-02-18",70.860001
"1795","2014-02-19",70.639999
"1796","2014-02-20",71.5
"1797","2014-02-21",71.389999
"1798","2014-02-24",71.290001
"1799","2014-02-25",71.260002
"1800","2014-02-26",69.760002
"1801","2014-02-27",69.580002
"1802","2014-02-28",69.400002
"1803","2014-03-03",68.589996
"1804","2014-03-04",69.290001
"1805","2014-03-05",68.519997
"1806","2014-03-06",67.970001
"1807","2014-03-07",68.440002
"1808","2014-03-10",68.349998
"1809","2014-03-11",68.050003
"1810","2014-03-12",68.980003
"1811","2014-03-13",69.5
"1812","2014-03-14",69.889999
"1813","2014-03-17",70.599998
"1814","2014-03-18",70.5
"1815","2014-03-19",69.830002
"1816","2014-03-20",69.769997
"1817","2014-03-21",70.059998
"1818","2014-03-24",69.769997
"1819","2014-03-25",70.07
"1820","2014-03-26",70.360001
"1821","2014-03-27",70.949997
"1822","2014-03-28",71.089996
"1823","2014-03-31",70.989998
"1824","2014-04-01",70.400002
"1825","2014-04-02",70.279999
"1826","2014-04-03",69.769997
"1827","2014-04-04",69.620003
"1828","2014-04-07",69.190002
"1829","2014-04-08",70.480003
"1830","2014-04-09",70.300003
"1831","2014-04-10",69.580002
"1832","2014-04-11",69.419998
"1833","2014-04-14",70.230003
"1834","2014-04-15",70.57
"1835","2014-04-16",71.529999
"1836","2014-04-17",70.669998
"1837","2014-04-21",70.730003
"1838","2014-04-22",70.870003
"1839","2014-04-23",71.059998
"1840","2014-04-24",71.519997
"1841","2014-04-25",72.330002
"1842","2014-04-28",72.739998
"1843","2014-04-29",72.459999
"1844","2014-04-30",72.540001
"1845","2014-05-01",72.480003
"1846","2014-05-02",70.860001
"1847","2014-05-05",71.160004
"1848","2014-05-06",70.639999
"1849","2014-05-07",72.209999
"1850","2014-05-08",71.080002
"1851","2014-05-09",69.860001
"1852","2014-05-12",69.330002
"1853","2014-05-13",69.800003
"1854","2014-05-14",70.57
"1855","2014-05-15",70.080002
"1856","2014-05-16",70.330002
"1857","2014-05-19",69.040001
"1858","2014-05-20",68.919998
"1859","2014-05-21",68.959999
"1860","2014-05-22",69.82
"1861","2014-05-23",69.32
"1862","2014-05-27",69.419998
"1863","2014-05-28",68.349998
"1864","2014-05-29",68.519997
"1865","2014-05-30",68.959999
"1866","2014-06-02",69.599998
"1867","2014-06-03",69.870003
"1868","2014-06-04",70.050003
"1869","2014-06-05",70.230003
"1870","2014-06-06",69.849998
"1871","2014-06-09",69.010002
"1872","2014-06-10",68.629997
"1873","2014-06-11",67.709999
"1874","2014-06-12",68.029999
"1875","2014-06-13",68.440002
"1876","2014-06-16",68.5
"1877","2014-06-17",68.480003
"1878","2014-06-18",69.949997
"1879","2014-06-19",71
"1880","2014-06-20",70.379997
"1881","2014-06-23",70.040001
"1882","2014-06-24",70.339996
"1883","2014-06-25",69.760002
"1884","2014-06-26",71.129997
"1885","2014-06-27",70.82
"1886","2014-06-30",71.519997
"1887","2014-07-01",71.160004
"1888","2014-07-02",69.639999
"1889","2014-07-03",68.660004
"1890","2014-07-07",68.860001
"1891","2014-07-08",69.150002
"1892","2014-07-09",69.199997
"1893","2014-07-10",69.980003
"1894","2014-07-11",69.5
"1895","2014-07-14",68.900002
"1896","2014-07-15",69.519997
"1897","2014-07-16",69.769997
"1898","2014-07-17",69.139999
"1899","2014-07-18",70.160004
"1900","2014-07-21",70.019997
"1901","2014-07-22",69.940002
"1902","2014-07-23",70.209999
"1903","2014-07-24",70.339996
"1904","2014-07-25",69.860001
"1905","2014-07-28",70.879997
"1906","2014-07-29",69.93
"1907","2014-07-30",68.970001
"1908","2014-07-31",67.639999
"1909","2014-08-01",67.589996
"1910","2014-08-04",67.029999
"1911","2014-08-05",66.010002
"1912","2014-08-06",64.910004
"1913","2014-08-07",65.760002
"1914","2014-08-08",67.849998
"1915","2014-08-11",67.550003
"1916","2014-08-12",67.489998
"1917","2014-08-13",67.769997
"1918","2014-08-14",68.290001
"1919","2014-08-15",68.900002
"1920","2014-08-18",68.68
"1921","2014-08-19",69.589996
"1922","2014-08-20",69.650002
"1923","2014-08-21",69.690002
"1924","2014-08-22",69.510002
"1925","2014-08-25",70.089996
"1926","2014-08-26",69.43
"1927","2014-08-27",69.480003
"1928","2014-08-28",69.849998
"1929","2014-08-29",70.220001
"1930","2014-09-02",69.470001
"1931","2014-09-03",69.660004
"1932","2014-09-04",70.269997
"1933","2014-09-05",71.290001
"1934","2014-09-08",70.849998
"1935","2014-09-09",69.870003
"1936","2014-09-10",69.529999
"1937","2014-09-11",69.919998
"1938","2014-09-12",68.580002
"1939","2014-09-15",68.660004
"1940","2014-09-16",69.339996
"1941","2014-09-17",69.050003
"1942","2014-09-18",68.519997
"1943","2014-09-19",68.919998
"1944","2014-09-22",68.300003
"1945","2014-09-23",68.300003
"1946","2014-09-24",68.110001
"1947","2014-09-25",67.629997
"1948","2014-09-26",68.029999
"1949","2014-09-29",68.480003
"1950","2014-09-30",69.089996
"1951","2014-10-01",69.260002
"1952","2014-10-02",69.32
"1953","2014-10-03",70.040001
"1954","2014-10-06",70.07
"1955","2014-10-07",70.190002
"1956","2014-10-08",72.120003
"1957","2014-10-09",70.43
"1958","2014-10-10",70.620003
"1959","2014-10-13",69.989998
"1960","2014-10-14",68.18
"1961","2014-10-15",66.330002
"1962","2014-10-16",67.980003
"1963","2014-10-17",68.730003
"1964","2014-10-20",69.470001
"1965","2014-10-21",70.010002
"1966","2014-10-22",70.029999
"1967","2014-10-23",70.099998
"1968","2014-10-24",70.720001
"1969","2014-10-27",70.360001
"1970","2014-10-28",70.709999
"1971","2014-10-29",70.169998
"1972","2014-10-30",71.580002
"1973","2014-10-31",71.300003
"1974","2014-11-03",72.559998
"1975","2014-11-04",71.82
"1976","2014-11-05",74.18
"1977","2014-11-06",73.080002
"1978","2014-11-07",73.889999
"1979","2014-11-10",74.360001
"1980","2014-11-11",73.910004
"1981","2014-11-12",72.709999
"1982","2014-11-13",72.260002
"1983","2014-11-14",71.57
"1984","2014-11-17",72.160004
"1985","2014-11-18",72.199997
"1986","2014-11-19",72.459999
"1987","2014-11-20",72.669998
"1988","2014-11-21",73.25
"1989","2014-11-24",73.050003
"1990","2014-11-25",72.629997
"1991","2014-11-26",72.529999
"1992","2014-11-28",72.550003
"1993","2014-12-01",72.279999
"1994","2014-12-02",72.839996
"1995","2014-12-03",72.580002
"1996","2014-12-04",72.739998
"1997","2014-12-05",72.150002
"1998","2014-12-08",72.349998
"1999","2014-12-09",72.510002
"2000","2014-12-10",71.88
"2001","2014-12-11",73.37
"2002","2014-12-12",72.72
"2003","2014-12-15",71.98
"2004","2014-12-16",71.79
"2005","2014-12-17",73.97
"2006","2014-12-18",75.33
"2007","2014-12-19",75.4
"2008","2014-12-22",76.51
"2009","2014-12-23",76.9
"2010","2014-12-24",78.38
"2011","2014-12-26",79.28
"2012","2014-12-29",80.23
"2013","2014-12-30",78.3
"2014","2014-12-31",76.9
"2015","2015-01-02",77.49
"2016","2015-01-05",76.55
"2017","2015-01-06",76.16
"2018","2015-01-07",76.47
"2019","2015-01-08",77.37
"2020","2015-01-09",76.5
"2021","2015-01-12",76.5
"2022","2015-01-13",76.44
"2023","2015-01-14",76.45
"2024","2015-01-15",77.17
"2025","2015-01-16",77.76
"2026","2015-01-20",78.37
"2027","2015-01-21",79.27
"2028","2015-01-22",78.72
"2029","2015-01-23",79.09
"2030","2015-01-26",78.93
"2031","2015-01-27",78.98
"2032","2015-01-28",77.85
"2033","2015-01-29",79.14
"2034","2015-01-30",76.89
"2035","2015-02-02",77.72
"2036","2015-02-03",78.58
"2037","2015-02-04",77.63
"2038","2015-02-05",78.69
"2039","2015-02-06",75.71
"2040","2015-02-09",75.23
"2041","2015-02-10",76.66
"2042","2015-02-11",74.12
"2043","2015-02-12",73.72
"2044","2015-02-13",72.91
"2045","2015-02-17",73.18
"2046","2015-02-18",74.67
"2047","2015-02-19",73.79
"2048","2015-02-20",73.99
"2049","2015-02-23",73.9
"2050","2015-02-24",74.06
"2051","2015-02-25",72.71
"2052","2015-02-26",71.95
"2053","2015-02-27",72.09
"2054","2015-03-02",70.32
"2055","2015-03-03",70.97
"2056","2015-03-04",70.61
"2057","2015-03-05",71.18
"2058","2015-03-06",69.58
"2059","2015-03-09",69.57
"2060","2015-03-10",69.26
"2061","2015-03-11",68.75
"2062","2015-03-12",69.82
"2063","2015-03-13",68.96
"2064","2015-03-16",69.98
"2065","2015-03-17",69.99
"2066","2015-03-18",71.92
"2067","2015-03-19",71.6
"2068","2015-03-20",72.19
"2069","2015-03-23",72.2
"2070","2015-03-24",71.46
"2071","2015-03-25",70.7
"2072","2015-03-26",70.36
"2073","2015-03-27",70.39
"2074","2015-03-30",71.14
"2075","2015-03-31",70.87
"2076","2015-04-01",71.51
"2077","2015-04-02",71.58
"2078","2015-04-06",72.71
"2079","2015-04-07",71.95
"2080","2015-04-08",71.75
"2081","2015-04-09",71.37
"2082","2015-04-10",71.9
"2083","2015-04-13",71.09
"2084","2015-04-14",71.63
"2085","2015-04-15",72.42
"2086","2015-04-16",71.8
"2087","2015-04-17",71.47
"2088","2015-04-20",72.75
"2089","2015-04-21",72.09
"2090","2015-04-22",72.52
"2091","2015-04-23",73.2
"2092","2015-04-24",73.54
"2093","2015-04-27",72.57
"2094","2015-04-28",72.74
"2095","2015-04-29",72.3
"2096","2015-04-30",71.68
"2097","2015-05-01",71.7
"2098","2015-05-04",71.76
"2099","2015-05-05",70.82
"2100","2015-05-06",70.71
"2101","2015-05-07",70.93
"2102","2015-05-08",71.79
"2103","2015-05-11",71.01
"2104","2015-05-12",71.09
"2105","2015-05-13",70.9
"2106","2015-05-14",71.6
"2107","2015-05-15",72.19
"2108","2015-05-18",72.26
"2109","2015-05-19",72.19
"2110","2015-05-20",71.89
"2111","2015-05-21",72.02
"2112","2015-05-22",71.97
"2113","2015-05-26",71.51
"2114","2015-05-27",70.83
"2115","2015-05-28",70.97
"2116","2015-05-29",70.52
"2117","2015-06-01",70.5
"2118","2015-06-02",69.59
"2119","2015-06-03",68.43
"2120","2015-06-04",67.88
"2121","2015-06-05",67.14
"2122","2015-06-08",66.93
"2123","2015-06-09",66.83
"2124","2015-06-10",66.85
"2125","2015-06-11",67.27
"2126","2015-06-12",66.8
"2127","2015-06-15",67.1
"2128","2015-06-16",67.37
"2129","2015-06-17",68
"2130","2015-06-18",68.85
"2131","2015-06-19",68.05
"2132","2015-06-22",68.26
"2133","2015-06-23",67.56
"2134","2015-06-24",67.65
"2135","2015-06-25",67.04
"2136","2015-06-26",67.27
"2137","2015-06-29",67.29
"2138","2015-06-30",66.87
"2139","2015-07-01",67.07
"2140","2015-07-02",67.9
"2141","2015-07-06",67.85
"2142","2015-07-07",69.33
"2143","2015-07-08",69.43
"2144","2015-07-09",68.65
"2145","2015-07-10",68.96
"2146","2015-07-13",69.09
"2147","2015-07-14",69.2
"2148","2015-07-15",69.52
"2149","2015-07-16",70.18
"2150","2015-07-17",69.65
"2151","2015-07-20",69.29
"2152","2015-07-21",68.77
"2153","2015-07-22",68.73
"2154","2015-07-23",68.23
"2155","2015-07-24",68.59
"2156","2015-07-27",69.14
"2157","2015-07-28",70.13
"2158","2015-07-29",70.65
"2159","2015-07-30",71.05
"2160","2015-07-31",71.7
"2161","2015-08-03",71.72
"2162","2015-08-04",70.25
"2163","2015-08-05",71.16
"2164","2015-08-06",71.33
"2165","2015-08-07",72.34
"2166","2015-08-10",72.35
"2167","2015-08-11",72.68
"2168","2015-08-12",74.49
"2169","2015-08-13",74.93
"2170","2015-08-14",75.37
"2171","2015-08-17",76.22
"2172","2015-08-18",76.09
"2173","2015-08-19",76.14
"2174","2015-08-20",75.72
"2175","2015-08-21",75.4
"2176","2015-08-24",72.36
"2177","2015-08-25",70.23
"2178","2015-08-26",70.62
"2179","2015-08-27",71.21
"2180","2015-08-28",71.03
"2181","2015-08-31",69.75
"2182","2015-09-01",67.8
"2183","2015-09-02",68.09
"2184","2015-09-03",68.09
"2185","2015-09-04",67.23
"2186","2015-09-08",68.72
"2187","2015-09-09",68.08
"2188","2015-09-10",67.27
"2189","2015-09-11",67.76
"2190","2015-09-14",68.11
"2191","2015-09-15",68.08
"2192","2015-09-16",68.75
"2193","2015-09-17",69.46
"2194","2015-09-18",69
"2195","2015-09-21",69.32
"2196","2015-09-22",69.08
"2197","2015-09-23",69.22
"2198","2015-09-24",69.42
"2199","2015-09-25",70.06
"2200","2015-09-28",69.43
"2201","2015-09-29",69.29
"2202","2015-09-30",70.38
"2203","2015-10-01",69.16
"2204","2015-10-02",69.35
"2205","2015-10-05",70.32
"2206","2015-10-06",69.78
"2207","2015-10-07",69.78
"2208","2015-10-08",70.71
"2209","2015-10-09",71.02
"2210","2015-10-12",72
"2211","2015-10-13",71.9
"2212","2015-10-14",72.09
"2213","2015-10-15",72.8
"2214","2015-10-16",73.14
"2215","2015-10-19",73.37
"2216","2015-10-20",73.69
"2217","2015-10-21",73.92
"2218","2015-10-22",74.49
"2219","2015-10-23",73.08
"2220","2015-10-26",72.84
"2221","2015-10-27",72.36
"2222","2015-10-28",71.52
"2223","2015-10-29",70.88
"2224","2015-10-30",71.43
"2225","2015-11-02",70.73
"2226","2015-11-03",70.71
"2227","2015-11-04",70.57
"2228","2015-11-05",70.24
"2229","2015-11-06",67.85
"2230","2015-11-09",67.73
"2231","2015-11-10",67.8
"2232","2015-11-11",68.31
"2233","2015-11-12",67.91
"2234","2015-11-13",68.2
"2235","2015-11-16",69.26
"2236","2015-11-17",68.3
"2237","2015-11-18",68.48
"2238","2015-11-19",68.82
"2239","2015-11-20",69
"2240","2015-11-23",67.58
"2241","2015-11-24",67.48
"2242","2015-11-25",67.22
"2243","2015-11-27",67.37
"2244","2015-11-30",67.37
"2245","2015-12-01",67.41
"2246","2015-12-02",66.14
"2247","2015-12-03",65.17
"2248","2015-12-04",66.6
"2249","2015-12-07",66.14
"2250","2015-12-08",65.91
"2251","2015-12-09",66.19
"2252","2015-12-10",65.2
"2253","2015-12-11",64.89
"2254","2015-12-14",65.4
"2255","2015-12-15",66.15
"2256","2015-12-16",67.57
"2257","2015-12-17",67.54
"2258","2015-12-18",66.9
"2259","2015-12-21",66.56
"2260","2015-12-22",67.14
"2261","2015-12-23",68.08
"2262","2015-12-24",67.77
"2263","2015-12-28",67.86
"2264","2015-12-29",68.64
"2265","2015-12-30",68.68
"2266","2015-12-31",67.64
"2267","2016-01-04",67.47
"2268","2016-01-05",68.05
"2269","2016-01-06",68.47
"2270","2016-01-07",68.51
"2271","2016-01-08",69.52
"2272","2016-01-11",69.41
"2273","2016-01-12",68.9
"2274","2016-01-13",69.02
"2275","2016-01-14",69.67
"2276","2016-01-15",68.88
"2277","2016-01-19",69.9
"2278","2016-01-20",68.73
"2279","2016-01-21",68.49
"2280","2016-01-22",69.76
"2281","2016-01-25",69.56
"2282","2016-01-26",69.72
"2283","2016-01-27",69.71
"2284","2016-01-28",70.94
"2285","2016-01-29",72.17
"2286","2016-02-01",70.18
"2287","2016-02-02",69.89
"2288","2016-02-03",69.93
"2289","2016-02-04",70.43
"2290","2016-02-05",71.06
"2291","2016-02-08",69.49
"2292","2016-02-09",70.43
"2293","2016-02-10",70.29
"2294","2016-02-11",69.21
"2295","2016-02-12",68.94
"2296","2016-02-16",69.15
"2297","2016-02-17",69.77
"2298","2016-02-18",69.75
"2299","2016-02-19",69.46
"2300","2016-02-22",70.74
"2301","2016-02-23",70.88
"2302","2016-02-24",71.22
"2303","2016-02-25",71.83
"2304","2016-02-26",70.02
"2305","2016-02-29",69.92
"2306","2016-03-01",69.95
"2307","2016-03-02",68.77
"2308","2016-03-03",69.99
"2309","2016-03-04",70.62
"2310","2016-03-07",71.22
"2311","2016-03-08",71.72
"2312","2016-03-09",72.1
"2313","2016-03-10",71.59
"2314","2016-03-11",72.22
"2315","2016-03-14",72.34
"2316","2016-03-15",72.99
"2317","2016-03-16",73.56
"2318","2016-03-17",74.55
"2319","2016-03-18",73.46
"2320","2016-03-21",73.63
"2321","2016-03-22",72.96
"2322","2016-03-23",73.51
"2323","2016-03-24",73.42
"2324","2016-03-28",73.15
"2325","2016-03-29",74.64
"2326","2016-03-30",74.75
"2327","2016-03-31",75.12
"2328","2016-04-01",75.39
"2329","2016-04-04",74.58
"2330","2016-04-05",73.05
"2331","2016-04-06",72.75
"2332","2016-04-07",72.97
"2333","2016-04-08",73.04
"2334","2016-04-11",72.87
"2335","2016-04-12",73.22
"2336","2016-04-13",72.8
"2337","2016-04-14",72.7
"2338","2016-04-15",73.05
"2339","2016-04-18",72.87
"2340","2016-04-19",72.82
"2341","2016-04-20",71.08
"2342","2016-04-21",69.51
"2343","2016-04-22",70.06
"2344","2016-04-25",70.2
"2345","2016-04-26",69.9
"2346","2016-04-27",70.75
"2347","2016-04-28",71.03
"2348","2016-04-29",71.47
"2349","2016-05-02",72.1
"2350","2016-05-03",71.94
"2351","2016-05-04",72.78
"2352","2016-05-05",71.99
"2353","2016-05-06",71.27
"2354","2016-05-09",71.48
"2355","2016-05-10",71.52
"2356","2016-05-11",71.72
"2357","2016-05-12",72.28
"2358","2016-05-13",72.09
"2359","2016-05-16",72.22
"2360","2016-05-17",71.08
"2361","2016-05-18",69.61
"2362","2016-05-19",70.88
"2363","2016-05-20",70.98
"2364","2016-05-23",70.14
"2365","2016-05-24",70.78
"2366","2016-05-25",70.94
"2367","2016-05-26",71.57
"2368","2016-05-27",71.61
"2369","2016-05-31",72.25
"2370","2016-06-01",71.68
"2371","2016-06-02",71.49
"2372","2016-06-03",72.97
"2373","2016-06-06",72.77
"2374","2016-06-07",72.5
"2375","2016-06-08",72.95
"2376","2016-06-09",73.74
"2377","2016-06-10",73.35
"2378","2016-06-13",73.39
"2379","2016-06-14",73.67
"2380","2016-06-15",73.68
"2381","2016-06-16",73.89
"2382","2016-06-17",74.12
"2383","2016-06-20",74.36
"2384","2016-06-21",74.35
"2385","2016-06-22",73.79
"2386","2016-06-23",73.95
"2387","2016-06-24",74.17
"2388","2016-06-27",74.95
"2389","2016-06-28",76.44
"2390","2016-06-29",76.41
"2391","2016-06-30",77.93
"2392","2016-07-01",77.86
"2393","2016-07-05",78.45
"2394","2016-07-06",78.92
"2395","2016-07-07",77.47
"2396","2016-07-08",78.19
"2397","2016-07-11",78.15
"2398","2016-07-12",77.41
"2399","2016-07-13",77.77
"2400","2016-07-14",77.14
"2401","2016-07-15",77.53
"2402","2016-07-18",77.82
"2403","2016-07-19",77.83
"2404","2016-07-20",77.3
"2405","2016-07-21",77.6
"2406","2016-07-22",78.51
"2407","2016-07-25",78.61
"2408","2016-07-26",77.53
"2409","2016-07-27",76.52
"2410","2016-07-28",76.94
"2411","2016-07-29",78.02
"2412","2016-08-01",77.58
"2413","2016-08-02",77.37
"2414","2016-08-03",76.75
"2415","2016-08-04",76.42
"2416","2016-08-05",75.37
"2417","2016-08-08",74.99
"2418","2016-08-09",74.73
"2419","2016-08-10",75.01
"2420","2016-08-11",75.4
"2421","2016-08-12",75.96
"2422","2016-08-15",75
"2423","2016-08-16",74.68
"2424","2016-08-17",76.65
"2425","2016-08-18",76.86
"2426","2016-08-19",75.8
"2427","2016-08-22",76.28
"2428","2016-08-23",75.83
"2429","2016-08-24",76.12
"2430","2016-08-25",76.24
"2431","2016-08-26",74.74
"2432","2016-08-29",75.69
"2433","2016-08-30",74.95
"2434","2016-08-31",74.16
"2435","2016-09-01",74.06
"2436","2016-09-02",74.75
"2437","2016-09-06",75.5
"2438","2016-09-07",75.39
"2439","2016-09-08",75.51
"2440","2016-09-09",72.5
"2441","2016-09-12",74.05
"2442","2016-09-13",73.52
"2443","2016-09-14",73.79
"2444","2016-09-15",74.45
"2445","2016-09-16",75.06
"2446","2016-09-19",75.9
"2447","2016-09-20",75.63
"2448","2016-09-21",76.75
"2449","2016-09-22",77.04
"2450","2016-09-23",77.01
"2451","2016-09-26",76.6
"2452","2016-09-27",75.78
"2453","2016-09-28",75.84
"2454","2016-09-29",74.75
"2455","2016-09-30",74.27
"2456","2016-10-03",73.28
"2457","2016-10-04",72.15
"2458","2016-10-05",71.88
"2459","2016-10-06",71.91
"2460","2016-10-07",71.5
"2461","2016-10-10",72.22
"2462","2016-10-11",71.69
"2463","2016-10-12",72.16
"2464","2016-10-13",73.31
"2465","2016-10-14",72.78
"2466","2016-10-17",72.83
"2467","2016-10-18",73.37
"2468","2016-10-19",73.21
"2469","2016-10-20",73.11
"2470","2016-10-21",72.84
"2471","2016-10-24",73.12
"2472","2016-10-25",73.4
"2473","2016-10-26",73.83
"2474","2016-10-27",73.3
"2475","2016-10-28",73.49
"2476","2016-10-31",75.2
"2477","2016-11-01",74.46
"2478","2016-11-02",74.1
"2479","2016-11-03",74.35
"2480","2016-11-04",73.79
"2481","2016-11-07",74.72
"2482","2016-11-08",75.5
"2483","2016-11-09",73.22
"2484","2016-11-10",71.13
"2485","2016-11-11",70.76
"2486","2016-11-14",69.99
"2487","2016-11-15",71.24
"2488","2016-11-16",71.05
"2489","2016-11-17",71.03
"2490","2016-11-18",71.15
"2491","2016-11-21",72.25
"2492","2016-11-22",73.19
"2493","2016-11-23",72.87
"2494","2016-11-25",73.95
"2495","2016-11-28",75.17
"2496","2016-11-29",76.11
"2497","2016-11-30",73.29
"2498","2016-12-01",72.75
"2499","2016-12-02",73.78
"2500","2016-12-05",73.48
"2501","2016-12-06",72.71
"2502","2016-12-07",73.5
"2503","2016-12-08",73.5
"2504","2016-12-09",74.53
"2505","2016-12-12",75.46
"2506","2016-12-13",75.95
"2507","2016-12-14",74.12
"2508","2016-12-15",74.57
"2509","2016-12-16",75.87
"2510","2016-12-19",76.51
"2511","2016-12-20",76.51
"2512","2016-12-21",76.24
"2513","2016-12-22",76.63
"2514","2016-12-23",76.75
"2515","2016-12-27",76.67
"2516","2016-12-28",76.33
"2517","2016-12-29",76.99
"2518","2016-12-30",76.59
"2519","2017-01-03",76.25
"2520","2017-01-04",76.18
"2521","2017-01-05",76.28
"2522","2017-01-06",76.9
"2523","2017-01-09",75.72
"2524","2017-01-10",75.43
"2525","2017-01-11",75.63
"2526","2017-01-12",75.28
"2527","2017-01-13",75.21
"2528","2017-01-17",76.2
"2529","2017-01-18",76.17
"2530","2017-01-19",75.62
"2531","2017-01-20",75.79
"2532","2017-01-23",75.58
"2533","2017-01-24",75.47
"2534","2017-01-25",75.81
"2535","2017-01-26",75.69
"2536","2017-01-27",75.52
"2537","2017-01-30",75.26
"2538","2017-01-31",76.28
"2539","2017-02-01",71.85
"2540","2017-02-02",71.68
"2541","2017-02-03",71.7
"2542","2017-02-06",72.21
"2543","2017-02-07",72.35
"2544","2017-02-08",73.34
"2545","2017-02-09",72.15
"2546","2017-02-10",73.37
"2547","2017-02-13",73.73
"2548","2017-02-14",73.12
"2549","2017-02-15",72.38
"2550","2017-02-16",73.28
"2551","2017-02-17",73.77
"2552","2017-02-21",74.76
"2553","2017-02-22",75.35
"2554","2017-02-23",76.16
"2555","2017-02-24",77
"2556","2017-02-27",76.87
"2557","2017-02-28",77.64
"2558","2017-03-01",76.25
"2559","2017-03-02",77.22
"2560","2017-03-03",76.56
"2561","2017-03-06",76.24
"2562","2017-03-07",76.12
"2563","2017-03-08",75.13
"2564","2017-03-09",74.9
"2565","2017-03-10",75.67
"2566","2017-03-13",76.09
"2567","2017-03-14",76.33
"2568","2017-03-15",77.85
"2569","2017-03-16",76.8
"2570","2017-03-17",77.12
"2571","2017-03-20",76.83
"2572","2017-03-21",78.21
"2573","2017-03-22",78.65
"2574","2017-03-23",78.26
"2575","2017-03-24",78.26
"2576","2017-03-27",77.92
"2577","2017-03-28",78.06
"2578","2017-03-29",77.67
"2579","2017-03-30",77.41
"2580","2017-03-31",77.57
"2581","2017-04-03",77.74
"2582","2017-04-04",77.62
"2583","2017-04-05",77.96
"2584","2017-04-06",78.21
"2585","2017-04-07",77.59
"2586","2017-04-10",77.91
"2587","2017-04-11",77.48
"2588","2017-04-12",77.93
"2589","2017-04-13",77.53
"2590","2017-04-17",77.94
"2591","2017-04-18",77.99
"2592","2017-04-19",77.34
"2593","2017-04-20",77.36
"2594","2017-04-21",77.54
"2595","2017-04-24",78.07
"2596","2017-04-25",77.7
"2597","2017-04-26",77.49
"2598","2017-04-27",77.69
"2599","2017-04-28",77.43
"2600","2017-05-01",76.94
"2601","2017-05-02",77.22
"2602","2017-05-03",76.57
"2603","2017-05-04",77.3
"2604","2017-05-05",78.23
"2605","2017-05-08",78.53
"2606","2017-05-09",77.48
"2607","2017-05-10",77.73
"2608","2017-05-11",77.61
"2609","2017-05-12",77.93
"2610","2017-05-15",77.97
"2611","2017-05-16",77.21
"2612","2017-05-17",77.48
"2613","2017-05-18",78.32
"2614","2017-05-19",78.59
"2615","2017-05-22",79.7
"2616","2017-05-23",79.71
"2617","2017-05-24",80.29
"2618","2017-05-25",80.97
"2619","2017-05-26",81.03
"2620","2017-05-30",81.02
"2621","2017-05-31",80.77
"2622","2017-06-01",81.41
"2623","2017-06-02",81.2
"2624","2017-06-05",80.68
"2625","2017-06-06",80.3
"2626","2017-06-07",80.46
"2627","2017-06-08",79.67
"2628","2017-06-09",79.28
"2629","2017-06-12",79.46
"2630","2017-06-13",79.37
"2631","2017-06-14",79.99
"2632","2017-06-15",80.18
"2633","2017-06-16",80.71
"2634","2017-06-19",80.37
"2635","2017-06-20",80.2
"2636","2017-06-21",79.16
"2637","2017-06-22",78.93
"2638","2017-06-23",78.39
"2639","2017-06-26",78.65
"2640","2017-06-27",77.9
"2641","2017-06-28",77.05
"2642","2017-06-29",77.06
"2643","2017-06-30",76.63
"2644","2017-07-03",76.1
"2645","2017-07-05",75.8
"2646","2017-07-06",75.72
"2647","2017-07-07",75.79
"2648","2017-07-10",75.6
"2649","2017-07-11",76.03
"2650","2017-07-12",76.58
"2651","2017-07-13",76.11
"2652","2017-07-14",76.55
"2653","2017-07-17",76.62
"2654","2017-07-18",76.86
"2655","2017-07-19",76.98
"2656","2017-07-20",76.95
"2657","2017-07-21",77.57
"2658","2017-07-24",76.77
"2659","2017-07-25",76.79
"2660","2017-07-26",77.05
"2661","2017-07-27",77.12
"2662","2017-07-28",76.99
"2663","2017-07-31",77.18
"2664","2017-08-01",77.3
"2665","2017-08-02",77.86
"2666","2017-08-03",78.4
"2667","2017-08-04",78.08
"2668","2017-08-07",77.92
"2669","2017-08-08",77.96
"2670","2017-08-09",77.84
"2671","2017-08-10",77.82
"2672","2017-08-11",77.39
"2673","2017-08-14",77.68
"2674","2017-08-15",77.9
"2675","2017-08-16",78.24
"2676","2017-08-17",78.12
"2677","2017-08-18",78.69
"2678","2017-08-21",78.74
"2679","2017-08-22",78.97
"2680","2017-08-23",79.22
"2681","2017-08-24",79.45
"2682","2017-08-25",80.08
"2683","2017-08-28",80.14
"2684","2017-08-29",80.24
"2685","2017-08-30",78.82
"2686","2017-08-31",78.77
"2687","2017-09-01",78.33
"2688","2017-09-05",78.19
"2689","2017-09-06",77.99
"2690","2017-09-07",78.25
"2691","2017-09-08",79.24
"2692","2017-09-11",79.92
"2693","2017-09-12",78.18
"2694","2017-09-13",78.07
"2695","2017-09-14",79.17
"2696","2017-09-15",79.5
"2697","2017-09-18",78.55
"2698","2017-09-19",78.33
"2699","2017-09-20",77.62
"2700","2017-09-21",77.3
"2701","2017-09-22",77.04
"2702","2017-09-25",78.02
"2703","2017-09-26",78.21
"2704","2017-09-27",76.78
"2705","2017-09-28",77.03
"2706","2017-09-29",76.93
"2707","2017-10-02",76.74
"2708","2017-10-03",75.95
"2709","2017-10-04",76.87
"2710","2017-10-05",76.81
"2711","2017-10-06",76.81
"2712","2017-10-09",76.64
"2713","2017-10-10",77.74
"2714","2017-10-11",78.01
"2715","2017-10-12",78.63
"2716","2017-10-13",78.62
"2717","2017-10-16",79.03
"2718","2017-10-17",78.96
"2719","2017-10-18",78.88
"2720","2017-10-19",79.95
"2721","2017-10-20",80
"2722","2017-10-23",80.38
"2723","2017-10-24",80.35
"2724","2017-10-25",79.68
"2725","2017-10-26",80.41
"2726","2017-10-27",80.51
"2727","2017-10-30",81.48
"2728","2017-10-31",81.14
"2729","2017-11-01",80.49
"2730","2017-11-02",80.84
"2731","2017-11-03",80.67
"2732","2017-11-06",80.56
"2733","2017-11-07",81.39
"2734","2017-11-08",80.88
"2735","2017-11-09",81.24
"2736","2017-11-10",80.81
"2737","2017-11-13",81.85
"2738","2017-11-14",82.84
"2739","2017-11-15",82.23
"2740","2017-11-16",81.96
"2741","2017-11-17",81.32
"2742","2017-11-20",81.15
"2743","2017-11-21",81.37
"2744","2017-11-22",82.16
"2745","2017-11-24",82.21
"2746","2017-11-27",82.96
"2747","2017-11-28",83.94
"2748","2017-11-29",84
"2749","2017-11-30",84.13
"2750","2017-12-01",83.57
"2751","2017-12-04",83.55
"2752","2017-12-05",83.12
"2753","2017-12-06",83.53
"2754","2017-12-07",83.68
"2755","2017-12-08",83.88
"2756","2017-12-11",84.14
"2757","2017-12-12",83.43
"2758","2017-12-13",84.11
"2759","2017-12-14",84.38
"2760","2017-12-15",84.91
"2761","2017-12-18",82.75
"2762","2017-12-19",81.34
"2763","2017-12-20",80.59
"2764","2017-12-21",80.65
"2765","2017-12-22",80.44
"2766","2017-12-26",80.33
"2767","2017-12-27",80.66
"2768","2017-12-28",81.07
"2769","2017-12-29",81.06
"2770","2018-01-02",80.28
"2771","2018-01-03",77.19
"2772","2018-01-04",76.83
"2773","2018-01-05",76.84
"2774","2018-01-08",78.02
"2775","2018-01-09",77.21
"2776","2018-01-10",76.21
"2777","2018-01-11",76.21
"2778","2018-01-12",75.94
"2779","2018-01-16",75.27
"2780","2018-01-17",75.5
"2781","2018-01-18",74.89
"2782","2018-01-19",74.99
"2783","2018-01-22",74.89
"2784","2018-01-23",75.71
"2785","2018-01-24",75.56
"2786","2018-01-25",76.69
"2787","2018-01-26",75.5
"2788","2018-01-29",75.09
"2789","2018-01-30",75.32
"2790","2018-01-31",76.44
"2791","2018-02-01",75.9
"2792","2018-02-02",75.68
"2793","2018-02-05",74.69
"2794","2018-02-06",74.11
"2795","2018-02-07",73.76
"2796","2018-02-08",73.31
"2797","2018-02-09",74.38
"2798","2018-02-12",75.26
"2799","2018-02-13",75.07
"2800","2018-02-14",74.34
"2801","2018-02-15",75.42
"2802","2018-02-16",75.8
"2803","2018-02-20",74.75
"2804","2018-02-21",73.54
"2805","2018-02-22",73.58
"2806","2018-02-23",75.52
"2807","2018-02-26",75.99
"2808","2018-02-27",74.26
"2809","2018-02-28",74.07
"2810","2018-03-01",72.35
"2811","2018-03-02",72.5
"2812","2018-03-05",73.7
"2813","2018-03-06",72.92
"2814","2018-03-07",72.89
"2815","2018-03-08",72.83
"2816","2018-03-09",72.87
"2817","2018-03-12",72.97
"2818","2018-03-13",73
"2819","2018-03-14",73.52
"2820","2018-03-15",71.24
"2821","2018-03-16",70.61
"2822","2018-03-19",69.15
"2823","2018-03-20",68.45
"2824","2018-03-21",67.64
"2825","2018-03-22",67.87
"2826","2018-03-23",67.3
"2827","2018-03-26",68.1
"2828","2018-03-27",69.22
"2829","2018-03-28",67.79
"2830","2018-03-29",67.43
"2831","2018-04-02",67.09
"2832","2018-04-03",67.33
"2833","2018-04-04",66.95
"2834","2018-04-05",67.34
"2835","2018-04-06",66.22
"2836","2018-04-09",66.37
"2837","2018-04-10",65.5
"2838","2018-04-11",64.88
"2839","2018-04-12",64.07
"2840","2018-04-13",63.94
"2841","2018-04-16",64.73
"2842","2018-04-17",65.69
"2843","2018-04-18",66.07
"2844","2018-04-19",66.06
"2845","2018-04-20",65.33
"2846","2018-04-23",64.89
"2847","2018-04-24",64.78
"2848","2018-04-25",64.8
"2849","2018-04-26",65
"2850","2018-04-27",66.35
"2851","2018-04-30",66.56
"2852","2018-05-01",66.27
"2853","2018-05-02",66.19
"2854","2018-05-03",65.53
"2855","2018-05-04",65.57
"2856","2018-05-07",65.08
"2857","2018-05-08",63.14
"2858","2018-05-09",62.67
"2859","2018-05-10",64.06
"2860","2018-05-11",64.7
"2861","2018-05-14",64.23
"2862","2018-05-15",64.52
"2863","2018-05-16",63.77
"2864","2018-05-17",63.68
"2865","2018-05-18",63.29
"2866","2018-05-21",63.72
"2867","2018-05-22",63.82
"2868","2018-05-23",63.91
"2869","2018-05-24",64
"2870","2018-05-25",64.17
"2871","2018-05-29",64.34
"2872","2018-05-30",64.52
"2873","2018-05-31",64.19
"2874","2018-06-01",63.36
"2875","2018-06-04",62.64
"2876","2018-06-05",62.77
"2877","2018-06-06",61.75
"2878","2018-06-07",62.39
"2879","2018-06-08",62.6
"2880","2018-06-11",63.21
"2881","2018-06-12",64.89
"2882","2018-06-13",64.31
"2883","2018-06-14",65.52
"2884","2018-06-15",66.31
"2885","2018-06-18",66
"2886","2018-06-19",66.94
"2887","2018-06-20",66.43
"2888","2018-06-21",66.6
"2889","2018-06-22",66.94
"2890","2018-06-25",67.88
"2891","2018-06-26",67.54
"2892","2018-06-27",68.03
"2893","2018-06-28",68.47
"2894","2018-06-29",68.18
"2895","2018-07-02",68.45
"2896","2018-07-03",69.31
"2897","2018-07-05",69.74
"2898","2018-07-06",70.02
"2899","2018-07-09",68.08
"2900","2018-07-10",69.08
"2901","2018-07-11",69.56
"2902","2018-07-12",70.06
"2903","2018-07-13",69.99
"2904","2018-07-16",69.88
"2905","2018-07-17",70.38
"2906","2018-07-18",69.95
"2907","2018-07-19",72
"2908","2018-07-20",71.27
"2909","2018-07-23",70.99
"2910","2018-07-24",70.91
"2911","2018-07-25",71.03
"2912","2018-07-26",71.5
"2913","2018-07-27",71.26
"2914","2018-07-30",71.19
"2915","2018-07-31",71.71
"2916","2018-08-01",70.32
"2917","2018-08-02",71.14
"2918","2018-08-03",72.12
"2919","2018-08-06",71.75
"2920","2018-08-07",71.07
"2921","2018-08-08",70.72
"2922","2018-08-09",71.03
"2923","2018-08-10",70.69
"2924","2018-08-13",69.82
"2925","2018-08-14",69.66
"2926","2018-08-15",70.25
"2927","2018-08-16",71.13
"2928","2018-08-17",71.75
"2929","2018-08-20",71.78
"2930","2018-08-21",71.62
"2931","2018-08-22",71.29
"2932","2018-08-23",71.07
"2933","2018-08-24",71.64
"2934","2018-08-27",71.25
"2935","2018-08-28",70.85
"2936","2018-08-29",71.16
"2937","2018-08-30",70.98
"2938","2018-08-31",70.77
"2939","2018-09-04",71.23
"2940","2018-09-05",72.45
"2941","2018-09-06",72.25
"2942","2018-09-07",71.46
"2943","2018-09-10",72.28
"2944","2018-09-11",71.6
"2945","2018-09-12",71.57
"2946","2018-09-13",72.18
"2947","2018-09-14",71.86
"2948","2018-09-17",71.99
"2949","2018-09-18",71.92
"2950","2018-09-19",70.62
"2951","2018-09-20",70.32
"2952","2018-09-21",70.85
"2953","2018-09-24",70.08
"2954","2018-09-25",69.55
"2955","2018-09-26",68.82
"2956","2018-09-27",69.14
"2957","2018-09-28",70.28
"2958","2018-10-01",70.1
"2959","2018-10-02",70.88
"2960","2018-10-03",70.29
"2961","2018-10-04",70.69
"2962","2018-10-05",71.85
"2963","2018-10-08",72.99
"2964","2018-10-09",73.36
"2965","2018-10-10",73.21
"2966","2018-10-11",71.78
"2967","2018-10-12",71.37
"2968","2018-10-15",71.61
"2969","2018-10-16",72.3
"2970","2018-10-17",72.3
"2971","2018-10-18",72.23
"2972","2018-10-19",73.5
"2973","2018-10-22",73.27
"2974","2018-10-23",72.91
"2975","2018-10-24",74.19
"2976","2018-10-25",72.73
"2977","2018-10-26",71.67
"2978","2018-10-29",72.2
"2979","2018-10-30",72.84
"2980","2018-10-31",71.42
"2981","2018-11-01",70.33
"2982","2018-11-02",69.89
"2983","2018-11-05",70.23
"2984","2018-11-06",70.67
"2985","2018-11-07",71.18
"2986","2018-11-08",71.22
"2987","2018-11-09",72.25
"2988","2018-11-12",73.43
"2989","2018-11-13",74.02
"2990","2018-11-14",73.65
"2991","2018-11-15",73.45
"2992","2018-11-16",73.61
"2993","2018-11-19",74.42
"2994","2018-11-20",74.66
"2995","2018-11-21",73.35
"2996","2018-11-23",73.1
"2997","2018-11-26",73.99
"2998","2018-11-27",74.11
"2999","2018-11-28",73.32
"3000","2018-11-29",73.75
"3001","2018-11-30",74.5
"3002","2018-12-03",75.13
"3003","2018-12-04",75.32
"3004","2018-12-06",74.78
"3005","2018-12-07",75.61
"3006","2018-12-10",76.27
"3007","2018-12-11",76.25
"3008","2018-12-12",75.26
"3009","2018-12-13",76.05
"3010","2018-12-14",76.92
"3011","2018-12-17",74
"3012","2018-12-18",73.59
"3013","2018-12-19",74.11
"3014","2018-12-20",74.82
"3015","2018-12-21",74.89
"3016","2018-12-24",71.12
"3017","2018-12-26",72.3
"3018","2018-12-27",73.25
"3019","2018-12-28",73.26
"3020","2018-12-31",71.46
"3021","2019-01-02",71.18
"3022","2019-01-03",70.84
"3023","2019-01-04",72.21
"3024","2019-01-07",71.51
"3025","2019-01-08",72.34
"3026","2019-01-09",72.22
"3027","2019-01-10",71.9
"3028","2019-01-11",69.85
"3029","2019-01-14",67.97
"3030","2019-01-15",68.88
"3031","2019-01-16",68.97
"3032","2019-01-17",68.94
"3033","2019-01-18",68.77
"3034","2019-01-22",68.59
"3035","2019-01-23",69.43
"3036","2019-01-24",69.13
"3037","2019-01-25",69.16
"3038","2019-01-28",68.37
"3039","2019-01-29",68.69
"3040","2019-01-30",69.44
"3041","2019-01-31",70.24
"3042","2019-02-01",70.97
"3043","2019-02-04",71.45
"3044","2019-02-05",71.93
"3045","2019-02-06",71.79
"3046","2019-02-07",72.67
"3047","2019-02-08",73.05
"3048","2019-02-11",72.81
"3049","2019-02-12",73.2
"3050","2019-02-13",73.25
"3051","2019-02-14",72.9
"3052","2019-02-15",73.26
"3053","2019-02-19",73.54
"3054","2019-02-20",73.54
"3055","2019-02-21",74.34
"3056","2019-02-22",75.05
"3057","2019-02-25",75.12
"3058","2019-02-26",73.89
"3059","2019-02-27",74.33
"3060","2019-02-28",74.09
"3061","2019-03-01",74.79
"3062","2019-03-04",75.27
"3063","2019-03-05",75.45
"3064","2019-03-06",75.83
"3065","2019-03-07",76.12
"3066","2019-03-08",75.73
"3067","2019-03-11",76.32
"3068","2019-03-12",76.33
"3069","2019-03-13",76.3
"3070","2019-03-14",76.64
"3071","2019-03-15",77.04
"3072","2019-03-18",76.61
"3073","2019-03-19",75.19
"3074","2019-03-20",74.94
"3075","2019-03-21",75.11
"3076","2019-03-22",75.52
"3077","2019-03-25",75.94
"3078","2019-03-26",76.88
"3079","2019-03-27",76.84
"3080","2019-03-28",75.67
"3081","2019-03-29",76.66
"3082","2019-04-01",76.69
"3083","2019-04-02",76.97
"3084","2019-04-03",76.96
"3085","2019-04-04",76.9
"3086","2019-04-05",77.47
"3087","2019-04-08",76.67
"3088","2019-04-09",76.39
"3089","2019-04-10",75.83
"3090","2019-04-11",76.3
"3091","2019-04-12",76.44
"3092","2019-04-15",76.67
"3093","2019-04-16",75.12
"3094","2019-04-17",75.27
"3095","2019-04-18",74.92
"3096","2019-04-22",74.7
"3097","2019-04-23",75.45
"3098","2019-04-24",76.29
"3099","2019-04-25",76.55
"3100","2019-04-26",76.79
"3101","2019-04-29",76.17
"3102","2019-04-30",77.87
"3103","2019-05-01",77.14
"3104","2019-05-02",76.98
"3105","2019-05-03",76.79
"3106","2019-05-06",75.49
"3107","2019-05-07",75.04
"3108","2019-05-08",73.81
"3109","2019-05-09",73.31
"3110","2019-05-10",74.56
"3111","2019-05-13",75.6
"3112","2019-05-14",74.59
"3113","2019-05-15",74.29
"3114","2019-05-16",75.32
"3115","2019-05-17",75.6
"3116","2019-05-20",76.05
"3117","2019-05-21",76.73
"3118","2019-05-22",77.33
"3119","2019-05-23",78.05
"3120","2019-05-24",77.72
"3121","2019-05-28",76.25
"3122","2019-05-29",75.22
"3123","2019-05-30",74.31
"3124","2019-05-31",75.18
"3125","2019-06-03",75.96
"3126","2019-06-04",75.97
"3127","2019-06-05",77.61
"3128","2019-06-06",76.35
"3129","2019-06-07",75.79
"3130","2019-06-10",75.42
"3131","2019-06-11",73.91
"3132","2019-06-12",75.08
"3133","2019-06-13",76.07
"3134","2019-06-14",76.66
"3135","2019-06-17",76.42
"3136","2019-06-18",76.43
"3137","2019-06-19",77.17
"3138","2019-06-20",77.41
"3139","2019-06-21",78.35
"3140","2019-06-24",79.22
"3141","2019-06-25",78.7
"3142","2019-06-26",76.46
"3143","2019-06-27",76.72
"3144","2019-06-28",77.32
"3145","2019-07-01",77.05
"3146","2019-07-02",77.38
"3147","2019-07-03",78.11
"3148","2019-07-05",77.9
"3149","2019-07-08",78.16
"3150","2019-07-09",78.22
"3151","2019-07-10",78.13
"3152","2019-07-11",77.91
"3153","2019-07-12",77.5
"3154","2019-07-15",78.09
"3155","2019-07-16",77.48
"3156","2019-07-17",77.37
"3157","2019-07-18",77.42
"3158","2019-07-19",76.85
"3159","2019-07-22",76.26
"3160","2019-07-23",75.43
"3161","2019-07-24",75.18
"3162","2019-07-25",74.86
"3163","2019-07-26",75.15
"3164","2019-07-29",75.05
"3165","2019-07-30",75.03
"3166","2019-07-31",74.29
"3167","2019-08-01",75.91
"3168","2019-08-02",76.02
"3169","2019-08-05",74.67
"3170","2019-08-06",75.22
"3171","2019-08-07",74.43
"3172","2019-08-08",75.33
"3173","2019-08-09",74.84
"3174","2019-08-12",74.37
"3175","2019-08-13",75.38
"3176","2019-08-14",75.33
"3177","2019-08-15",77.05
"3178","2019-08-16",76.86
"3179","2019-08-19",77.79
"3180","2019-08-20",76.91
"3181","2019-08-21",76.99
"3182","2019-08-22",76.52
"3183","2019-08-23",75.94
"3184","2019-08-26",76.82
"3185","2019-08-27",77.15
"3186","2019-08-28",76.89
"3187","2019-08-29",77.76
"3188","2019-08-30",77.63
"3189","2019-09-03",78.8
"3190","2019-09-04",79.15
"3191","2019-09-05",77.43
"3192","2019-09-06",76.37
"3193","2019-09-09",76.67
"3194","2019-09-10",77.01
"3195","2019-09-11",78.43
"3196","2019-09-12",78.54
"3197","2019-09-13",78.52
"3198","2019-09-16",78.49
"3199","2019-09-17",79.03
"3200","2019-09-18",80.06
"3201","2019-09-19",80.92
"3202","2019-09-20",80.84
"3203","2019-09-23",80.85
"3204","2019-09-24",80.84
"3205","2019-09-25",80.39
"3206","2019-09-26",80.76
"3207","2019-09-27",80.99
"3208","2019-09-30",81.04
"3209","2019-10-01",81.22
"3210","2019-10-02",79.97
"3211","2019-10-03",79.62
"3212","2019-10-04",81.7
"3213","2019-10-07",81.18
"3214","2019-10-08",80.72
"3215","2019-10-09",81.34
"3216","2019-10-10",81.78
"3217","2019-10-11",81.9
"3218","2019-10-14",81.24
"3219","2019-10-15",81.38
"3220","2019-10-16",81.8
"3221","2019-10-17",82.38
"3222","2019-10-18",82.16
"3223","2019-10-21",82.42
"3224","2019-10-22",82.82
"3225","2019-10-23",82.72
"3226","2019-10-24",82.72
"3227","2019-10-25",81.89
"3228","2019-10-28",81.33
"3229","2019-10-29",81.74
"3230","2019-10-30",81.81
"3231","2019-10-31",82.55
"3232","2019-11-01",83.27
"3233","2019-11-04",83.05
"3234","2019-11-05",81.35
"3235","2019-11-06",80.94
"3236","2019-11-07",80.31
"3237","2019-11-08",80.28
"3238","2019-11-11",79.62
"3239","2019-11-12",79.72
"3240","2019-11-13",80.84
"3241","2019-11-14",81.56
"3242","2019-11-15",82.11
"3243","2019-11-18",82.58
"3244","2019-11-19",82.42
"3245","2019-11-20",82.9
"3246","2019-11-21",83.02
"3247","2019-11-22",83.24
"3248","2019-11-25",83.23
"3249","2019-11-26",83.46
"3250","2019-11-27",83.08
"3251","2019-11-29",83.11
"3252","2019-12-02",82
"3253","2019-12-03",81.94
"3254","2019-12-04",82.25
"3255","2019-12-05",81.19
"3256","2019-12-06",81
"3257","2019-12-09",79.92
"3258","2019-12-10",80.09
"3259","2019-12-11",80.9
"3260","2019-12-12",80.69
"3261","2019-12-13",80.88
"3262","2019-12-16",81.64
"3263","2019-12-17",81.56
"3264","2019-12-18",81.45
"3265","2019-12-19",81.8
"3266","2019-12-20",82.32
"3267","2019-12-23",81.43
"3268","2019-12-24",81.36
"3269","2019-12-26",81.46
"3270","2019-12-27",82
"3271","2019-12-30",82.08
"3272","2019-12-31",82.82
"3273","2020-01-02",81.96
"3274","2020-01-03",81.76
"3275","2020-01-06",82.39
"3276","2020-01-07",82.21
"3277","2020-01-08",81.69
"3278","2020-01-09",81.92
"3279","2020-01-10",82.07
"3280","2020-01-13",82.05
"3281","2020-01-14",81.95
"3282","2020-01-15",82.99
"3283","2020-01-16",83.51
"3284","2020-01-17",84.05
"3285","2020-01-21",84.03
"3286","2020-01-22",83.69
"3287","2020-01-23",84.07
"3288","2020-01-24",84
"3289","2020-01-27",83.32
"3290","2020-01-28",84.52
"3291","2020-01-29",85.39
"3292","2020-01-30",86.48
"3293","2020-01-31",85.75
"3294","2020-02-03",85.84
"3295","2020-02-04",84.56
"3296","2020-02-05",84.92
"3297","2020-02-06",85.27
"3298","2020-02-07",84.81
"3299","2020-02-10",84.59
"3300","2020-02-11",85.22
"3301","2020-02-12",85.78
"3302","2020-02-13",86.24
"3303","2020-02-14",87.46
"3304","2020-02-18",88.98
"3305","2020-02-19",87.84
"3306","2020-02-20",89.25
"3307","2020-02-21",89.38
"3308","2020-02-24",89.8
"3309","2020-02-25",87.79
"3310","2020-02-26",86.77
"3311","2020-02-27",81.28
"3312","2020-02-28",78.18
"3313","2020-03-02",84.18
"3314","2020-03-03",83.38
"3315","2020-03-04",89.03
"3316","2020-03-05",87.17
"3317","2020-03-06",86.7
"3318","2020-03-09",81.33
"3319","2020-03-10",83.22
"3320","2020-03-11",78.95
"3321","2020-03-12",71.31
"3322","2020-03-13",78.29
"3323","2020-03-16",68.65
"3324","2020-03-17",80.48
"3325","2020-03-18",80.26
"3326","2020-03-19",71.85
"3327","2020-03-20",67.22
"3328","2020-03-23",59.39
"3329","2020-03-24",65.67
"3330","2020-03-25",67.34
"3331","2020-03-26",72.44
"3332","2020-03-27",73.07
"3333","2020-03-30",76.81
"3334","2020-03-31",72.19
"3335","2020-04-01",69.93
"3336","2020-04-02",71.06
"3337","2020-04-03",69.55
"3338","2020-04-06",74.11
"3339","2020-04-07",73.44
"3340","2020-04-08",78.22
"3341","2020-04-09",81.59
"3342","2020-04-13",79.53
"3343","2020-04-14",82.02
"3344","2020-04-15",79.79
"3345","2020-04-16",78.07
"3346","2020-04-17",81.51
"3347","2020-04-20",79.11
"3348","2020-04-21",76.61
"3349","2020-04-22",78.74
"3350","2020-04-23",76.91
"3351","2020-04-24",77.92
"3352","2020-04-27",78.52
"3353","2020-04-28",79.27
"3354","2020-04-29",78.67
"3355","2020-04-30",77.13
"3356","2020-05-01",75.61
"3357","2020-05-04",75.8
"3358","2020-05-05",77.94
"3359","2020-05-06",77.73
"3360","2020-05-07",78.1
"3361","2020-05-08",78.4
"3362","2020-05-11",79.24
"3363","2020-05-12",78.95
"3364","2020-05-13",79.01
"3365","2020-05-14",79.63
"3366","2020-05-15",78.22
"3367","2020-05-18",79.85
"3368","2020-05-19",78.83
"3369","2020-05-20",78.75
"3370","2020-05-21",78.6
"3371","2020-05-22",80.51
"3372","2020-05-26",80.82
"3373","2020-05-27",81.56
"3374","2020-05-28",83.7
"3375","2020-05-29",85.01
"3376","2020-06-01",85.89
"3377","2020-06-02",86.23
"3378","2020-06-03",86.48
"3379","2020-06-04",84.96
"3380","2020-06-05",84.29
"3381","2020-06-08",86.4
"3382","2020-06-09",85.85
"3383","2020-06-10",87
"3384","2020-06-11",84.01
"3385","2020-06-12",83.15
"3386","2020-06-15",84.05
"3387","2020-06-16",84.92
"3388","2020-06-17",84.15
"3389","2020-06-18",84.53
"3390","2020-06-19",81.72
"3391","2020-06-22",83.25
"3392","2020-06-23",82.8
"3393","2020-06-24",82.58
"3394","2020-06-25",81.14
"3395","2020-06-26",79.68
"3396","2020-06-29",80.61
"3397","2020-06-30",81.18
"3398","2020-07-01",82.35
"3399","2020-07-02",82.69
"3400","2020-07-06",73.59
"3401","2020-07-07",74.22
"3402","2020-07-08",75.22
"3403","2020-07-09",73.77
"3404","2020-07-10",73.58
"3405","2020-07-13",73.68
"3406","2020-07-14",73.92
"3407","2020-07-15",75.45
"3408","2020-07-16",76.95
"3409","2020-07-17",78.58
"3410","2020-07-20",77.55
"3411","2020-07-21",78.21
"3412","2020-07-22",79.55
"3413","2020-07-23",80.59
"3414","2020-07-24",80.41
"3415","2020-07-27",80.22
"3416","2020-07-28",82.06
"3417","2020-07-29",82.26
"3418","2020-07-30",81.52
"3419","2020-07-31",81.03
"3420","2020-08-03",80.33
"3421","2020-08-04",80.88
"3422","2020-08-05",79.71
"3423","2020-08-06",79.63
"3424","2020-08-07",80.62
"3425","2020-08-10",80.12
"3426","2020-08-11",78.56
"3427","2020-08-12",79.58
"3428","2020-08-13",79.31
"3429","2020-08-14",78.85
"3430","2020-08-17",78.68
"3431","2020-08-18",78.18
"3432","2020-08-19",77.94
"3433","2020-08-20",77.7
"3434","2020-08-21",78.64
"3435","2020-08-24",79.1
"3436","2020-08-25",78.5
"3437","2020-08-26",78.08
"3438","2020-08-27",78
"3439","2020-08-28",78.02
"3440","2020-08-31",78.44
"3441","2020-09-01",77.82
"3442","2020-09-02",79.6
"3443","2020-09-03",78.99
"3444","2020-09-04",78.44
"3445","2020-09-08",78.2
"3446","2020-09-09",79.64
"3447","2020-09-10",78.73
"3448","2020-09-11",79.64
"3449","2020-09-14",80.73
"3450","2020-09-15",80.9
"3451","2020-09-16",81.6
"3452","2020-09-17",79.82
"3453","2020-09-18",77.96
"3454","2020-09-21",77.97
"3455","2020-09-22",77.5
"3456","2020-09-23",76.27
"3457","2020-09-24",76.31
"3458","2020-09-25",77.05
"3459","2020-09-28",77.23
"3460","2020-09-29",77.88
"3461","2020-09-30",78.93
"3462","2020-10-01",78.59
"3463","2020-10-02",79.8
"3464","2020-10-05",80.09
"3465","2020-10-06",81.11
"3466","2020-10-07",81.02
"3467","2020-10-08",82.06
"3468","2020-10-09",81.78
"3469","2020-10-12",82.42
"3470","2020-10-13",81.57
"3471","2020-10-14",81.05
"3472","2020-10-15",80.81
"3473","2020-10-16",81.41
"3474","2020-10-19",80.9
"3475","2020-10-20",81.08
"3476","2020-10-21",80.23
"3477","2020-10-22",81.18
"3478","2020-10-23",81.14
"3479","2020-10-26",81.72
"3480","2020-10-27",82.47
"3481","2020-10-28",79.8
"3482","2020-10-29",80.95
"3483","2020-10-30",80.34
"3484","2020-11-02",81.66
"3485","2020-11-03",82.91
"3486","2020-11-04",82.7
"3487","2020-11-05",83.14
"3488","2020-11-06",83.7
"3489","2020-11-09",84.02
"3490","2020-11-10",85.76
"3491","2020-11-11",85.68
"3492","2020-11-12",84.58
"3493","2020-11-13",84.93
"3494","2020-11-16",86.07
"3495","2020-11-17",84.17
"3496","2020-11-18",81.21
"3497","2020-11-19",79.76
"3498","2020-11-20",78.65
"3499","2020-11-23",79.05
"3500","2020-11-24",79.38
"3501","2020-11-25",79.41
"3502","2020-11-27",79.04
