"","date","FANG"
"1","2012-10-12",17.5
"2","2012-10-15",17.75
"3","2012-10-16",17.790001
"4","2012-10-17",17.700001
"5","2012-10-18",17.700001
"6","2012-10-19",17.41
"7","2012-10-22",17.030001
"8","2012-10-23",17.129999
"9","2012-10-24",17.389999
"10","2012-10-25",17.030001
"11","2012-10-26",17.139999
"12","2012-10-31",17.030001
"13","2012-11-01",17.23
"14","2012-11-02",17
"15","2012-11-05",16.709999
"16","2012-11-06",17.01
"17","2012-11-07",17.059999
"18","2012-11-08",16.75
"19","2012-11-09",16.549999
"20","2012-11-12",16.5
"21","2012-11-13",16.040001
"22","2012-11-14",16.049999
"23","2012-11-15",16.700001
"24","2012-11-16",16.82
"25","2012-11-19",17.120001
"26","2012-11-20",17.129999
"27","2012-11-21",17.200001
"28","2012-11-23",17.32
"29","2012-11-26",17.26
"30","2012-11-27",17.23
"31","2012-11-28",17.25
"32","2012-11-29",18.16
"33","2012-11-30",18
"34","2012-12-03",18.1
"35","2012-12-04",17.83
"36","2012-12-05",17.98
"37","2012-12-06",17.620001
"38","2012-12-07",17.75
"39","2012-12-10",17.620001
"40","2012-12-11",17.540001
"41","2012-12-12",17.639999
"42","2012-12-13",17.879999
"43","2012-12-14",17.57
"44","2012-12-17",17.98
"45","2012-12-18",18.799999
"46","2012-12-19",19.18
"47","2012-12-20",19.02
"48","2012-12-21",18.98
"49","2012-12-24",18.639999
"50","2012-12-26",18.65
"51","2012-12-27",18.540001
"52","2012-12-28",18.780001
"53","2012-12-31",19.120001
"54","2013-01-02",19.24
"55","2013-01-03",19.139999
"56","2013-01-04",20.049999
"57","2013-01-07",20.77
"58","2013-01-08",20.6
"59","2013-01-09",20.469999
"60","2013-01-10",21.629999
"61","2013-01-11",21.67
"62","2013-01-14",21.799999
"63","2013-01-15",21.719999
"64","2013-01-16",21.280001
"65","2013-01-17",21.120001
"66","2013-01-18",20.540001
"67","2013-01-22",21.790001
"68","2013-01-23",21.43
"69","2013-01-24",21.43
"70","2013-01-25",22
"71","2013-01-28",21.639999
"72","2013-01-29",22.129999
"73","2013-01-30",22.67
"74","2013-01-31",22.42
"75","2013-02-01",22.700001
"76","2013-02-04",22.540001
"77","2013-02-05",22.629999
"78","2013-02-06",22.629999
"79","2013-02-07",22.42
"80","2013-02-08",22.049999
"81","2013-02-11",21.559999
"82","2013-02-12",21.57
"83","2013-02-13",21.559999
"84","2013-02-14",22
"85","2013-02-15",22.299999
"86","2013-02-19",22.82
"87","2013-02-20",21.280001
"88","2013-02-21",20.73
"89","2013-02-22",20.98
"90","2013-02-25",19.74
"91","2013-02-26",20.049999
"92","2013-02-27",20.959999
"93","2013-02-28",22.709999
"94","2013-03-01",22.34
"95","2013-03-04",22.389999
"96","2013-03-05",23.700001
"97","2013-03-06",23.549999
"98","2013-03-07",24.51
"99","2013-03-08",24.9
"100","2013-03-11",24.49
"101","2013-03-12",24.93
"102","2013-03-13",25.75
"103","2013-03-14",24.860001
"104","2013-03-15",24.15
"105","2013-03-18",23.99
"106","2013-03-19",23.76
"107","2013-03-20",24
"108","2013-03-21",24.309999
"109","2013-03-22",24.549999
"110","2013-03-25",25.200001
"111","2013-03-26",25.65
"112","2013-03-27",26.110001
"113","2013-03-28",26.84
"114","2013-04-01",27.4
"115","2013-04-02",27.040001
"116","2013-04-03",24.92
"117","2013-04-04",25.049999
"118","2013-04-05",25.18
"119","2013-04-08",26.049999
"120","2013-04-09",26.76
"121","2013-04-10",26.08
"122","2013-04-11",26.5
"123","2013-04-12",26.629999
"124","2013-04-15",25.799999
"125","2013-04-16",26.74
"126","2013-04-17",25.799999
"127","2013-04-18",26.51
"128","2013-04-19",26.219999
"129","2013-04-22",26.98
"130","2013-04-23",27.49
"131","2013-04-24",27.1
"132","2013-04-25",27.299999
"133","2013-04-26",26.879999
"134","2013-04-29",26.040001
"135","2013-04-30",26.26
"136","2013-05-01",26.440001
"137","2013-05-02",27.1
"138","2013-05-03",27.48
"139","2013-05-06",28.76
"140","2013-05-07",28.540001
"141","2013-05-08",29.530001
"142","2013-05-09",28.68
"143","2013-05-10",28.58
"144","2013-05-13",28.66
"145","2013-05-14",28.870001
"146","2013-05-15",29.48
"147","2013-05-16",29.940001
"148","2013-05-17",31.43
"149","2013-05-20",32.029999
"150","2013-05-21",31.709999
"151","2013-05-22",32.540001
"152","2013-05-23",33.27
"153","2013-05-24",34.32
"154","2013-05-28",34.950001
"155","2013-05-29",34.959999
"156","2013-05-30",34.950001
"157","2013-05-31",33.77
"158","2013-06-03",34.599998
"159","2013-06-04",34.080002
"160","2013-06-05",33.939999
"161","2013-06-06",34.580002
"162","2013-06-07",35.450001
"163","2013-06-10",34.740002
"164","2013-06-11",34.459999
"165","2013-06-12",34.43
"166","2013-06-13",34.970001
"167","2013-06-14",34.889999
"168","2013-06-17",34.450001
"169","2013-06-18",35.009998
"170","2013-06-19",34.610001
"171","2013-06-20",32.639999
"172","2013-06-21",33.150002
"173","2013-06-24",32.02
"174","2013-06-25",32.919998
"175","2013-06-26",33.650002
"176","2013-06-27",33.060001
"177","2013-06-28",33.32
"178","2013-07-01",34.27
"179","2013-07-02",34.560001
"180","2013-07-03",35.200001
"181","2013-07-05",35.889999
"182","2013-07-08",36.099998
"183","2013-07-09",36.5
"184","2013-07-10",37.16
"185","2013-07-11",37.599998
"186","2013-07-12",37.25
"187","2013-07-15",37.27
"188","2013-07-16",37.709999
"189","2013-07-17",37.66
"190","2013-07-18",38.080002
"191","2013-07-19",39.360001
"192","2013-07-22",39.470001
"193","2013-07-23",38.790001
"194","2013-07-24",37.41
"195","2013-07-25",37.75
"196","2013-07-26",37.470001
"197","2013-07-29",37.669998
"198","2013-07-30",37.830002
"199","2013-07-31",38.18
"200","2013-08-01",42.610001
"201","2013-08-02",42.650002
"202","2013-08-05",43.099998
"203","2013-08-06",42.200001
"204","2013-08-07",42.240002
"205","2013-08-08",42.09
"206","2013-08-09",42.240002
"207","2013-08-12",42.080002
"208","2013-08-13",42.09
"209","2013-08-14",40.450001
"210","2013-08-15",39.790001
"211","2013-08-16",40.5
"212","2013-08-19",39.349998
"213","2013-08-20",39.279999
"214","2013-08-21",39.220001
"215","2013-08-22",39.349998
"216","2013-08-23",40.119999
"217","2013-08-26",40
"218","2013-08-27",39.889999
"219","2013-08-28",41.5
"220","2013-08-29",40.439999
"221","2013-08-30",40.240002
"222","2013-09-03",41.66
"223","2013-09-04",43.349998
"224","2013-09-05",43.619999
"225","2013-09-06",43.419998
"226","2013-09-09",44.32
"227","2013-09-10",44.380001
"228","2013-09-11",45.529999
"229","2013-09-12",46.630001
"230","2013-09-13",46
"231","2013-09-16",44.82
"232","2013-09-17",44.59
"233","2013-09-18",44.669998
"234","2013-09-19",44.02
"235","2013-09-20",42.779999
"236","2013-09-23",43.549999
"237","2013-09-24",43.630001
"238","2013-09-25",43.759998
"239","2013-09-26",43.98
"240","2013-09-27",43.150002
"241","2013-09-30",42.639999
"242","2013-10-01",43.419998
"243","2013-10-02",43.220001
"244","2013-10-03",43.830002
"245","2013-10-04",46.009998
"246","2013-10-07",45.759998
"247","2013-10-08",44.560001
"248","2013-10-09",43.380001
"249","2013-10-10",43.68
"250","2013-10-11",44.700001
"251","2013-10-14",46.52
"252","2013-10-15",46.849998
"253","2013-10-16",49.52
"254","2013-10-17",50.18
"255","2013-10-18",52.18
"256","2013-10-21",52.75
"257","2013-10-22",50.32
"258","2013-10-23",49.099998
"259","2013-10-24",54
"260","2013-10-25",53.32
"261","2013-10-28",53.52
"262","2013-10-29",54.07
"263","2013-10-30",53.709999
"264","2013-10-31",51.650002
"265","2013-11-01",50.639999
"266","2013-11-04",53.16
"267","2013-11-05",55.139999
"268","2013-11-06",53.459999
"269","2013-11-07",54
"270","2013-11-08",53.470001
"271","2013-11-11",53.290001
"272","2013-11-12",52.5
"273","2013-11-13",53.150002
"274","2013-11-14",53.119999
"275","2013-11-15",53.529999
"276","2013-11-18",50.209999
"277","2013-11-19",48.82
"278","2013-11-20",48.759998
"279","2013-11-21",51.740002
"280","2013-11-22",51.529999
"281","2013-11-25",50.880001
"282","2013-11-26",51.610001
"283","2013-11-27",50.060001
"284","2013-11-29",49.740002
"285","2013-12-02",50.369999
"286","2013-12-03",50.23
"287","2013-12-04",50.450001
"288","2013-12-05",49.200001
"289","2013-12-06",46.18
"290","2013-12-09",45.07
"291","2013-12-10",46
"292","2013-12-11",45.110001
"293","2013-12-12",44.959999
"294","2013-12-13",44.73
"295","2013-12-16",45.490002
"296","2013-12-17",46.119999
"297","2013-12-18",46.34
"298","2013-12-19",49.799999
"299","2013-12-20",50.790001
"300","2013-12-23",52.099998
"301","2013-12-24",52.02
"302","2013-12-26",52.73
"303","2013-12-27",53.34
"304","2013-12-30",51.93
"305","2013-12-31",52.880001
"306","2014-01-02",51.16
"307","2014-01-03",49.18
"308","2014-01-06",48.57
"309","2014-01-07",48.389999
"310","2014-01-08",47.610001
"311","2014-01-09",45.52
"312","2014-01-10",46.970001
"313","2014-01-13",44.43
"314","2014-01-14",47.009998
"315","2014-01-15",48.02
"316","2014-01-16",48.610001
"317","2014-01-17",48.509998
"318","2014-01-21",49.080002
"319","2014-01-22",51.220001
"320","2014-01-23",50.439999
"321","2014-01-24",48.869999
"322","2014-01-27",47.540001
"323","2014-01-28",49.799999
"324","2014-01-29",48.59
"325","2014-01-30",51.369999
"326","2014-01-31",51.98
"327","2014-02-03",50.080002
"328","2014-02-04",51.639999
"329","2014-02-05",52.959999
"330","2014-02-06",53.77
"331","2014-02-07",56.720001
"332","2014-02-10",57.52
"333","2014-02-11",58.91
"334","2014-02-12",57.970001
"335","2014-02-13",58.889999
"336","2014-02-14",59.650002
"337","2014-02-18",61.02
"338","2014-02-19",61.040001
"339","2014-02-20",62.669998
"340","2014-02-21",63.990002
"341","2014-02-24",64.800003
"342","2014-02-25",63.740002
"343","2014-02-26",64.540001
"344","2014-02-27",63.889999
"345","2014-02-28",64.330002
"346","2014-03-03",64.410004
"347","2014-03-04",65.480003
"348","2014-03-05",64.040001
"349","2014-03-06",62.759998
"350","2014-03-07",63.880001
"351","2014-03-10",63.029999
"352","2014-03-11",62.009998
"353","2014-03-12",63.16
"354","2014-03-13",63.360001
"355","2014-03-14",63.580002
"356","2014-03-17",63.93
"357","2014-03-18",65.68
"358","2014-03-19",64.400002
"359","2014-03-20",65.190002
"360","2014-03-21",64.220001
"361","2014-03-24",64.139999
"362","2014-03-25",64.290001
"363","2014-03-26",64.889999
"364","2014-03-27",68.040001
"365","2014-03-28",69.699997
"366","2014-03-31",67.309998
"367","2014-04-01",66.410004
"368","2014-04-02",68.970001
"369","2014-04-03",67.910004
"370","2014-04-04",67.25
"371","2014-04-07",65.169998
"372","2014-04-08",66.599998
"373","2014-04-09",68.059998
"374","2014-04-10",65.629997
"375","2014-04-11",67.599998
"376","2014-04-14",70.120003
"377","2014-04-15",69.080002
"378","2014-04-16",70.489998
"379","2014-04-17",73.339996
"380","2014-04-21",74.519997
"381","2014-04-22",74.260002
"382","2014-04-23",73.889999
"383","2014-04-24",75.419998
"384","2014-04-25",71.440002
"385","2014-04-28",70.959999
"386","2014-04-29",72.220001
"387","2014-04-30",71.940002
"388","2014-05-01",71.269997
"389","2014-05-02",73.769997
"390","2014-05-05",73.629997
"391","2014-05-06",73.25
"392","2014-05-07",75.720001
"393","2014-05-08",71.760002
"394","2014-05-09",71.239998
"395","2014-05-12",72.720001
"396","2014-05-13",73.730003
"397","2014-05-14",72.019997
"398","2014-05-15",69.43
"399","2014-05-16",70.669998
"400","2014-05-19",71.150002
"401","2014-05-20",70.160004
"402","2014-05-21",72.709999
"403","2014-05-22",73.029999
"404","2014-05-23",72.779999
"405","2014-05-27",71.470001
"406","2014-05-28",71.389999
"407","2014-05-29",75.019997
"408","2014-05-30",75.480003
"409","2014-06-02",76.110001
"410","2014-06-03",78.300003
"411","2014-06-04",78.540001
"412","2014-06-05",79.239998
"413","2014-06-06",81.089996
"414","2014-06-09",82
"415","2014-06-10",82.330002
"416","2014-06-11",83.839996
"417","2014-06-12",84.690002
"418","2014-06-13",87.949997
"419","2014-06-16",89.900002
"420","2014-06-17",90.260002
"421","2014-06-18",90.339996
"422","2014-06-19",89.050003
"423","2014-06-20",89.790001
"424","2014-06-23",91.410004
"425","2014-06-24",87.690002
"426","2014-06-25",90.559998
"427","2014-06-26",89.290001
"428","2014-06-27",88.690002
"429","2014-06-30",88.800003
"430","2014-07-01",89.769997
"431","2014-07-02",88.290001
"432","2014-07-03",88.809998
"433","2014-07-07",87.309998
"434","2014-07-08",85.970001
"435","2014-07-09",87.290001
"436","2014-07-10",85.720001
"437","2014-07-11",84.209999
"438","2014-07-14",86.589996
"439","2014-07-15",83.360001
"440","2014-07-16",85.489998
"441","2014-07-17",84.709999
"442","2014-07-18",86.660004
"443","2014-07-21",87.989998
"444","2014-07-22",86.559998
"445","2014-07-23",87.849998
"446","2014-07-24",88.010002
"447","2014-07-25",85.699997
"448","2014-07-28",84.800003
"449","2014-07-29",85.589996
"450","2014-07-30",84.75
"451","2014-07-31",82.230003
"452","2014-08-01",80.019997
"453","2014-08-04",81.610001
"454","2014-08-05",78.93
"455","2014-08-06",78.519997
"456","2014-08-07",76.580002
"457","2014-08-08",77.449997
"458","2014-08-11",77.489998
"459","2014-08-12",76.040001
"460","2014-08-13",77.18
"461","2014-08-14",75.860001
"462","2014-08-15",78.449997
"463","2014-08-18",79.779999
"464","2014-08-19",80
"465","2014-08-20",80.239998
"466","2014-08-21",80.739998
"467","2014-08-22",79.980003
"468","2014-08-25",81.400002
"469","2014-08-26",83.879997
"470","2014-08-27",82.599998
"471","2014-08-28",83.199997
"472","2014-08-29",86.349998
"473","2014-09-02",83.230003
"474","2014-09-03",83.839996
"475","2014-09-04",79.5
"476","2014-09-05",79.25
"477","2014-09-08",77.419998
"478","2014-09-09",76.459999
"479","2014-09-10",76.800003
"480","2014-09-11",77.870003
"481","2014-09-12",76.559998
"482","2014-09-15",76.239998
"483","2014-09-16",78.220001
"484","2014-09-17",77.699997
"485","2014-09-18",76.18
"486","2014-09-19",75.550003
"487","2014-09-22",73.459999
"488","2014-09-23",72.839996
"489","2014-09-24",74.300003
"490","2014-09-25",72.599998
"491","2014-09-26",73.639999
"492","2014-09-29",76.760002
"493","2014-09-30",74.779999
"494","2014-10-01",74.410004
"495","2014-10-02",75.279999
"496","2014-10-03",73
"497","2014-10-06",73.970001
"498","2014-10-07",71.449997
"499","2014-10-08",73.120003
"500","2014-10-09",69.269997
"501","2014-10-10",64.75
"502","2014-10-13",59.209999
"503","2014-10-14",58.439999
"504","2014-10-15",59.98
"505","2014-10-16",63.119999
"506","2014-10-17",63.349998
"507","2014-10-20",64.279999
"508","2014-10-21",67.489998
"509","2014-10-22",64.199997
"510","2014-10-23",67.220001
"511","2014-10-24",67.239998
"512","2014-10-27",64.129997
"513","2014-10-28",67.779999
"514","2014-10-29",69.080002
"515","2014-10-30",67.68
"516","2014-10-31",68.440002
"517","2014-11-03",67.389999
"518","2014-11-04",63.639999
"519","2014-11-05",65.010002
"520","2014-11-06",65.82
"521","2014-11-07",69.489998
"522","2014-11-10",66.599998
"523","2014-11-11",67.5
"524","2014-11-12",64.809998
"525","2014-11-13",64.760002
"526","2014-11-14",67.790001
"527","2014-11-17",63.720001
"528","2014-11-18",64.370003
"529","2014-11-19",65.129997
"530","2014-11-20",67.209999
"531","2014-11-21",69.739998
"532","2014-11-24",68.089996
"533","2014-11-25",67.029999
"534","2014-11-26",64.879997
"535","2014-11-28",56.400002
"536","2014-12-01",55.810001
"537","2014-12-02",57.84
"538","2014-12-03",59.860001
"539","2014-12-04",58.48
"540","2014-12-05",58.790001
"541","2014-12-08",54.799999
"542","2014-12-09",56.68
"543","2014-12-10",53.650002
"544","2014-12-11",53.110001
"545","2014-12-12",52.470001
"546","2014-12-15",53.41
"547","2014-12-16",55.84
"548","2014-12-17",58.970001
"549","2014-12-18",59.580002
"550","2014-12-19",62.560001
"551","2014-12-22",61.07
"552","2014-12-23",61.700001
"553","2014-12-24",60.18
"554","2014-12-26",60.41
"555","2014-12-29",60.380001
"556","2014-12-30",59.869999
"557","2014-12-31",59.779999
"558","2015-01-02",59.93
"559","2015-01-05",57.279999
"560","2015-01-06",57.369999
"561","2015-01-07",58.25
"562","2015-01-08",61.09
"563","2015-01-09",61.84
"564","2015-01-12",59.470001
"565","2015-01-13",61.240002
"566","2015-01-14",65.300003
"567","2015-01-15",63.450001
"568","2015-01-16",65.629997
"569","2015-01-20",62.810001
"570","2015-01-21",68.540001
"571","2015-01-22",67.980003
"572","2015-01-23",67
"573","2015-01-26",68.510002
"574","2015-01-27",68.970001
"575","2015-01-28",66.080002
"576","2015-01-29",68.639999
"577","2015-01-30",68.989998
"578","2015-02-02",69.739998
"579","2015-02-03",69.68
"580","2015-02-04",67.129997
"581","2015-02-05",69.059998
"582","2015-02-06",70.830002
"583","2015-02-09",70.129997
"584","2015-02-10",69.400002
"585","2015-02-11",68.779999
"586","2015-02-12",72.970001
"587","2015-02-13",73.459999
"588","2015-02-17",73.57
"589","2015-02-18",73.800003
"590","2015-02-19",75.860001
"591","2015-02-20",75.089996
"592","2015-02-23",74.360001
"593","2015-02-24",74.080002
"594","2015-02-25",74.959999
"595","2015-02-26",73.169998
"596","2015-02-27",71.209999
"597","2015-03-02",70.980003
"598","2015-03-03",71.690002
"599","2015-03-04",71.809998
"600","2015-03-05",71.18
"601","2015-03-06",69.860001
"602","2015-03-09",69.610001
"603","2015-03-10",68.089996
"604","2015-03-11",70.050003
"605","2015-03-12",69.940002
"606","2015-03-13",69.68
"607","2015-03-16",70
"608","2015-03-17",70.470001
"609","2015-03-18",72.650002
"610","2015-03-19",71.489998
"611","2015-03-20",72.339996
"612","2015-03-23",71.580002
"613","2015-03-24",73.769997
"614","2015-03-25",74.919998
"615","2015-03-26",76.849998
"616","2015-03-27",75.169998
"617","2015-03-30",77.629997
"618","2015-03-31",76.839996
"619","2015-04-01",77.400002
"620","2015-04-02",78.879997
"621","2015-04-06",79.470001
"622","2015-04-07",79.959999
"623","2015-04-08",78.059998
"624","2015-04-09",80.720001
"625","2015-04-10",80.75
"626","2015-04-13",79.860001
"627","2015-04-14",80.389999
"628","2015-04-15",82.410004
"629","2015-04-16",83.32
"630","2015-04-17",82.57
"631","2015-04-20",84.07
"632","2015-04-21",82.809998
"633","2015-04-22",81.980003
"634","2015-04-23",81.959999
"635","2015-04-24",79.830002
"636","2015-04-27",79.730003
"637","2015-04-28",80.230003
"638","2015-04-29",82.959999
"639","2015-04-30",82.57
"640","2015-05-01",81.879997
"641","2015-05-04",82.940002
"642","2015-05-05",79.760002
"643","2015-05-06",78.669998
"644","2015-05-07",75.339996
"645","2015-05-08",77.010002
"646","2015-05-11",78.330002
"647","2015-05-12",79.589996
"648","2015-05-13",79.419998
"649","2015-05-14",77.199997
"650","2015-05-15",78.93
"651","2015-05-18",79.230003
"652","2015-05-19",77.470001
"653","2015-05-20",78.529999
"654","2015-05-21",80.620003
"655","2015-05-22",81.379997
"656","2015-05-26",79.230003
"657","2015-05-27",79.18
"658","2015-05-28",77.529999
"659","2015-05-29",77.809998
"660","2015-06-01",78.959999
"661","2015-06-02",79.029999
"662","2015-06-03",77.660004
"663","2015-06-04",76.459999
"664","2015-06-05",78.260002
"665","2015-06-08",78.830002
"666","2015-06-09",79.989998
"667","2015-06-10",81.43
"668","2015-06-11",81.040001
"669","2015-06-12",80.650002
"670","2015-06-15",79.889999
"671","2015-06-16",80.75
"672","2015-06-17",79.389999
"673","2015-06-18",78.57
"674","2015-06-19",76.620003
"675","2015-06-22",78.809998
"676","2015-06-23",79.889999
"677","2015-06-24",77.959999
"678","2015-06-25",76.389999
"679","2015-06-26",75.25
"680","2015-06-29",75.160004
"681","2015-06-30",75.379997
"682","2015-07-01",72.82
"683","2015-07-02",73.129997
"684","2015-07-06",70.209999
"685","2015-07-07",71.059998
"686","2015-07-08",69.290001
"687","2015-07-09",70.860001
"688","2015-07-10",70.889999
"689","2015-07-13",71.309998
"690","2015-07-14",73.339996
"691","2015-07-15",70.690002
"692","2015-07-16",69.190002
"693","2015-07-17",66.269997
"694","2015-07-20",64.830002
"695","2015-07-21",65.970001
"696","2015-07-22",66.239998
"697","2015-07-23",66.290001
"698","2015-07-24",63.900002
"699","2015-07-27",63.299999
"700","2015-07-28",64.989998
"701","2015-07-29",67.650002
"702","2015-07-30",67.68
"703","2015-07-31",67.300003
"704","2015-08-03",66.82
"705","2015-08-04",67.989998
"706","2015-08-05",68.370003
"707","2015-08-06",70.480003
"708","2015-08-07",68.839996
"709","2015-08-10",70.190002
"710","2015-08-11",70.870003
"711","2015-08-12",72.480003
"712","2015-08-13",71.669998
"713","2015-08-14",73.900002
"714","2015-08-17",72.209999
"715","2015-08-18",73.379997
"716","2015-08-19",71.839996
"717","2015-08-20",70.230003
"718","2015-08-21",66.550003
"719","2015-08-24",61.75
"720","2015-08-25",60.82
"721","2015-08-26",62.09
"722","2015-08-27",65.699997
"723","2015-08-28",66.559998
"724","2015-08-31",68.290001
"725","2015-09-01",64.519997
"726","2015-09-02",67.449997
"727","2015-09-03",66.980003
"728","2015-09-04",66
"729","2015-09-08",67.309998
"730","2015-09-09",65.050003
"731","2015-09-10",66.879997
"732","2015-09-11",66.309998
"733","2015-09-14",65.720001
"734","2015-09-15",66.699997
"735","2015-09-16",69.889999
"736","2015-09-17",69.809998
"737","2015-09-18",69
"738","2015-09-21",69.419998
"739","2015-09-22",69.18
"740","2015-09-23",66.489998
"741","2015-09-24",66.669998
"742","2015-09-25",66.010002
"743","2015-09-28",62.630001
"744","2015-09-29",63
"745","2015-09-30",64.599998
"746","2015-10-01",65.559998
"747","2015-10-02",69.360001
"748","2015-10-05",72.209999
"749","2015-10-06",72.580002
"750","2015-10-07",73.650002
"751","2015-10-08",76.220001
"752","2015-10-09",76.949997
"753","2015-10-12",76.910004
"754","2015-10-13",76.169998
"755","2015-10-14",76.43
"756","2015-10-15",75.68
"757","2015-10-16",77.18
"758","2015-10-19",73.309998
"759","2015-10-20",73.360001
"760","2015-10-21",71.269997
"761","2015-10-22",72.349998
"762","2015-10-23",71.919998
"763","2015-10-26",72.879997
"764","2015-10-27",72.559998
"765","2015-10-28",75.5
"766","2015-10-29",75.400002
"767","2015-10-30",73.839996
"768","2015-11-02",73.410004
"769","2015-11-03",77.260002
"770","2015-11-04",76.080002
"771","2015-11-05",77.089996
"772","2015-11-06",77.790001
"773","2015-11-09",79.620003
"774","2015-11-10",79.599998
"775","2015-11-11",79.830002
"776","2015-11-12",78.089996
"777","2015-11-13",76.720001
"778","2015-11-16",79.660004
"779","2015-11-17",79.610001
"780","2015-11-18",81.419998
"781","2015-11-19",77.059998
"782","2015-11-20",77.470001
"783","2015-11-23",79.739998
"784","2015-11-24",79.940002
"785","2015-11-25",78.699997
"786","2015-11-27",77.519997
"787","2015-11-30",78.019997
"788","2015-12-01",78.199997
"789","2015-12-02",76.790001
"790","2015-12-03",76.75
"791","2015-12-04",76.309998
"792","2015-12-07",73.849998
"793","2015-12-08",74.940002
"794","2015-12-09",77.019997
"795","2015-12-10",79.089996
"796","2015-12-11",76.559998
"797","2015-12-14",75.610001
"798","2015-12-15",76.510002
"799","2015-12-16",72.360001
"800","2015-12-17",68.75
"801","2015-12-18",66.160004
"802","2015-12-21",62.200001
"803","2015-12-22",63.349998
"804","2015-12-23",67.459999
"805","2015-12-24",67.919998
"806","2015-12-28",65.43
"807","2015-12-29",66.440002
"808","2015-12-30",66.019997
"809","2015-12-31",66.900002
"810","2016-01-04",66.110001
"811","2016-01-05",65.190002
"812","2016-01-06",62.200001
"813","2016-01-07",60.400002
"814","2016-01-08",60.759998
"815","2016-01-11",57.599998
"816","2016-01-12",58.52
"817","2016-01-13",59.509998
"818","2016-01-14",62.68
"819","2016-01-15",63.16
"820","2016-01-19",60.48
"821","2016-01-20",60.91
"822","2016-01-21",64.099998
"823","2016-01-22",66.169998
"824","2016-01-25",62.080002
"825","2016-01-26",66.529999
"826","2016-01-27",68.269997
"827","2016-01-28",72.790001
"828","2016-01-29",75.550003
"829","2016-02-01",72.599998
"830","2016-02-02",71.25
"831","2016-02-03",74.879997
"832","2016-02-04",72
"833","2016-02-05",67.309998
"834","2016-02-08",69.949997
"835","2016-02-09",67.059998
"836","2016-02-10",67.330002
"837","2016-02-11",67.900002
"838","2016-02-12",69.129997
"839","2016-02-16",67.970001
"840","2016-02-17",70.440002
"841","2016-02-18",70.25
"842","2016-02-19",72.080002
"843","2016-02-22",73.699997
"844","2016-02-23",69.989998
"845","2016-02-24",71.720001
"846","2016-02-25",71.559998
"847","2016-02-26",72.599998
"848","2016-02-29",71.25
"849","2016-03-01",72.489998
"850","2016-03-02",74
"851","2016-03-03",72.510002
"852","2016-03-04",75.989998
"853","2016-03-07",76.239998
"854","2016-03-08",74.389999
"855","2016-03-09",74.699997
"856","2016-03-10",75.080002
"857","2016-03-11",78.43
"858","2016-03-14",76.010002
"859","2016-03-15",76.980003
"860","2016-03-16",77.110001
"861","2016-03-17",77.489998
"862","2016-03-18",77.620003
"863","2016-03-21",78.050003
"864","2016-03-22",78.019997
"865","2016-03-23",76.699997
"866","2016-03-24",77.43
"867","2016-03-28",76.459999
"868","2016-03-29",77.160004
"869","2016-03-30",79.029999
"870","2016-03-31",77.18
"871","2016-04-01",76.769997
"872","2016-04-04",74.510002
"873","2016-04-05",73.800003
"874","2016-04-06",76.690002
"875","2016-04-07",79.07
"876","2016-04-08",81.050003
"877","2016-04-11",80.580002
"878","2016-04-12",82.050003
"879","2016-04-13",81.400002
"880","2016-04-14",81.730003
"881","2016-04-15",80.110001
"882","2016-04-18",81.82
"883","2016-04-19",82.300003
"884","2016-04-20",83.449997
"885","2016-04-21",82.550003
"886","2016-04-22",83.68
"887","2016-04-25",84.480003
"888","2016-04-26",86.510002
"889","2016-04-27",88.43
"890","2016-04-28",86.879997
"891","2016-04-29",86.580002
"892","2016-05-02",87.610001
"893","2016-05-03",84.900002
"894","2016-05-04",84.169998
"895","2016-05-05",87.68
"896","2016-05-06",85.459999
"897","2016-05-09",85.730003
"898","2016-05-10",87.410004
"899","2016-05-11",86.489998
"900","2016-05-12",87.139999
"901","2016-05-13",85.489998
"902","2016-05-16",86.580002
"903","2016-05-17",86.940002
"904","2016-05-18",86.93
"905","2016-05-19",86.93
"906","2016-05-20",87.019997
"907","2016-05-23",86.839996
"908","2016-05-24",87.970001
"909","2016-05-25",89.739998
"910","2016-05-26",91.910004
"911","2016-05-27",92.860001
"912","2016-05-31",90.949997
"913","2016-06-01",91.529999
"914","2016-06-02",92.419998
"915","2016-06-03",90.110001
"916","2016-06-06",90.870003
"917","2016-06-07",94.589996
"918","2016-06-08",93.129997
"919","2016-06-09",92.18
"920","2016-06-10",89.339996
"921","2016-06-13",88.760002
"922","2016-06-14",89.860001
"923","2016-06-15",89.129997
"924","2016-06-16",87.25
"925","2016-06-17",87.510002
"926","2016-06-20",89.010002
"927","2016-06-21",90.919998
"928","2016-06-22",90.790001
"929","2016-06-23",91.410004
"930","2016-06-24",87.279999
"931","2016-06-27",83.769997
"932","2016-06-28",88.610001
"933","2016-06-29",90.790001
"934","2016-06-30",91.209999
"935","2016-07-01",90.540001
"936","2016-07-05",89.529999
"937","2016-07-06",90.5
"938","2016-07-07",88.589996
"939","2016-07-08",89.160004
"940","2016-07-11",89.699997
"941","2016-07-12",91.959999
"942","2016-07-13",91.040001
"943","2016-07-14",92.230003
"944","2016-07-15",90.93
"945","2016-07-18",90.57
"946","2016-07-19",89.419998
"947","2016-07-20",89.480003
"948","2016-07-21",88.18
"949","2016-07-22",88.230003
"950","2016-07-25",85.349998
"951","2016-07-26",85.889999
"952","2016-07-27",85.360001
"953","2016-07-28",85.93
"954","2016-07-29",87.790001
"955","2016-08-01",85.949997
"956","2016-08-02",85.849998
"957","2016-08-03",87.339996
"958","2016-08-04",88.910004
"959","2016-08-05",92.949997
"960","2016-08-08",93.699997
"961","2016-08-09",94.279999
"962","2016-08-10",93.290001
"963","2016-08-11",94.160004
"964","2016-08-12",94.580002
"965","2016-08-15",96.449997
"966","2016-08-16",95.010002
"967","2016-08-17",95.300003
"968","2016-08-18",98.550003
"969","2016-08-19",98.589996
"970","2016-08-22",96.489998
"971","2016-08-23",96.589996
"972","2016-08-24",96.190002
"973","2016-08-25",96.260002
"974","2016-08-26",96.330002
"975","2016-08-29",97.360001
"976","2016-08-30",96.5
"977","2016-08-31",95.25
"978","2016-09-01",95.269997
"979","2016-09-02",96.379997
"980","2016-09-06",97.150002
"981","2016-09-07",98.559998
"982","2016-09-08",98.339996
"983","2016-09-09",96.050003
"984","2016-09-12",95.629997
"985","2016-09-13",90.900002
"986","2016-09-14",88.559998
"987","2016-09-15",89.879997
"988","2016-09-16",89.690002
"989","2016-09-19",89.290001
"990","2016-09-20",88.349998
"991","2016-09-21",89.389999
"992","2016-09-22",91
"993","2016-09-23",88.919998
"994","2016-09-26",90.309998
"995","2016-09-27",88.529999
"996","2016-09-28",93.379997
"997","2016-09-29",95.529999
"998","2016-09-30",96.540001
"999","2016-10-03",92.529999
"1000","2016-10-04",91.589996
"1001","2016-10-05",94.699997
"1002","2016-10-06",95.040001
"1003","2016-10-07",94.699997
"1004","2016-10-10",105.209999
"1005","2016-10-11",104.839996
"1006","2016-10-12",104.540001
"1007","2016-10-13",103.529999
"1008","2016-10-14",100.900002
"1009","2016-10-17",100.470001
"1010","2016-10-18",99.709999
"1011","2016-10-19",103.199997
"1012","2016-10-20",102.25
"1013","2016-10-21",102.239998
"1014","2016-10-24",99.599998
"1015","2016-10-25",97.440002
"1016","2016-10-26",96.050003
"1017","2016-10-27",96.779999
"1018","2016-10-28",93.989998
"1019","2016-10-31",91.290001
"1020","2016-11-01",91.809998
"1021","2016-11-02",91.279999
"1022","2016-11-03",92.559998
"1023","2016-11-04",91.690002
"1024","2016-11-07",93.959999
"1025","2016-11-08",93.739998
"1026","2016-11-09",98.160004
"1027","2016-11-10",97.370003
"1028","2016-11-11",95.489998
"1029","2016-11-14",94.32
"1030","2016-11-15",96.660004
"1031","2016-11-16",97.589996
"1032","2016-11-17",97.919998
"1033","2016-11-18",97.099998
"1034","2016-11-21",100.459999
"1035","2016-11-22",99.199997
"1036","2016-11-23",100.769997
"1037","2016-11-25",99.440002
"1038","2016-11-28",96.75
"1039","2016-11-29",95.400002
"1040","2016-11-30",107.849998
"1041","2016-12-01",110
"1042","2016-12-02",108.139999
"1043","2016-12-05",106.93
"1044","2016-12-06",106.290001
"1045","2016-12-07",105.389999
"1046","2016-12-08",107.260002
"1047","2016-12-09",106.040001
"1048","2016-12-12",104.989998
"1049","2016-12-13",105.279999
"1050","2016-12-14",101.510002
"1051","2016-12-15",101.18
"1052","2016-12-16",101.949997
"1053","2016-12-19",105.25
"1054","2016-12-20",102.660004
"1055","2016-12-21",101.449997
"1056","2016-12-22",102.730003
"1057","2016-12-23",102.93
"1058","2016-12-27",103.849998
"1059","2016-12-28",102.940002
"1060","2016-12-29",102.050003
"1061","2016-12-30",101.059998
"1062","2017-01-03",103.25
"1063","2017-01-04",103.57
"1064","2017-01-05",103.669998
"1065","2017-01-06",103.660004
"1066","2017-01-09",101.43
"1067","2017-01-10",102.709999
"1068","2017-01-11",103.910004
"1069","2017-01-12",103.57
"1070","2017-01-13",101.360001
"1071","2017-01-17",100.440002
"1072","2017-01-18",100.519997
"1073","2017-01-19",102.260002
"1074","2017-01-20",103.110001
"1075","2017-01-23",102.190002
"1076","2017-01-24",103.739998
"1077","2017-01-25",105.120003
"1078","2017-01-26",106.699997
"1079","2017-01-27",106.68
"1080","2017-01-30",102.5
"1081","2017-01-31",105.169998
"1082","2017-02-01",105.760002
"1083","2017-02-02",104.629997
"1084","2017-02-03",104.419998
"1085","2017-02-06",105.440002
"1086","2017-02-07",100.120003
"1087","2017-02-08",100.559998
"1088","2017-02-09",103.93
"1089","2017-02-10",104.790001
"1090","2017-02-13",104.300003
"1091","2017-02-14",107.68
"1092","2017-02-15",111.839996
"1093","2017-02-16",109.010002
"1094","2017-02-17",107.629997
"1095","2017-02-21",106.839996
"1096","2017-02-22",102.029999
"1097","2017-02-23",100.959999
"1098","2017-02-24",100.410004
"1099","2017-02-27",101.650002
"1100","2017-02-28",100.860001
"1101","2017-03-01",105.709999
"1102","2017-03-02",103.82
"1103","2017-03-03",103.580002
"1104","2017-03-06",103.959999
"1105","2017-03-07",104.580002
"1106","2017-03-08",99.760002
"1107","2017-03-09",101.480003
"1108","2017-03-10",101.459999
"1109","2017-03-13",101.260002
"1110","2017-03-14",98.349998
"1111","2017-03-15",102.919998
"1112","2017-03-16",103.440002
"1113","2017-03-17",104.690002
"1114","2017-03-20",103.709999
"1115","2017-03-21",102.120003
"1116","2017-03-22",101.169998
"1117","2017-03-23",99.599998
"1118","2017-03-24",99.730003
"1119","2017-03-27",98.940002
"1120","2017-03-28",101.230003
"1121","2017-03-29",103.160004
"1122","2017-03-30",102.669998
"1123","2017-03-31",103.720001
"1124","2017-04-03",104.080002
"1125","2017-04-04",106.769997
"1126","2017-04-05",102.940002
"1127","2017-04-06",104.669998
"1128","2017-04-07",104.379997
"1129","2017-04-10",104.620003
"1130","2017-04-11",105.959999
"1131","2017-04-12",106.32
"1132","2017-04-13",105.040001
"1133","2017-04-17",105.139999
"1134","2017-04-18",103.160004
"1135","2017-04-19",100.550003
"1136","2017-04-20",100.269997
"1137","2017-04-21",101.269997
"1138","2017-04-24",101.760002
"1139","2017-04-25",103.970001
"1140","2017-04-26",103.209999
"1141","2017-04-27",100.449997
"1142","2017-04-28",99.839996
"1143","2017-05-01",98.959999
"1144","2017-05-02",98.379997
"1145","2017-05-03",100.279999
"1146","2017-05-04",95.209999
"1147","2017-05-05",99.650002
"1148","2017-05-08",100.620003
"1149","2017-05-09",99.620003
"1150","2017-05-10",102.379997
"1151","2017-05-11",101.379997
"1152","2017-05-12",101.900002
"1153","2017-05-15",103.279999
"1154","2017-05-16",103.959999
"1155","2017-05-17",101.790001
"1156","2017-05-18",101.620003
"1157","2017-05-19",103.120003
"1158","2017-05-22",102.25
"1159","2017-05-23",100.650002
"1160","2017-05-24",99.370003
"1161","2017-05-25",99.629997
"1162","2017-05-26",98.410004
"1163","2017-05-30",94.279999
"1164","2017-05-31",92.760002
"1165","2017-06-01",93.970001
"1166","2017-06-02",91.839996
"1167","2017-06-05",90.650002
"1168","2017-06-06",92.760002
"1169","2017-06-07",88.599998
"1170","2017-06-08",87.82
"1171","2017-06-09",90.150002
"1172","2017-06-12",90.660004
"1173","2017-06-13",92.440002
"1174","2017-06-14",89.400002
"1175","2017-06-15",85.870003
"1176","2017-06-16",84.870003
"1177","2017-06-19",85.889999
"1178","2017-06-20",87.040001
"1179","2017-06-21",86.75
"1180","2017-06-22",85.980003
"1181","2017-06-23",88.400002
"1182","2017-06-26",87.300003
"1183","2017-06-27",87.989998
"1184","2017-06-28",86.599998
"1185","2017-06-29",87.290001
"1186","2017-06-30",88.809998
"1187","2017-07-03",90.349998
"1188","2017-07-05",88.489998
"1189","2017-07-06",85.959999
"1190","2017-07-07",86.089996
"1191","2017-07-10",88.029999
"1192","2017-07-11",88.620003
"1193","2017-07-12",88.110001
"1194","2017-07-13",89.419998
"1195","2017-07-14",90.480003
"1196","2017-07-17",90.470001
"1197","2017-07-18",90.410004
"1198","2017-07-19",93.93
"1199","2017-07-20",92.379997
"1200","2017-07-21",91.989998
"1201","2017-07-24",93.209999
"1202","2017-07-25",95.720001
"1203","2017-07-26",96.480003
"1204","2017-07-27",96.57
"1205","2017-07-28",96.650002
"1206","2017-07-31",95.879997
"1207","2017-08-01",95.349998
"1208","2017-08-02",95.839996
"1209","2017-08-03",89.690002
"1210","2017-08-04",95.209999
"1211","2017-08-07",96.040001
"1212","2017-08-08",94.980003
"1213","2017-08-09",94.580002
"1214","2017-08-10",92.059998
"1215","2017-08-11",92.870003
"1216","2017-08-14",90.75
"1217","2017-08-15",88.019997
"1218","2017-08-16",88.059998
"1219","2017-08-17",86.099998
"1220","2017-08-18",87.260002
"1221","2017-08-21",87.080002
"1222","2017-08-22",87.43
"1223","2017-08-23",88.860001
"1224","2017-08-24",89.120003
"1225","2017-08-25",88.739998
"1226","2017-08-28",88.029999
"1227","2017-08-29",88.169998
"1228","2017-08-30",88.470001
"1229","2017-08-31",90.790001
"1230","2017-09-01",91.919998
"1231","2017-09-05",91.739998
"1232","2017-09-06",92.660004
"1233","2017-09-07",91.620003
"1234","2017-09-08",88.900002
"1235","2017-09-11",89.449997
"1236","2017-09-12",90.410004
"1237","2017-09-13",93.489998
"1238","2017-09-14",93.809998
"1239","2017-09-15",93.970001
"1240","2017-09-18",95.150002
"1241","2017-09-19",94.279999
"1242","2017-09-20",97.32
"1243","2017-09-21",97.360001
"1244","2017-09-22",95.739998
"1245","2017-09-25",96.779999
"1246","2017-09-26",97.150002
"1247","2017-09-27",96.879997
"1248","2017-09-28",97.139999
"1249","2017-09-29",97.959999
"1250","2017-10-02",100
"1251","2017-10-03",100.080002
"1252","2017-10-04",100.75
"1253","2017-10-05",99.75
"1254","2017-10-06",99.089996
"1255","2017-10-09",99.940002
"1256","2017-10-10",100.760002
"1257","2017-10-11",101.519997
"1258","2017-10-12",101.120003
"1259","2017-10-13",101.370003
"1260","2017-10-16",102.599998
"1261","2017-10-17",102.610001
"1262","2017-10-18",102.190002
"1263","2017-10-19",101.589996
"1264","2017-10-20",102.529999
"1265","2017-10-23",100.349998
"1266","2017-10-24",99.669998
"1267","2017-10-25",100.889999
"1268","2017-10-26",100.879997
"1269","2017-10-27",104.57
"1270","2017-10-30",106.199997
"1271","2017-10-31",107.160004
"1272","2017-11-01",109.779999
"1273","2017-11-02",108.970001
"1274","2017-11-03",111.150002
"1275","2017-11-06",113.690002
"1276","2017-11-07",111.800003
"1277","2017-11-08",110.040001
"1278","2017-11-09",111.029999
"1279","2017-11-10",111.860001
"1280","2017-11-13",110.970001
"1281","2017-11-14",108.269997
"1282","2017-11-15",106.620003
"1283","2017-11-16",106.529999
"1284","2017-11-17",107.540001
"1285","2017-11-20",107.970001
"1286","2017-11-21",109.150002
"1287","2017-11-22",109.25
"1288","2017-11-24",110.300003
"1289","2017-11-27",107.260002
"1290","2017-11-28",108.230003
"1291","2017-11-29",108.150002
"1292","2017-11-30",109.309998
"1293","2017-12-01",110.910004
"1294","2017-12-04",109.019997
"1295","2017-12-05",109.059998
"1296","2017-12-06",106.330002
"1297","2017-12-07",108.949997
"1298","2017-12-08",110.769997
"1299","2017-12-11",111.300003
"1300","2017-12-12",111.529999
"1301","2017-12-13",111.589996
"1302","2017-12-14",111.029999
"1303","2017-12-15",109.519997
"1304","2017-12-18",109.650002
"1305","2017-12-19",111.809998
"1306","2017-12-20",117.239998
"1307","2017-12-21",123.099998
"1308","2017-12-22",124.370003
"1309","2017-12-26",125.970001
"1310","2017-12-27",123.190002
"1311","2017-12-28",125.519997
"1312","2017-12-29",126.25
"1313","2018-01-02",127.879997
"1314","2018-01-03",129.169998
"1315","2018-01-04",130.130005
"1316","2018-01-05",129.979996
"1317","2018-01-08",130.990005
"1318","2018-01-09",127.489998
"1319","2018-01-10",127.290001
"1320","2018-01-11",129.899994
"1321","2018-01-12",130.139999
"1322","2018-01-16",128.020004
"1323","2018-01-17",127.440002
"1324","2018-01-18",127.230003
"1325","2018-01-19",127.57
"1326","2018-01-22",132.210007
"1327","2018-01-23",132.309998
"1328","2018-01-24",130.360001
"1329","2018-01-25",126.849998
"1330","2018-01-26",130.089996
"1331","2018-01-29",129.050003
"1332","2018-01-30",126.269997
"1333","2018-01-31",125.5
"1334","2018-02-01",126.639999
"1335","2018-02-02",122.459999
"1336","2018-02-05",120.269997
"1337","2018-02-06",121.900002
"1338","2018-02-07",118.5
"1339","2018-02-08",111.330002
"1340","2018-02-09",110.510002
"1341","2018-02-12",116.010002
"1342","2018-02-13",115.029999
"1343","2018-02-14",122.830002
"1344","2018-02-15",125.150002
"1345","2018-02-16",123.879997
"1346","2018-02-20",122.809998
"1347","2018-02-21",120.980003
"1348","2018-02-22",123.309998
"1349","2018-02-23",127.93
"1350","2018-02-26",127.720001
"1351","2018-02-27",126.169998
"1352","2018-02-28",124.639999
"1353","2018-03-01",126.410004
"1354","2018-03-02",129.080002
"1355","2018-03-05",130.25
"1356","2018-03-06",127.089996
"1357","2018-03-07",126.269997
"1358","2018-03-08",125.199997
"1359","2018-03-09",128.940002
"1360","2018-03-12",127.410004
"1361","2018-03-13",127.150002
"1362","2018-03-14",125.809998
"1363","2018-03-15",124.599998
"1364","2018-03-16",125.510002
"1365","2018-03-19",122.629997
"1366","2018-03-20",125.540001
"1367","2018-03-21",130.179993
"1368","2018-03-22",127.779999
"1369","2018-03-23",127.959999
"1370","2018-03-26",133.229996
"1371","2018-03-27",129.179993
"1372","2018-03-28",124.669998
"1373","2018-03-29",126.519997
"1374","2018-04-02",122.260002
"1375","2018-04-03",123.440002
"1376","2018-04-04",122.580002
"1377","2018-04-05",124.410004
"1378","2018-04-06",116.620003
"1379","2018-04-09",113.290001
"1380","2018-04-10",117.379997
"1381","2018-04-11",116.540001
"1382","2018-04-12",116.339996
"1383","2018-04-13",118.699997
"1384","2018-04-16",119.040001
"1385","2018-04-17",122.300003
"1386","2018-04-18",127.099998
"1387","2018-04-19",128.880005
"1388","2018-04-20",128.399994
"1389","2018-04-23",128.240005
"1390","2018-04-24",125.730003
"1391","2018-04-25",125.75
"1392","2018-04-26",126.870003
"1393","2018-04-27",125.849998
"1394","2018-04-30",128.449997
"1395","2018-05-01",128.100006
"1396","2018-05-02",128.919998
"1397","2018-05-03",126.510002
"1398","2018-05-04",127.300003
"1399","2018-05-07",130.240005
"1400","2018-05-08",134.720001
"1401","2018-05-09",136.520004
"1402","2018-05-10",129.789993
"1403","2018-05-11",123.82
"1404","2018-05-14",124.239998
"1405","2018-05-15",128.529999
"1406","2018-05-16",132.130005
"1407","2018-05-17",136.259995
"1408","2018-05-18",134.580002
"1409","2018-05-21",136.759995
"1410","2018-05-22",132.229996
"1411","2018-05-23",129.639999
"1412","2018-05-24",124.989998
"1413","2018-05-25",120.349998
"1414","2018-05-29",121
"1415","2018-05-30",122.800003
"1416","2018-05-31",120.760002
"1417","2018-06-01",115.5
"1418","2018-06-04",111.699997
"1419","2018-06-05",111.550003
"1420","2018-06-06",112.220001
"1421","2018-06-07",114.120003
"1422","2018-06-08",113.959999
"1423","2018-06-11",113.830002
"1424","2018-06-12",118.879997
"1425","2018-06-13",118.349998
"1426","2018-06-14",115.949997
"1427","2018-06-15",115.580002
"1428","2018-06-18",122.580002
"1429","2018-06-19",127.580002
"1430","2018-06-20",129.559998
"1431","2018-06-21",123.730003
"1432","2018-06-22",125.559998
"1433","2018-06-25",121.599998
"1434","2018-06-26",126.540001
"1435","2018-06-27",130.130005
"1436","2018-06-28",130.839996
"1437","2018-06-29",131.570007
"1438","2018-07-02",129.300003
"1439","2018-07-03",130.050003
"1440","2018-07-05",132
"1441","2018-07-06",134.970001
"1442","2018-07-09",136.669998
"1443","2018-07-10",133.960007
"1444","2018-07-11",130.759995
"1445","2018-07-12",130.279999
"1446","2018-07-13",131.339996
"1447","2018-07-16",129.990005
"1448","2018-07-17",130.649994
"1449","2018-07-18",130.589996
"1450","2018-07-19",132.089996
"1451","2018-07-20",131.149994
"1452","2018-07-23",131.169998
"1453","2018-07-24",133.449997
"1454","2018-07-25",134.679993
"1455","2018-07-26",134.550003
"1456","2018-07-27",132.339996
"1457","2018-07-30",133.710007
"1458","2018-07-31",131.949997
"1459","2018-08-01",132.880005
"1460","2018-08-02",134.490005
"1461","2018-08-03",130.800003
"1462","2018-08-06",133.619995
"1463","2018-08-07",134.740005
"1464","2018-08-08",133.789993
"1465","2018-08-09",131.149994
"1466","2018-08-10",134.800003
"1467","2018-08-13",131.869995
"1468","2018-08-14",133.75
"1469","2018-08-15",117.699997
"1470","2018-08-16",120.459999
"1471","2018-08-17",120.18
"1472","2018-08-20",120.989998
"1473","2018-08-21",122.589996
"1474","2018-08-22",124.230003
"1475","2018-08-23",121.599998
"1476","2018-08-24",121.75
"1477","2018-08-27",122.730003
"1478","2018-08-28",121.120003
"1479","2018-08-29",121.910004
"1480","2018-08-30",121.519997
"1481","2018-08-31",121.080002
"1482","2018-09-04",120.32
"1483","2018-09-05",117.459999
"1484","2018-09-06",114.489998
"1485","2018-09-07",112.650002
"1486","2018-09-10",112.110001
"1487","2018-09-11",116.400002
"1488","2018-09-12",120.510002
"1489","2018-09-13",118.809998
"1490","2018-09-14",121.730003
"1491","2018-09-17",122.690002
"1492","2018-09-18",124.75
"1493","2018-09-19",128.580002
"1494","2018-09-20",126.720001
"1495","2018-09-21",128.550003
"1496","2018-09-24",132.860001
"1497","2018-09-25",134.509995
"1498","2018-09-26",131.330002
"1499","2018-09-27",134.059998
"1500","2018-09-28",135.190002
"1501","2018-10-01",136.800003
"1502","2018-10-02",137.050003
"1503","2018-10-03",139.919998
"1504","2018-10-04",135.25
"1505","2018-10-05",136.350006
"1506","2018-10-08",132.880005
"1507","2018-10-09",135.130005
"1508","2018-10-10",129.279999
"1509","2018-10-11",124.629997
"1510","2018-10-12",126.120003
"1511","2018-10-15",127.93
"1512","2018-10-16",130.820007
"1513","2018-10-17",129.509995
"1514","2018-10-18",126.959999
"1515","2018-10-19",127.099998
"1516","2018-10-22",124.559998
"1517","2018-10-23",119.110001
"1518","2018-10-24",112.900002
"1519","2018-10-25",114.239998
"1520","2018-10-26",113.760002
"1521","2018-10-29",108.169998
"1522","2018-10-30",109.879997
"1523","2018-10-31",112.360001
"1524","2018-11-01",115.449997
"1525","2018-11-02",114.32
"1526","2018-11-05",115.989998
"1527","2018-11-06",113.370003
"1528","2018-11-07",115.870003
"1529","2018-11-08",110.650002
"1530","2018-11-09",113.849998
"1531","2018-11-12",110.230003
"1532","2018-11-13",107.849998
"1533","2018-11-14",108.709999
"1534","2018-11-15",112.239998
"1535","2018-11-16",114.309998
"1536","2018-11-19",113.809998
"1537","2018-11-20",108.730003
"1538","2018-11-21",109.230003
"1539","2018-11-23",104.879997
"1540","2018-11-26",109.309998
"1541","2018-11-27",109.839996
"1542","2018-11-28",109.800003
"1543","2018-11-29",112
"1544","2018-11-30",110.379997
"1545","2018-12-03",112.169998
"1546","2018-12-04",105.080002
"1547","2018-12-06",101.82
"1548","2018-12-07",102.699997
"1549","2018-12-10",100.629997
"1550","2018-12-11",100.040001
"1551","2018-12-12",98.489998
"1552","2018-12-13",96.32
"1553","2018-12-14",92.709999
"1554","2018-12-17",88.540001
"1555","2018-12-18",87.93
"1556","2018-12-19",90.599998
"1557","2018-12-20",89.029999
"1558","2018-12-21",88.769997
"1559","2018-12-24",85.669998
"1560","2018-12-26",91.989998
"1561","2018-12-27",92.879997
"1562","2018-12-28",91.889999
"1563","2018-12-31",92.699997
"1564","2019-01-02",95.220001
"1565","2019-01-03",96.160004
"1566","2019-01-04",99.93
"1567","2019-01-07",102.629997
"1568","2019-01-08",104.949997
"1569","2019-01-09",106.790001
"1570","2019-01-10",106.129997
"1571","2019-01-11",104.099998
"1572","2019-01-14",104.510002
"1573","2019-01-15",105.010002
"1574","2019-01-16",105.639999
"1575","2019-01-17",105.650002
"1576","2019-01-18",106.889999
"1577","2019-01-22",101.459999
"1578","2019-01-23",101.330002
"1579","2019-01-24",101.559998
"1580","2019-01-25",102.209999
"1581","2019-01-28",100.300003
"1582","2019-01-29",100.160004
"1583","2019-01-30",102.260002
"1584","2019-01-31",103.120003
"1585","2019-02-01",102.889999
"1586","2019-02-04",104.550003
"1587","2019-02-05",101.879997
"1588","2019-02-06",101.650002
"1589","2019-02-07",97.959999
"1590","2019-02-08",96.599998
"1591","2019-02-11",97.860001
"1592","2019-02-12",98.68
"1593","2019-02-13",101.019997
"1594","2019-02-14",103.830002
"1595","2019-02-15",105.5
"1596","2019-02-19",104.800003
"1597","2019-02-20",106.449997
"1598","2019-02-21",102.139999
"1599","2019-02-22",104.029999
"1600","2019-02-25",105.290001
"1601","2019-02-26",105.510002
"1602","2019-02-27",105.489998
"1603","2019-02-28",102.93
"1604","2019-03-01",104.790001
"1605","2019-03-04",104.669998
"1606","2019-03-05",102.620003
"1607","2019-03-06",100.050003
"1608","2019-03-07",97.760002
"1609","2019-03-08",95.5
"1610","2019-03-11",97.580002
"1611","2019-03-12",100.5
"1612","2019-03-13",103.419998
"1613","2019-03-14",104.209999
"1614","2019-03-15",102.389999
"1615","2019-03-18",104.540001
"1616","2019-03-19",103.18
"1617","2019-03-20",105.18
"1618","2019-03-21",105.910004
"1619","2019-03-22",101.370003
"1620","2019-03-25",100.980003
"1621","2019-03-26",102.610001
"1622","2019-03-27",102.349998
"1623","2019-03-28",102.540001
"1624","2019-03-29",101.529999
"1625","2019-04-01",103.690002
"1626","2019-04-02",102.489998
"1627","2019-04-03",99.959999
"1628","2019-04-04",99.839996
"1629","2019-04-05",102.449997
"1630","2019-04-08",104.349998
"1631","2019-04-09",102.839996
"1632","2019-04-10",103.870003
"1633","2019-04-11",99.919998
"1634","2019-04-12",106.279999
"1635","2019-04-15",105.959999
"1636","2019-04-16",106.870003
"1637","2019-04-17",108.239998
"1638","2019-04-18",107.279999
"1639","2019-04-22",111.199997
"1640","2019-04-23",111.809998
"1641","2019-04-24",111.040001
"1642","2019-04-25",109.610001
"1643","2019-04-26",107.209999
"1644","2019-04-29",106.900002
"1645","2019-04-30",106.389999
"1646","2019-05-01",101.370003
"1647","2019-05-02",99.120003
"1648","2019-05-03",100.470001
"1649","2019-05-06",100.699997
"1650","2019-05-07",98.230003
"1651","2019-05-08",105.849998
"1652","2019-05-09",108.239998
"1653","2019-05-10",107.889999
"1654","2019-05-13",107.199997
"1655","2019-05-14",109.110001
"1656","2019-05-15",109.059998
"1657","2019-05-16",110.629997
"1658","2019-05-17",111.019997
"1659","2019-05-20",109.660004
"1660","2019-05-21",113.800003
"1661","2019-05-22",108.879997
"1662","2019-05-23",104.029999
"1663","2019-05-24",104.110001
"1664","2019-05-28",103.519997
"1665","2019-05-29",101.309998
"1666","2019-05-30",100.349998
"1667","2019-05-31",98.059998
"1668","2019-06-03",98.169998
"1669","2019-06-04",99.129997
"1670","2019-06-05",96.120003
"1671","2019-06-06",97.580002
"1672","2019-06-07",97.019997
"1673","2019-06-10",97.599998
"1674","2019-06-11",99.760002
"1675","2019-06-12",98.209999
"1676","2019-06-13",100.169998
"1677","2019-06-14",98.949997
"1678","2019-06-17",101.580002
"1679","2019-06-18",104.540001
"1680","2019-06-19",104.120003
"1681","2019-06-20",107.589996
"1682","2019-06-21",109.790001
"1683","2019-06-24",107.639999
"1684","2019-06-25",105.220001
"1685","2019-06-26",107.230003
"1686","2019-06-27",107.489998
"1687","2019-06-28",108.970001
"1688","2019-07-01",109.349998
"1689","2019-07-02",104.169998
"1690","2019-07-03",105.199997
"1691","2019-07-05",107.410004
"1692","2019-07-08",106.959999
"1693","2019-07-09",106.970001
"1694","2019-07-10",109.68
"1695","2019-07-11",109.32
"1696","2019-07-12",110.830002
"1697","2019-07-15",106.410004
"1698","2019-07-16",104.110001
"1699","2019-07-17",101.790001
"1700","2019-07-18",103.580002
"1701","2019-07-19",104.610001
"1702","2019-07-22",103.489998
"1703","2019-07-23",104.440002
"1704","2019-07-24",104.449997
"1705","2019-07-25",101.400002
"1706","2019-07-26",101.989998
"1707","2019-07-29",99.730003
"1708","2019-07-30",102.830002
"1709","2019-07-31",103.43
"1710","2019-08-01",97.400002
"1711","2019-08-02",97.489998
"1712","2019-08-05",91.449997
"1713","2019-08-06",91.059998
"1714","2019-08-07",92.739998
"1715","2019-08-08",95.199997
"1716","2019-08-09",96.419998
"1717","2019-08-12",96.879997
"1718","2019-08-13",99.940002
"1719","2019-08-14",96.309998
"1720","2019-08-15",95.809998
"1721","2019-08-16",97.260002
"1722","2019-08-19",99.959999
"1723","2019-08-20",99.279999
"1724","2019-08-21",100.099998
"1725","2019-08-22",99.230003
"1726","2019-08-23",94.599998
"1727","2019-08-26",93.5
"1728","2019-08-27",92.370003
"1729","2019-08-28",96.629997
"1730","2019-08-29",98.580002
"1731","2019-08-30",98.080002
"1732","2019-09-03",97
"1733","2019-09-04",97.82
"1734","2019-09-05",97.650002
"1735","2019-09-06",95.599998
"1736","2019-09-09",96.540001
"1737","2019-09-10",99.459999
"1738","2019-09-11",98.720001
"1739","2019-09-12",96.169998
"1740","2019-09-13",96.730003
"1741","2019-09-16",105.040001
"1742","2019-09-17",100.449997
"1743","2019-09-18",98.25
"1744","2019-09-19",97.330002
"1745","2019-09-20",96.82
"1746","2019-09-23",98.290001
"1747","2019-09-24",94.489998
"1748","2019-09-25",93.239998
"1749","2019-09-26",90.120003
"1750","2019-09-27",89.989998
"1751","2019-09-30",89.910004
"1752","2019-10-01",85
"1753","2019-10-02",83.120003
"1754","2019-10-03",85.889999
"1755","2019-10-04",85.419998
"1756","2019-10-07",83.370003
"1757","2019-10-08",80.82
"1758","2019-10-09",81.550003
"1759","2019-10-10",82.540001
"1760","2019-10-11",83.639999
"1761","2019-10-14",83.959999
"1762","2019-10-15",84.839996
"1763","2019-10-16",83.43
"1764","2019-10-17",84.040001
"1765","2019-10-18",81.970001
"1766","2019-10-21",82.739998
"1767","2019-10-22",85.690002
"1768","2019-10-23",87.160004
"1769","2019-10-24",86.910004
"1770","2019-10-25",87.459999
"1771","2019-10-28",86.599998
"1772","2019-10-29",87.919998
"1773","2019-10-30",84.379997
"1774","2019-10-31",85.760002
"1775","2019-11-01",86.790001
"1776","2019-11-04",90.360001
"1777","2019-11-05",90.230003
"1778","2019-11-06",77.199997
"1779","2019-11-07",75.559998
"1780","2019-11-08",75.43
"1781","2019-11-11",76.779999
"1782","2019-11-12",78.010002
"1783","2019-11-13",77.010002
"1784","2019-11-14",76.290001
"1785","2019-11-15",77.089996
"1786","2019-11-18",75.730003
"1787","2019-11-19",74.190002
"1788","2019-11-20",75.290001
"1789","2019-11-21",75.57
"1790","2019-11-22",75.330002
"1791","2019-11-25",77.129997
"1792","2019-11-26",77.099998
"1793","2019-11-27",78.519997
"1794","2019-11-29",77.339996
"1795","2019-12-02",77.879997
"1796","2019-12-03",76.910004
"1797","2019-12-04",80.559998
"1798","2019-12-05",79.940002
"1799","2019-12-06",83.230003
"1800","2019-12-09",83.779999
"1801","2019-12-10",83.459999
"1802","2019-12-11",83.830002
"1803","2019-12-12",86.269997
"1804","2019-12-13",85.089996
"1805","2019-12-16",87.690002
"1806","2019-12-17",86.610001
"1807","2019-12-18",87.080002
"1808","2019-12-19",87.480003
"1809","2019-12-20",88.019997
"1810","2019-12-23",89.029999
"1811","2019-12-24",90.18
"1812","2019-12-26",91.309998
"1813","2019-12-27",90.769997
"1814","2019-12-30",91.07
"1815","2019-12-31",92.860001
"1816","2020-01-02",92.650002
"1817","2020-01-03",94.410004
"1818","2020-01-06",94.900002
"1819","2020-01-07",96.419998
"1820","2020-01-08",93.330002
"1821","2020-01-09",94.150002
"1822","2020-01-10",92.260002
"1823","2020-01-13",90.480003
"1824","2020-01-14",91.260002
"1825","2020-01-15",91.309998
"1826","2020-01-16",90.739998
"1827","2020-01-17",89.540001
"1828","2020-01-21",88.32
"1829","2020-01-22",85.440002
"1830","2020-01-23",84.699997
"1831","2020-01-24",82.839996
"1832","2020-01-27",79.370003
"1833","2020-01-28",79.120003
"1834","2020-01-29",77.57
"1835","2020-01-30",76.489998
"1836","2020-01-31",74.400002
"1837","2020-02-03",73.080002
"1838","2020-02-04",73.220001
"1839","2020-02-05",77.400002
"1840","2020-02-06",76.230003
"1841","2020-02-07",74.239998
"1842","2020-02-10",72
"1843","2020-02-11",72.510002
"1844","2020-02-12",74.349998
"1845","2020-02-13",74.540001
"1846","2020-02-14",74.970001
"1847","2020-02-18",74.559998
"1848","2020-02-19",79.290001
"1849","2020-02-20",78.480003
"1850","2020-02-21",76.400002
"1851","2020-02-24",71.080002
"1852","2020-02-25",67.160004
"1853","2020-02-26",63.139999
"1854","2020-02-27",59.48
"1855","2020-02-28",62
"1856","2020-03-02",62.139999
"1857","2020-03-03",61.759998
"1858","2020-03-04",61.07
"1859","2020-03-05",58.209999
"1860","2020-03-06",48.560001
"1861","2020-03-09",26.879999
"1862","2020-03-10",29.68
"1863","2020-03-11",26.200001
"1864","2020-03-12",25.620001
"1865","2020-03-13",27.190001
"1866","2020-03-16",23.49
"1867","2020-03-17",20.23
"1868","2020-03-18",15.56
"1869","2020-03-19",18.690001
"1870","2020-03-20",18.59
"1871","2020-03-23",20.370001
"1872","2020-03-24",24.120001
"1873","2020-03-25",24.17
"1874","2020-03-26",25.950001
"1875","2020-03-27",23.870001
"1876","2020-03-30",23.59
"1877","2020-03-31",26.200001
"1878","2020-04-01",25.07
"1879","2020-04-02",29.049999
"1880","2020-04-03",31.59
"1881","2020-04-06",32.099998
"1882","2020-04-07",33.009998
"1883","2020-04-08",37.48
"1884","2020-04-09",34.860001
"1885","2020-04-13",33.080002
"1886","2020-04-14",31.65
"1887","2020-04-15",30.23
"1888","2020-04-16",28.030001
"1889","2020-04-17",31.52
"1890","2020-04-20",30.860001
"1891","2020-04-21",31.4
"1892","2020-04-22",34.240002
"1893","2020-04-23",37.099998
"1894","2020-04-24",35.779999
"1895","2020-04-27",36.220001
"1896","2020-04-28",38
"1897","2020-04-29",44.189999
"1898","2020-04-30",43.540001
"1899","2020-05-01",40.279999
"1900","2020-05-04",42.52
"1901","2020-05-05",40.330002
"1902","2020-05-06",38.919998
"1903","2020-05-07",40.369999
"1904","2020-05-08",42.080002
"1905","2020-05-11",41.02
"1906","2020-05-12",40.869999
"1907","2020-05-13",37.790001
"1908","2020-05-14",38.18
"1909","2020-05-15",38.779999
"1910","2020-05-18",43.439999
"1911","2020-05-19",41.84
"1912","2020-05-20",43.66
"1913","2020-05-21",42.889999
"1914","2020-05-22",42.939999
"1915","2020-05-26",44.900002
"1916","2020-05-27",44.299999
"1917","2020-05-28",43.02
"1918","2020-05-29",42.580002
"1919","2020-06-01",43.73
"1920","2020-06-02",45.610001
"1921","2020-06-03",47.580002
"1922","2020-06-04",47.68
"1923","2020-06-05",52.209999
"1924","2020-06-08",59.82
"1925","2020-06-09",53.919998
"1926","2020-06-10",50.169998
"1927","2020-06-11",44.360001
"1928","2020-06-12",46.959999
"1929","2020-06-15",48.119999
"1930","2020-06-16",49.970001
"1931","2020-06-17",46.549999
"1932","2020-06-18",46.59
"1933","2020-06-19",46.73
"1934","2020-06-22",46.09
"1935","2020-06-23",46.310001
"1936","2020-06-24",41.900002
"1937","2020-06-25",43.619999
"1938","2020-06-26",41.130001
"1939","2020-06-29",41.43
"1940","2020-06-30",41.82
"1941","2020-07-01",39.599998
"1942","2020-07-02",41.560001
"1943","2020-07-06",42.880001
"1944","2020-07-07",40.119999
"1945","2020-07-08",40.23
"1946","2020-07-09",37.5
"1947","2020-07-10",38.93
"1948","2020-07-13",37.099998
"1949","2020-07-14",39.279999
"1950","2020-07-15",39.900002
"1951","2020-07-16",39.509998
"1952","2020-07-17",39.02
"1953","2020-07-20",38.580002
"1954","2020-07-21",42.110001
"1955","2020-07-22",41.700001
"1956","2020-07-23",41.07
"1957","2020-07-24",40.73
"1958","2020-07-27",40.049999
"1959","2020-07-28",38.880001
"1960","2020-07-29",40.759998
"1961","2020-07-30",39.509998
"1962","2020-07-31",39.860001
"1963","2020-08-03",40.009998
"1964","2020-08-04",41.07
"1965","2020-08-05",41.630001
"1966","2020-08-06",40.73
"1967","2020-08-07",42.009998
"1968","2020-08-10",44.669998
"1969","2020-08-11",44.450001
"1970","2020-08-12",44.57
"1971","2020-08-13",44.580002
"1972","2020-08-14",45.509998
"1973","2020-08-17",45.080002
"1974","2020-08-18",44.490002
"1975","2020-08-19",43.299999
"1976","2020-08-20",40.630001
"1977","2020-08-21",39.209999
"1978","2020-08-24",40.049999
"1979","2020-08-25",41.060001
"1980","2020-08-26",39.389999
"1981","2020-08-27",39.77
"1982","2020-08-28",40.139999
"1983","2020-08-31",38.959999
"1984","2020-09-01",38.48
"1985","2020-09-02",36.32
"1986","2020-09-03",35.77
"1987","2020-09-04",35.529999
"1988","2020-09-08",31.99
"1989","2020-09-09",32.189999
"1990","2020-09-10",30.08
"1991","2020-09-11",29.620001
"1992","2020-09-14",31.059999
"1993","2020-09-15",30.5
"1994","2020-09-16",32.91
"1995","2020-09-17",33.790001
"1996","2020-09-18",33.77
"1997","2020-09-21",32.080002
"1998","2020-09-22",31.610001
"1999","2020-09-23",29.9
"2000","2020-09-24",29.99
"2001","2020-09-25",29.9
"2002","2020-09-28",31.49
"2003","2020-09-29",31.200001
"2004","2020-09-30",30.120001
"2005","2020-10-01",29.09
"2006","2020-10-02",30.469999
"2007","2020-10-05",30.870001
"2008","2020-10-06",29.209999
"2009","2020-10-07",29.469999
"2010","2020-10-08",31.120001
"2011","2020-10-09",30.690001
"2012","2020-10-12",31.200001
"2013","2020-10-13",30.41
"2014","2020-10-14",30.49
"2015","2020-10-15",30.629999
"2016","2020-10-16",29.290001
"2017","2020-10-19",28.040001
"2018","2020-10-20",28.450001
"2019","2020-10-21",27.709999
"2020","2020-10-22",29.17
"2021","2020-10-23",29.030001
"2022","2020-10-26",27.530001
"2023","2020-10-27",26.57
"2024","2020-10-28",24.6
"2025","2020-10-29",25.540001
"2026","2020-10-30",25.959999
"2027","2020-11-02",27.709999
"2028","2020-11-03",28.120001
"2029","2020-11-04",27.120001
"2030","2020-11-05",26.200001
"2031","2020-11-06",24.74
"2032","2020-11-09",32.400002
"2033","2020-11-10",33.73
"2034","2020-11-11",32.849998
"2035","2020-11-12",31.66
"2036","2020-11-13",33.599998
"2037","2020-11-16",35.93
"2038","2020-11-17",37.310001
"2039","2020-11-18",37.740002
"2040","2020-11-19",39.439999
"2041","2020-11-20",39.84
"2042","2020-11-23",44.490002
"2043","2020-11-24",47.139999
"2044","2020-11-25",45.389999
"2045","2020-11-27",43.52
