"","date","FFBC"
"1","2007-01-03",16.76
"2","2007-01-04",16.700001
"3","2007-01-05",16.379999
"4","2007-01-08",16.25
"5","2007-01-09",16.25
"6","2007-01-10",16.23
"7","2007-01-11",16.6
"8","2007-01-12",16.6
"9","2007-01-16",16.41
"10","2007-01-17",16.280001
"11","2007-01-18",16.219999
"12","2007-01-19",16.18
"13","2007-01-22",16.040001
"14","2007-01-23",16.07
"15","2007-01-24",16.190001
"16","2007-01-25",15.91
"17","2007-01-26",16.08
"18","2007-01-29",16.32
"19","2007-01-30",16.440001
"20","2007-01-31",16.43
"21","2007-02-01",16.5
"22","2007-02-02",16.4
"23","2007-02-05",16.33
"24","2007-02-06",16.43
"25","2007-02-07",16.5
"26","2007-02-08",16.440001
"27","2007-02-09",16.290001
"28","2007-02-12",16.43
"29","2007-02-13",16.549999
"30","2007-02-14",16.559999
"31","2007-02-15",16.41
"32","2007-02-16",16.370001
"33","2007-02-20",16.52
"34","2007-02-21",16.5
"35","2007-02-22",16.49
"36","2007-02-23",16.360001
"37","2007-02-26",16.219999
"38","2007-02-27",15.63
"39","2007-02-28",15.71
"40","2007-03-01",15.63
"41","2007-03-02",15.24
"42","2007-03-05",14.92
"43","2007-03-06",15.3
"44","2007-03-07",15.23
"45","2007-03-08",15.18
"46","2007-03-09",15.32
"47","2007-03-12",15.27
"48","2007-03-13",14.83
"49","2007-03-14",15.11
"50","2007-03-15",15.15
"51","2007-03-16",15.06
"52","2007-03-19",15.19
"53","2007-03-20",15.29
"54","2007-03-21",15.63
"55","2007-03-22",15.65
"56","2007-03-23",15.67
"57","2007-03-26",15.61
"58","2007-03-27",15.47
"59","2007-03-28",15.34
"60","2007-03-29",15.29
"61","2007-03-30",15.11
"62","2007-04-02",15.07
"63","2007-04-03",15.15
"64","2007-04-04",15.05
"65","2007-04-05",15.04
"66","2007-04-09",14.95
"67","2007-04-10",15.12
"68","2007-04-11",14.93
"69","2007-04-12",14.99
"70","2007-04-13",15.17
"71","2007-04-16",15.55
"72","2007-04-17",15.23
"73","2007-04-18",15.18
"74","2007-04-19",14.97
"75","2007-04-20",15.57
"76","2007-04-23",15.72
"77","2007-04-24",15.46
"78","2007-04-25",15.45
"79","2007-04-26",15.29
"80","2007-04-27",15.05
"81","2007-04-30",14.9
"82","2007-05-01",14.87
"83","2007-05-02",15.13
"84","2007-05-03",15.08
"85","2007-05-04",15.17
"86","2007-05-07",15.13
"87","2007-05-08",15.18
"88","2007-05-09",15.11
"89","2007-05-10",14.98
"90","2007-05-11",15.25
"91","2007-05-14",15.06
"92","2007-05-15",14.81
"93","2007-05-16",14.9
"94","2007-05-17",14.77
"95","2007-05-18",14.85
"96","2007-05-21",15.05
"97","2007-05-22",15.15
"98","2007-05-23",15.07
"99","2007-05-24",14.84
"100","2007-05-25",14.91
"101","2007-05-29",14.88
"102","2007-05-30",14.73
"103","2007-05-31",14.72
"104","2007-06-01",14.99
"105","2007-06-04",14.99
"106","2007-06-05",14.75
"107","2007-06-06",14.7
"108","2007-06-07",14.51
"109","2007-06-08",14.71
"110","2007-06-11",14.65
"111","2007-06-12",14.43
"112","2007-06-13",14.67
"113","2007-06-14",14.76
"114","2007-06-15",14.97
"115","2007-06-18",14.79
"116","2007-06-19",14.9
"117","2007-06-20",14.78
"118","2007-06-21",14.56
"119","2007-06-22",14.53
"120","2007-06-25",14.47
"121","2007-06-26",14.72
"122","2007-06-27",15.08
"123","2007-06-28",15.07
"124","2007-06-29",14.99
"125","2007-07-02",15.12
"126","2007-07-03",15.12
"127","2007-07-05",15.12
"128","2007-07-06",15.08
"129","2007-07-09",14.94
"130","2007-07-10",14.5
"131","2007-07-11",14.48
"132","2007-07-12",14.94
"133","2007-07-13",14.84
"134","2007-07-16",14.62
"135","2007-07-17",14.7
"136","2007-07-18",14.42
"137","2007-07-19",14.36
"138","2007-07-20",13.84
"139","2007-07-23",13.96
"140","2007-07-24",13.3
"141","2007-07-25",12.77
"142","2007-07-26",12.39
"143","2007-07-27",12.25
"144","2007-07-30",12.45
"145","2007-07-31",12.23
"146","2007-08-01",12.41
"147","2007-08-02",12.44
"148","2007-08-03",11.4
"149","2007-08-06",11.64
"150","2007-08-07",11.43
"151","2007-08-08",10.86
"152","2007-08-09",10.76
"153","2007-08-10",11.61
"154","2007-08-13",11.7
"155","2007-08-14",11.67
"156","2007-08-15",11.84
"157","2007-08-16",12.8
"158","2007-08-17",13.41
"159","2007-08-20",13.48
"160","2007-08-21",13.52
"161","2007-08-22",13.49
"162","2007-08-23",13.25
"163","2007-08-24",13.39
"164","2007-08-27",13.4
"165","2007-08-28",12.91
"166","2007-08-29",13.46
"167","2007-08-30",13.26
"168","2007-08-31",13.49
"169","2007-09-04",13.4
"170","2007-09-05",12.98
"171","2007-09-06",12.92
"172","2007-09-07",12.59
"173","2007-09-10",12.42
"174","2007-09-11",12.89
"175","2007-09-12",12.82
"176","2007-09-13",12.62
"177","2007-09-14",12.71
"178","2007-09-17",12.59
"179","2007-09-18",13.27
"180","2007-09-19",13.75
"181","2007-09-20",13.69
"182","2007-09-21",14.03
"183","2007-09-24",13.72
"184","2007-09-25",13.38
"185","2007-09-26",13.39
"186","2007-09-27",13.23
"187","2007-09-28",12.78
"188","2007-10-01",13.59
"189","2007-10-02",13.64
"190","2007-10-03",13.35
"191","2007-10-04",13.54
"192","2007-10-05",13.84
"193","2007-10-08",13.72
"194","2007-10-09",13.89
"195","2007-10-10",13.65
"196","2007-10-11",13.19
"197","2007-10-12",13.15
"198","2007-10-15",12.62
"199","2007-10-16",12.31
"200","2007-10-17",12.12
"201","2007-10-18",11.86
"202","2007-10-19",11.3
"203","2007-10-22",11.97
"204","2007-10-23",12.09
"205","2007-10-24",11.65
"206","2007-10-25",11.41
"207","2007-10-26",11.85
"208","2007-10-29",11.37
"209","2007-10-30",11.39
"210","2007-10-31",11.75
"211","2007-11-01",10.78
"212","2007-11-02",10.68
"213","2007-11-05",10.36
"214","2007-11-06",10.84
"215","2007-11-07",10.12
"216","2007-11-08",10.76
"217","2007-11-09",11.09
"218","2007-11-12",11.54
"219","2007-11-13",12.36
"220","2007-11-14",11.71
"221","2007-11-15",11.48
"222","2007-11-16",11.31
"223","2007-11-19",10.76
"224","2007-11-20",11.21
"225","2007-11-21",10.94
"226","2007-11-23",11.46
"227","2007-11-26",10.57
"228","2007-11-27",10.82
"229","2007-11-28",11.54
"230","2007-11-29",11.42
"231","2007-11-30",11.48
"232","2007-12-03",11.25
"233","2007-12-04",11.04
"234","2007-12-05",11.22
"235","2007-12-06",12.05
"236","2007-12-07",11.78
"237","2007-12-10",11.86
"238","2007-12-11",11.43
"239","2007-12-12",11.42
"240","2007-12-13",11.74
"241","2007-12-14",10.85
"242","2007-12-17",10.57
"243","2007-12-18",11.34
"244","2007-12-19",11.18
"245","2007-12-20",11.51
"246","2007-12-21",12.66
"247","2007-12-24",12.65
"248","2007-12-26",12.2
"249","2007-12-27",11.73
"250","2007-12-28",11.54
"251","2007-12-31",11.4
"252","2008-01-02",11.19
"253","2008-01-03",10.9
"254","2008-01-04",10.7
"255","2008-01-07",10.89
"256","2008-01-08",10.23
"257","2008-01-09",10.76
"258","2008-01-10",10.91
"259","2008-01-11",10.19
"260","2008-01-14",10.64
"261","2008-01-15",10.64
"262","2008-01-16",11
"263","2008-01-17",10.32
"264","2008-01-18",10.35
"265","2008-01-22",10.36
"266","2008-01-23",11.02
"267","2008-01-24",10.48
"268","2008-01-25",10.4
"269","2008-01-28",10.95
"270","2008-01-29",10.84
"271","2008-01-30",10.85
"272","2008-01-31",11.64
"273","2008-02-01",11.73
"274","2008-02-04",11.82
"275","2008-02-05",11.48
"276","2008-02-06",11.49
"277","2008-02-07",11.98
"278","2008-02-08",11.56
"279","2008-02-11",11.59
"280","2008-02-12",11.88
"281","2008-02-13",12.21
"282","2008-02-14",11.64
"283","2008-02-15",11.51
"284","2008-02-19",11.47
"285","2008-02-20",12.05
"286","2008-02-21",11.94
"287","2008-02-22",11.93
"288","2008-02-25",12.23
"289","2008-02-26",12.52
"290","2008-02-27",11.95
"291","2008-02-28",12.01
"292","2008-02-29",11.59
"293","2008-03-03",11.42
"294","2008-03-04",11.25
"295","2008-03-05",11.12
"296","2008-03-06",10.75
"297","2008-03-07",11.08
"298","2008-03-10",11.15
"299","2008-03-11",12.16
"300","2008-03-12",12.15
"301","2008-03-13",12.78
"302","2008-03-14",12.21
"303","2008-03-17",12.46
"304","2008-03-18",13.56
"305","2008-03-19",12.97
"306","2008-03-20",13.44
"307","2008-03-24",13.45
"308","2008-03-25",13.81
"309","2008-03-26",13.59
"310","2008-03-27",13.3
"311","2008-03-28",13.16
"312","2008-03-31",13.45
"313","2008-04-01",13.8
"314","2008-04-02",13.88
"315","2008-04-03",13.65
"316","2008-04-04",13.29
"317","2008-04-07",13.34
"318","2008-04-08",13.39
"319","2008-04-09",13.01
"320","2008-04-10",13.26
"321","2008-04-11",12.86
"322","2008-04-14",12.18
"323","2008-04-15",12.72
"324","2008-04-16",13.33
"325","2008-04-17",13.39
"326","2008-04-18",13.78
"327","2008-04-21",13.51
"328","2008-04-22",13.24
"329","2008-04-23",12.96
"330","2008-04-24",13.68
"331","2008-04-25",13.64
"332","2008-04-28",13.53
"333","2008-04-29",13.47
"334","2008-04-30",13.12
"335","2008-05-01",13.46
"336","2008-05-02",13.15
"337","2008-05-05",12.99
"338","2008-05-06",12.91
"339","2008-05-07",12.04
"340","2008-05-08",11.77
"341","2008-05-09",11.74
"342","2008-05-12",11.96
"343","2008-05-13",11.81
"344","2008-05-14",11.62
"345","2008-05-15",11.74
"346","2008-05-16",11.75
"347","2008-05-19",11.58
"348","2008-05-20",11.47
"349","2008-05-21",11.47
"350","2008-05-22",11.67
"351","2008-05-23",11.49
"352","2008-05-27",11.58
"353","2008-05-28",11.3
"354","2008-05-29",11.59
"355","2008-05-30",11.39
"356","2008-06-02",11.51
"357","2008-06-03",11.73
"358","2008-06-04",11.57
"359","2008-06-05",11.7
"360","2008-06-06",11.1
"361","2008-06-09",11.03
"362","2008-06-10",10.95
"363","2008-06-11",10.68
"364","2008-06-12",10.69
"365","2008-06-13",10.52
"366","2008-06-16",10.65
"367","2008-06-17",10.39
"368","2008-06-18",10.44
"369","2008-06-19",10.65
"370","2008-06-20",10.65
"371","2008-06-23",9.97
"372","2008-06-24",9.85
"373","2008-06-25",9.99
"374","2008-06-26",9.74
"375","2008-06-27",9.3
"376","2008-06-30",9.2
"377","2008-07-01",9.37
"378","2008-07-02",9.12
"379","2008-07-03",8.97
"380","2008-07-07",8.58
"381","2008-07-08",9.25
"382","2008-07-09",8.75
"383","2008-07-10",9.07
"384","2008-07-11",9.23
"385","2008-07-14",8.64
"386","2008-07-15",8.1
"387","2008-07-16",8.7
"388","2008-07-17",9.33
"389","2008-07-18",9.5
"390","2008-07-21",9.38
"391","2008-07-22",10.14
"392","2008-07-23",10.43
"393","2008-07-24",10.13
"394","2008-07-25",10.38
"395","2008-07-28",10.11
"396","2008-07-29",11.19
"397","2008-07-30",11.55
"398","2008-07-31",11.3
"399","2008-08-01",11.56
"400","2008-08-04",11.88
"401","2008-08-05",12.21
"402","2008-08-06",11.93
"403","2008-08-07",11.94
"404","2008-08-08",12.38
"405","2008-08-11",12.78
"406","2008-08-12",13.01
"407","2008-08-13",13.14
"408","2008-08-14",13.25
"409","2008-08-15",13.4
"410","2008-08-18",13.05
"411","2008-08-19",13.18
"412","2008-08-20",12.82
"413","2008-08-21",12.66
"414","2008-08-22",12.95
"415","2008-08-25",12.6
"416","2008-08-26",12.9
"417","2008-08-27",13
"418","2008-08-28",13.1
"419","2008-08-29",13.02
"420","2008-09-02",12.4
"421","2008-09-03",12.33
"422","2008-09-04",12.17
"423","2008-09-05",12.14
"424","2008-09-08",12.69
"425","2008-09-09",12.28
"426","2008-09-10",12.52
"427","2008-09-11",12.79
"428","2008-09-12",13.25
"429","2008-09-15",12.59
"430","2008-09-16",13.69
"431","2008-09-17",12.63
"432","2008-09-18",14.8
"433","2008-09-19",14.18
"434","2008-09-22",13.8
"435","2008-09-23",13.98
"436","2008-09-24",13.95
"437","2008-09-25",13.9
"438","2008-09-26",13.99
"439","2008-09-29",13.95
"440","2008-09-30",14.6
"441","2008-10-01",14.3
"442","2008-10-02",14.14
"443","2008-10-03",13.89
"444","2008-10-06",14
"445","2008-10-07",12.52
"446","2008-10-08",13.13
"447","2008-10-09",11.58
"448","2008-10-10",13.01
"449","2008-10-13",13.94
"450","2008-10-14",13.9
"451","2008-10-15",12.9
"452","2008-10-16",13.86
"453","2008-10-17",12.69
"454","2008-10-20",12.89
"455","2008-10-21",12.42
"456","2008-10-22",11.87
"457","2008-10-23",11.77
"458","2008-10-24",11.42
"459","2008-10-27",11.09
"460","2008-10-28",12.64
"461","2008-10-29",12.56
"462","2008-10-30",13.04
"463","2008-10-31",13.45
"464","2008-11-03",13.66
"465","2008-11-04",13.82
"466","2008-11-05",12.75
"467","2008-11-06",12.72
"468","2008-11-07",12.85
"469","2008-11-10",12.86
"470","2008-11-11",12.76
"471","2008-11-12",12.64
"472","2008-11-13",13.83
"473","2008-11-14",13.04
"474","2008-11-17",12.91
"475","2008-11-18",13.17
"476","2008-11-19",12.27
"477","2008-11-20",11.9
"478","2008-11-21",12.47
"479","2008-11-24",12.52
"480","2008-11-25",12.5
"481","2008-11-26",12.8
"482","2008-11-28",12.5
"483","2008-12-01",10.81
"484","2008-12-02",11.73
"485","2008-12-03",11.96
"486","2008-12-04",11.85
"487","2008-12-05",12.49
"488","2008-12-08",12.64
"489","2008-12-09",12.12
"490","2008-12-10",12.38
"491","2008-12-11",11.7
"492","2008-12-12",12.33
"493","2008-12-15",12.01
"494","2008-12-16",12.74
"495","2008-12-17",12.59
"496","2008-12-18",12.66
"497","2008-12-19",12.16
"498","2008-12-22",12.32
"499","2008-12-23",12.26
"500","2008-12-24",12.3
"501","2008-12-26",12.41
"502","2008-12-29",12.37
"503","2008-12-30",12.62
"504","2008-12-31",12.39
"505","2009-01-02",12.1
"506","2009-01-05",11.44
"507","2009-01-06",11.49
"508","2009-01-07",11.12
"509","2009-01-08",11.18
"510","2009-01-09",10.22
"511","2009-01-12",9.89
"512","2009-01-13",10.17
"513","2009-01-14",9.55
"514","2009-01-15",9.33
"515","2009-01-16",9.22
"516","2009-01-20",8.18
"517","2009-01-21",8.73
"518","2009-01-22",8.35
"519","2009-01-23",8.67
"520","2009-01-26",8.7
"521","2009-01-27",8.92
"522","2009-01-28",9.32
"523","2009-01-29",8.56
"524","2009-01-30",8.12
"525","2009-02-02",8.43
"526","2009-02-03",8.36
"527","2009-02-04",8.3
"528","2009-02-05",8.42
"529","2009-02-06",8.72
"530","2009-02-09",9.12
"531","2009-02-10",8.13
"532","2009-02-11",8.59
"533","2009-02-12",8.7
"534","2009-02-13",8.62
"535","2009-02-17",7.99
"536","2009-02-18",8.21
"537","2009-02-19",8.07
"538","2009-02-20",8.07
"539","2009-02-23",7.73
"540","2009-02-24",8.15
"541","2009-02-25",7.92
"542","2009-02-26",8.05
"543","2009-02-27",7.69
"544","2009-03-02",7.55
"545","2009-03-03",6.69
"546","2009-03-04",6.66
"547","2009-03-05",5.84
"548","2009-03-06",5.66
"549","2009-03-09",5.58
"550","2009-03-10",6.18
"551","2009-03-11",6.25
"552","2009-03-12",7.44
"553","2009-03-13",7.28
"554","2009-03-16",7.1
"555","2009-03-17",7.82
"556","2009-03-18",9.01
"557","2009-03-19",8.53
"558","2009-03-20",8.47
"559","2009-03-23",9.96
"560","2009-03-24",9.15
"561","2009-03-25",9.43
"562","2009-03-26",9.91
"563","2009-03-27",9.38
"564","2009-03-30",8.98
"565","2009-03-31",9.53
"566","2009-04-01",9.71
"567","2009-04-02",10.02
"568","2009-04-03",10.36
"569","2009-04-06",10.01
"570","2009-04-07",9.49
"571","2009-04-08",9.66
"572","2009-04-09",10.89
"573","2009-04-13",11.52
"574","2009-04-14",10.32
"575","2009-04-15",11.04
"576","2009-04-16",11.28
"577","2009-04-17",11.92
"578","2009-04-20",10.75
"579","2009-04-21",11.55
"580","2009-04-22",11.3
"581","2009-04-23",11.01
"582","2009-04-24",11.4
"583","2009-04-27",10.79
"584","2009-04-28",10.51
"585","2009-04-29",11.11
"586","2009-04-30",10.79
"587","2009-05-01",10.47
"588","2009-05-04",11.07
"589","2009-05-05",10.61
"590","2009-05-06",10.93
"591","2009-05-07",10.49
"592","2009-05-08",11.47
"593","2009-05-11",11
"594","2009-05-12",10.6
"595","2009-05-13",10
"596","2009-05-14",10.06
"597","2009-05-15",9.6
"598","2009-05-18",10.26
"599","2009-05-19",8.83
"600","2009-05-20",8.3
"601","2009-05-21",7.75
"602","2009-05-22",8.57
"603","2009-05-26",9.18
"604","2009-05-27",8.66
"605","2009-05-28",8.53
"606","2009-05-29",8.53
"607","2009-06-01",9.35
"608","2009-06-02",8.74
"609","2009-06-03",7.97
"610","2009-06-04",8.03
"611","2009-06-05",8.05
"612","2009-06-08",8.09
"613","2009-06-09",7.87
"614","2009-06-10",7.54
"615","2009-06-11",7.49
"616","2009-06-12",7.54
"617","2009-06-15",7.48
"618","2009-06-16",7.35
"619","2009-06-17",7.57
"620","2009-06-18",7.7
"621","2009-06-19",8.11
"622","2009-06-22",7.67
"623","2009-06-23",7.44
"624","2009-06-24",7.43
"625","2009-06-25",7.71
"626","2009-06-26",7.8
"627","2009-06-29",7.69
"628","2009-06-30",7.53
"629","2009-07-01",7.77
"630","2009-07-02",7.75
"631","2009-07-06",7.76
"632","2009-07-07",7.52
"633","2009-07-08",7.6
"634","2009-07-09",7.85
"635","2009-07-10",7.73
"636","2009-07-13",8.03
"637","2009-07-14",7.97
"638","2009-07-15",8.22
"639","2009-07-16",8.09
"640","2009-07-17",8.01
"641","2009-07-20",7.82
"642","2009-07-21",7.73
"643","2009-07-22",7.78
"644","2009-07-23",8
"645","2009-07-24",8.08
"646","2009-07-27",8.32
"647","2009-07-28",8.51
"648","2009-07-29",8.7
"649","2009-07-30",8.57
"650","2009-07-31",8.64
"651","2009-08-03",8.77
"652","2009-08-04",8.73
"653","2009-08-05",8.65
"654","2009-08-06",8.34
"655","2009-08-07",8.65
"656","2009-08-10",8.64
"657","2009-08-11",8.19
"658","2009-08-12",8.25
"659","2009-08-13",8.17
"660","2009-08-14",7.89
"661","2009-08-17",7.62
"662","2009-08-18",7.83
"663","2009-08-19",7.9
"664","2009-08-20",8.1
"665","2009-08-21",8.36
"666","2009-08-24",8.18
"667","2009-08-25",8.27
"668","2009-08-26",8.38
"669","2009-08-27",8.36
"670","2009-08-28",8.5
"671","2009-08-31",8.44
"672","2009-09-01",8.26
"673","2009-09-02",7.95
"674","2009-09-03",8.02
"675","2009-09-04",8.06
"676","2009-09-08",8.15
"677","2009-09-09",8.25
"678","2009-09-10",8.19
"679","2009-09-11",8.1
"680","2009-09-14",8.11
"681","2009-09-15",8.2
"682","2009-09-16",8.37
"683","2009-09-17",8.36
"684","2009-09-18",8.31
"685","2009-09-21",10.29
"686","2009-09-22",12.07
"687","2009-09-23",12
"688","2009-09-24",11.54
"689","2009-09-25",11.74
"690","2009-09-28",12.06
"691","2009-09-29",12.04
"692","2009-09-30",12.05
"693","2009-10-01",11.88
"694","2009-10-02",11.83
"695","2009-10-05",12.31
"696","2009-10-06",12.67
"697","2009-10-07",12.77
"698","2009-10-08",13.25
"699","2009-10-09",13.54
"700","2009-10-12",13.23
"701","2009-10-13",13.14
"702","2009-10-14",13.08
"703","2009-10-15",13.12
"704","2009-10-16",12.9
"705","2009-10-19",12.87
"706","2009-10-20",12.78
"707","2009-10-21",12.52
"708","2009-10-22",13.06
"709","2009-10-23",12.97
"710","2009-10-26",12.97
"711","2009-10-27",13.3
"712","2009-10-28",13.25
"713","2009-10-29",13.18
"714","2009-10-30",12.68
"715","2009-11-02",12.75
"716","2009-11-03",12.37
"717","2009-11-04",12.34
"718","2009-11-05",12.39
"719","2009-11-06",12.49
"720","2009-11-09",12.74
"721","2009-11-10",12.77
"722","2009-11-11",13.07
"723","2009-11-12",12.83
"724","2009-11-13",12.07
"725","2009-11-16",12.26
"726","2009-11-17",12.84
"727","2009-11-18",13.12
"728","2009-11-19",12.86
"729","2009-11-20",12.98
"730","2009-11-23",13.56
"731","2009-11-24",13.6
"732","2009-11-25",13.43
"733","2009-11-27",12.87
"734","2009-11-30",13.29
"735","2009-12-01",13.66
"736","2009-12-02",13.98
"737","2009-12-03",13.87
"738","2009-12-04",14.2
"739","2009-12-07",14.13
"740","2009-12-08",14
"741","2009-12-09",13.71
"742","2009-12-10",13.27
"743","2009-12-11",13.99
"744","2009-12-14",13.97
"745","2009-12-15",14
"746","2009-12-16",14
"747","2009-12-17",14.05
"748","2009-12-18",14.63
"749","2009-12-21",14.97
"750","2009-12-22",15.08
"751","2009-12-23",14.89
"752","2009-12-24",15.12
"753","2009-12-28",15.48
"754","2009-12-29",15.2
"755","2009-12-30",15.04
"756","2009-12-31",14.56
"757","2010-01-04",14.8
"758","2010-01-05",13.91
"759","2010-01-06",13.89
"760","2010-01-07",14.2
"761","2010-01-08",14.45
"762","2010-01-11",14.43
"763","2010-01-12",14.5
"764","2010-01-13",14.49
"765","2010-01-14",14.99
"766","2010-01-15",14.72
"767","2010-01-19",15.2
"768","2010-01-20",14.95
"769","2010-01-21",15.6
"770","2010-01-22",15.53
"771","2010-01-25",15.58
"772","2010-01-26",14.81
"773","2010-01-27",15.14
"774","2010-01-28",16.200001
"775","2010-01-29",16.4
"776","2010-02-01",16.639999
"777","2010-02-02",16.57
"778","2010-02-03",16.17
"779","2010-02-04",15.71
"780","2010-02-05",16.26
"781","2010-02-08",16.1
"782","2010-02-09",16.370001
"783","2010-02-10",16.530001
"784","2010-02-11",16.6
"785","2010-02-12",16.93
"786","2010-02-16",17.049999
"787","2010-02-17",16.93
"788","2010-02-18",17.1
"789","2010-02-19",17.129999
"790","2010-02-22",17.57
"791","2010-02-23",17.92
"792","2010-02-24",18.620001
"793","2010-02-25",18.76
"794","2010-02-26",18.559999
"795","2010-03-01",18.709999
"796","2010-03-02",18.25
"797","2010-03-03",17.709999
"798","2010-03-04",17.809999
"799","2010-03-05",18.290001
"800","2010-03-08",18.07
"801","2010-03-09",18.16
"802","2010-03-10",18.42
"803","2010-03-11",18.469999
"804","2010-03-12",18.299999
"805","2010-03-15",18.34
"806","2010-03-16",18.48
"807","2010-03-17",18.6
"808","2010-03-18",18.459999
"809","2010-03-19",18.51
"810","2010-03-22",18.950001
"811","2010-03-23",19
"812","2010-03-24",18.780001
"813","2010-03-25",18.83
"814","2010-03-26",18.360001
"815","2010-03-29",18.110001
"816","2010-03-30",18.040001
"817","2010-03-31",17.780001
"818","2010-04-01",18.1
"819","2010-04-05",18.59
"820","2010-04-06",18.65
"821","2010-04-07",18.67
"822","2010-04-08",18.309999
"823","2010-04-09",18.549999
"824","2010-04-12",18.780001
"825","2010-04-13",18.83
"826","2010-04-14",19.43
"827","2010-04-15",19.469999
"828","2010-04-16",18.85
"829","2010-04-19",19.290001
"830","2010-04-20",19.549999
"831","2010-04-21",20.01
"832","2010-04-22",20.66
"833","2010-04-23",21.32
"834","2010-04-26",20.42
"835","2010-04-27",19.719999
"836","2010-04-28",19.780001
"837","2010-04-29",20.879999
"838","2010-04-30",19.110001
"839","2010-05-03",18.379999
"840","2010-05-04",17.76
"841","2010-05-05",17.469999
"842","2010-05-06",17
"843","2010-05-07",16.5
"844","2010-05-10",17.42
"845","2010-05-11",17.92
"846","2010-05-12",18.73
"847","2010-05-13",18.4
"848","2010-05-14",18.08
"849","2010-05-17",17.77
"850","2010-05-18",16.93
"851","2010-05-19",16.99
"852","2010-05-20",15.83
"853","2010-05-21",16.200001
"854","2010-05-24",15.59
"855","2010-05-25",15.79
"856","2010-05-26",15.88
"857","2010-05-27",16.42
"858","2010-05-28",15.9
"859","2010-06-01",15.61
"860","2010-06-02",15.87
"861","2010-06-03",16.280001
"862","2010-06-04",15.47
"863","2010-06-07",15.27
"864","2010-06-08",15.31
"865","2010-06-09",15.17
"866","2010-06-10",15.75
"867","2010-06-11",15.77
"868","2010-06-14",15.7
"869","2010-06-15",15.95
"870","2010-06-16",15.93
"871","2010-06-17",16.09
"872","2010-06-18",16
"873","2010-06-21",16.16
"874","2010-06-22",15.91
"875","2010-06-23",15.74
"876","2010-06-24",15.97
"877","2010-06-25",16.43
"878","2010-06-28",16.33
"879","2010-06-29",15.58
"880","2010-06-30",14.95
"881","2010-07-01",14.73
"882","2010-07-02",14.19
"883","2010-07-06",14.22
"884","2010-07-07",14.89
"885","2010-07-08",15.18
"886","2010-07-09",15.18
"887","2010-07-12",15.1
"888","2010-07-13",15.41
"889","2010-07-14",15.19
"890","2010-07-15",15.15
"891","2010-07-16",14.53
"892","2010-07-19",14.47
"893","2010-07-20",14.65
"894","2010-07-21",14.3
"895","2010-07-22",14.79
"896","2010-07-23",14.93
"897","2010-07-26",15.7
"898","2010-07-27",16.24
"899","2010-07-28",16.030001
"900","2010-07-29",16.27
"901","2010-07-30",15.9
"902","2010-08-02",16.360001
"903","2010-08-03",16.24
"904","2010-08-04",17.1
"905","2010-08-05",16.809999
"906","2010-08-06",16.41
"907","2010-08-09",16.52
"908","2010-08-10",16.450001
"909","2010-08-11",15.75
"910","2010-08-12",15.6
"911","2010-08-13",15.55
"912","2010-08-16",15.76
"913","2010-08-17",16.01
"914","2010-08-18",16.299999
"915","2010-08-19",15.7
"916","2010-08-20",15.41
"917","2010-08-23",15.41
"918","2010-08-24",15.4
"919","2010-08-25",15.65
"920","2010-08-26",15.5
"921","2010-08-27",15.91
"922","2010-08-30",15.35
"923","2010-08-31",15.92
"924","2010-09-01",16
"925","2010-09-02",16.27
"926","2010-09-03",16.77
"927","2010-09-07",16.02
"928","2010-09-08",16.24
"929","2010-09-09",16.280001
"930","2010-09-10",16.370001
"931","2010-09-13",16.5
"932","2010-09-14",16.549999
"933","2010-09-15",16.65
"934","2010-09-16",16.299999
"935","2010-09-17",16.690001
"936","2010-09-20",17.040001
"937","2010-09-21",16.940001
"938","2010-09-22",16.389999
"939","2010-09-23",16.18
"940","2010-09-24",16.9
"941","2010-09-27",16.639999
"942","2010-09-28",16.73
"943","2010-09-29",16.83
"944","2010-09-30",16.68
"945","2010-10-01",16.59
"946","2010-10-04",16.280001
"947","2010-10-05",16.780001
"948","2010-10-06",16.84
"949","2010-10-07",17.110001
"950","2010-10-08",16.940001
"951","2010-10-11",16.889999
"952","2010-10-12",16.93
"953","2010-10-13",17.200001
"954","2010-10-14",17.08
"955","2010-10-15",16.879999
"956","2010-10-18",17.32
"957","2010-10-19",17.059999
"958","2010-10-20",16.959999
"959","2010-10-21",16.809999
"960","2010-10-22",16.9
"961","2010-10-25",16.809999
"962","2010-10-26",16.690001
"963","2010-10-27",16.790001
"964","2010-10-28",16.76
"965","2010-10-29",16.84
"966","2010-11-01",16.209999
"967","2010-11-02",16.33
"968","2010-11-03",17.370001
"969","2010-11-04",17.690001
"970","2010-11-05",17.690001
"971","2010-11-08",17.67
"972","2010-11-09",17.620001
"973","2010-11-10",18.049999
"974","2010-11-11",17.93
"975","2010-11-12",17.530001
"976","2010-11-15",17.360001
"977","2010-11-16",17.16
"978","2010-11-17",16.969999
"979","2010-11-18",17.129999
"980","2010-11-19",17.17
"981","2010-11-22",16.74
"982","2010-11-23",16.540001
"983","2010-11-24",17.030001
"984","2010-11-26",16.709999
"985","2010-11-29",16.9
"986","2010-11-30",16.52
"987","2010-12-01",17.4
"988","2010-12-02",17.719999
"989","2010-12-03",17.99
"990","2010-12-06",18.18
"991","2010-12-07",18.200001
"992","2010-12-08",18.27
"993","2010-12-09",18.42
"994","2010-12-10",18.780001
"995","2010-12-13",18.459999
"996","2010-12-14",18.639999
"997","2010-12-15",18.23
"998","2010-12-16",18.16
"999","2010-12-17",18.17
"1000","2010-12-20",18.16
"1001","2010-12-21",18.790001
"1002","2010-12-22",19.41
"1003","2010-12-23",18.940001
"1004","2010-12-27",19.08
"1005","2010-12-28",19.129999
"1006","2010-12-29",18.9
"1007","2010-12-30",18.91
"1008","2010-12-31",18.48
"1009","2011-01-03",18.91
"1010","2011-01-04",18.290001
"1011","2011-01-05",18.48
"1012","2011-01-06",18.42
"1013","2011-01-07",17.620001
"1014","2011-01-10",17.51
"1015","2011-01-11",17.6
"1016","2011-01-12",17.66
"1017","2011-01-13",17.48
"1018","2011-01-14",18.59
"1019","2011-01-18",18.49
"1020","2011-01-19",18.209999
"1021","2011-01-20",17.879999
"1022","2011-01-21",18.01
"1023","2011-01-24",17.9
"1024","2011-01-25",17.959999
"1025","2011-01-26",18.09
"1026","2011-01-27",17.33
"1027","2011-01-28",16.9
"1028","2011-01-31",16.9
"1029","2011-02-01",17.389999
"1030","2011-02-02",17.4
"1031","2011-02-03",17.34
"1032","2011-02-04",17.41
"1033","2011-02-07",17.43
"1034","2011-02-08",17.43
"1035","2011-02-09",17.4
"1036","2011-02-10",17.16
"1037","2011-02-11",17.75
"1038","2011-02-14",17.639999
"1039","2011-02-15",17.1
"1040","2011-02-16",17.370001
"1041","2011-02-17",17.26
"1042","2011-02-18",17.559999
"1043","2011-02-22",16.9
"1044","2011-02-23",16.610001
"1045","2011-02-24",16.42
"1046","2011-02-25",16.98
"1047","2011-02-28",16.93
"1048","2011-03-01",16.66
"1049","2011-03-02",16.559999
"1050","2011-03-03",17.08
"1051","2011-03-04",16.77
"1052","2011-03-07",16.389999
"1053","2011-03-08",16.709999
"1054","2011-03-09",16.639999
"1055","2011-03-10",16.200001
"1056","2011-03-11",16.059999
"1057","2011-03-14",15.96
"1058","2011-03-15",15.91
"1059","2011-03-16",15.65
"1060","2011-03-17",15.84
"1061","2011-03-18",16.18
"1062","2011-03-21",16.25
"1063","2011-03-22",16.25
"1064","2011-03-23",16.08
"1065","2011-03-24",16.1
"1066","2011-03-25",16.190001
"1067","2011-03-28",16.18
"1068","2011-03-29",16.290001
"1069","2011-03-30",16.4
"1070","2011-03-31",16.690001
"1071","2011-04-01",16.799999
"1072","2011-04-04",16.790001
"1073","2011-04-05",16.82
"1074","2011-04-06",17.200001
"1075","2011-04-07",16.9
"1076","2011-04-08",16.58
"1077","2011-04-11",16.52
"1078","2011-04-12",16.4
"1079","2011-04-13",16.27
"1080","2011-04-14",16.41
"1081","2011-04-15",16.4
"1082","2011-04-18",16.27
"1083","2011-04-19",16.129999
"1084","2011-04-20",16.299999
"1085","2011-04-21",16.280001
"1086","2011-04-25",16.209999
"1087","2011-04-26",16.5
"1088","2011-04-27",16.790001
"1089","2011-04-28",16.6
"1090","2011-04-29",16.48
"1091","2011-05-02",16.33
"1092","2011-05-03",16.33
"1093","2011-05-04",16.200001
"1094","2011-05-05",16.120001
"1095","2011-05-06",16.200001
"1096","2011-05-09",16.24
"1097","2011-05-10",16.549999
"1098","2011-05-11",16.559999
"1099","2011-05-12",16.860001
"1100","2011-05-13",16.57
"1101","2011-05-16",16.43
"1102","2011-05-17",16.49
"1103","2011-05-18",16.73
"1104","2011-05-19",16.709999
"1105","2011-05-20",16.559999
"1106","2011-05-23",16.299999
"1107","2011-05-24",16.139999
"1108","2011-05-25",16.059999
"1109","2011-05-26",15.94
"1110","2011-05-27",15.94
"1111","2011-05-31",16
"1112","2011-06-01",15.31
"1113","2011-06-02",15.31
"1114","2011-06-03",15.04
"1115","2011-06-06",15.66
"1116","2011-06-07",15.57
"1117","2011-06-08",15.5
"1118","2011-06-09",15.76
"1119","2011-06-10",15.47
"1120","2011-06-13",15.5
"1121","2011-06-14",15.61
"1122","2011-06-15",15.4
"1123","2011-06-16",15.54
"1124","2011-06-17",15.82
"1125","2011-06-20",16.030001
"1126","2011-06-21",16.1
"1127","2011-06-22",15.82
"1128","2011-06-23",15.69
"1129","2011-06-24",15.77
"1130","2011-06-27",16.07
"1131","2011-06-28",16.24
"1132","2011-06-29",16.450001
"1133","2011-06-30",16.690001
"1134","2011-07-01",16.93
"1135","2011-07-05",16.76
"1136","2011-07-06",16.9
"1137","2011-07-07",17.120001
"1138","2011-07-08",16.780001
"1139","2011-07-11",16.469999
"1140","2011-07-12",16.549999
"1141","2011-07-13",16.66
"1142","2011-07-14",16.299999
"1143","2011-07-15",16.209999
"1144","2011-07-18",16.01
"1145","2011-07-19",16.549999
"1146","2011-07-20",16.530001
"1147","2011-07-21",16.809999
"1148","2011-07-22",16.610001
"1149","2011-07-25",16.52
"1150","2011-07-26",16.27
"1151","2011-07-27",15.76
"1152","2011-07-28",15.37
"1153","2011-07-29",16.01
"1154","2011-08-01",16.01
"1155","2011-08-02",15.85
"1156","2011-08-03",15.82
"1157","2011-08-04",15.23
"1158","2011-08-05",15.2
"1159","2011-08-08",14.22
"1160","2011-08-09",15.51
"1161","2011-08-10",14.24
"1162","2011-08-11",14.64
"1163","2011-08-12",14.62
"1164","2011-08-15",15.05
"1165","2011-08-16",15.2
"1166","2011-08-17",15.33
"1167","2011-08-18",14.57
"1168","2011-08-19",14.27
"1169","2011-08-22",14.46
"1170","2011-08-23",15.48
"1171","2011-08-24",16
"1172","2011-08-25",15.83
"1173","2011-08-26",15.97
"1174","2011-08-29",16.84
"1175","2011-08-30",16.290001
"1176","2011-08-31",15.97
"1177","2011-09-01",15.27
"1178","2011-09-02",14.71
"1179","2011-09-06",14.88
"1180","2011-09-07",15.45
"1181","2011-09-08",15.22
"1182","2011-09-09",14.62
"1183","2011-09-12",14.93
"1184","2011-09-13",15.13
"1185","2011-09-14",15.33
"1186","2011-09-15",15.46
"1187","2011-09-16",15.39
"1188","2011-09-19",14.89
"1189","2011-09-20",14.72
"1190","2011-09-21",13.62
"1191","2011-09-22",13.34
"1192","2011-09-23",13.66
"1193","2011-09-26",14.08
"1194","2011-09-27",14.43
"1195","2011-09-28",13.65
"1196","2011-09-29",14.29
"1197","2011-09-30",13.8
"1198","2011-10-03",13.4
"1199","2011-10-04",14.73
"1200","2011-10-05",15.03
"1201","2011-10-06",15.55
"1202","2011-10-07",14.65
"1203","2011-10-10",15.37
"1204","2011-10-11",15.84
"1205","2011-10-12",16.27
"1206","2011-10-13",15.42
"1207","2011-10-14",15.64
"1208","2011-10-17",14.88
"1209","2011-10-18",15.83
"1210","2011-10-19",15.98
"1211","2011-10-20",16.32
"1212","2011-10-21",16.690001
"1213","2011-10-24",16.85
"1214","2011-10-25",15.96
"1215","2011-10-26",16.23
"1216","2011-10-27",17.059999
"1217","2011-10-28",17.040001
"1218","2011-10-31",16.4
"1219","2011-11-01",15.51
"1220","2011-11-02",16.370001
"1221","2011-11-03",16.84
"1222","2011-11-04",16.389999
"1223","2011-11-07",16.629999
"1224","2011-11-08",16.77
"1225","2011-11-09",15.62
"1226","2011-11-10",15.97
"1227","2011-11-11",16.5
"1228","2011-11-14",15.84
"1229","2011-11-15",16.27
"1230","2011-11-16",15.93
"1231","2011-11-17",15.87
"1232","2011-11-18",16.049999
"1233","2011-11-21",15.46
"1234","2011-11-22",15.35
"1235","2011-11-23",14.78
"1236","2011-11-25",14.51
"1237","2011-11-28",15.13
"1238","2011-11-29",14.88
"1239","2011-11-30",15.88
"1240","2011-12-01",15.65
"1241","2011-12-02",15.91
"1242","2011-12-05",16.1
"1243","2011-12-06",16.08
"1244","2011-12-07",16.4
"1245","2011-12-08",15.81
"1246","2011-12-09",16.530001
"1247","2011-12-12",16.17
"1248","2011-12-13",15.8
"1249","2011-12-14",15.62
"1250","2011-12-15",16.139999
"1251","2011-12-16",16.24
"1252","2011-12-19",15.74
"1253","2011-12-20",16.59
"1254","2011-12-21",16.709999
"1255","2011-12-22",16.940001
"1256","2011-12-23",16.879999
"1257","2011-12-27",17.059999
"1258","2011-12-28",16.58
"1259","2011-12-29",16.98
"1260","2011-12-30",16.639999
"1261","2012-01-03",17.24
"1262","2012-01-04",17.110001
"1263","2012-01-05",17.42
"1264","2012-01-06",17.280001
"1265","2012-01-09",17.469999
"1266","2012-01-10",17.84
"1267","2012-01-11",17.790001
"1268","2012-01-12",17.9
"1269","2012-01-13",17.74
"1270","2012-01-17",17.549999
"1271","2012-01-18",17.860001
"1272","2012-01-19",17.83
"1273","2012-01-20",17.93
"1274","2012-01-23",17.709999
"1275","2012-01-24",17.799999
"1276","2012-01-25",17.9
"1277","2012-01-26",17.549999
"1278","2012-01-27",17.559999
"1279","2012-01-30",17.4
"1280","2012-01-31",17.379999
"1281","2012-02-01",17.889999
"1282","2012-02-02",17.92
"1283","2012-02-03",18.280001
"1284","2012-02-06",17.74
"1285","2012-02-07",17.68
"1286","2012-02-08",17.700001
"1287","2012-02-09",17.469999
"1288","2012-02-10",17.08
"1289","2012-02-13",17.299999
"1290","2012-02-14",17.18
"1291","2012-02-15",17.110001
"1292","2012-02-16",17.440001
"1293","2012-02-17",17.389999
"1294","2012-02-21",17.190001
"1295","2012-02-22",16.77
"1296","2012-02-23",17
"1297","2012-02-24",16.809999
"1298","2012-02-27",16.879999
"1299","2012-02-28",16.83
"1300","2012-02-29",16.370001
"1301","2012-03-01",16.33
"1302","2012-03-02",16.110001
"1303","2012-03-05",16.459999
"1304","2012-03-06",16.25
"1305","2012-03-07",16.52
"1306","2012-03-08",16.84
"1307","2012-03-09",17.08
"1308","2012-03-12",16.91
"1309","2012-03-13",17.059999
"1310","2012-03-14",16.99
"1311","2012-03-15",17.209999
"1312","2012-03-16",17.42
"1313","2012-03-19",17.370001
"1314","2012-03-20",17.27
"1315","2012-03-21",17.200001
"1316","2012-03-22",16.85
"1317","2012-03-23",16.950001
"1318","2012-03-26",17.370001
"1319","2012-03-27",17.17
"1320","2012-03-28",17.440001
"1321","2012-03-29",17.309999
"1322","2012-03-30",17.299999
"1323","2012-04-02",17.700001
"1324","2012-04-03",17.629999
"1325","2012-04-04",17.34
"1326","2012-04-05",17.200001
"1327","2012-04-09",16.860001
"1328","2012-04-10",16.559999
"1329","2012-04-11",16.83
"1330","2012-04-12",17.049999
"1331","2012-04-13",16.51
"1332","2012-04-16",16.83
"1333","2012-04-17",17.219999
"1334","2012-04-18",16.9
"1335","2012-04-19",16.799999
"1336","2012-04-20",17.1
"1337","2012-04-23",16.780001
"1338","2012-04-24",17.059999
"1339","2012-04-25",17.1
"1340","2012-04-26",16.84
"1341","2012-04-27",16.940001
"1342","2012-04-30",16.809999
"1343","2012-05-01",16.959999
"1344","2012-05-02",17.01
"1345","2012-05-03",16.92
"1346","2012-05-04",16.799999
"1347","2012-05-07",16.92
"1348","2012-05-08",16.77
"1349","2012-05-09",16.49
"1350","2012-05-10",16.799999
"1351","2012-05-11",16.58
"1352","2012-05-14",16.389999
"1353","2012-05-15",16.370001
"1354","2012-05-16",16.24
"1355","2012-05-17",16
"1356","2012-05-18",15.87
"1357","2012-05-21",15.89
"1358","2012-05-22",15.99
"1359","2012-05-23",16.08
"1360","2012-05-24",16.309999
"1361","2012-05-25",16.209999
"1362","2012-05-29",16.15
"1363","2012-05-30",15.39
"1364","2012-05-31",15.36
"1365","2012-06-01",14.92
"1366","2012-06-04",14.88
"1367","2012-06-05",15.02
"1368","2012-06-06",15.39
"1369","2012-06-07",15.62
"1370","2012-06-08",15.88
"1371","2012-06-11",15.38
"1372","2012-06-12",15.54
"1373","2012-06-13",15.37
"1374","2012-06-14",15.51
"1375","2012-06-15",15.76
"1376","2012-06-18",15.63
"1377","2012-06-19",15.88
"1378","2012-06-20",15.79
"1379","2012-06-21",15.35
"1380","2012-06-22",15.46
"1381","2012-06-25",15.13
"1382","2012-06-26",15.22
"1383","2012-06-27",15.53
"1384","2012-06-28",15.7
"1385","2012-06-29",15.98
"1386","2012-07-02",16.26
"1387","2012-07-03",16.51
"1388","2012-07-05",16.48
"1389","2012-07-06",16.440001
"1390","2012-07-09",16.35
"1391","2012-07-10",16.299999
"1392","2012-07-11",16.450001
"1393","2012-07-12",16.52
"1394","2012-07-13",16.83
"1395","2012-07-16",16.709999
"1396","2012-07-17",16.9
"1397","2012-07-18",16.77
"1398","2012-07-19",16.43
"1399","2012-07-20",16.309999
"1400","2012-07-23",16.17
"1401","2012-07-24",16.209999
"1402","2012-07-25",15.91
"1403","2012-07-26",15.87
"1404","2012-07-27",16.08
"1405","2012-07-30",15.88
"1406","2012-07-31",15.96
"1407","2012-08-01",15.73
"1408","2012-08-02",15.58
"1409","2012-08-03",16.01
"1410","2012-08-06",15.98
"1411","2012-08-07",16.059999
"1412","2012-08-08",16.059999
"1413","2012-08-09",16.030001
"1414","2012-08-10",15.99
"1415","2012-08-13",16.25
"1416","2012-08-14",16.030001
"1417","2012-08-15",16.15
"1418","2012-08-16",16.26
"1419","2012-08-17",16.51
"1420","2012-08-20",16.629999
"1421","2012-08-21",16.799999
"1422","2012-08-22",16.780001
"1423","2012-08-23",16.48
"1424","2012-08-24",16.51
"1425","2012-08-27",16.530001
"1426","2012-08-28",16.540001
"1427","2012-08-29",16.49
"1428","2012-08-30",16.35
"1429","2012-08-31",16.280001
"1430","2012-09-04",16.6
"1431","2012-09-05",16.639999
"1432","2012-09-06",16.879999
"1433","2012-09-07",17.17
"1434","2012-09-10",17.07
"1435","2012-09-11",17.110001
"1436","2012-09-12",17.139999
"1437","2012-09-13",17.459999
"1438","2012-09-14",17.860001
"1439","2012-09-17",17.459999
"1440","2012-09-18",17.459999
"1441","2012-09-19",17.41
"1442","2012-09-20",17.389999
"1443","2012-09-21",17.26
"1444","2012-09-24",17.469999
"1445","2012-09-25",17.190001
"1446","2012-09-26",17.040001
"1447","2012-09-27",17.120001
"1448","2012-09-28",16.91
"1449","2012-10-01",16.91
"1450","2012-10-02",16.84
"1451","2012-10-03",16.709999
"1452","2012-10-04",16.870001
"1453","2012-10-05",16.940001
"1454","2012-10-08",16.950001
"1455","2012-10-09",16.709999
"1456","2012-10-10",16.879999
"1457","2012-10-11",16.870001
"1458","2012-10-12",16.379999
"1459","2012-10-15",16.4
"1460","2012-10-16",16.190001
"1461","2012-10-17",16.469999
"1462","2012-10-18",16.290001
"1463","2012-10-19",16.16
"1464","2012-10-22",16.25
"1465","2012-10-23",16.299999
"1466","2012-10-24",16.209999
"1467","2012-10-25",16.440001
"1468","2012-10-26",15.6
"1469","2012-10-31",15.7
"1470","2012-11-01",15.61
"1471","2012-11-02",15.36
"1472","2012-11-05",15.5
"1473","2012-11-06",15.79
"1474","2012-11-07",15.04
"1475","2012-11-08",14.76
"1476","2012-11-09",14.82
"1477","2012-11-12",14.88
"1478","2012-11-13",14.6
"1479","2012-11-14",14.27
"1480","2012-11-15",14.17
"1481","2012-11-16",14.3
"1482","2012-11-19",14.72
"1483","2012-11-20",14.72
"1484","2012-11-21",14.58
"1485","2012-11-23",14.98
"1486","2012-11-26",15.01
"1487","2012-11-27",14.72
"1488","2012-11-28",14.43
"1489","2012-11-29",14.56
"1490","2012-11-30",14.53
"1491","2012-12-03",14.4
"1492","2012-12-04",14.49
"1493","2012-12-05",14.24
"1494","2012-12-06",14.24
"1495","2012-12-07",14.22
"1496","2012-12-10",14.28
"1497","2012-12-11",14.37
"1498","2012-12-12",14.23
"1499","2012-12-13",14.08
"1500","2012-12-14",13.9
"1501","2012-12-17",14.32
"1502","2012-12-18",14.36
"1503","2012-12-19",14.28
"1504","2012-12-20",14.31
"1505","2012-12-21",14.28
"1506","2012-12-24",14.28
"1507","2012-12-26",14.41
"1508","2012-12-27",14.53
"1509","2012-12-28",14.49
"1510","2012-12-31",14.62
"1511","2013-01-02",15.08
"1512","2013-01-03",15.05
"1513","2013-01-04",15.26
"1514","2013-01-07",15.16
"1515","2013-01-08",15.18
"1516","2013-01-09",14.76
"1517","2013-01-10",14.82
"1518","2013-01-11",14.56
"1519","2013-01-14",14.5
"1520","2013-01-15",14.46
"1521","2013-01-16",14.54
"1522","2013-01-17",14.68
"1523","2013-01-18",14.74
"1524","2013-01-22",14.95
"1525","2013-01-23",14.93
"1526","2013-01-24",15.05
"1527","2013-01-25",14.93
"1528","2013-01-28",15.03
"1529","2013-01-29",15.25
"1530","2013-01-30",15.23
"1531","2013-01-31",15.29
"1532","2013-02-01",15.68
"1533","2013-02-04",15.31
"1534","2013-02-05",15.53
"1535","2013-02-06",15.61
"1536","2013-02-07",15.56
"1537","2013-02-08",15.56
"1538","2013-02-11",15.51
"1539","2013-02-12",15.57
"1540","2013-02-13",15.66
"1541","2013-02-14",15.57
"1542","2013-02-15",15.56
"1543","2013-02-19",15.64
"1544","2013-02-20",15.46
"1545","2013-02-21",15.5
"1546","2013-02-22",15.71
"1547","2013-02-25",15.3
"1548","2013-02-26",15.4
"1549","2013-02-27",15.26
"1550","2013-02-28",15.33
"1551","2013-03-01",15.43
"1552","2013-03-04",15.31
"1553","2013-03-05",15.48
"1554","2013-03-06",15.63
"1555","2013-03-07",15.66
"1556","2013-03-08",15.65
"1557","2013-03-11",15.71
"1558","2013-03-12",15.5
"1559","2013-03-13",15.72
"1560","2013-03-14",15.92
"1561","2013-03-15",16.07
"1562","2013-03-18",15.97
"1563","2013-03-19",16.049999
"1564","2013-03-20",16.049999
"1565","2013-03-21",15.84
"1566","2013-03-22",15.93
"1567","2013-03-25",15.88
"1568","2013-03-26",15.88
"1569","2013-03-27",15.98
"1570","2013-03-28",16.049999
"1571","2013-04-01",15.77
"1572","2013-04-02",15.58
"1573","2013-04-03",15.41
"1574","2013-04-04",15.59
"1575","2013-04-05",15.62
"1576","2013-04-08",15.79
"1577","2013-04-09",15.66
"1578","2013-04-10",15.98
"1579","2013-04-11",15.87
"1580","2013-04-12",15.71
"1581","2013-04-15",15.26
"1582","2013-04-16",15.39
"1583","2013-04-17",15.16
"1584","2013-04-18",15.19
"1585","2013-04-19",15.49
"1586","2013-04-22",15.4
"1587","2013-04-23",15.72
"1588","2013-04-24",16.030001
"1589","2013-04-25",15.64
"1590","2013-04-26",15.51
"1591","2013-04-29",15.48
"1592","2013-04-30",15.37
"1593","2013-05-01",14.83
"1594","2013-05-02",15.05
"1595","2013-05-03",15.26
"1596","2013-05-06",15.45
"1597","2013-05-07",15.52
"1598","2013-05-08",15.6
"1599","2013-05-09",15.33
"1600","2013-05-10",15.27
"1601","2013-05-13",15.19
"1602","2013-05-14",15.5
"1603","2013-05-15",15.65
"1604","2013-05-16",15.62
"1605","2013-05-17",15.76
"1606","2013-05-20",15.85
"1607","2013-05-21",15.88
"1608","2013-05-22",15.66
"1609","2013-05-23",15.67
"1610","2013-05-24",15.83
"1611","2013-05-28",16.049999
"1612","2013-05-29",15.61
"1613","2013-05-30",15.67
"1614","2013-05-31",15.41
"1615","2013-06-03",15.5
"1616","2013-06-04",15.31
"1617","2013-06-05",15.04
"1618","2013-06-06",15.01
"1619","2013-06-07",15.06
"1620","2013-06-10",15.21
"1621","2013-06-11",15.07
"1622","2013-06-12",14.86
"1623","2013-06-13",15.06
"1624","2013-06-14",14.69
"1625","2013-06-17",14.63
"1626","2013-06-18",14.7
"1627","2013-06-19",14.62
"1628","2013-06-20",14.52
"1629","2013-06-21",14.7
"1630","2013-06-24",14.66
"1631","2013-06-25",14.93
"1632","2013-06-26",14.84
"1633","2013-06-27",14.99
"1634","2013-06-28",14.9
"1635","2013-07-01",15.19
"1636","2013-07-02",15.22
"1637","2013-07-03",15.29
"1638","2013-07-05",15.79
"1639","2013-07-08",15.75
"1640","2013-07-09",15.75
"1641","2013-07-10",15.74
"1642","2013-07-11",15.53
"1643","2013-07-12",15.69
"1644","2013-07-15",15.93
"1645","2013-07-16",15.78
"1646","2013-07-17",15.77
"1647","2013-07-18",15.92
"1648","2013-07-19",16.02
"1649","2013-07-22",16.18
"1650","2013-07-23",16.26
"1651","2013-07-24",16.309999
"1652","2013-07-25",16.25
"1653","2013-07-26",16.190001
"1654","2013-07-29",16.09
"1655","2013-07-30",16.08
"1656","2013-07-31",16.110001
"1657","2013-08-01",16.360001
"1658","2013-08-02",16.309999
"1659","2013-08-05",16.450001
"1660","2013-08-06",16.440001
"1661","2013-08-07",16.42
"1662","2013-08-08",16.469999
"1663","2013-08-09",16.280001
"1664","2013-08-12",16.35
"1665","2013-08-13",16.4
"1666","2013-08-14",16.360001
"1667","2013-08-15",16.120001
"1668","2013-08-16",16.139999
"1669","2013-08-19",16.02
"1670","2013-08-20",16.200001
"1671","2013-08-21",15.96
"1672","2013-08-22",16.1
"1673","2013-08-23",16.09
"1674","2013-08-26",15.93
"1675","2013-08-27",15.34
"1676","2013-08-28",15.14
"1677","2013-08-29",15.19
"1678","2013-08-30",15
"1679","2013-09-03",14.89
"1680","2013-09-04",15.01
"1681","2013-09-05",15.02
"1682","2013-09-06",15.05
"1683","2013-09-09",15.17
"1684","2013-09-10",15.26
"1685","2013-09-11",15.11
"1686","2013-09-12",15.04
"1687","2013-09-13",14.99
"1688","2013-09-16",15.08
"1689","2013-09-17",15.28
"1690","2013-09-18",15.24
"1691","2013-09-19",15.05
"1692","2013-09-20",15.37
"1693","2013-09-23",15.37
"1694","2013-09-24",15.39
"1695","2013-09-25",15.44
"1696","2013-09-26",15.32
"1697","2013-09-27",15.17
"1698","2013-09-30",15.17
"1699","2013-10-01",15.29
"1700","2013-10-02",15.12
"1701","2013-10-03",14.92
"1702","2013-10-04",14.9
"1703","2013-10-07",14.76
"1704","2013-10-08",14.65
"1705","2013-10-09",14.56
"1706","2013-10-10",14.8
"1707","2013-10-11",15.28
"1708","2013-10-14",15.38
"1709","2013-10-15",15.27
"1710","2013-10-16",15.44
"1711","2013-10-17",15.53
"1712","2013-10-18",15.72
"1713","2013-10-21",15.72
"1714","2013-10-22",15.81
"1715","2013-10-23",15.76
"1716","2013-10-24",15.8
"1717","2013-10-25",15.63
"1718","2013-10-28",15.76
"1719","2013-10-29",15.75
"1720","2013-10-30",15.67
"1721","2013-10-31",15.52
"1722","2013-11-01",15.41
"1723","2013-11-04",15.49
"1724","2013-11-05",15.39
"1725","2013-11-06",15.49
"1726","2013-11-07",15.28
"1727","2013-11-08",15.88
"1728","2013-11-11",15.68
"1729","2013-11-12",15.56
"1730","2013-11-13",15.77
"1731","2013-11-14",15.8
"1732","2013-11-15",15.75
"1733","2013-11-18",15.8
"1734","2013-11-19",15.83
"1735","2013-11-20",15.75
"1736","2013-11-21",15.96
"1737","2013-11-22",16.139999
"1738","2013-11-25",16.299999
"1739","2013-11-26",16.35
"1740","2013-11-27",16.530001
"1741","2013-11-29",16.530001
"1742","2013-12-02",16.129999
"1743","2013-12-03",16.23
"1744","2013-12-04",16.34
"1745","2013-12-05",16.459999
"1746","2013-12-06",16.629999
"1747","2013-12-09",16.59
"1748","2013-12-10",16.49
"1749","2013-12-11",16.42
"1750","2013-12-12",16.51
"1751","2013-12-13",16.530001
"1752","2013-12-16",16.73
"1753","2013-12-17",16.559999
"1754","2013-12-18",17.139999
"1755","2013-12-19",16.950001
"1756","2013-12-20",17.219999
"1757","2013-12-23",17.530001
"1758","2013-12-24",17.559999
"1759","2013-12-26",17.59
"1760","2013-12-27",17.549999
"1761","2013-12-30",17.379999
"1762","2013-12-31",17.43
"1763","2014-01-02",17.209999
"1764","2014-01-03",17.27
"1765","2014-01-06",17.1
"1766","2014-01-07",17.290001
"1767","2014-01-08",17.26
"1768","2014-01-09",17.41
"1769","2014-01-10",17.309999
"1770","2014-01-13",17.299999
"1771","2014-01-14",17.370001
"1772","2014-01-15",17.5
"1773","2014-01-16",17.389999
"1774","2014-01-17",17.41
"1775","2014-01-21",17.639999
"1776","2014-01-22",17.620001
"1777","2014-01-23",17.48
"1778","2014-01-24",17.33
"1779","2014-01-27",17.049999
"1780","2014-01-28",17.040001
"1781","2014-01-29",16.67
"1782","2014-01-30",16.860001
"1783","2014-01-31",16.58
"1784","2014-02-03",15.98
"1785","2014-02-04",16.209999
"1786","2014-02-05",16.059999
"1787","2014-02-06",16.15
"1788","2014-02-07",16.16
"1789","2014-02-10",16.23
"1790","2014-02-11",16.459999
"1791","2014-02-12",16.42
"1792","2014-02-13",16.459999
"1793","2014-02-14",16.530001
"1794","2014-02-18",16.6
"1795","2014-02-19",16.01
"1796","2014-02-20",16.139999
"1797","2014-02-21",16.26
"1798","2014-02-24",16.780001
"1799","2014-02-25",16.98
"1800","2014-02-26",16.91
"1801","2014-02-27",16.950001
"1802","2014-02-28",17.040001
"1803","2014-03-03",16.799999
"1804","2014-03-04",17.290001
"1805","2014-03-05",17.27
"1806","2014-03-06",17.459999
"1807","2014-03-07",17.530001
"1808","2014-03-10",17.639999
"1809","2014-03-11",17.48
"1810","2014-03-12",17.549999
"1811","2014-03-13",17.49
"1812","2014-03-14",17.559999
"1813","2014-03-17",17.73
"1814","2014-03-18",17.799999
"1815","2014-03-19",17.83
"1816","2014-03-20",18.17
"1817","2014-03-21",18.110001
"1818","2014-03-24",18.18
"1819","2014-03-25",18.200001
"1820","2014-03-26",17.940001
"1821","2014-03-27",17.559999
"1822","2014-03-28",17.57
"1823","2014-03-31",17.98
"1824","2014-04-01",18.43
"1825","2014-04-02",18.41
"1826","2014-04-03",18.33
"1827","2014-04-04",17.870001
"1828","2014-04-07",17.74
"1829","2014-04-08",17.690001
"1830","2014-04-09",17.620001
"1831","2014-04-10",17.110001
"1832","2014-04-11",16.950001
"1833","2014-04-14",17
"1834","2014-04-15",17.07
"1835","2014-04-16",17.1
"1836","2014-04-17",17.389999
"1837","2014-04-21",17.129999
"1838","2014-04-22",17.23
"1839","2014-04-23",17.200001
"1840","2014-04-24",16.98
"1841","2014-04-25",16.700001
"1842","2014-04-28",16.459999
"1843","2014-04-29",16.280001
"1844","2014-04-30",16.190001
"1845","2014-05-01",16.09
"1846","2014-05-02",15.99
"1847","2014-05-05",15.86
"1848","2014-05-06",15.64
"1849","2014-05-07",15.83
"1850","2014-05-08",15.65
"1851","2014-05-09",15.98
"1852","2014-05-12",16.26
"1853","2014-05-13",15.91
"1854","2014-05-14",15.51
"1855","2014-05-15",15.59
"1856","2014-05-16",15.58
"1857","2014-05-19",15.71
"1858","2014-05-20",15.77
"1859","2014-05-21",15.9
"1860","2014-05-22",16
"1861","2014-05-23",16.16
"1862","2014-05-27",16.459999
"1863","2014-05-28",16.26
"1864","2014-05-29",16.209999
"1865","2014-05-30",16.26
"1866","2014-06-02",16.309999
"1867","2014-06-03",16.309999
"1868","2014-06-04",16.280001
"1869","2014-06-05",16.75
"1870","2014-06-06",16.959999
"1871","2014-06-09",17.34
"1872","2014-06-10",17.200001
"1873","2014-06-11",16.91
"1874","2014-06-12",16.83
"1875","2014-06-13",16.85
"1876","2014-06-16",16.700001
"1877","2014-06-17",17.15
"1878","2014-06-18",17.43
"1879","2014-06-19",17.370001
"1880","2014-06-20",17.389999
"1881","2014-06-23",17.040001
"1882","2014-06-24",16.860001
"1883","2014-06-25",17.139999
"1884","2014-06-26",17.049999
"1885","2014-06-27",17.1
"1886","2014-06-30",17.209999
"1887","2014-07-01",17.559999
"1888","2014-07-02",17.379999
"1889","2014-07-03",17.66
"1890","2014-07-07",17.370001
"1891","2014-07-08",17.110001
"1892","2014-07-09",17.08
"1893","2014-07-10",16.83
"1894","2014-07-11",16.73
"1895","2014-07-14",16.780001
"1896","2014-07-15",16.85
"1897","2014-07-16",16.65
"1898","2014-07-17",16.23
"1899","2014-07-18",16.389999
"1900","2014-07-21",16.26
"1901","2014-07-22",16.190001
"1902","2014-07-23",16.27
"1903","2014-07-24",16.360001
"1904","2014-07-25",16.59
"1905","2014-07-28",16.309999
"1906","2014-07-29",16.370001
"1907","2014-07-30",16.530001
"1908","2014-07-31",16.34
"1909","2014-08-01",16.26
"1910","2014-08-04",16.33
"1911","2014-08-05",16.389999
"1912","2014-08-06",16.66
"1913","2014-08-07",16.43
"1914","2014-08-08",16.459999
"1915","2014-08-11",16.6
"1916","2014-08-12",16.43
"1917","2014-08-13",16.620001
"1918","2014-08-14",16.48
"1919","2014-08-15",16.35
"1920","2014-08-18",16.629999
"1921","2014-08-19",16.709999
"1922","2014-08-20",16.5
"1923","2014-08-21",16.790001
"1924","2014-08-22",16.74
"1925","2014-08-25",16.74
"1926","2014-08-26",16.91
"1927","2014-08-27",16.610001
"1928","2014-08-28",16.48
"1929","2014-08-29",16.610001
"1930","2014-09-02",16.790001
"1931","2014-09-03",16.74
"1932","2014-09-04",16.66
"1933","2014-09-05",16.700001
"1934","2014-09-08",16.790001
"1935","2014-09-09",16.52
"1936","2014-09-10",16.809999
"1937","2014-09-11",16.9
"1938","2014-09-12",16.93
"1939","2014-09-15",16.639999
"1940","2014-09-16",16.549999
"1941","2014-09-17",16.549999
"1942","2014-09-18",16.83
"1943","2014-09-19",16.540001
"1944","2014-09-22",16.33
"1945","2014-09-23",16.139999
"1946","2014-09-24",16.209999
"1947","2014-09-25",15.84
"1948","2014-09-26",15.89
"1949","2014-09-29",15.93
"1950","2014-09-30",15.83
"1951","2014-10-01",15.8
"1952","2014-10-02",15.89
"1953","2014-10-03",15.91
"1954","2014-10-06",15.83
"1955","2014-10-07",15.66
"1956","2014-10-08",15.83
"1957","2014-10-09",15.38
"1958","2014-10-10",15.34
"1959","2014-10-13",15.52
"1960","2014-10-14",15.7
"1961","2014-10-15",15.35
"1962","2014-10-16",15.56
"1963","2014-10-17",15.44
"1964","2014-10-20",15.47
"1965","2014-10-21",15.85
"1966","2014-10-22",15.71
"1967","2014-10-23",15.85
"1968","2014-10-24",15.84
"1969","2014-10-27",15.86
"1970","2014-10-28",16.5
"1971","2014-10-29",16.66
"1972","2014-10-30",16.719999
"1973","2014-10-31",17.540001
"1974","2014-11-03",17.83
"1975","2014-11-04",17.870001
"1976","2014-11-05",18.049999
"1977","2014-11-06",18.25
"1978","2014-11-07",18.530001
"1979","2014-11-10",18.5
"1980","2014-11-11",18.4
"1981","2014-11-12",18.459999
"1982","2014-11-13",18.200001
"1983","2014-11-14",18.120001
"1984","2014-11-17",18.1
"1985","2014-11-18",18.02
"1986","2014-11-19",17.93
"1987","2014-11-20",18.08
"1988","2014-11-21",17.84
"1989","2014-11-24",18.15
"1990","2014-11-25",18.24
"1991","2014-11-26",18.110001
"1992","2014-11-28",17.709999
"1993","2014-12-01",17.290001
"1994","2014-12-02",17.5
"1995","2014-12-03",17.76
"1996","2014-12-04",17.73
"1997","2014-12-05",17.959999
"1998","2014-12-08",17.83
"1999","2014-12-09",18.16
"2000","2014-12-10",17.42
"2001","2014-12-11",17.6
"2002","2014-12-12",17.27
"2003","2014-12-15",17.290001
"2004","2014-12-16",17.51
"2005","2014-12-17",18
"2006","2014-12-18",18.370001
"2007","2014-12-19",18.42
"2008","2014-12-22",18.66
"2009","2014-12-23",18.66
"2010","2014-12-24",18.629999
"2011","2014-12-26",18.690001
"2012","2014-12-29",19
"2013","2014-12-30",18.790001
"2014","2014-12-31",18.59
"2015","2015-01-02",18.299999
"2016","2015-01-05",17.82
"2017","2015-01-06",17.309999
"2018","2015-01-07",17.389999
"2019","2015-01-08",17.700001
"2020","2015-01-09",17.120001
"2021","2015-01-12",17
"2022","2015-01-13",17.02
"2023","2015-01-14",16.709999
"2024","2015-01-15",16.690001
"2025","2015-01-16",17.08
"2026","2015-01-20",16.99
"2027","2015-01-21",16.780001
"2028","2015-01-22",17.68
"2029","2015-01-23",17.35
"2030","2015-01-26",17.469999
"2031","2015-01-27",17.200001
"2032","2015-01-28",16.610001
"2033","2015-01-29",16.9
"2034","2015-01-30",16.52
"2035","2015-02-02",16.99
"2036","2015-02-03",17.34
"2037","2015-02-04",17.17
"2038","2015-02-05",17.66
"2039","2015-02-06",17.85
"2040","2015-02-09",17.4
"2041","2015-02-10",17.450001
"2042","2015-02-11",17.370001
"2043","2015-02-12",17.790001
"2044","2015-02-13",17.790001
"2045","2015-02-17",18.1
"2046","2015-02-18",17.75
"2047","2015-02-19",17.709999
"2048","2015-02-20",17.67
"2049","2015-02-23",17.68
"2050","2015-02-24",17.969999
"2051","2015-02-25",17.549999
"2052","2015-02-26",17.59
"2053","2015-02-27",17.43
"2054","2015-03-02",17.549999
"2055","2015-03-03",17.32
"2056","2015-03-04",17.09
"2057","2015-03-05",16.950001
"2058","2015-03-06",17.01
"2059","2015-03-09",17.25
"2060","2015-03-10",16.969999
"2061","2015-03-11",17.01
"2062","2015-03-12",17.860001
"2063","2015-03-13",17.85
"2064","2015-03-16",17.77
"2065","2015-03-17",17.85
"2066","2015-03-18",17.49
"2067","2015-03-19",17.459999
"2068","2015-03-20",17.74
"2069","2015-03-23",17.780001
"2070","2015-03-24",17.790001
"2071","2015-03-25",17.450001
"2072","2015-03-26",17.540001
"2073","2015-03-27",17.42
"2074","2015-03-30",17.790001
"2075","2015-03-31",17.809999
"2076","2015-04-01",17.879999
"2077","2015-04-02",17.92
"2078","2015-04-06",17.780001
"2079","2015-04-07",17.700001
"2080","2015-04-08",17.690001
"2081","2015-04-09",17.610001
"2082","2015-04-10",17.66
"2083","2015-04-13",17.809999
"2084","2015-04-14",17.5
"2085","2015-04-15",17.77
"2086","2015-04-16",17.809999
"2087","2015-04-17",17.35
"2088","2015-04-20",17.52
"2089","2015-04-21",17.5
"2090","2015-04-22",17.58
"2091","2015-04-23",17.51
"2092","2015-04-24",17.379999
"2093","2015-04-27",17.299999
"2094","2015-04-28",17.639999
"2095","2015-04-29",17.6
"2096","2015-04-30",17.26
"2097","2015-05-01",16.780001
"2098","2015-05-04",16.68
"2099","2015-05-05",16.709999
"2100","2015-05-06",16.75
"2101","2015-05-07",16.83
"2102","2015-05-08",16.790001
"2103","2015-05-11",16.940001
"2104","2015-05-12",17.02
"2105","2015-05-13",17.01
"2106","2015-05-14",17.139999
"2107","2015-05-15",16.950001
"2108","2015-05-18",17.280001
"2109","2015-05-19",17.58
"2110","2015-05-20",17.59
"2111","2015-05-21",17.540001
"2112","2015-05-22",17.48
"2113","2015-05-26",17.34
"2114","2015-05-27",17.49
"2115","2015-05-28",17.530001
"2116","2015-05-29",17.370001
"2117","2015-06-01",17.200001
"2118","2015-06-02",17.370001
"2119","2015-06-03",17.75
"2120","2015-06-04",17.469999
"2121","2015-06-05",17.82
"2122","2015-06-08",17.719999
"2123","2015-06-09",17.84
"2124","2015-06-10",18.129999
"2125","2015-06-11",18.09
"2126","2015-06-12",18.030001
"2127","2015-06-15",17.879999
"2128","2015-06-16",18.139999
"2129","2015-06-17",17.799999
"2130","2015-06-18",18.01
"2131","2015-06-19",18.129999
"2132","2015-06-22",18.219999
"2133","2015-06-23",18.42
"2134","2015-06-24",18.450001
"2135","2015-06-25",18.549999
"2136","2015-06-26",18.49
"2137","2015-06-29",17.969999
"2138","2015-06-30",17.940001
"2139","2015-07-01",18.23
"2140","2015-07-02",17.799999
"2141","2015-07-06",17.879999
"2142","2015-07-07",17.6
"2143","2015-07-08",17.549999
"2144","2015-07-09",17.700001
"2145","2015-07-10",18.02
"2146","2015-07-13",18.120001
"2147","2015-07-14",18.200001
"2148","2015-07-15",18.299999
"2149","2015-07-16",18.34
"2150","2015-07-17",18.24
"2151","2015-07-20",18.379999
"2152","2015-07-21",18.200001
"2153","2015-07-22",18.42
"2154","2015-07-23",18.07
"2155","2015-07-24",18.76
"2156","2015-07-27",18.52
"2157","2015-07-28",18.42
"2158","2015-07-29",18.299999
"2159","2015-07-30",18.76
"2160","2015-07-31",19.01
"2161","2015-08-03",19.15
"2162","2015-08-04",19.1
"2163","2015-08-05",19.540001
"2164","2015-08-06",19.450001
"2165","2015-08-07",19.34
"2166","2015-08-10",19.690001
"2167","2015-08-11",19.41
"2168","2015-08-12",19.030001
"2169","2015-08-13",19.030001
"2170","2015-08-14",19.26
"2171","2015-08-17",19.26
"2172","2015-08-18",19.450001
"2173","2015-08-19",19.35
"2174","2015-08-20",18.940001
"2175","2015-08-21",18.76
"2176","2015-08-24",17.969999
"2177","2015-08-25",17.66
"2178","2015-08-26",18.049999
"2179","2015-08-27",18.24
"2180","2015-08-28",18.280001
"2181","2015-08-31",18.440001
"2182","2015-09-01",17.809999
"2183","2015-09-02",18.16
"2184","2015-09-03",18.16
"2185","2015-09-04",18.1
"2186","2015-09-08",18.6
"2187","2015-09-09",18.43
"2188","2015-09-10",18.700001
"2189","2015-09-11",18.83
"2190","2015-09-14",18.969999
"2191","2015-09-15",19.16
"2192","2015-09-16",19.110001
"2193","2015-09-17",18.639999
"2194","2015-09-18",18.32
"2195","2015-09-21",18.620001
"2196","2015-09-22",18.459999
"2197","2015-09-23",18.52
"2198","2015-09-24",18.66
"2199","2015-09-25",18.77
"2200","2015-09-28",18.530001
"2201","2015-09-29",18.49
"2202","2015-09-30",19.08
"2203","2015-10-01",18.99
"2204","2015-10-02",18.52
"2205","2015-10-05",18.91
"2206","2015-10-06",18.799999
"2207","2015-10-07",19.15
"2208","2015-10-08",19.33
"2209","2015-10-09",19.049999
"2210","2015-10-12",19.24
"2211","2015-10-13",18.969999
"2212","2015-10-14",18.549999
"2213","2015-10-15",19
"2214","2015-10-16",19.08
"2215","2015-10-19",19.01
"2216","2015-10-20",19.24
"2217","2015-10-21",18.92
"2218","2015-10-22",19.01
"2219","2015-10-23",19.629999
"2220","2015-10-26",19.280001
"2221","2015-10-27",19.139999
"2222","2015-10-28",20.040001
"2223","2015-10-29",19.84
"2224","2015-10-30",19.280001
"2225","2015-11-02",19.700001
"2226","2015-11-03",19.6
"2227","2015-11-04",19.68
"2228","2015-11-05",20
"2229","2015-11-06",20.719999
"2230","2015-11-09",20.389999
"2231","2015-11-10",20.48
"2232","2015-11-11",20.129999
"2233","2015-11-12",19.75
"2234","2015-11-13",19.459999
"2235","2015-11-16",19.610001
"2236","2015-11-17",19.639999
"2237","2015-11-18",19.870001
"2238","2015-11-19",19.75
"2239","2015-11-20",19.860001
"2240","2015-11-23",19.950001
"2241","2015-11-24",20.059999
"2242","2015-11-25",20.07
"2243","2015-11-27",20.15
"2244","2015-11-30",20.15
"2245","2015-12-01",20.139999
"2246","2015-12-02",19.639999
"2247","2015-12-03",19.290001
"2248","2015-12-04",19.34
"2249","2015-12-07",18.99
"2250","2015-12-08",18.75
"2251","2015-12-09",18.58
"2252","2015-12-10",18.620001
"2253","2015-12-11",18.309999
"2254","2015-12-14",18.23
"2255","2015-12-15",18.610001
"2256","2015-12-16",18.75
"2257","2015-12-17",18.450001
"2258","2015-12-18",17.83
"2259","2015-12-21",18.110001
"2260","2015-12-22",18.09
"2261","2015-12-23",18.120001
"2262","2015-12-24",18.219999
"2263","2015-12-28",18.1
"2264","2015-12-29",18.120001
"2265","2015-12-30",18.27
"2266","2015-12-31",18.07
"2267","2016-01-04",17.5
"2268","2016-01-05",17.459999
"2269","2016-01-06",17.26
"2270","2016-01-07",16.76
"2271","2016-01-08",16.58
"2272","2016-01-11",16.790001
"2273","2016-01-12",16.84
"2274","2016-01-13",16.4
"2275","2016-01-14",16.530001
"2276","2016-01-15",16.370001
"2277","2016-01-19",16.01
"2278","2016-01-20",15.95
"2279","2016-01-21",15.61
"2280","2016-01-22",15.51
"2281","2016-01-25",14.91
"2282","2016-01-26",15.48
"2283","2016-01-27",15.58
"2284","2016-01-28",15.7
"2285","2016-01-29",16
"2286","2016-02-01",15.79
"2287","2016-02-02",15.51
"2288","2016-02-03",15.61
"2289","2016-02-04",15.71
"2290","2016-02-05",15.46
"2291","2016-02-08",15.67
"2292","2016-02-09",15.96
"2293","2016-02-10",15.94
"2294","2016-02-11",16
"2295","2016-02-12",16.360001
"2296","2016-02-16",16.629999
"2297","2016-02-17",16.700001
"2298","2016-02-18",16.530001
"2299","2016-02-19",16.809999
"2300","2016-02-22",17.110001
"2301","2016-02-23",16.9
"2302","2016-02-24",16.969999
"2303","2016-02-25",17.16
"2304","2016-02-26",17.299999
"2305","2016-02-29",16.77
"2306","2016-03-01",17.23
"2307","2016-03-02",17.540001
"2308","2016-03-03",17.85
"2309","2016-03-04",18.07
"2310","2016-03-07",18.26
"2311","2016-03-08",18.02
"2312","2016-03-09",17.870001
"2313","2016-03-10",17.85
"2314","2016-03-11",18.27
"2315","2016-03-14",18.280001
"2316","2016-03-15",18.23
"2317","2016-03-16",17.82
"2318","2016-03-17",18.07
"2319","2016-03-18",18.360001
"2320","2016-03-21",18.33
"2321","2016-03-22",18.299999
"2322","2016-03-23",18.17
"2323","2016-03-24",18.200001
"2324","2016-03-28",18.18
"2325","2016-03-29",18.299999
"2326","2016-03-30",18.32
"2327","2016-03-31",18.18
"2328","2016-04-01",18.209999
"2329","2016-04-04",18.219999
"2330","2016-04-05",17.860001
"2331","2016-04-06",17.99
"2332","2016-04-07",17.49
"2333","2016-04-08",17.780001
"2334","2016-04-11",17.92
"2335","2016-04-12",18.219999
"2336","2016-04-13",18.84
"2337","2016-04-14",18.889999
"2338","2016-04-15",18.93
"2339","2016-04-18",19.17
"2340","2016-04-19",19.389999
"2341","2016-04-20",19.530001
"2342","2016-04-21",19.34
"2343","2016-04-22",19.620001
"2344","2016-04-25",19.43
"2345","2016-04-26",19.559999
"2346","2016-04-27",19.66
"2347","2016-04-28",19.43
"2348","2016-04-29",19.5
"2349","2016-05-02",19.6
"2350","2016-05-03",19.190001
"2351","2016-05-04",19.07
"2352","2016-05-05",18.969999
"2353","2016-05-06",19.049999
"2354","2016-05-09",19.120001
"2355","2016-05-10",19.43
"2356","2016-05-11",19.25
"2357","2016-05-12",19.25
"2358","2016-05-13",18.91
"2359","2016-05-16",19.209999
"2360","2016-05-17",18.719999
"2361","2016-05-18",19.4
"2362","2016-05-19",19.049999
"2363","2016-05-20",19.25
"2364","2016-05-23",19.299999
"2365","2016-05-24",19.58
"2366","2016-05-25",19.75
"2367","2016-05-26",19.66
"2368","2016-05-27",19.73
"2369","2016-05-31",19.77
"2370","2016-06-01",19.92
"2371","2016-06-02",20.040001
"2372","2016-06-03",19.780001
"2373","2016-06-06",20.07
"2374","2016-06-07",20.01
"2375","2016-06-08",20.16
"2376","2016-06-09",19.98
"2377","2016-06-10",19.9
"2378","2016-06-13",19.459999
"2379","2016-06-14",19.190001
"2380","2016-06-15",19.24
"2381","2016-06-16",18.93
"2382","2016-06-17",19.09
"2383","2016-06-20",19.360001
"2384","2016-06-21",19.389999
"2385","2016-06-22",19.290001
"2386","2016-06-23",20
"2387","2016-06-24",18.77
"2388","2016-06-27",18.110001
"2389","2016-06-28",18.459999
"2390","2016-06-29",18.950001
"2391","2016-06-30",19.450001
"2392","2016-07-01",19.209999
"2393","2016-07-05",18.83
"2394","2016-07-06",18.9
"2395","2016-07-07",18.860001
"2396","2016-07-08",19.18
"2397","2016-07-11",19.6
"2398","2016-07-12",20.1
"2399","2016-07-13",20.190001
"2400","2016-07-14",20.27
"2401","2016-07-15",20.49
"2402","2016-07-18",20.35
"2403","2016-07-19",20.379999
"2404","2016-07-20",20.41
"2405","2016-07-21",20.25
"2406","2016-07-22",21.059999
"2407","2016-07-25",21.209999
"2408","2016-07-26",21.309999
"2409","2016-07-27",21.43
"2410","2016-07-28",21.309999
"2411","2016-07-29",21.309999
"2412","2016-08-01",21.15
"2413","2016-08-02",21.08
"2414","2016-08-03",21.17
"2415","2016-08-04",21.17
"2416","2016-08-05",21.91
"2417","2016-08-08",21.690001
"2418","2016-08-09",21.700001
"2419","2016-08-10",21.4
"2420","2016-08-11",21.43
"2421","2016-08-12",21.309999
"2422","2016-08-15",21.620001
"2423","2016-08-16",21.48
"2424","2016-08-17",21.43
"2425","2016-08-18",21.469999
"2426","2016-08-19",21.48
"2427","2016-08-22",21.52
"2428","2016-08-23",21.59
"2429","2016-08-24",21.629999
"2430","2016-08-25",21.75
"2431","2016-08-26",21.83
"2432","2016-08-29",21.84
"2433","2016-08-30",21.98
"2434","2016-08-31",21.799999
"2435","2016-09-01",21.68
"2436","2016-09-02",21.83
"2437","2016-09-06",21.639999
"2438","2016-09-07",21.93
"2439","2016-09-08",22.209999
"2440","2016-09-09",21.99
"2441","2016-09-12",22.52
"2442","2016-09-13",21.93
"2443","2016-09-14",21.58
"2444","2016-09-15",21.77
"2445","2016-09-16",21.700001
"2446","2016-09-19",21.709999
"2447","2016-09-20",21.690001
"2448","2016-09-21",21.83
"2449","2016-09-22",22.23
"2450","2016-09-23",22.209999
"2451","2016-09-26",21.58
"2452","2016-09-27",21.68
"2453","2016-09-28",21.82
"2454","2016-09-29",21.51
"2455","2016-09-30",21.84
"2456","2016-10-03",21.639999
"2457","2016-10-04",21.49
"2458","2016-10-05",21.84
"2459","2016-10-06",21.389999
"2460","2016-10-07",21.34
"2461","2016-10-10",21.549999
"2462","2016-10-11",21.450001
"2463","2016-10-12",21.549999
"2464","2016-10-13",21.049999
"2465","2016-10-14",21.1
"2466","2016-10-17",21.1
"2467","2016-10-18",21.4
"2468","2016-10-19",21.5
"2469","2016-10-20",21.48
"2470","2016-10-21",21.6
"2471","2016-10-24",21.75
"2472","2016-10-25",21.6
"2473","2016-10-26",21.4
"2474","2016-10-27",21.6
"2475","2016-10-28",21.35
"2476","2016-10-31",21.5
"2477","2016-11-01",21.200001
"2478","2016-11-02",21.200001
"2479","2016-11-03",21.25
"2480","2016-11-04",21.299999
"2481","2016-11-07",21.75
"2482","2016-11-08",21.65
"2483","2016-11-09",22.200001
"2484","2016-11-10",23.25
"2485","2016-11-11",24.450001
"2486","2016-11-14",24.75
"2487","2016-11-15",25
"2488","2016-11-16",25.15
"2489","2016-11-17",25.450001
"2490","2016-11-18",25.700001
"2491","2016-11-21",25.65
"2492","2016-11-22",26.35
"2493","2016-11-23",26.700001
"2494","2016-11-25",26.700001
"2495","2016-11-28",26.6
"2496","2016-11-29",27.299999
"2497","2016-11-30",26.799999
"2498","2016-12-01",27
"2499","2016-12-02",26.85
"2500","2016-12-05",27.450001
"2501","2016-12-06",27.85
"2502","2016-12-07",28
"2503","2016-12-08",29
"2504","2016-12-09",29.35
"2505","2016-12-12",28.25
"2506","2016-12-13",28.4
"2507","2016-12-14",28.25
"2508","2016-12-15",28.65
"2509","2016-12-16",27.950001
"2510","2016-12-19",28.049999
"2511","2016-12-20",28.549999
"2512","2016-12-21",28.549999
"2513","2016-12-22",28.450001
"2514","2016-12-23",28.549999
"2515","2016-12-27",28.700001
"2516","2016-12-28",28.450001
"2517","2016-12-29",28.1
"2518","2016-12-30",28.450001
"2519","2017-01-03",28.65
"2520","2017-01-04",28.9
"2521","2017-01-05",28.25
"2522","2017-01-06",28.25
"2523","2017-01-09",27.700001
"2524","2017-01-10",28.4
"2525","2017-01-11",28.799999
"2526","2017-01-12",27.9
"2527","2017-01-13",28.049999
"2528","2017-01-17",27.049999
"2529","2017-01-18",27.1
"2530","2017-01-19",26.85
"2531","2017-01-20",27.75
"2532","2017-01-23",27.9
"2533","2017-01-24",28.200001
"2534","2017-01-25",28.75
"2535","2017-01-26",28.35
"2536","2017-01-27",28.15
"2537","2017-01-30",27.450001
"2538","2017-01-31",27.549999
"2539","2017-02-01",27.6
"2540","2017-02-02",27.200001
"2541","2017-02-03",27.9
"2542","2017-02-06",27.6
"2543","2017-02-07",27.4
"2544","2017-02-08",26.950001
"2545","2017-02-09",27.35
"2546","2017-02-10",27.6
"2547","2017-02-13",28.200001
"2548","2017-02-14",28.4
"2549","2017-02-15",28.450001
"2550","2017-02-16",28.549999
"2551","2017-02-17",28.4
"2552","2017-02-21",28.700001
"2553","2017-02-22",28.68
"2554","2017-02-23",28.6
"2555","2017-02-24",28.4
"2556","2017-02-27",28.450001
"2557","2017-02-28",27.75
"2558","2017-03-01",28.9
"2559","2017-03-02",27.700001
"2560","2017-03-03",27.85
"2561","2017-03-06",27.700001
"2562","2017-03-07",27.450001
"2563","2017-03-08",27.25
"2564","2017-03-09",27.4
"2565","2017-03-10",27.5
"2566","2017-03-13",27.799999
"2567","2017-03-14",27.9
"2568","2017-03-15",28.049999
"2569","2017-03-16",28.65
"2570","2017-03-17",28.75
"2571","2017-03-20",28.5
"2572","2017-03-21",26.200001
"2573","2017-03-22",26
"2574","2017-03-23",26.5
"2575","2017-03-24",26.65
"2576","2017-03-27",26.549999
"2577","2017-03-28",26.950001
"2578","2017-03-29",26.65
"2579","2017-03-30",27.85
"2580","2017-03-31",27.450001
"2581","2017-04-03",26.950001
"2582","2017-04-04",27.049999
"2583","2017-04-05",26.25
"2584","2017-04-06",27
"2585","2017-04-07",26.9
"2586","2017-04-10",26.700001
"2587","2017-04-11",27
"2588","2017-04-12",26.6
"2589","2017-04-13",26
"2590","2017-04-17",26.450001
"2591","2017-04-18",26.299999
"2592","2017-04-19",26.549999
"2593","2017-04-20",27.4
"2594","2017-04-21",28.200001
"2595","2017-04-24",28.25
"2596","2017-04-25",28.4
"2597","2017-04-26",28.950001
"2598","2017-04-27",28.5
"2599","2017-04-28",27.65
"2600","2017-05-01",28.049999
"2601","2017-05-02",27.75
"2602","2017-05-03",27.9
"2603","2017-05-04",28.049999
"2604","2017-05-05",27.85
"2605","2017-05-08",27.9
"2606","2017-05-09",27.6
"2607","2017-05-10",27.35
"2608","2017-05-11",26.950001
"2609","2017-05-12",26.65
"2610","2017-05-15",26.950001
"2611","2017-05-16",26.9
"2612","2017-05-17",25.35
"2613","2017-05-18",25.75
"2614","2017-05-19",25.5
"2615","2017-05-22",25.700001
"2616","2017-05-23",26
"2617","2017-05-24",25.75
"2618","2017-05-25",25.799999
"2619","2017-05-26",25.799999
"2620","2017-05-30",25.049999
"2621","2017-05-31",25.049999
"2622","2017-06-01",25.299999
"2623","2017-06-02",25.4
"2624","2017-06-05",25.35
"2625","2017-06-06",25.35
"2626","2017-06-07",25.75
"2627","2017-06-08",26.780001
"2628","2017-06-09",27.85
"2629","2017-06-12",27.85
"2630","2017-06-13",27.75
"2631","2017-06-14",27.6
"2632","2017-06-15",27.6
"2633","2017-06-16",27.299999
"2634","2017-06-19",27.299999
"2635","2017-06-20",26.950001
"2636","2017-06-21",26.4
"2637","2017-06-22",26.35
"2638","2017-06-23",26.75
"2639","2017-06-26",26.9
"2640","2017-06-27",26.85
"2641","2017-06-28",27.450001
"2642","2017-06-29",27.9
"2643","2017-06-30",27.700001
"2644","2017-07-03",28.5
"2645","2017-07-05",28.25
"2646","2017-07-06",27.85
"2647","2017-07-07",28.25
"2648","2017-07-10",28
"2649","2017-07-11",27.950001
"2650","2017-07-12",28
"2651","2017-07-13",27.9
"2652","2017-07-14",27.700001
"2653","2017-07-17",27.75
"2654","2017-07-18",27.549999
"2655","2017-07-19",27.9
"2656","2017-07-20",27.9
"2657","2017-07-21",27.700001
"2658","2017-07-24",27.799999
"2659","2017-07-25",28.1
"2660","2017-07-26",25.700001
"2661","2017-07-27",25.35
"2662","2017-07-28",25.950001
"2663","2017-07-31",25.6
"2664","2017-08-01",26.1
"2665","2017-08-02",25.9
"2666","2017-08-03",25.5
"2667","2017-08-04",25.75
"2668","2017-08-07",25.65
"2669","2017-08-08",25.700001
"2670","2017-08-09",25.450001
"2671","2017-08-10",24.799999
"2672","2017-08-11",24.299999
"2673","2017-08-14",25.25
"2674","2017-08-15",24.75
"2675","2017-08-16",24.950001
"2676","2017-08-17",24.049999
"2677","2017-08-18",23.85
"2678","2017-08-21",23.950001
"2679","2017-08-22",24.1
"2680","2017-08-23",24.200001
"2681","2017-08-24",24.4
"2682","2017-08-25",24.6
"2683","2017-08-28",24.049999
"2684","2017-08-29",23.950001
"2685","2017-08-30",23.85
"2686","2017-08-31",23.950001
"2687","2017-09-01",24.049999
"2688","2017-09-05",23.450001
"2689","2017-09-06",23.549999
"2690","2017-09-07",23.1
"2691","2017-09-08",23.35
"2692","2017-09-11",23.85
"2693","2017-09-12",24.5
"2694","2017-09-13",24.75
"2695","2017-09-14",24.5
"2696","2017-09-15",24.700001
"2697","2017-09-18",24.799999
"2698","2017-09-19",24.9
"2699","2017-09-20",24.9
"2700","2017-09-21",24.9
"2701","2017-09-22",25.049999
"2702","2017-09-25",25
"2703","2017-09-26",24.950001
"2704","2017-09-27",25.85
"2705","2017-09-28",26.200001
"2706","2017-09-29",26.15
"2707","2017-10-02",26.5
"2708","2017-10-03",26.5
"2709","2017-10-04",25.85
"2710","2017-10-05",26.200001
"2711","2017-10-06",26.299999
"2712","2017-10-09",26.299999
"2713","2017-10-10",26.549999
"2714","2017-10-11",26.450001
"2715","2017-10-12",26.299999
"2716","2017-10-13",26.15
"2717","2017-10-16",26.4
"2718","2017-10-17",26.049999
"2719","2017-10-18",26.299999
"2720","2017-10-19",26.35
"2721","2017-10-20",27.5
"2722","2017-10-23",27.5
"2723","2017-10-24",27.65
"2724","2017-10-25",27.700001
"2725","2017-10-26",27.799999
"2726","2017-10-27",28.049999
"2727","2017-10-30",27.25
"2728","2017-10-31",27.299999
"2729","2017-11-01",27.200001
"2730","2017-11-02",27.65
"2731","2017-11-03",27.25
"2732","2017-11-06",27.299999
"2733","2017-11-07",26.4
"2734","2017-11-08",25.9
"2735","2017-11-09",25.4
"2736","2017-11-10",25.299999
"2737","2017-11-13",26.25
"2738","2017-11-14",26.549999
"2739","2017-11-15",26.65
"2740","2017-11-16",26.6
"2741","2017-11-17",26.700001
"2742","2017-11-20",26.950001
"2743","2017-11-21",27.4
"2744","2017-11-22",27.4
"2745","2017-11-24",27.049999
"2746","2017-11-27",27.15
"2747","2017-11-28",28.15
"2748","2017-11-29",29.15
"2749","2017-11-30",28.35
"2750","2017-12-01",28.299999
"2751","2017-12-04",28.700001
"2752","2017-12-05",27.950001
"2753","2017-12-06",28
"2754","2017-12-07",28.1
"2755","2017-12-08",27.6
"2756","2017-12-11",27.299999
"2757","2017-12-12",27.75
"2758","2017-12-13",27.5
"2759","2017-12-14",27.15
"2760","2017-12-15",27.799999
"2761","2017-12-18",28.049999
"2762","2017-12-19",27.65
"2763","2017-12-20",27.35
"2764","2017-12-21",27.6
"2765","2017-12-22",27.25
"2766","2017-12-26",27.15
"2767","2017-12-27",26.9
"2768","2017-12-28",26.950001
"2769","2017-12-29",26.35
"2770","2018-01-02",26.4
"2771","2018-01-03",26.700001
"2772","2018-01-04",26.9
"2773","2018-01-05",26.950001
"2774","2018-01-08",26.950001
"2775","2018-01-09",27.35
"2776","2018-01-10",27.549999
"2777","2018-01-11",28.1
"2778","2018-01-12",28.200001
"2779","2018-01-16",27.950001
"2780","2018-01-17",28.15
"2781","2018-01-18",27.75
"2782","2018-01-19",29.200001
"2783","2018-01-22",29.1
"2784","2018-01-23",29.049999
"2785","2018-01-24",28.9
"2786","2018-01-25",28.35
"2787","2018-01-26",28.4
"2788","2018-01-29",28.4
"2789","2018-01-30",28.5
"2790","2018-01-31",28.5
"2791","2018-02-01",28.799999
"2792","2018-02-02",28.549999
"2793","2018-02-05",27.15
"2794","2018-02-06",27.5
"2795","2018-02-07",28
"2796","2018-02-08",27.1
"2797","2018-02-09",27.799999
"2798","2018-02-12",27.75
"2799","2018-02-13",27.799999
"2800","2018-02-14",28.35
"2801","2018-02-15",28.549999
"2802","2018-02-16",28.85
"2803","2018-02-20",28.450001
"2804","2018-02-21",28.700001
"2805","2018-02-22",28.299999
"2806","2018-02-23",28.6
"2807","2018-02-26",28.6
"2808","2018-02-27",28.049999
"2809","2018-02-28",27.200001
"2810","2018-03-01",27.35
"2811","2018-03-02",27.85
"2812","2018-03-05",28.15
"2813","2018-03-06",28.35
"2814","2018-03-07",28.700001
"2815","2018-03-08",28.35
"2816","2018-03-09",29.200001
"2817","2018-03-12",29.299999
"2818","2018-03-13",29.200001
"2819","2018-03-14",28.700001
"2820","2018-03-15",28.85
"2821","2018-03-16",29.049999
"2822","2018-03-19",28.950001
"2823","2018-03-20",28.6
"2824","2018-03-21",28.65
"2825","2018-03-22",27.65
"2826","2018-03-23",26.6
"2827","2018-03-26",27.4
"2828","2018-03-27",28.15
"2829","2018-03-28",28.549999
"2830","2018-03-29",29.35
"2831","2018-04-02",28.85
"2832","2018-04-03",29.049999
"2833","2018-04-04",29.299999
"2834","2018-04-05",29.15
"2835","2018-04-06",28.15
"2836","2018-04-09",28.1
"2837","2018-04-10",28.549999
"2838","2018-04-11",28.700001
"2839","2018-04-12",29.1
"2840","2018-04-13",28.799999
"2841","2018-04-16",29.049999
"2842","2018-04-17",28.799999
"2843","2018-04-18",28.75
"2844","2018-04-19",29.15
"2845","2018-04-20",30.799999
"2846","2018-04-23",31.4
"2847","2018-04-24",31.25
"2848","2018-04-25",31.5
"2849","2018-04-26",31.299999
"2850","2018-04-27",31.35
"2851","2018-04-30",30.950001
"2852","2018-05-01",31.1
"2853","2018-05-02",31.15
"2854","2018-05-03",30.549999
"2855","2018-05-04",31.25
"2856","2018-05-07",31.4
"2857","2018-05-08",31.950001
"2858","2018-05-09",32.25
"2859","2018-05-10",32.299999
"2860","2018-05-11",32.25
"2861","2018-05-14",31.799999
"2862","2018-05-15",31.6
"2863","2018-05-16",31.65
"2864","2018-05-17",32.099998
"2865","2018-05-18",31.65
"2866","2018-05-21",32.150002
"2867","2018-05-22",32.299999
"2868","2018-05-23",32.049999
"2869","2018-05-24",31.950001
"2870","2018-05-25",31.799999
"2871","2018-05-29",31.1
"2872","2018-05-30",31.85
"2873","2018-05-31",31.450001
"2874","2018-06-01",32.099998
"2875","2018-06-04",32.700001
"2876","2018-06-05",32.75
"2877","2018-06-06",33.099998
"2878","2018-06-07",33.049999
"2879","2018-06-08",33.549999
"2880","2018-06-11",32.650002
"2881","2018-06-12",32.599998
"2882","2018-06-13",32.599998
"2883","2018-06-14",32.549999
"2884","2018-06-15",32.299999
"2885","2018-06-18",32.450001
"2886","2018-06-19",32.700001
"2887","2018-06-20",32.799999
"2888","2018-06-21",32.5
"2889","2018-06-22",32.400002
"2890","2018-06-25",32.150002
"2891","2018-06-26",32.099998
"2892","2018-06-27",31.450001
"2893","2018-06-28",31.15
"2894","2018-06-29",30.65
"2895","2018-07-02",31.25
"2896","2018-07-03",31.1
"2897","2018-07-05",31.4
"2898","2018-07-06",31.75
"2899","2018-07-09",32.349998
"2900","2018-07-10",31.799999
"2901","2018-07-11",31.799999
"2902","2018-07-12",31.65
"2903","2018-07-13",31.25
"2904","2018-07-16",31.549999
"2905","2018-07-17",31.6
"2906","2018-07-18",31.75
"2907","2018-07-19",32
"2908","2018-07-20",31.299999
"2909","2018-07-23",31.4
"2910","2018-07-24",30.5
"2911","2018-07-25",30.25
"2912","2018-07-26",31.25
"2913","2018-07-27",30.75
"2914","2018-07-30",30.299999
"2915","2018-07-31",30.35
"2916","2018-08-01",31.049999
"2917","2018-08-02",31.049999
"2918","2018-08-03",30.6
"2919","2018-08-06",30.799999
"2920","2018-08-07",30.799999
"2921","2018-08-08",31
"2922","2018-08-09",31.049999
"2923","2018-08-10",31.049999
"2924","2018-08-13",30.9
"2925","2018-08-14",31.450001
"2926","2018-08-15",31.1
"2927","2018-08-16",31.4
"2928","2018-08-17",31.75
"2929","2018-08-20",31.5
"2930","2018-08-21",32.049999
"2931","2018-08-22",31.9
"2932","2018-08-23",31.9
"2933","2018-08-24",31.799999
"2934","2018-08-27",31.530001
"2935","2018-08-28",31.450001
"2936","2018-08-29",31.4
"2937","2018-08-30",31.15
"2938","2018-08-31",31.4
"2939","2018-09-04",31.5
"2940","2018-09-05",31.5
"2941","2018-09-06",31.299999
"2942","2018-09-07",31.25
"2943","2018-09-10",30.9
"2944","2018-09-11",30.9
"2945","2018-09-12",30.030001
"2946","2018-09-13",29.950001
"2947","2018-09-14",30.450001
"2948","2018-09-17",29.950001
"2949","2018-09-18",29.75
"2950","2018-09-19",29.950001
"2951","2018-09-20",30.549999
"2952","2018-09-21",30.4
"2953","2018-09-24",29.75
"2954","2018-09-25",29.75
"2955","2018-09-26",29.450001
"2956","2018-09-27",29.4
"2957","2018-09-28",29.700001
"2958","2018-10-01",29.09
"2959","2018-10-02",28.969999
"2960","2018-10-03",29.49
"2961","2018-10-04",29.58
"2962","2018-10-05",29.32
"2963","2018-10-08",29.49
"2964","2018-10-09",29.540001
"2965","2018-10-10",29.209999
"2966","2018-10-11",28.1
"2967","2018-10-12",27.33
"2968","2018-10-15",27.59
"2969","2018-10-16",27.67
"2970","2018-10-17",28.16
"2971","2018-10-18",27.42
"2972","2018-10-19",24.9
"2973","2018-10-22",24.74
"2974","2018-10-23",24.66
"2975","2018-10-24",24.15
"2976","2018-10-25",25.129999
"2977","2018-10-26",25.309999
"2978","2018-10-29",25.709999
"2979","2018-10-30",25.91
"2980","2018-10-31",26.17
"2981","2018-11-01",26.450001
"2982","2018-11-02",26.610001
"2983","2018-11-05",26.74
"2984","2018-11-06",26.99
"2985","2018-11-07",26.91
"2986","2018-11-08",26.98
"2987","2018-11-09",26.66
"2988","2018-11-12",26.700001
"2989","2018-11-13",26.66
"2990","2018-11-14",26.450001
"2991","2018-11-15",27.110001
"2992","2018-11-16",27.389999
"2993","2018-11-19",27.26
"2994","2018-11-20",26.940001
"2995","2018-11-21",27.01
"2996","2018-11-23",27.09
"2997","2018-11-26",27.58
"2998","2018-11-27",27.23
"2999","2018-11-28",28.040001
"3000","2018-11-29",27.5
"3001","2018-11-30",27.92
"3002","2018-12-03",27.66
"3003","2018-12-04",25.709999
"3004","2018-12-06",25.91
"3005","2018-12-07",26.200001
"3006","2018-12-10",25.620001
"3007","2018-12-11",25.700001
"3008","2018-12-12",26.23
"3009","2018-12-13",25.67
"3010","2018-12-14",25
"3011","2018-12-17",24.889999
"3012","2018-12-18",24.08
"3013","2018-12-19",22.77
"3014","2018-12-20",22.790001
"3015","2018-12-21",22.73
"3016","2018-12-24",22.4
"3017","2018-12-26",23.389999
"3018","2018-12-27",23.17
"3019","2018-12-28",23.42
"3020","2018-12-31",23.719999
"3021","2019-01-02",24.16
"3022","2019-01-03",23.790001
"3023","2019-01-04",24.33
"3024","2019-01-07",24.24
"3025","2019-01-08",24.440001
"3026","2019-01-09",24.59
"3027","2019-01-10",24.35
"3028","2019-01-11",24.42
"3029","2019-01-14",24.42
"3030","2019-01-15",25.23
"3031","2019-01-16",25.870001
"3032","2019-01-17",26.01
"3033","2019-01-18",26.33
"3034","2019-01-22",25.940001
"3035","2019-01-23",25.92
"3036","2019-01-24",25.99
"3037","2019-01-25",26.799999
"3038","2019-01-28",26.690001
"3039","2019-01-29",26.41
"3040","2019-01-30",26.190001
"3041","2019-01-31",26.33
"3042","2019-02-01",26.6
"3043","2019-02-04",26.99
"3044","2019-02-05",26.790001
"3045","2019-02-06",26.9
"3046","2019-02-07",27.129999
"3047","2019-02-08",26.6
"3048","2019-02-11",27.129999
"3049","2019-02-12",27.34
"3050","2019-02-13",27.450001
"3051","2019-02-14",27.219999
"3052","2019-02-15",27.98
"3053","2019-02-19",28.16
"3054","2019-02-20",28.559999
"3055","2019-02-21",28.209999
"3056","2019-02-22",28.1
"3057","2019-02-25",27.77
"3058","2019-02-26",27.6
"3059","2019-02-27",27.889999
"3060","2019-02-28",27.73
"3061","2019-03-01",27.629999
"3062","2019-03-04",27.290001
"3063","2019-03-05",27.08
"3064","2019-03-06",26.030001
"3065","2019-03-07",25.389999
"3066","2019-03-08",25.41
"3067","2019-03-11",25.709999
"3068","2019-03-12",25.66
"3069","2019-03-13",25.809999
"3070","2019-03-14",25.709999
"3071","2019-03-15",25.719999
"3072","2019-03-18",25.950001
"3073","2019-03-19",25.09
"3074","2019-03-20",24.139999
"3075","2019-03-21",24.209999
"3076","2019-03-22",23.02
"3077","2019-03-25",23.15
"3078","2019-03-26",23.4
"3079","2019-03-27",23.530001
"3080","2019-03-28",24.08
"3081","2019-03-29",24.059999
"3082","2019-04-01",24.66
"3083","2019-04-02",24.52
"3084","2019-04-03",24.59
"3085","2019-04-04",24.799999
"3086","2019-04-05",24.889999
"3087","2019-04-08",25.08
"3088","2019-04-09",24.639999
"3089","2019-04-10",24.24
"3090","2019-04-11",24.440001
"3091","2019-04-12",24.9
"3092","2019-04-15",24.440001
"3093","2019-04-16",24.790001
"3094","2019-04-17",24.969999
"3095","2019-04-18",24.75
"3096","2019-04-22",24.469999
"3097","2019-04-23",24.92
"3098","2019-04-24",25.17
"3099","2019-04-25",24.959999
"3100","2019-04-26",24.860001
"3101","2019-04-29",25.18
"3102","2019-04-30",25.1
"3103","2019-05-01",24.76
"3104","2019-05-02",25.16
"3105","2019-05-03",25.780001
"3106","2019-05-06",25.799999
"3107","2019-05-07",25.219999
"3108","2019-05-08",24.92
"3109","2019-05-09",24.84
"3110","2019-05-10",24.83
"3111","2019-05-13",23.860001
"3112","2019-05-14",24.360001
"3113","2019-05-15",24.15
"3114","2019-05-16",24.33
"3115","2019-05-17",24.1
"3116","2019-05-20",24.049999
"3117","2019-05-21",24.26
"3118","2019-05-22",23.860001
"3119","2019-05-23",23.209999
"3120","2019-05-24",23.5
"3121","2019-05-28",23.120001
"3122","2019-05-29",23.290001
"3123","2019-05-30",22.74
"3124","2019-05-31",22.32
"3125","2019-06-03",22.610001
"3126","2019-06-04",23.379999
"3127","2019-06-05",23.110001
"3128","2019-06-06",22.93
"3129","2019-06-07",22.559999
"3130","2019-06-10",22.91
"3131","2019-06-11",22.65
"3132","2019-06-12",22.540001
"3133","2019-06-13",22.73
"3134","2019-06-14",22.58
"3135","2019-06-17",22.16
"3136","2019-06-18",22.790001
"3137","2019-06-19",22.639999
"3138","2019-06-20",23.690001
"3139","2019-06-21",23.629999
"3140","2019-06-24",23.34
"3141","2019-06-25",23.389999
"3142","2019-06-26",23.34
"3143","2019-06-27",23.85
"3144","2019-06-28",24.219999
"3145","2019-07-01",24.299999
"3146","2019-07-02",24.02
"3147","2019-07-03",24.370001
"3148","2019-07-05",24.59
"3149","2019-07-08",24.09
"3150","2019-07-09",24.200001
"3151","2019-07-10",23.860001
"3152","2019-07-11",24.08
"3153","2019-07-12",24.35
"3154","2019-07-15",23.58
"3155","2019-07-16",23.73
"3156","2019-07-17",23.4
"3157","2019-07-18",23.889999
"3158","2019-07-19",24.17
"3159","2019-07-22",24.08
"3160","2019-07-23",24.52
"3161","2019-07-24",25.16
"3162","2019-07-25",24.959999
"3163","2019-07-26",25.41
"3164","2019-07-29",25.26
"3165","2019-07-30",25.49
"3166","2019-07-31",25.49
"3167","2019-08-01",24.459999
"3168","2019-08-02",24.049999
"3169","2019-08-05",23.309999
"3170","2019-08-06",23.58
"3171","2019-08-07",23.66
"3172","2019-08-08",24.049999
"3173","2019-08-09",23.959999
"3174","2019-08-12",23.74
"3175","2019-08-13",23.959999
"3176","2019-08-14",23.35
"3177","2019-08-15",23.25
"3178","2019-08-16",23.959999
"3179","2019-08-19",24.01
"3180","2019-08-20",23.68
"3181","2019-08-21",23.809999
"3182","2019-08-22",23.92
"3183","2019-08-23",22.93
"3184","2019-08-26",23.01
"3185","2019-08-27",22.370001
"3186","2019-08-28",22.879999
"3187","2019-08-29",23.200001
"3188","2019-08-30",23.42
"3189","2019-09-03",22.74
"3190","2019-09-04",22.83
"3191","2019-09-05",23.4
"3192","2019-09-06",23.290001
"3193","2019-09-09",23.879999
"3194","2019-09-10",24.4
"3195","2019-09-11",25.07
"3196","2019-09-12",25.280001
"3197","2019-09-13",25.299999
"3198","2019-09-16",25.27
"3199","2019-09-17",24.91
"3200","2019-09-18",24.790001
"3201","2019-09-19",24.6
"3202","2019-09-20",24.709999
"3203","2019-09-23",24.65
"3204","2019-09-24",24.360001
"3205","2019-09-25",24.969999
"3206","2019-09-26",24.620001
"3207","2019-09-27",24.809999
"3208","2019-09-30",24.48
"3209","2019-10-01",24.1
"3210","2019-10-02",24.030001
"3211","2019-10-03",24.450001
"3212","2019-10-04",24.360001
"3213","2019-10-07",24.27
"3214","2019-10-08",23.51
"3215","2019-10-09",23.4
"3216","2019-10-10",23.5
"3217","2019-10-11",23.950001
"3218","2019-10-14",23.98
"3219","2019-10-15",24.27
"3220","2019-10-16",23.969999
"3221","2019-10-17",24.360001
"3222","2019-10-18",23.24
"3223","2019-10-21",23.51
"3224","2019-10-22",23.92
"3225","2019-10-23",23.82
"3226","2019-10-24",23.389999
"3227","2019-10-25",23.620001
"3228","2019-10-28",23.870001
"3229","2019-10-29",24.16
"3230","2019-10-30",24.02
"3231","2019-10-31",23.440001
"3232","2019-11-01",23.9
"3233","2019-11-04",24.18
"3234","2019-11-05",24.24
"3235","2019-11-06",24.15
"3236","2019-11-07",24.299999
"3237","2019-11-08",24.280001
"3238","2019-11-11",24.08
"3239","2019-11-12",24.23
"3240","2019-11-13",24.17
"3241","2019-11-14",24.08
"3242","2019-11-15",24.040001
"3243","2019-11-18",23.870001
"3244","2019-11-19",24.049999
"3245","2019-11-20",24.040001
"3246","2019-11-21",23.91
"3247","2019-11-22",23.91
"3248","2019-11-25",24.41
"3249","2019-11-26",24.389999
"3250","2019-11-27",24.52
"3251","2019-11-29",24.32
"3252","2019-12-02",24.030001
"3253","2019-12-03",23.77
"3254","2019-12-04",24.129999
"3255","2019-12-05",24.32
"3256","2019-12-06",24.559999
"3257","2019-12-09",24.65
"3258","2019-12-10",24.700001
"3259","2019-12-11",24.690001
"3260","2019-12-12",25.25
"3261","2019-12-13",25.139999
"3262","2019-12-16",25.549999
"3263","2019-12-17",26.040001
"3264","2019-12-18",25.82
"3265","2019-12-19",26.030001
"3266","2019-12-20",25.959999
"3267","2019-12-23",25.620001
"3268","2019-12-24",25.620001
"3269","2019-12-26",25.6
"3270","2019-12-27",25.48
"3271","2019-12-30",25.559999
"3272","2019-12-31",25.440001
"3273","2020-01-02",25.52
"3274","2020-01-03",25.5
"3275","2020-01-06",25.35
"3276","2020-01-07",24.889999
"3277","2020-01-08",25.049999
"3278","2020-01-09",24.969999
"3279","2020-01-10",24.76
"3280","2020-01-13",24.950001
"3281","2020-01-14",24.98
"3282","2020-01-15",24.84
"3283","2020-01-16",25.23
"3284","2020-01-17",25.389999
"3285","2020-01-21",24.84
"3286","2020-01-22",24.73
"3287","2020-01-23",24.85
"3288","2020-01-24",24.77
"3289","2020-01-27",24.85
"3290","2020-01-28",24.9
"3291","2020-01-29",24.620001
"3292","2020-01-30",24.99
"3293","2020-01-31",24.040001
"3294","2020-02-03",24.43
"3295","2020-02-04",24.9
"3296","2020-02-05",25.25
"3297","2020-02-06",25.18
"3298","2020-02-07",24.719999
"3299","2020-02-10",24.610001
"3300","2020-02-11",24.83
"3301","2020-02-12",24.92
"3302","2020-02-13",25.01
"3303","2020-02-14",24.74
"3304","2020-02-18",24.48
"3305","2020-02-19",24.43
"3306","2020-02-20",24.629999
"3307","2020-02-21",24.52
"3308","2020-02-24",23.65
"3309","2020-02-25",22.690001
"3310","2020-02-26",22.459999
"3311","2020-02-27",21.780001
"3312","2020-02-28",20.6
"3313","2020-03-02",21.790001
"3314","2020-03-03",21.08
"3315","2020-03-04",21.02
"3316","2020-03-05",19.74
"3317","2020-03-06",18.469999
"3318","2020-03-09",14.83
"3319","2020-03-10",16.32
"3320","2020-03-11",14.96
"3321","2020-03-12",14.37
"3322","2020-03-13",16.18
"3323","2020-03-16",14
"3324","2020-03-17",15.79
"3325","2020-03-18",13.03
"3326","2020-03-19",14.92
"3327","2020-03-20",13.3
"3328","2020-03-23",12.67
"3329","2020-03-24",13.91
"3330","2020-03-25",13.51
"3331","2020-03-26",14.39
"3332","2020-03-27",14.96
"3333","2020-03-30",15.12
"3334","2020-03-31",14.91
"3335","2020-04-01",13.85
"3336","2020-04-02",14.29
"3337","2020-04-03",13.58
"3338","2020-04-06",13.82
"3339","2020-04-07",14.05
"3340","2020-04-08",14.51
"3341","2020-04-09",15.64
"3342","2020-04-13",14.68
"3343","2020-04-14",14.4
"3344","2020-04-15",13.47
"3345","2020-04-16",13.1
"3346","2020-04-17",13.64
"3347","2020-04-20",13.85
"3348","2020-04-21",13.48
"3349","2020-04-22",13.01
"3350","2020-04-23",13.42
"3351","2020-04-24",13.79
"3352","2020-04-27",14.79
"3353","2020-04-28",15.15
"3354","2020-04-29",16.379999
"3355","2020-04-30",15.38
"3356","2020-05-01",14.85
"3357","2020-05-04",14.52
"3358","2020-05-05",14
"3359","2020-05-06",13.58
"3360","2020-05-07",13.62
"3361","2020-05-08",14.48
"3362","2020-05-11",13.83
"3363","2020-05-12",12.67
"3364","2020-05-13",11.75
"3365","2020-05-14",11.8
"3366","2020-05-15",11.52
"3367","2020-05-18",12.61
"3368","2020-05-19",11.54
"3369","2020-05-20",12.58
"3370","2020-05-21",12.41
"3371","2020-05-22",11.98
"3372","2020-05-26",13.02
"3373","2020-05-27",14.42
"3374","2020-05-28",14.04
"3375","2020-05-29",13.29
"3376","2020-06-01",13.43
"3377","2020-06-02",13.21
"3378","2020-06-03",13.98
"3379","2020-06-04",14.63
"3380","2020-06-05",15.65
"3381","2020-06-08",15.93
"3382","2020-06-09",15.79
"3383","2020-06-10",14.91
"3384","2020-06-11",13.35
"3385","2020-06-12",13.75
"3386","2020-06-15",13.59
"3387","2020-06-16",14.38
"3388","2020-06-17",13.43
"3389","2020-06-18",13.65
"3390","2020-06-19",13.66
"3391","2020-06-22",13.68
"3392","2020-06-23",13.43
"3393","2020-06-24",12.79
"3394","2020-06-25",13.4
"3395","2020-06-26",12.8
"3396","2020-06-29",13.62
"3397","2020-06-30",13.89
"3398","2020-07-01",13
"3399","2020-07-02",13.11
"3400","2020-07-06",13.27
"3401","2020-07-07",12.85
"3402","2020-07-08",12.79
"3403","2020-07-09",12.14
"3404","2020-07-10",12.72
"3405","2020-07-13",13.16
"3406","2020-07-14",12.95
"3407","2020-07-15",13.85
"3408","2020-07-16",13.94
"3409","2020-07-17",13.45
"3410","2020-07-20",13.15
"3411","2020-07-21",14.21
"3412","2020-07-22",13.85
"3413","2020-07-23",14.21
"3414","2020-07-24",14.71
"3415","2020-07-27",13.8
"3416","2020-07-28",13.85
"3417","2020-07-29",14.26
"3418","2020-07-30",14.04
"3419","2020-07-31",13.92
"3420","2020-08-03",13.79
"3421","2020-08-04",13.51
"3422","2020-08-05",13.86
"3423","2020-08-06",13.83
"3424","2020-08-07",14.68
"3425","2020-08-10",14.91
"3426","2020-08-11",15.15
"3427","2020-08-12",15.05
"3428","2020-08-13",14.61
"3429","2020-08-14",14.88
"3430","2020-08-17",14.8
"3431","2020-08-18",14.27
"3432","2020-08-19",14.4
"3433","2020-08-20",14.16
"3434","2020-08-21",14.11
"3435","2020-08-24",14.67
"3436","2020-08-25",14.56
"3437","2020-08-26",14.09
"3438","2020-08-27",14.29
"3439","2020-08-28",14.19
"3440","2020-08-31",13.72
"3441","2020-09-01",13.78
"3442","2020-09-02",13.81
"3443","2020-09-03",13.91
"3444","2020-09-04",14.09
"3445","2020-09-08",13.38
"3446","2020-09-09",13.25
"3447","2020-09-10",13
"3448","2020-09-11",12.96
"3449","2020-09-14",13.12
"3450","2020-09-15",12.9
"3451","2020-09-16",12.98
"3452","2020-09-17",12.84
"3453","2020-09-18",12.78
"3454","2020-09-21",12.12
"3455","2020-09-22",11.81
"3456","2020-09-23",11.4
"3457","2020-09-24",11.56
"3458","2020-09-25",11.7
"3459","2020-09-28",12.08
"3460","2020-09-29",11.85
"3461","2020-09-30",12.01
"3462","2020-10-01",12.07
"3463","2020-10-02",12.34
"3464","2020-10-05",13.11
"3465","2020-10-06",13.23
"3466","2020-10-07",13.6
"3467","2020-10-08",13.84
"3468","2020-10-09",13.69
"3469","2020-10-12",14.06
"3470","2020-10-13",13.5
"3471","2020-10-14",13.21
"3472","2020-10-15",13.65
"3473","2020-10-16",13.54
"3474","2020-10-19",13.41
"3475","2020-10-20",13.72
"3476","2020-10-21",13.85
"3477","2020-10-22",14.54
"3478","2020-10-23",14.5
"3479","2020-10-26",14.76
"3480","2020-10-27",14.27
"3481","2020-10-28",13.78
"3482","2020-10-29",14.06
"3483","2020-10-30",14.3
"3484","2020-11-02",14.61
"3485","2020-11-03",15.09
"3486","2020-11-04",13.86
"3487","2020-11-05",14.29
"3488","2020-11-06",14.01
"3489","2020-11-09",16.6
"3490","2020-11-10",17.059999
"3491","2020-11-11",16.43
"3492","2020-11-12",16.040001
"3493","2020-11-13",16.450001
"3494","2020-11-16",17.370001
"3495","2020-11-17",17.41
"3496","2020-11-18",16.799999
"3497","2020-11-19",16.879999
"3498","2020-11-20",16.77
"3499","2020-11-23",16.860001
"3500","2020-11-24",17.77
"3501","2020-11-25",17.4
"3502","2020-11-27",16.99
