"","date","IESC"
"1","2007-01-03",18.120001
"2","2007-01-04",18.5
"3","2007-01-05",18.389999
"4","2007-01-08",19.42
"5","2007-01-09",19.450001
"6","2007-01-10",19.99
"7","2007-01-11",21.52
"8","2007-01-12",22.24
"9","2007-01-16",23
"10","2007-01-17",22.75
"11","2007-01-18",22.610001
"12","2007-01-19",22.99
"13","2007-01-22",22.49
"14","2007-01-23",22.85
"15","2007-01-24",22.84
"16","2007-01-25",22.440001
"17","2007-01-26",22.16
"18","2007-01-29",22.58
"19","2007-01-30",23.280001
"20","2007-01-31",23.48
"21","2007-02-01",23.540001
"22","2007-02-02",23.74
"23","2007-02-05",24.200001
"24","2007-02-06",24.540001
"25","2007-02-07",24.190001
"26","2007-02-08",23.969999
"27","2007-02-09",23.610001
"28","2007-02-12",24.280001
"29","2007-02-13",24.76
"30","2007-02-14",24.26
"31","2007-02-15",24
"32","2007-02-16",23.549999
"33","2007-02-20",23.99
"34","2007-02-21",24.27
"35","2007-02-22",25.139999
"36","2007-02-23",24.99
"37","2007-02-26",25.030001
"38","2007-02-27",23.49
"39","2007-02-28",23.450001
"40","2007-03-01",23.110001
"41","2007-03-02",23.02
"42","2007-03-05",23.030001
"43","2007-03-06",23.5
"44","2007-03-07",23.469999
"45","2007-03-08",23.93
"46","2007-03-09",24.040001
"47","2007-03-12",23.940001
"48","2007-03-13",23.709999
"49","2007-03-14",23.559999
"50","2007-03-15",24.059999
"51","2007-03-16",24.299999
"52","2007-03-19",24.98
"53","2007-03-20",25.049999
"54","2007-03-21",25.84
"55","2007-03-22",26.709999
"56","2007-03-23",26.84
"57","2007-03-26",26.959999
"58","2007-03-27",25.76
"59","2007-03-28",24.76
"60","2007-03-29",25.059999
"61","2007-03-30",24.73
"62","2007-04-02",25.26
"63","2007-04-03",25.33
"64","2007-04-04",25.040001
"65","2007-04-05",25.41
"66","2007-04-09",25.09
"67","2007-04-10",25.08
"68","2007-04-11",25
"69","2007-04-12",24.6
"70","2007-04-13",24.73
"71","2007-04-16",25.790001
"72","2007-04-17",25.219999
"73","2007-04-18",25.33
"74","2007-04-19",25.43
"75","2007-04-20",26.27
"76","2007-04-23",25.799999
"77","2007-04-24",25.219999
"78","2007-04-25",25.200001
"79","2007-04-26",24.84
"80","2007-04-27",24.76
"81","2007-04-30",23.860001
"82","2007-05-01",24.43
"83","2007-05-02",26.129999
"84","2007-05-03",26.75
"85","2007-05-04",26.66
"86","2007-05-07",26.41
"87","2007-05-08",25.01
"88","2007-05-09",25.98
"89","2007-05-10",24.91
"90","2007-05-11",25.17
"91","2007-05-14",24.860001
"92","2007-05-15",23.84
"93","2007-05-16",24.370001
"94","2007-05-17",23.77
"95","2007-05-18",24.440001
"96","2007-05-21",24.299999
"97","2007-05-22",25.48
"98","2007-05-23",26
"99","2007-05-24",25.98
"100","2007-05-25",26.34
"101","2007-05-29",27.110001
"102","2007-05-30",27.08
"103","2007-05-31",26.48
"104","2007-06-01",27.23
"105","2007-06-04",27.610001
"106","2007-06-05",28.120001
"107","2007-06-06",28.1
"108","2007-06-07",27.75
"109","2007-06-08",28.77
"110","2007-06-11",30.85
"111","2007-06-12",31.299999
"112","2007-06-13",31.780001
"113","2007-06-14",32.240002
"114","2007-06-15",33.029999
"115","2007-06-18",33.349998
"116","2007-06-19",33.919998
"117","2007-06-20",32.43
"118","2007-06-21",31.18
"119","2007-06-22",31.32
"120","2007-06-25",31.85
"121","2007-06-26",32.959999
"122","2007-06-27",34.099998
"123","2007-06-28",34.119999
"124","2007-06-29",32.970001
"125","2007-07-02",33.939999
"126","2007-07-03",33.900002
"127","2007-07-05",34.290001
"128","2007-07-06",35.189999
"129","2007-07-09",36.169998
"130","2007-07-10",34.889999
"131","2007-07-11",34.68
"132","2007-07-12",35.150002
"133","2007-07-13",34.779999
"134","2007-07-16",34
"135","2007-07-17",35.16
"136","2007-07-18",34.93
"137","2007-07-19",34.630001
"138","2007-07-20",32.639999
"139","2007-07-23",32.599998
"140","2007-07-24",32.060001
"141","2007-07-25",30.719999
"142","2007-07-26",28.68
"143","2007-07-27",26.43
"144","2007-07-30",26.879999
"145","2007-07-31",26.639999
"146","2007-08-01",26.17
"147","2007-08-02",26.030001
"148","2007-08-03",23.870001
"149","2007-08-06",23.290001
"150","2007-08-07",24.6
"151","2007-08-08",21.48
"152","2007-08-09",19.540001
"153","2007-08-10",21.98
"154","2007-08-13",22.629999
"155","2007-08-14",23.25
"156","2007-08-15",22.41
"157","2007-08-16",22.280001
"158","2007-08-17",21.059999
"159","2007-08-20",21.27
"160","2007-08-21",22.030001
"161","2007-08-22",23.23
"162","2007-08-23",23.209999
"163","2007-08-24",23.860001
"164","2007-08-27",22.67
"165","2007-08-28",21.629999
"166","2007-08-29",23.450001
"167","2007-08-30",23.24
"168","2007-08-31",23.360001
"169","2007-09-04",23.16
"170","2007-09-05",22.309999
"171","2007-09-06",22.52
"172","2007-09-07",22.58
"173","2007-09-10",22.530001
"174","2007-09-11",23.209999
"175","2007-09-12",23.809999
"176","2007-09-13",24.700001
"177","2007-09-14",24.790001
"178","2007-09-17",25.15
"179","2007-09-18",26.870001
"180","2007-09-19",27.4
"181","2007-09-20",27.4
"182","2007-09-21",27.58
"183","2007-09-24",27.790001
"184","2007-09-25",26.309999
"185","2007-09-26",26.969999
"186","2007-09-27",26.209999
"187","2007-09-28",25.610001
"188","2007-10-01",26.030001
"189","2007-10-02",26.799999
"190","2007-10-03",26.790001
"191","2007-10-04",28.27
"192","2007-10-05",28.959999
"193","2007-10-08",28.620001
"194","2007-10-09",29.799999
"195","2007-10-10",29.190001
"196","2007-10-11",28.120001
"197","2007-10-12",28.190001
"198","2007-10-15",27.469999
"199","2007-10-16",27.610001
"200","2007-10-17",26.65
"201","2007-10-18",26.860001
"202","2007-10-19",25.51
"203","2007-10-22",24.48
"204","2007-10-23",24.530001
"205","2007-10-24",23.77
"206","2007-10-25",23.42
"207","2007-10-26",24.27
"208","2007-10-29",23.219999
"209","2007-10-30",22.52
"210","2007-10-31",23.309999
"211","2007-11-01",22.18
"212","2007-11-02",22.27
"213","2007-11-05",21.9
"214","2007-11-06",21.57
"215","2007-11-07",20.9
"216","2007-11-08",20.83
"217","2007-11-09",20.52
"218","2007-11-12",19.98
"219","2007-11-13",21.16
"220","2007-11-14",21.32
"221","2007-11-15",20.629999
"222","2007-11-16",21.25
"223","2007-11-19",20.540001
"224","2007-11-20",20.49
"225","2007-11-21",20.25
"226","2007-11-23",21.42
"227","2007-11-26",19.82
"228","2007-11-27",19.85
"229","2007-11-28",19.809999
"230","2007-11-29",18.5
"231","2007-11-30",18.77
"232","2007-12-03",17.02
"233","2007-12-04",16.559999
"234","2007-12-05",17.629999
"235","2007-12-06",19.67
"236","2007-12-07",18.91
"237","2007-12-10",19.200001
"238","2007-12-11",17.370001
"239","2007-12-12",16.860001
"240","2007-12-13",17.639999
"241","2007-12-14",17.459999
"242","2007-12-17",17.65
"243","2007-12-18",18.299999
"244","2007-12-19",18.200001
"245","2007-12-20",19.559999
"246","2007-12-21",20.33
"247","2007-12-24",20.530001
"248","2007-12-26",20.27
"249","2007-12-27",20.049999
"250","2007-12-28",19.41
"251","2007-12-31",18.790001
"252","2008-01-02",18.23
"253","2008-01-03",18.51
"254","2008-01-04",17.35
"255","2008-01-07",17.559999
"256","2008-01-08",17.51
"257","2008-01-09",17.360001
"258","2008-01-10",17.73
"259","2008-01-11",17.690001
"260","2008-01-14",17.65
"261","2008-01-15",17.01
"262","2008-01-16",16.75
"263","2008-01-17",14.49
"264","2008-01-18",13.38
"265","2008-01-22",13.65
"266","2008-01-23",14.45
"267","2008-01-24",14.73
"268","2008-01-25",14.39
"269","2008-01-28",14.33
"270","2008-01-29",14.04
"271","2008-01-30",13.4
"272","2008-01-31",13.53
"273","2008-02-01",14.27
"274","2008-02-04",13.59
"275","2008-02-05",13.36
"276","2008-02-06",13.18
"277","2008-02-07",13.22
"278","2008-02-08",13.16
"279","2008-02-11",13.04
"280","2008-02-12",13.16
"281","2008-02-13",14.3
"282","2008-02-14",15
"283","2008-02-15",14.48
"284","2008-02-19",15
"285","2008-02-20",16.08
"286","2008-02-21",16
"287","2008-02-22",15.32
"288","2008-02-25",16.110001
"289","2008-02-26",16.58
"290","2008-02-27",17.27
"291","2008-02-28",17.290001
"292","2008-02-29",17.26
"293","2008-03-03",16.889999
"294","2008-03-04",16.08
"295","2008-03-05",16.6
"296","2008-03-06",15.62
"297","2008-03-07",15.58
"298","2008-03-10",14.83
"299","2008-03-11",16.26
"300","2008-03-12",16.620001
"301","2008-03-13",16.59
"302","2008-03-14",16.33
"303","2008-03-17",15.95
"304","2008-03-18",16.51
"305","2008-03-19",15.86
"306","2008-03-20",15.67
"307","2008-03-24",17.43
"308","2008-03-25",17.24
"309","2008-03-26",17
"310","2008-03-27",16.280001
"311","2008-03-28",15.77
"312","2008-03-31",15.71
"313","2008-04-01",16.370001
"314","2008-04-02",15.37
"315","2008-04-03",15.31
"316","2008-04-04",15.79
"317","2008-04-07",16.459999
"318","2008-04-08",16.1
"319","2008-04-09",15.95
"320","2008-04-10",16.34
"321","2008-04-11",15.91
"322","2008-04-14",15.66
"323","2008-04-15",16.049999
"324","2008-04-16",17.75
"325","2008-04-17",16.610001
"326","2008-04-18",16.969999
"327","2008-04-21",17.219999
"328","2008-04-22",16.09
"329","2008-04-23",16.120001
"330","2008-04-24",16.01
"331","2008-04-25",16.09
"332","2008-04-28",16.809999
"333","2008-04-29",16.52
"334","2008-04-30",16.73
"335","2008-05-01",17.41
"336","2008-05-02",17.85
"337","2008-05-05",16.959999
"338","2008-05-06",16.969999
"339","2008-05-07",16.41
"340","2008-05-08",16.610001
"341","2008-05-09",16.27
"342","2008-05-12",16.690001
"343","2008-05-13",16.469999
"344","2008-05-14",16.639999
"345","2008-05-15",17.15
"346","2008-05-16",16.98
"347","2008-05-19",17.620001
"348","2008-05-20",17.799999
"349","2008-05-21",17.91
"350","2008-05-22",18.879999
"351","2008-05-23",18.469999
"352","2008-05-27",18.51
"353","2008-05-28",18.299999
"354","2008-05-29",18.440001
"355","2008-05-30",18.26
"356","2008-06-02",18.07
"357","2008-06-03",18.16
"358","2008-06-04",18.690001
"359","2008-06-05",19.969999
"360","2008-06-06",19
"361","2008-06-09",18.5
"362","2008-06-10",18.27
"363","2008-06-11",17.610001
"364","2008-06-12",17.67
"365","2008-06-13",18.030001
"366","2008-06-16",17.15
"367","2008-06-17",17.129999
"368","2008-06-18",17.049999
"369","2008-06-19",17.120001
"370","2008-06-20",16.950001
"371","2008-06-23",17.07
"372","2008-06-24",17.620001
"373","2008-06-25",17.66
"374","2008-06-26",17.76
"375","2008-06-27",18.73
"376","2008-06-30",17.200001
"377","2008-07-01",17.33
"378","2008-07-02",16.75
"379","2008-07-03",16.9
"380","2008-07-07",17
"381","2008-07-08",18.360001
"382","2008-07-09",17.67
"383","2008-07-10",18.68
"384","2008-07-11",18.6
"385","2008-07-14",17.799999
"386","2008-07-15",16.82
"387","2008-07-16",18.1
"388","2008-07-17",17.91
"389","2008-07-18",17.700001
"390","2008-07-21",18.35
"391","2008-07-22",18.610001
"392","2008-07-23",18.34
"393","2008-07-24",19.219999
"394","2008-07-25",18.99
"395","2008-07-28",18.76
"396","2008-07-29",19.35
"397","2008-07-30",20.030001
"398","2008-07-31",19.57
"399","2008-08-01",20.08
"400","2008-08-04",19.84
"401","2008-08-05",20.57
"402","2008-08-06",21.01
"403","2008-08-07",20.469999
"404","2008-08-08",20.709999
"405","2008-08-11",19.65
"406","2008-08-12",21.219999
"407","2008-08-13",21.41
"408","2008-08-14",22.059999
"409","2008-08-15",20.780001
"410","2008-08-18",20.950001
"411","2008-08-19",20.450001
"412","2008-08-20",20.43
"413","2008-08-21",20.66
"414","2008-08-22",21.120001
"415","2008-08-25",20.75
"416","2008-08-26",20.709999
"417","2008-08-27",20.709999
"418","2008-08-28",21.68
"419","2008-08-29",21.41
"420","2008-09-02",21.059999
"421","2008-09-03",21.16
"422","2008-09-04",20.92
"423","2008-09-05",19.469999
"424","2008-09-08",18.91
"425","2008-09-09",17.91
"426","2008-09-10",18.280001
"427","2008-09-11",18.540001
"428","2008-09-12",18.290001
"429","2008-09-15",17.799999
"430","2008-09-16",18.18
"431","2008-09-17",15.99
"432","2008-09-18",17.709999
"433","2008-09-19",19.4
"434","2008-09-22",19.4
"435","2008-09-23",18.469999
"436","2008-09-24",18.889999
"437","2008-09-25",19.120001
"438","2008-09-26",17.99
"439","2008-09-29",14.95
"440","2008-09-30",17.559999
"441","2008-10-01",16.74
"442","2008-10-02",14.05
"443","2008-10-03",14.12
"444","2008-10-06",12.87
"445","2008-10-07",12.62
"446","2008-10-08",11.6
"447","2008-10-09",10.04
"448","2008-10-10",10.12
"449","2008-10-13",12.87
"450","2008-10-14",13.74
"451","2008-10-15",11.82
"452","2008-10-16",13.99
"453","2008-10-17",13.77
"454","2008-10-20",14.28
"455","2008-10-21",14.84
"456","2008-10-22",11.95
"457","2008-10-23",12.36
"458","2008-10-24",10.8
"459","2008-10-27",9.38
"460","2008-10-28",10.08
"461","2008-10-29",10.22
"462","2008-10-30",11.07
"463","2008-10-31",12.23
"464","2008-11-03",12.31
"465","2008-11-04",12.84
"466","2008-11-05",11.64
"467","2008-11-06",11.65
"468","2008-11-07",11.65
"469","2008-11-10",10.85
"470","2008-11-11",9
"471","2008-11-12",7.76
"472","2008-11-13",8.62
"473","2008-11-14",7.06
"474","2008-11-17",6.9
"475","2008-11-18",6.62
"476","2008-11-19",6.35
"477","2008-11-20",5.28
"478","2008-11-21",5.27
"479","2008-11-24",6.32
"480","2008-11-25",6.22
"481","2008-11-26",6.53
"482","2008-11-28",6.18
"483","2008-12-01",5.78
"484","2008-12-02",6.2
"485","2008-12-03",6.5
"486","2008-12-04",6.22
"487","2008-12-05",7.29
"488","2008-12-08",10.2
"489","2008-12-09",8.31
"490","2008-12-10",8.44
"491","2008-12-11",7.03
"492","2008-12-12",7.09
"493","2008-12-15",7
"494","2008-12-16",8.52
"495","2008-12-17",8.88
"496","2008-12-18",9.83
"497","2008-12-19",9.43
"498","2008-12-22",8.47
"499","2008-12-23",8.74
"500","2008-12-24",8.95
"501","2008-12-26",10.08
"502","2008-12-29",8.87
"503","2008-12-30",8.6
"504","2008-12-31",8.76
"505","2009-01-02",11.68
"506","2009-01-05",11.95
"507","2009-01-06",13.39
"508","2009-01-07",12.08
"509","2009-01-08",11.46
"510","2009-01-09",10.95
"511","2009-01-12",10.27
"512","2009-01-13",9.56
"513","2009-01-14",8.25
"514","2009-01-15",8.52
"515","2009-01-16",8.98
"516","2009-01-20",7.91
"517","2009-01-21",9.45
"518","2009-01-22",8.26
"519","2009-01-23",8.2
"520","2009-01-26",8.79
"521","2009-01-27",8.97
"522","2009-01-28",9.56
"523","2009-01-29",8.91
"524","2009-01-30",8.27
"525","2009-02-02",10.5
"526","2009-02-03",10.55
"527","2009-02-04",10.05
"528","2009-02-05",11.03
"529","2009-02-06",10.81
"530","2009-02-09",10.4
"531","2009-02-10",8.03
"532","2009-02-11",8
"533","2009-02-12",8.33
"534","2009-02-13",8.5
"535","2009-02-17",7.98
"536","2009-02-18",8
"537","2009-02-19",7.97
"538","2009-02-20",7.91
"539","2009-02-23",7.8
"540","2009-02-24",8.35
"541","2009-02-25",7.91
"542","2009-02-26",7.85
"543","2009-02-27",7.69
"544","2009-03-02",7.62
"545","2009-03-03",7.69
"546","2009-03-04",7.93
"547","2009-03-05",7.75
"548","2009-03-06",7.9
"549","2009-03-09",7.74
"550","2009-03-10",8.44
"551","2009-03-11",7.86
"552","2009-03-12",8.3
"553","2009-03-13",8.51
"554","2009-03-16",8.17
"555","2009-03-17",8.53
"556","2009-03-18",8.01
"557","2009-03-19",7.99
"558","2009-03-20",7.83
"559","2009-03-23",8.5
"560","2009-03-24",7.76
"561","2009-03-25",8.76
"562","2009-03-26",9.49
"563","2009-03-27",8.91
"564","2009-03-30",9.25
"565","2009-03-31",9.12
"566","2009-04-01",9.3
"567","2009-04-02",10.5
"568","2009-04-03",10.42
"569","2009-04-06",10.33
"570","2009-04-07",10.1
"571","2009-04-08",10.38
"572","2009-04-09",10.58
"573","2009-04-13",10.47
"574","2009-04-14",9.49
"575","2009-04-15",8.99
"576","2009-04-16",9.49
"577","2009-04-17",9.31
"578","2009-04-20",8.9
"579","2009-04-21",9.25
"580","2009-04-22",9.48
"581","2009-04-23",8.63
"582","2009-04-24",9.15
"583","2009-04-27",9.29
"584","2009-04-28",9.39
"585","2009-04-29",9.73
"586","2009-04-30",9.61
"587","2009-05-01",9.2
"588","2009-05-04",10.29
"589","2009-05-05",10.18
"590","2009-05-06",10.16
"591","2009-05-07",9.3
"592","2009-05-08",10.67
"593","2009-05-11",10.56
"594","2009-05-12",10.35
"595","2009-05-13",9.69
"596","2009-05-14",9.79
"597","2009-05-15",9.14
"598","2009-05-18",10.11
"599","2009-05-19",9.7
"600","2009-05-20",9.78
"601","2009-05-21",9.22
"602","2009-05-22",8.76
"603","2009-05-26",9.4
"604","2009-05-27",9.76
"605","2009-05-28",9.41
"606","2009-05-29",9.86
"607","2009-06-01",10.08
"608","2009-06-02",10.06
"609","2009-06-03",9.41
"610","2009-06-04",10.18
"611","2009-06-05",10.11
"612","2009-06-08",9.93
"613","2009-06-09",9.9
"614","2009-06-10",9.53
"615","2009-06-11",9.72
"616","2009-06-12",10.15
"617","2009-06-15",8.39
"618","2009-06-16",8.35
"619","2009-06-17",8.29
"620","2009-06-18",8.44
"621","2009-06-19",8.1
"622","2009-06-22",7.64
"623","2009-06-23",7.59
"624","2009-06-24",6.93
"625","2009-06-25",7.01
"626","2009-06-26",6.17
"627","2009-06-29",7.02
"628","2009-06-30",7.81
"629","2009-07-01",7.64
"630","2009-07-02",6.94
"631","2009-07-06",6.85
"632","2009-07-07",6.54
"633","2009-07-08",6.81
"634","2009-07-09",6.44
"635","2009-07-10",6.8
"636","2009-07-13",7.18
"637","2009-07-14",7.26
"638","2009-07-15",7.74
"639","2009-07-16",8.02
"640","2009-07-17",7.74
"641","2009-07-20",8.77
"642","2009-07-21",8.59
"643","2009-07-22",8.51
"644","2009-07-23",9.22
"645","2009-07-24",9.26
"646","2009-07-27",9.01
"647","2009-07-28",9.97
"648","2009-07-29",9.9
"649","2009-07-30",9.95
"650","2009-07-31",9.15
"651","2009-08-03",9.28
"652","2009-08-04",8.7
"653","2009-08-05",8.2
"654","2009-08-06",8.38
"655","2009-08-07",8.75
"656","2009-08-10",8.51
"657","2009-08-11",8.35
"658","2009-08-12",9.18
"659","2009-08-13",9.08
"660","2009-08-14",8.56
"661","2009-08-17",8.8
"662","2009-08-18",8.76
"663","2009-08-19",8.65
"664","2009-08-20",8.7
"665","2009-08-21",9.27
"666","2009-08-24",9.16
"667","2009-08-25",8.97
"668","2009-08-26",9
"669","2009-08-27",8.75
"670","2009-08-28",8.97
"671","2009-08-31",8.34
"672","2009-09-01",8.05
"673","2009-09-02",8.11
"674","2009-09-03",8.31
"675","2009-09-04",8.13
"676","2009-09-08",8
"677","2009-09-09",8
"678","2009-09-10",7.96
"679","2009-09-11",7.96
"680","2009-09-14",7.83
"681","2009-09-15",8
"682","2009-09-16",8.25
"683","2009-09-17",8.33
"684","2009-09-18",8.3
"685","2009-09-21",8.35
"686","2009-09-22",8.17
"687","2009-09-23",8.27
"688","2009-09-24",7.97
"689","2009-09-25",8.18
"690","2009-09-28",8.23
"691","2009-09-29",8.28
"692","2009-09-30",8.05
"693","2009-10-01",7.66
"694","2009-10-02",7.42
"695","2009-10-05",7.54
"696","2009-10-06",7.59
"697","2009-10-07",7.51
"698","2009-10-08",7.35
"699","2009-10-09",7.37
"700","2009-10-12",7.23
"701","2009-10-13",6.92
"702","2009-10-14",7.17
"703","2009-10-15",7.07
"704","2009-10-16",6.98
"705","2009-10-19",6.98
"706","2009-10-20",6.69
"707","2009-10-21",6.71
"708","2009-10-22",6.56
"709","2009-10-23",6.23
"710","2009-10-26",6.51
"711","2009-10-27",6.7
"712","2009-10-28",6.6
"713","2009-10-29",6.75
"714","2009-10-30",6.58
"715","2009-11-02",6.4
"716","2009-11-03",6.61
"717","2009-11-04",6.52
"718","2009-11-05",7
"719","2009-11-06",7.34
"720","2009-11-09",7.14
"721","2009-11-10",7
"722","2009-11-11",7.12
"723","2009-11-12",6.83
"724","2009-11-13",7
"725","2009-11-16",7.17
"726","2009-11-17",7.01
"727","2009-11-18",7.01
"728","2009-11-19",6.85
"729","2009-11-20",6.89
"730","2009-11-23",7.07
"731","2009-11-24",7.02
"732","2009-11-25",7
"733","2009-11-27",6.84
"734","2009-11-30",6.81
"735","2009-12-01",7.12
"736","2009-12-02",6.92
"737","2009-12-03",6.38
"738","2009-12-04",6.86
"739","2009-12-07",6.79
"740","2009-12-08",6.52
"741","2009-12-09",6.4
"742","2009-12-10",6.57
"743","2009-12-11",6.6
"744","2009-12-14",6.62
"745","2009-12-15",6.3
"746","2009-12-16",6.09
"747","2009-12-17",5.93
"748","2009-12-18",5.93
"749","2009-12-21",6.29
"750","2009-12-22",6.01
"751","2009-12-23",5.94
"752","2009-12-24",6
"753","2009-12-28",5.89
"754","2009-12-29",5.9
"755","2009-12-30",5.85
"756","2009-12-31",5.85
"757","2010-01-04",5.93
"758","2010-01-05",5.69
"759","2010-01-06",5.65
"760","2010-01-07",5.69
"761","2010-01-08",5.56
"762","2010-01-11",5.51
"763","2010-01-12",5.54
"764","2010-01-13",5.65
"765","2010-01-14",5.35
"766","2010-01-15",5.25
"767","2010-01-19",5.64
"768","2010-01-20",5.46
"769","2010-01-21",5.25
"770","2010-01-22",5.37
"771","2010-01-25",5.36
"772","2010-01-26",5.25
"773","2010-01-27",5.3
"774","2010-01-28",5.1
"775","2010-01-29",5.14
"776","2010-02-01",5.2
"777","2010-02-02",5.28
"778","2010-02-03",5.14
"779","2010-02-04",5.03
"780","2010-02-05",4.98
"781","2010-02-08",4.76
"782","2010-02-09",4.86
"783","2010-02-10",4.86
"784","2010-02-11",4.82
"785","2010-02-12",4.93
"786","2010-02-16",5.01
"787","2010-02-17",5.02
"788","2010-02-18",5
"789","2010-02-19",5.1
"790","2010-02-22",5.09
"791","2010-02-23",5.12
"792","2010-02-24",5.01
"793","2010-02-25",4.9
"794","2010-02-26",4.74
"795","2010-03-01",4.65
"796","2010-03-02",4.75
"797","2010-03-03",4.86
"798","2010-03-04",4.88
"799","2010-03-05",5.07
"800","2010-03-08",5.11
"801","2010-03-09",5.09
"802","2010-03-10",5.2
"803","2010-03-11",5.24
"804","2010-03-12",5.18
"805","2010-03-15",5.36
"806","2010-03-16",5.45
"807","2010-03-17",5.68
"808","2010-03-18",5.71
"809","2010-03-19",5.75
"810","2010-03-22",5.75
"811","2010-03-23",5.82
"812","2010-03-24",5.69
"813","2010-03-25",5.7
"814","2010-03-26",5.7
"815","2010-03-29",5.82
"816","2010-03-30",5.72
"817","2010-03-31",5.65
"818","2010-04-01",5.25
"819","2010-04-05",5.36
"820","2010-04-06",5.32
"821","2010-04-07",5.39
"822","2010-04-08",5.47
"823","2010-04-09",5.5
"824","2010-04-12",5.44
"825","2010-04-13",5.43
"826","2010-04-14",5.58
"827","2010-04-15",5.57
"828","2010-04-16",5.51
"829","2010-04-19",5.2
"830","2010-04-20",5.61
"831","2010-04-21",5.79
"832","2010-04-22",6.05
"833","2010-04-23",6.36
"834","2010-04-26",6.32
"835","2010-04-27",5.97
"836","2010-04-28",6.11
"837","2010-04-29",6.38
"838","2010-04-30",6.23
"839","2010-05-03",6.39
"840","2010-05-04",6.2
"841","2010-05-05",6.22
"842","2010-05-06",5.81
"843","2010-05-07",5.55
"844","2010-05-10",6.14
"845","2010-05-11",6.01
"846","2010-05-12",6.02
"847","2010-05-13",5.95
"848","2010-05-14",5.49
"849","2010-05-17",5.59
"850","2010-05-18",5.51
"851","2010-05-19",5.25
"852","2010-05-20",4.92
"853","2010-05-21",5.4
"854","2010-05-24",5.25
"855","2010-05-25",4.81
"856","2010-05-26",4.47
"857","2010-05-27",5.1
"858","2010-05-28",4.98
"859","2010-06-01",4.9
"860","2010-06-02",4.89
"861","2010-06-03",4.87
"862","2010-06-04",4.41
"863","2010-06-07",4.34
"864","2010-06-08",4.36
"865","2010-06-09",4.44
"866","2010-06-10",4.83
"867","2010-06-11",4.85
"868","2010-06-14",5.02
"869","2010-06-15",5.03
"870","2010-06-16",5.06
"871","2010-06-17",4.9
"872","2010-06-18",4.9
"873","2010-06-21",4.65
"874","2010-06-22",4.51
"875","2010-06-23",4.39
"876","2010-06-24",4.08
"877","2010-06-25",4.08
"878","2010-06-28",3.87
"879","2010-06-29",3.43
"880","2010-06-30",3.49
"881","2010-07-01",3.46
"882","2010-07-02",3.48
"883","2010-07-06",3.46
"884","2010-07-07",3.31
"885","2010-07-08",3.29
"886","2010-07-09",3.27
"887","2010-07-12",3.47
"888","2010-07-13",3.59
"889","2010-07-14",3.5
"890","2010-07-15",3.5
"891","2010-07-16",3.53
"892","2010-07-19",3.5
"893","2010-07-20",3.53
"894","2010-07-21",3.54
"895","2010-07-22",3.59
"896","2010-07-23",3.77
"897","2010-07-26",3.81
"898","2010-07-27",3.55
"899","2010-07-28",3.55
"900","2010-07-29",3.78
"901","2010-07-30",3.65
"902","2010-08-02",3.73
"903","2010-08-03",3.65
"904","2010-08-04",3.7
"905","2010-08-05",3.7
"906","2010-08-06",3.73
"907","2010-08-09",3.75
"908","2010-08-10",3.45
"909","2010-08-11",3.31
"910","2010-08-12",3.4
"911","2010-08-13",3.18
"912","2010-08-16",3.84
"913","2010-08-17",3.35
"914","2010-08-18",3.39
"915","2010-08-19",3.29
"916","2010-08-20",3.45
"917","2010-08-23",3.3
"918","2010-08-24",3.27
"919","2010-08-25",3.1
"920","2010-08-26",3.13
"921","2010-08-27",3.17
"922","2010-08-30",3.33
"923","2010-08-31",3.5
"924","2010-09-01",3.65
"925","2010-09-02",3.7
"926","2010-09-03",3.6
"927","2010-09-07",3.23
"928","2010-09-08",3.32
"929","2010-09-09",3.3
"930","2010-09-10",3.39
"931","2010-09-13",3.34
"932","2010-09-14",3.35
"933","2010-09-15",3.73
"934","2010-09-16",3.7
"935","2010-09-17",3.56
"936","2010-09-20",3.69
"937","2010-09-21",3.57
"938","2010-09-22",3.45
"939","2010-09-23",3.4
"940","2010-09-24",3.42
"941","2010-09-27",3.51
"942","2010-09-28",3.51
"943","2010-09-29",3.78
"944","2010-09-30",3.76
"945","2010-10-01",3.45
"946","2010-10-04",3.33
"947","2010-10-05",3.3
"948","2010-10-06",3.34
"949","2010-10-07",3.33
"950","2010-10-08",3.53
"951","2010-10-11",3.48
"952","2010-10-12",3.46
"953","2010-10-13",3.54
"954","2010-10-14",3.47
"955","2010-10-15",3.39
"956","2010-10-18",3.45
"957","2010-10-19",3.44
"958","2010-10-20",3.56
"959","2010-10-21",3.57
"960","2010-10-22",3.51
"961","2010-10-25",3.53
"962","2010-10-26",3.8
"963","2010-10-27",3.71
"964","2010-10-28",3.63
"965","2010-10-29",3.61
"966","2010-11-01",3.59
"967","2010-11-02",3.46
"968","2010-11-03",3.47
"969","2010-11-04",3.78
"970","2010-11-05",3.71
"971","2010-11-08",3.45
"972","2010-11-09",3.44
"973","2010-11-10",3.43
"974","2010-11-11",3.49
"975","2010-11-12",3.52
"976","2010-11-15",3.61
"977","2010-11-16",3.64
"978","2010-11-17",3.7
"979","2010-11-18",3.68
"980","2010-11-19",3.64
"981","2010-11-22",3.53
"982","2010-11-23",3.43
"983","2010-11-24",3.4
"984","2010-11-26",3.39
"985","2010-11-29",3.31
"986","2010-11-30",3.15
"987","2010-12-01",3.17
"988","2010-12-02",3.15
"989","2010-12-03",3.22
"990","2010-12-06",3.33
"991","2010-12-07",3.24
"992","2010-12-08",3.22
"993","2010-12-09",3.24
"994","2010-12-10",3.24
"995","2010-12-13",3.28
"996","2010-12-14",3.29
"997","2010-12-15",3.4
"998","2010-12-16",3.49
"999","2010-12-17",3.43
"1000","2010-12-20",3.59
"1001","2010-12-21",3.57
"1002","2010-12-22",3.51
"1003","2010-12-23",3.57
"1004","2010-12-27",3.61
"1005","2010-12-28",3.53
"1006","2010-12-29",3.54
"1007","2010-12-30",3.44
"1008","2010-12-31",3.52
"1009","2011-01-03",3.55
"1010","2011-01-04",3.63
"1011","2011-01-05",3.61
"1012","2011-01-06",3.61
"1013","2011-01-07",3.6
"1014","2011-01-10",3.63
"1015","2011-01-11",3.63
"1016","2011-01-12",3.62
"1017","2011-01-13",3.62
"1018","2011-01-14",3.64
"1019","2011-01-18",3.89
"1020","2011-01-19",3.74
"1021","2011-01-20",3.81
"1022","2011-01-21",3.83
"1023","2011-01-24",3.83
"1024","2011-01-25",3.86
"1025","2011-01-26",3.97
"1026","2011-01-27",3.75
"1027","2011-01-28",3.84
"1028","2011-01-31",3.77
"1029","2011-02-01",3.8
"1030","2011-02-02",4.06
"1031","2011-02-03",3.94
"1032","2011-02-04",4.05
"1033","2011-02-07",4.05
"1034","2011-02-08",4.04
"1035","2011-02-09",4.36
"1036","2011-02-10",4.35
"1037","2011-02-11",4.38
"1038","2011-02-14",4.19
"1039","2011-02-15",4.11
"1040","2011-02-16",3.89
"1041","2011-02-17",3.83
"1042","2011-02-18",4.02
"1043","2011-02-22",3.85
"1044","2011-02-23",3.61
"1045","2011-02-24",3.67
"1046","2011-02-25",3.76
"1047","2011-02-28",3.83
"1048","2011-03-01",3.7
"1049","2011-03-02",4.02
"1050","2011-03-03",4.23
"1051","2011-03-04",4.16
"1052","2011-03-07",4.14
"1053","2011-03-08",4.08
"1054","2011-03-09",3.95
"1055","2011-03-10",4.1
"1056","2011-03-11",4.1
"1057","2011-03-14",4.12
"1058","2011-03-15",3.95
"1059","2011-03-16",3.95
"1060","2011-03-17",3.78
"1061","2011-03-18",3.71
"1062","2011-03-21",3.71
"1063","2011-03-22",3.56
"1064","2011-03-23",3.57
"1065","2011-03-24",3.57
"1066","2011-03-25",3.54
"1067","2011-03-28",3.46
"1068","2011-03-29",3.44
"1069","2011-03-30",3.5
"1070","2011-03-31",3.41
"1071","2011-04-01",3.49
"1072","2011-04-04",3.41
"1073","2011-04-05",3.31
"1074","2011-04-06",3.41
"1075","2011-04-07",3.22
"1076","2011-04-08",3.33
"1077","2011-04-11",3.35
"1078","2011-04-12",3.35
"1079","2011-04-13",3.35
"1080","2011-04-14",3.4
"1081","2011-04-15",3.4
"1082","2011-04-18",3.45
"1083","2011-04-19",3.45
"1084","2011-04-20",3.48
"1085","2011-04-21",3.48
"1086","2011-04-25",3.48
"1087","2011-04-26",3.5
"1088","2011-04-27",3.49
"1089","2011-04-28",3.32
"1090","2011-04-29",3.35
"1091","2011-05-02",3.3
"1092","2011-05-03",3.47
"1093","2011-05-04",3.41
"1094","2011-05-05",3.22
"1095","2011-05-06",3.3
"1096","2011-05-09",3.31
"1097","2011-05-10",3.3
"1098","2011-05-11",3.3
"1099","2011-05-12",3.4
"1100","2011-05-13",3.28
"1101","2011-05-16",3.42
"1102","2011-05-17",3.3
"1103","2011-05-18",3.11
"1104","2011-05-19",3.24
"1105","2011-05-20",3.23
"1106","2011-05-23",3.22
"1107","2011-05-24",3.27
"1108","2011-05-25",3.27
"1109","2011-05-26",3.15
"1110","2011-05-27",3.23
"1111","2011-05-31",3.24
"1112","2011-06-01",3.21
"1113","2011-06-02",3.25
"1114","2011-06-03",3.23
"1115","2011-06-06",3.2
"1116","2011-06-07",3.3
"1117","2011-06-08",3.2
"1118","2011-06-09",3.22
"1119","2011-06-10",3.29
"1120","2011-06-13",3.29
"1121","2011-06-14",3.31
"1122","2011-06-15",3.31
"1123","2011-06-16",3.25
"1124","2011-06-17",3.35
"1125","2011-06-20",3.31
"1126","2011-06-21",3.29
"1127","2011-06-22",3.29
"1128","2011-06-23",3.29
"1129","2011-06-24",3.29
"1130","2011-06-27",3.29
"1131","2011-06-28",3.28
"1132","2011-06-29",3.28
"1133","2011-06-30",3.14
"1134","2011-07-01",3.21
"1135","2011-07-05",3.22
"1136","2011-07-06",3.33
"1137","2011-07-07",3.36
"1138","2011-07-08",3.3
"1139","2011-07-11",3.32
"1140","2011-07-12",3.3
"1141","2011-07-13",3.33
"1142","2011-07-14",3.29
"1143","2011-07-15",3.3
"1144","2011-07-18",3.22
"1145","2011-07-19",3.25
"1146","2011-07-20",3.24
"1147","2011-07-21",3.25
"1148","2011-07-22",3.26
"1149","2011-07-25",3.27
"1150","2011-07-26",3.28
"1151","2011-07-27",3.23
"1152","2011-07-28",3.27
"1153","2011-07-29",3.24
"1154","2011-08-01",3.2
"1155","2011-08-02",3.2
"1156","2011-08-03",3.33
"1157","2011-08-04",3.32
"1158","2011-08-05",3.25
"1159","2011-08-08",3.16
"1160","2011-08-09",3.03
"1161","2011-08-10",2.97
"1162","2011-08-11",2.97
"1163","2011-08-12",3.11
"1164","2011-08-15",3.1
"1165","2011-08-16",3.1
"1166","2011-08-17",3.1
"1167","2011-08-18",2.98
"1168","2011-08-19",3
"1169","2011-08-22",2.84
"1170","2011-08-23",2.81
"1171","2011-08-24",2.76
"1172","2011-08-25",2.8
"1173","2011-08-26",2.6
"1174","2011-08-29",2.77
"1175","2011-08-30",2.7
"1176","2011-08-31",2.63
"1177","2011-09-01",2.61
"1178","2011-09-02",2.8
"1179","2011-09-06",2.92
"1180","2011-09-07",2.83
"1181","2011-09-08",2.56
"1182","2011-09-09",2.5
"1183","2011-09-12",2.5
"1184","2011-09-13",2.67
"1185","2011-09-14",2.5
"1186","2011-09-15",2.4
"1187","2011-09-16",2.3
"1188","2011-09-19",2.23
"1189","2011-09-20",2.23
"1190","2011-09-21",1.98
"1191","2011-09-22",1.88
"1192","2011-09-23",2.01
"1193","2011-09-26",2.08
"1194","2011-09-27",2.1
"1195","2011-09-28",2.1
"1196","2011-09-29",2
"1197","2011-09-30",2.03
"1198","2011-10-03",2
"1199","2011-10-04",2.1
"1200","2011-10-05",2.03
"1201","2011-10-06",2
"1202","2011-10-07",2.09
"1203","2011-10-10",2.11
"1204","2011-10-11",2.1
"1205","2011-10-12",2.12
"1206","2011-10-13",2.16
"1207","2011-10-14",2.22
"1208","2011-10-17",2.29
"1209","2011-10-18",2.08
"1210","2011-10-19",2.07
"1211","2011-10-20",2.1
"1212","2011-10-21",2.15
"1213","2011-10-24",2.29
"1214","2011-10-25",2.28
"1215","2011-10-26",2.35
"1216","2011-10-27",2.35
"1217","2011-10-28",2.33
"1218","2011-10-31",2.44
"1219","2011-11-01",2.35
"1220","2011-11-02",2.36
"1221","2011-11-03",2.31
"1222","2011-11-04",2.3
"1223","2011-11-07",2.28
"1224","2011-11-08",2.22
"1225","2011-11-09",2.4
"1226","2011-11-10",2.58
"1227","2011-11-11",2.73
"1228","2011-11-14",2.73
"1229","2011-11-15",2.68
"1230","2011-11-16",2.7
"1231","2011-11-17",2.74
"1232","2011-11-18",2.8
"1233","2011-11-21",2.64
"1234","2011-11-22",2.77
"1235","2011-11-23",2.77
"1236","2011-11-25",2.8
"1237","2011-11-28",2.68
"1238","2011-11-29",2.6
"1239","2011-11-30",2.53
"1240","2011-12-01",2.41
"1241","2011-12-02",2.25
"1242","2011-12-05",2.08
"1243","2011-12-06",2.15
"1244","2011-12-07",2.25
"1245","2011-12-08",2.1
"1246","2011-12-09",2.14
"1247","2011-12-12",2.14
"1248","2011-12-13",2
"1249","2011-12-14",2.01
"1250","2011-12-15",2
"1251","2011-12-16",2
"1252","2011-12-19",2.01
"1253","2011-12-20",2.1
"1254","2011-12-21",1.99
"1255","2011-12-22",2.12
"1256","2011-12-23",2.22
"1257","2011-12-27",1.99
"1258","2011-12-28",1.95
"1259","2011-12-29",1.85
"1260","2011-12-30",1.85
"1261","2012-01-03",1.85
"1262","2012-01-04",1.86
"1263","2012-01-05",1.85
"1264","2012-01-06",1.89
"1265","2012-01-09",1.96
"1266","2012-01-10",1.91
"1267","2012-01-11",2.4
"1268","2012-01-12",2.4
"1269","2012-01-13",2.04
"1270","2012-01-17",2.11
"1271","2012-01-18",2.55
"1272","2012-01-19",2.67
"1273","2012-01-20",2.67
"1274","2012-01-23",2.5
"1275","2012-01-24",2.63
"1276","2012-01-25",2.54
"1277","2012-01-26",2.5
"1278","2012-01-27",2.5
"1279","2012-01-30",2.49
"1280","2012-01-31",2.43
"1281","2012-02-01",2.27
"1282","2012-02-02",2.24
"1283","2012-02-03",2.34
"1284","2012-02-06",2.35
"1285","2012-02-07",2.34
"1286","2012-02-08",2.4
"1287","2012-02-09",2.34
"1288","2012-02-10",2.2
"1289","2012-02-13",2.39
"1290","2012-02-14",2.34
"1291","2012-02-15",2.29
"1292","2012-02-16",2.41
"1293","2012-02-17",2.41
"1294","2012-02-21",2.34
"1295","2012-02-22",2.56
"1296","2012-02-23",2.56
"1297","2012-02-24",2.51
"1298","2012-02-27",2.51
"1299","2012-02-28",2.54
"1300","2012-02-29",2.54
"1301","2012-03-01",2.78
"1302","2012-03-02",2.78
"1303","2012-03-05",2.56
"1304","2012-03-06",2.55
"1305","2012-03-07",2.75
"1306","2012-03-08",2.7
"1307","2012-03-09",2.62
"1308","2012-03-12",2.57
"1309","2012-03-13",2.77
"1310","2012-03-14",2.62
"1311","2012-03-15",2.71
"1312","2012-03-16",2.84
"1313","2012-03-19",2.98
"1314","2012-03-20",2.98
"1315","2012-03-21",3.1
"1316","2012-03-22",3.16
"1317","2012-03-23",3.9
"1318","2012-03-26",4.37
"1319","2012-03-27",4.74
"1320","2012-03-28",4.4
"1321","2012-03-29",4.25
"1322","2012-03-30",3.85
"1323","2012-04-02",3.97
"1324","2012-04-03",3.92
"1325","2012-04-04",4.6
"1326","2012-04-05",4.5
"1327","2012-04-09",4.49
"1328","2012-04-10",4.5
"1329","2012-04-11",4.49
"1330","2012-04-12",4.5
"1331","2012-04-13",4.5
"1332","2012-04-16",4.27
"1333","2012-04-17",4.42
"1334","2012-04-18",4.34
"1335","2012-04-19",4.27
"1336","2012-04-20",4.31
"1337","2012-04-23",4.2
"1338","2012-04-24",4.4
"1339","2012-04-25",4.42
"1340","2012-04-26",4.5
"1341","2012-04-27",4.43
"1342","2012-04-30",4.42
"1343","2012-05-01",4.42
"1344","2012-05-02",4.18
"1345","2012-05-03",4.28
"1346","2012-05-04",4.2
"1347","2012-05-07",4.2
"1348","2012-05-08",3.68
"1349","2012-05-09",3.62
"1350","2012-05-10",3.41
"1351","2012-05-11",3.8
"1352","2012-05-14",3.8
"1353","2012-05-15",3.74
"1354","2012-05-16",3.81
"1355","2012-05-17",3.51
"1356","2012-05-18",3.51
"1357","2012-05-21",3.4
"1358","2012-05-22",3.16
"1359","2012-05-23",2.91
"1360","2012-05-24",2.9
"1361","2012-05-25",3.11
"1362","2012-05-29",3.01
"1363","2012-05-30",3.04
"1364","2012-05-31",3.32
"1365","2012-06-01",2.82
"1366","2012-06-04",3
"1367","2012-06-05",2.94
"1368","2012-06-06",3.1
"1369","2012-06-07",2.83
"1370","2012-06-08",2.83
"1371","2012-06-11",2.86
"1372","2012-06-12",2.98
"1373","2012-06-13",2.81
"1374","2012-06-14",2.81
"1375","2012-06-15",3.02
"1376","2012-06-18",3.1
"1377","2012-06-19",3
"1378","2012-06-20",2.94
"1379","2012-06-21",3.07
"1380","2012-06-22",2.89
"1381","2012-06-25",2.86
"1382","2012-06-26",2.87
"1383","2012-06-27",2.87
"1384","2012-06-28",2.8
"1385","2012-06-29",2.74
"1386","2012-07-02",2.81
"1387","2012-07-03",2.84
"1388","2012-07-05",2.81
"1389","2012-07-06",2.9
"1390","2012-07-09",2.81
"1391","2012-07-10",2.81
"1392","2012-07-11",2.81
"1393","2012-07-12",2.81
"1394","2012-07-13",2.81
"1395","2012-07-16",3.03
"1396","2012-07-17",3.1
"1397","2012-07-18",3.07
"1398","2012-07-19",2.83
"1399","2012-07-20",3.1
"1400","2012-07-23",3.07
"1401","2012-07-24",3.08
"1402","2012-07-25",2.82
"1403","2012-07-26",2.8
"1404","2012-07-27",2.86
"1405","2012-07-30",3.03
"1406","2012-07-31",2.87
"1407","2012-08-01",2.87
"1408","2012-08-02",2.88
"1409","2012-08-03",2.87
"1410","2012-08-06",2.87
"1411","2012-08-07",3.08
"1412","2012-08-08",2.87
"1413","2012-08-09",2.87
"1414","2012-08-10",2.99
"1415","2012-08-13",2.96
"1416","2012-08-14",2.87
"1417","2012-08-15",3.25
"1418","2012-08-16",3.15
"1419","2012-08-17",3.18
"1420","2012-08-20",3.15
"1421","2012-08-21",3.2
"1422","2012-08-22",2.95
"1423","2012-08-23",2.87
"1424","2012-08-24",3
"1425","2012-08-27",3
"1426","2012-08-28",2.99
"1427","2012-08-29",3
"1428","2012-08-30",3
"1429","2012-08-31",2.9
"1430","2012-09-04",3
"1431","2012-09-05",3.08
"1432","2012-09-06",3.15
"1433","2012-09-07",3.15
"1434","2012-09-10",3.11
"1435","2012-09-11",3.65
"1436","2012-09-12",3.95
"1437","2012-09-13",3.84
"1438","2012-09-14",3.81
"1439","2012-09-17",4.12
"1440","2012-09-18",4.45
"1441","2012-09-19",4.65
"1442","2012-09-20",5
"1443","2012-09-21",4.37
"1444","2012-09-24",4.61
"1445","2012-09-25",4.38
"1446","2012-09-26",4.26
"1447","2012-09-27",4.34
"1448","2012-09-28",4.55
"1449","2012-10-01",4.46
"1450","2012-10-02",4.5
"1451","2012-10-03",4.55
"1452","2012-10-04",4.57
"1453","2012-10-05",4.75
"1454","2012-10-08",4.76
"1455","2012-10-09",4.99
"1456","2012-10-10",4.91
"1457","2012-10-11",4.91
"1458","2012-10-12",4.99
"1459","2012-10-15",5
"1460","2012-10-16",5
"1461","2012-10-17",4.98
"1462","2012-10-18",5.8
"1463","2012-10-19",5.72
"1464","2012-10-22",5.52
"1465","2012-10-23",5.14
"1466","2012-10-24",5.4
"1467","2012-10-25",5.26
"1468","2012-10-26",5.39
"1469","2012-10-31",5.25
"1470","2012-11-01",5.21
"1471","2012-11-02",5.2
"1472","2012-11-05",5.02
"1473","2012-11-06",5.05
"1474","2012-11-07",5.02
"1475","2012-11-08",5.01
"1476","2012-11-09",5.19
"1477","2012-11-12",5
"1478","2012-11-13",5
"1479","2012-11-14",5.01
"1480","2012-11-15",4.77
"1481","2012-11-16",4.82
"1482","2012-11-19",4.76
"1483","2012-11-20",4.45
"1484","2012-11-21",4.91
"1485","2012-11-23",4.53
"1486","2012-11-26",4.7
"1487","2012-11-27",4.65
"1488","2012-11-28",4.5
"1489","2012-11-29",4.5
"1490","2012-11-30",4.26
"1491","2012-12-03",4.46
"1492","2012-12-04",4.45
"1493","2012-12-05",4.46
"1494","2012-12-06",4.4
"1495","2012-12-07",4.01
"1496","2012-12-10",3.9
"1497","2012-12-11",4.01
"1498","2012-12-12",4.46
"1499","2012-12-13",4.85
"1500","2012-12-14",4.88
"1501","2012-12-17",4.93
"1502","2012-12-18",4.5
"1503","2012-12-19",4.56
"1504","2012-12-20",4.62
"1505","2012-12-21",4.66
"1506","2012-12-24",4.23
"1507","2012-12-26",4.24
"1508","2012-12-27",4.26
"1509","2012-12-28",4.71
"1510","2012-12-31",4.5
"1511","2013-01-02",4.5
"1512","2013-01-03",4.5
"1513","2013-01-04",4.5
"1514","2013-01-07",4.77
"1515","2013-01-08",5
"1516","2013-01-09",5
"1517","2013-01-10",4.82
"1518","2013-01-11",4.5
"1519","2013-01-14",4.53
"1520","2013-01-15",4.53
"1521","2013-01-16",4.69
"1522","2013-01-17",4.69
"1523","2013-01-18",4.58
"1524","2013-01-22",4.64
"1525","2013-01-23",4.64
"1526","2013-01-24",4.6
"1527","2013-01-25",4.5
"1528","2013-01-28",4.52
"1529","2013-01-29",4.9
"1530","2013-01-30",4.5
"1531","2013-01-31",4.37
"1532","2013-02-01",4.6
"1533","2013-02-04",4.7
"1534","2013-02-05",4.7
"1535","2013-02-06",4.97
"1536","2013-02-07",4.65
"1537","2013-02-08",4.62
"1538","2013-02-11",5.4
"1539","2013-02-12",5.17
"1540","2013-02-13",5.4
"1541","2013-02-14",4.98
"1542","2013-02-15",5.39
"1543","2013-02-19",5.41
"1544","2013-02-20",5.35
"1545","2013-02-21",5.25
"1546","2013-02-22",5.23
"1547","2013-02-25",5.23
"1548","2013-02-26",5.26
"1549","2013-02-27",5.5
"1550","2013-02-28",5.8
"1551","2013-03-01",5.95
"1552","2013-03-04",5.92
"1553","2013-03-05",5.87
"1554","2013-03-06",5.57
"1555","2013-03-07",5.65
"1556","2013-03-08",5.72
"1557","2013-03-11",5.8
"1558","2013-03-12",5.95
"1559","2013-03-13",5.72
"1560","2013-03-14",6.09
"1561","2013-03-15",6.24
"1562","2013-03-18",6.12
"1563","2013-03-19",6.01
"1564","2013-03-20",6.12
"1565","2013-03-21",6.03
"1566","2013-03-22",6.04
"1567","2013-03-25",6.38
"1568","2013-03-26",6.39
"1569","2013-03-27",6.4
"1570","2013-03-28",6.5
"1571","2013-04-01",6.39
"1572","2013-04-02",6.35
"1573","2013-04-03",6.08
"1574","2013-04-04",6.1
"1575","2013-04-05",6.15
"1576","2013-04-08",6.03
"1577","2013-04-09",6.03
"1578","2013-04-10",6.03
"1579","2013-04-11",6.03
"1580","2013-04-12",6.03
"1581","2013-04-15",5.66
"1582","2013-04-16",5.71
"1583","2013-04-17",5.39
"1584","2013-04-18",5.99
"1585","2013-04-19",5.99
"1586","2013-04-22",5.4
"1587","2013-04-23",5.61
"1588","2013-04-24",5.32
"1589","2013-04-25",5.76
"1590","2013-04-26",5.8
"1591","2013-04-29",5.85
"1592","2013-04-30",5.83
"1593","2013-05-01",5.76
"1594","2013-05-02",5.86
"1595","2013-05-03",6.06
"1596","2013-05-06",5.86
"1597","2013-05-07",5.83
"1598","2013-05-08",5.75
"1599","2013-05-09",5.75
"1600","2013-05-10",5.79
"1601","2013-05-13",6.24
"1602","2013-05-14",6
"1603","2013-05-15",6.19
"1604","2013-05-16",6.02
"1605","2013-05-17",5.83
"1606","2013-05-20",5.89
"1607","2013-05-21",5.61
"1608","2013-05-22",5.66
"1609","2013-05-23",5.75
"1610","2013-05-24",5.75
"1611","2013-05-28",5.85
"1612","2013-05-29",5.7
"1613","2013-05-30",5.6
"1614","2013-05-31",5.59
"1615","2013-06-03",5.5
"1616","2013-06-04",5.29
"1617","2013-06-05",5.29
"1618","2013-06-06",5.29
"1619","2013-06-07",5.41
"1620","2013-06-10",5.4
"1621","2013-06-11",5.21
"1622","2013-06-12",5.03
"1623","2013-06-13",5.13
"1624","2013-06-14",5.13
"1625","2013-06-17",4.99
"1626","2013-06-18",4.62
"1627","2013-06-19",4.47
"1628","2013-06-20",4.27
"1629","2013-06-21",4.42
"1630","2013-06-24",4.31
"1631","2013-06-25",4.35
"1632","2013-06-26",4.37
"1633","2013-06-27",4.22
"1634","2013-06-28",4.44
"1635","2013-07-01",4.62
"1636","2013-07-02",5.04
"1637","2013-07-03",5.04
"1638","2013-07-05",4.7
"1639","2013-07-08",4.8
"1640","2013-07-09",4.69
"1641","2013-07-10",4.79
"1642","2013-07-11",4.89
"1643","2013-07-12",4.69
"1644","2013-07-15",4.65
"1645","2013-07-16",4.7
"1646","2013-07-17",4.68
"1647","2013-07-18",4.65
"1648","2013-07-19",4.65
"1649","2013-07-22",4.79
"1650","2013-07-23",4.78
"1651","2013-07-24",4.75
"1652","2013-07-25",4.47
"1653","2013-07-26",4.6
"1654","2013-07-29",4.61
"1655","2013-07-30",4.65
"1656","2013-07-31",5.89
"1657","2013-08-01",5.69
"1658","2013-08-02",5.02
"1659","2013-08-05",5.26
"1660","2013-08-06",5.56
"1661","2013-08-07",5.18
"1662","2013-08-08",4.92
"1663","2013-08-09",4.66
"1664","2013-08-12",4.92
"1665","2013-08-13",4.71
"1666","2013-08-14",4.73
"1667","2013-08-15",4.66
"1668","2013-08-16",4.55
"1669","2013-08-19",4.52
"1670","2013-08-20",4.51
"1671","2013-08-21",4.32
"1672","2013-08-22",4.55
"1673","2013-08-23",4.45
"1674","2013-08-26",4.35
"1675","2013-08-27",4.35
"1676","2013-08-28",4.13
"1677","2013-08-29",4.25
"1678","2013-08-30",4.1
"1679","2013-09-03",4.14
"1680","2013-09-04",4.08
"1681","2013-09-05",4.08
"1682","2013-09-06",3.94
"1683","2013-09-09",3.91
"1684","2013-09-10",4.14
"1685","2013-09-11",4.03
"1686","2013-09-12",4.28
"1687","2013-09-13",4.24
"1688","2013-09-16",4.24
"1689","2013-09-17",4.23
"1690","2013-09-18",4.39
"1691","2013-09-19",4.38
"1692","2013-09-20",4.54
"1693","2013-09-23",4.15
"1694","2013-09-24",4.3
"1695","2013-09-25",4.29
"1696","2013-09-26",4.24
"1697","2013-09-27",4.08
"1698","2013-09-30",4.06
"1699","2013-10-01",4
"1700","2013-10-02",4.17
"1701","2013-10-03",4.13
"1702","2013-10-04",4.66
"1703","2013-10-07",4.57
"1704","2013-10-08",4.35
"1705","2013-10-09",4.75
"1706","2013-10-10",5.4
"1707","2013-10-11",4.78
"1708","2013-10-14",5.11
"1709","2013-10-15",5.05
"1710","2013-10-16",4.81
"1711","2013-10-17",4.83
"1712","2013-10-18",4.7
"1713","2013-10-21",4.79
"1714","2013-10-22",4.66
"1715","2013-10-23",4.64
"1716","2013-10-24",4.64
"1717","2013-10-25",4.5
"1718","2013-10-28",4.39
"1719","2013-10-29",4.67
"1720","2013-10-30",4.54
"1721","2013-10-31",4.66
"1722","2013-11-01",4.48
"1723","2013-11-04",4.48
"1724","2013-11-05",4.48
"1725","2013-11-06",4.57
"1726","2013-11-07",4.36
"1727","2013-11-08",4.47
"1728","2013-11-11",4.68
"1729","2013-11-12",4.71
"1730","2013-11-13",4.83
"1731","2013-11-14",5.11
"1732","2013-11-15",4.86
"1733","2013-11-18",4.81
"1734","2013-11-19",4.91
"1735","2013-11-20",4.62
"1736","2013-11-21",4.47
"1737","2013-11-22",4.42
"1738","2013-11-25",4.39
"1739","2013-11-26",4.66
"1740","2013-11-27",4.7
"1741","2013-11-29",4.79
"1742","2013-12-02",4.57
"1743","2013-12-03",4.55
"1744","2013-12-04",4.66
"1745","2013-12-05",4.6
"1746","2013-12-06",4.78
"1747","2013-12-09",4.9
"1748","2013-12-10",5.05
"1749","2013-12-11",5.12
"1750","2013-12-12",5.14
"1751","2013-12-13",5.19
"1752","2013-12-16",5.13
"1753","2013-12-17",5.11
"1754","2013-12-18",5.41
"1755","2013-12-19",5.29
"1756","2013-12-20",5.16
"1757","2013-12-23",5.05
"1758","2013-12-24",5.09
"1759","2013-12-26",4.97
"1760","2013-12-27",5.44
"1761","2013-12-30",5.34
"1762","2013-12-31",5.39
"1763","2014-01-02",5.45
"1764","2014-01-03",5.9
"1765","2014-01-06",6.03
"1766","2014-01-07",5.62
"1767","2014-01-08",5.86
"1768","2014-01-09",5.97
"1769","2014-01-10",5.99
"1770","2014-01-13",5.68
"1771","2014-01-14",5.86
"1772","2014-01-15",6.06
"1773","2014-01-16",6.07
"1774","2014-01-17",6.17
"1775","2014-01-21",6.33
"1776","2014-01-22",6.31
"1777","2014-01-23",6.16
"1778","2014-01-24",6.15
"1779","2014-01-27",6.59
"1780","2014-01-28",6.24
"1781","2014-01-29",6.12
"1782","2014-01-30",6.2
"1783","2014-01-31",6.1
"1784","2014-02-03",6.16
"1785","2014-02-04",6.25
"1786","2014-02-05",5.95
"1787","2014-02-06",6.08
"1788","2014-02-07",6.15
"1789","2014-02-10",6.36
"1790","2014-02-11",6.17
"1791","2014-02-12",6.19
"1792","2014-02-13",6.37
"1793","2014-02-14",6.44
"1794","2014-02-18",6.36
"1795","2014-02-19",6.41
"1796","2014-02-20",6.42
"1797","2014-02-21",6.04
"1798","2014-02-24",5.8
"1799","2014-02-25",5.33
"1800","2014-02-26",5.47
"1801","2014-02-27",5.31
"1802","2014-02-28",5.47
"1803","2014-03-03",5.27
"1804","2014-03-04",5.36
"1805","2014-03-05",5.64
"1806","2014-03-06",6.37
"1807","2014-03-07",6.38
"1808","2014-03-10",6.21
"1809","2014-03-11",6.26
"1810","2014-03-12",6.4
"1811","2014-03-13",6.26
"1812","2014-03-14",6.23
"1813","2014-03-17",6.2
"1814","2014-03-18",6.2
"1815","2014-03-19",6.06
"1816","2014-03-20",6.29
"1817","2014-03-21",6.47
"1818","2014-03-24",6.26
"1819","2014-03-25",6.26
"1820","2014-03-26",6.25
"1821","2014-03-27",6.13
"1822","2014-03-28",6.25
"1823","2014-03-31",6.21
"1824","2014-04-01",6.19
"1825","2014-04-02",6.44
"1826","2014-04-03",6.44
"1827","2014-04-04",6.14
"1828","2014-04-07",6.09
"1829","2014-04-08",6.18
"1830","2014-04-09",6.42
"1831","2014-04-10",6.45
"1832","2014-04-11",6.42
"1833","2014-04-14",6.43
"1834","2014-04-15",6.24
"1835","2014-04-16",6.45
"1836","2014-04-17",6.4
"1837","2014-04-21",6.45
"1838","2014-04-22",6.53
"1839","2014-04-23",6.53
"1840","2014-04-24",6.73
"1841","2014-04-25",6.49
"1842","2014-04-28",6.29
"1843","2014-04-29",6.35
"1844","2014-04-30",6.21
"1845","2014-05-01",6.13
"1846","2014-05-02",6.18
"1847","2014-05-05",6.07
"1848","2014-05-06",5.85
"1849","2014-05-07",6.08
"1850","2014-05-08",6.35
"1851","2014-05-09",6.57
"1852","2014-05-12",6.25
"1853","2014-05-13",6.5
"1854","2014-05-14",6.28
"1855","2014-05-15",6.56
"1856","2014-05-16",6.8
"1857","2014-05-19",6.85
"1858","2014-05-20",6.85
"1859","2014-05-21",6.87
"1860","2014-05-22",6.86
"1861","2014-05-23",6.81
"1862","2014-05-27",6.81
"1863","2014-05-28",6.8
"1864","2014-05-29",6.84
"1865","2014-05-30",6.76
"1866","2014-06-02",6.85
"1867","2014-06-03",6.41
"1868","2014-06-04",6.26
"1869","2014-06-05",6.23
"1870","2014-06-06",6.56
"1871","2014-06-09",6
"1872","2014-06-10",6.08
"1873","2014-06-11",6
"1874","2014-06-12",5.95
"1875","2014-06-13",6.09
"1876","2014-06-16",6.15
"1877","2014-06-17",6.05
"1878","2014-06-18",6.25
"1879","2014-06-19",6.08
"1880","2014-06-20",6.24
"1881","2014-06-23",6.17
"1882","2014-06-24",6.05
"1883","2014-06-25",6.08
"1884","2014-06-26",6.29
"1885","2014-06-27",6.35
"1886","2014-06-30",6.67
"1887","2014-07-01",6.64
"1888","2014-07-02",6.56
"1889","2014-07-03",6.46
"1890","2014-07-07",6.33
"1891","2014-07-08",6.45
"1892","2014-07-09",6.33
"1893","2014-07-10",6.42
"1894","2014-07-11",6.3
"1895","2014-07-14",6.74
"1896","2014-07-15",6.96
"1897","2014-07-16",6.78
"1898","2014-07-17",6.59
"1899","2014-07-18",6.48
"1900","2014-07-21",6.45
"1901","2014-07-22",6.38
"1902","2014-07-23",6.45
"1903","2014-07-24",6.36
"1904","2014-07-25",6.27
"1905","2014-07-28",6.44
"1906","2014-07-29",6.32
"1907","2014-07-30",6.49
"1908","2014-07-31",6.38
"1909","2014-08-01",6.14
"1910","2014-08-04",6.43
"1911","2014-08-05",6.33
"1912","2014-08-06",6.39
"1913","2014-08-07",6.39
"1914","2014-08-08",6.61
"1915","2014-08-11",6.65
"1916","2014-08-12",6.97
"1917","2014-08-13",6.98
"1918","2014-08-14",6.95
"1919","2014-08-15",7.06
"1920","2014-08-18",7.23
"1921","2014-08-19",7.24
"1922","2014-08-20",7.17
"1923","2014-08-21",7.11
"1924","2014-08-22",7.61
"1925","2014-08-25",7.71
"1926","2014-08-26",7.57
"1927","2014-08-27",7.37
"1928","2014-08-28",7.62
"1929","2014-08-29",7.62
"1930","2014-09-02",7.62
"1931","2014-09-03",7.85
"1932","2014-09-04",7.95
"1933","2014-09-05",8.07
"1934","2014-09-08",8.13
"1935","2014-09-09",8.12
"1936","2014-09-10",7.98
"1937","2014-09-11",7.86
"1938","2014-09-12",7.62
"1939","2014-09-15",7.28
"1940","2014-09-16",7.54
"1941","2014-09-17",7.53
"1942","2014-09-18",7.5
"1943","2014-09-19",7.52
"1944","2014-09-22",7.49
"1945","2014-09-23",8.37
"1946","2014-09-24",7.86
"1947","2014-09-25",7.81
"1948","2014-09-26",8
"1949","2014-09-29",8.18
"1950","2014-09-30",8.25
"1951","2014-10-01",7.97
"1952","2014-10-02",8.04
"1953","2014-10-03",8.04
"1954","2014-10-06",8
"1955","2014-10-07",8.04
"1956","2014-10-08",8.03
"1957","2014-10-09",8.04
"1958","2014-10-10",7.83
"1959","2014-10-13",7.6
"1960","2014-10-14",7.41
"1961","2014-10-15",7.35
"1962","2014-10-16",7.81
"1963","2014-10-17",7.89
"1964","2014-10-20",7.9
"1965","2014-10-21",8
"1966","2014-10-22",7.97
"1967","2014-10-23",7.9
"1968","2014-10-24",7.6
"1969","2014-10-27",7.57
"1970","2014-10-28",7.75
"1971","2014-10-29",7.8
"1972","2014-10-30",7.94
"1973","2014-10-31",7.93
"1974","2014-11-03",7.99
"1975","2014-11-04",7.98
"1976","2014-11-05",7.79
"1977","2014-11-06",7.74
"1978","2014-11-07",7.74
"1979","2014-11-10",7.65
"1980","2014-11-11",7.52
"1981","2014-11-12",7.27
"1982","2014-11-13",7.46
"1983","2014-11-14",7.46
"1984","2014-11-17",7.34
"1985","2014-11-18",7.5
"1986","2014-11-19",7.5
"1987","2014-11-20",7.41
"1988","2014-11-21",7.38
"1989","2014-11-24",7.5
"1990","2014-11-25",7.5
"1991","2014-11-26",7.66
"1992","2014-11-28",7.66
"1993","2014-12-01",7.69
"1994","2014-12-02",7.91
"1995","2014-12-03",7.74
"1996","2014-12-04",8
"1997","2014-12-05",7.84
"1998","2014-12-08",8
"1999","2014-12-09",7.98
"2000","2014-12-10",8.01
"2001","2014-12-11",7.34
"2002","2014-12-12",7.53
"2003","2014-12-15",6.91
"2004","2014-12-16",7.33
"2005","2014-12-17",7.6
"2006","2014-12-18",7.69
"2007","2014-12-19",7.52
"2008","2014-12-22",7.71
"2009","2014-12-23",7.72
"2010","2014-12-24",7.79
"2011","2014-12-26",7.84
"2012","2014-12-29",7.85
"2013","2014-12-30",7.75
"2014","2014-12-31",7.66
"2015","2015-01-02",7.63
"2016","2015-01-05",7.57
"2017","2015-01-06",7.42
"2018","2015-01-07",7.44
"2019","2015-01-08",7.45
"2020","2015-01-09",7.35
"2021","2015-01-12",7.3
"2022","2015-01-13",7.02
"2023","2015-01-14",7.27
"2024","2015-01-15",7.18
"2025","2015-01-16",7.31
"2026","2015-01-20",7.21
"2027","2015-01-21",7.54
"2028","2015-01-22",7.74
"2029","2015-01-23",7.82
"2030","2015-01-26",7.33
"2031","2015-01-27",7.8
"2032","2015-01-28",7.24
"2033","2015-01-29",7.35
"2034","2015-01-30",7.31
"2035","2015-02-02",7.21
"2036","2015-02-03",7.19
"2037","2015-02-04",7
"2038","2015-02-05",7.25
"2039","2015-02-06",7.76
"2040","2015-02-09",7.8
"2041","2015-02-10",7.69
"2042","2015-02-11",7.61
"2043","2015-02-12",7.83
"2044","2015-02-13",7.84
"2045","2015-02-17",7.9
"2046","2015-02-18",7.99
"2047","2015-02-19",7.9
"2048","2015-02-20",7.96
"2049","2015-02-23",8.08
"2050","2015-02-24",7.8
"2051","2015-02-25",8.18
"2052","2015-02-26",8.1
"2053","2015-02-27",8.01
"2054","2015-03-02",7.98
"2055","2015-03-03",8.18
"2056","2015-03-04",8.08
"2057","2015-03-05",8.12
"2058","2015-03-06",8.17
"2059","2015-03-09",7.99
"2060","2015-03-10",7.79
"2061","2015-03-11",7.83
"2062","2015-03-12",7.81
"2063","2015-03-13",7.94
"2064","2015-03-16",7.8
"2065","2015-03-17",7.76
"2066","2015-03-18",7.76
"2067","2015-03-19",7.75
"2068","2015-03-20",7.67
"2069","2015-03-23",7.83
"2070","2015-03-24",7.98
"2071","2015-03-25",8.24
"2072","2015-03-26",8.4
"2073","2015-03-27",8.7
"2074","2015-03-30",8.7
"2075","2015-03-31",8.8
"2076","2015-04-01",8.71
"2077","2015-04-02",8.9
"2078","2015-04-06",8.34
"2079","2015-04-07",8.64
"2080","2015-04-08",8.67
"2081","2015-04-09",8.73
"2082","2015-04-10",8.73
"2083","2015-04-13",8.65
"2084","2015-04-14",8.54
"2085","2015-04-15",8.68
"2086","2015-04-16",8.69
"2087","2015-04-17",8.69
"2088","2015-04-20",8.69
"2089","2015-04-21",8.69
"2090","2015-04-22",8.78
"2091","2015-04-23",8.78
"2092","2015-04-24",8.79
"2093","2015-04-27",8.74
"2094","2015-04-28",8.73
"2095","2015-04-29",8.67
"2096","2015-04-30",8.21
"2097","2015-05-01",8.46
"2098","2015-05-04",8.6
"2099","2015-05-05",8.54
"2100","2015-05-06",8.54
"2101","2015-05-07",8.54
"2102","2015-05-08",8.14
"2103","2015-05-11",8.13
"2104","2015-05-12",7.95
"2105","2015-05-13",8.1
"2106","2015-05-14",8.03
"2107","2015-05-15",8
"2108","2015-05-18",8
"2109","2015-05-19",7.85
"2110","2015-05-20",7.6
"2111","2015-05-21",7.87
"2112","2015-05-22",7.65
"2113","2015-05-26",7.52
"2114","2015-05-27",7.53
"2115","2015-05-28",7.68
"2116","2015-05-29",7.81
"2117","2015-06-01",7.79
"2118","2015-06-02",7.63
"2119","2015-06-03",7.47
"2120","2015-06-04",7.45
"2121","2015-06-05",7.49
"2122","2015-06-08",7.45
"2123","2015-06-09",7.46
"2124","2015-06-10",7.36
"2125","2015-06-11",7.35
"2126","2015-06-12",7.34
"2127","2015-06-15",7.28
"2128","2015-06-16",7.05
"2129","2015-06-17",7.01
"2130","2015-06-18",7.84
"2131","2015-06-19",7.81
"2132","2015-06-22",7.35
"2133","2015-06-23",7.37
"2134","2015-06-24",7.11
"2135","2015-06-25",7.13
"2136","2015-06-26",7.12
"2137","2015-06-29",6.89
"2138","2015-06-30",7.1
"2139","2015-07-01",7.22
"2140","2015-07-02",7.14
"2141","2015-07-06",7.26
"2142","2015-07-07",7.35
"2143","2015-07-08",7.28
"2144","2015-07-09",7.13
"2145","2015-07-10",7.23
"2146","2015-07-13",7.05
"2147","2015-07-14",7.01
"2148","2015-07-15",7.1
"2149","2015-07-16",7.01
"2150","2015-07-17",7
"2151","2015-07-20",6.96
"2152","2015-07-21",7
"2153","2015-07-22",6.96
"2154","2015-07-23",6.91
"2155","2015-07-24",6.94
"2156","2015-07-27",6.7
"2157","2015-07-28",6.6
"2158","2015-07-29",6.71
"2159","2015-07-30",6.72
"2160","2015-07-31",6.7
"2161","2015-08-03",6.3
"2162","2015-08-04",6.64
"2163","2015-08-05",6.66
"2164","2015-08-06",6.61
"2165","2015-08-07",6.76
"2166","2015-08-10",7.37
"2167","2015-08-11",7.35
"2168","2015-08-12",7.25
"2169","2015-08-13",7.23
"2170","2015-08-14",7.02
"2171","2015-08-17",7.03
"2172","2015-08-18",7.37
"2173","2015-08-19",7.43
"2174","2015-08-20",7.33
"2175","2015-08-21",7.27
"2176","2015-08-24",7.25
"2177","2015-08-25",7.39
"2178","2015-08-26",7.16
"2179","2015-08-27",6.93
"2180","2015-08-28",7.02
"2181","2015-08-31",7.02
"2182","2015-09-01",7.21
"2183","2015-09-02",7.14
"2184","2015-09-03",7.15
"2185","2015-09-04",7.11
"2186","2015-09-08",7.03
"2187","2015-09-09",7.12
"2188","2015-09-10",6.84
"2189","2015-09-11",6.79
"2190","2015-09-14",6.72
"2191","2015-09-15",6.91
"2192","2015-09-16",6.98
"2193","2015-09-17",7.18
"2194","2015-09-18",7.79
"2195","2015-09-21",7.9
"2196","2015-09-22",7.86
"2197","2015-09-23",7.87
"2198","2015-09-24",8
"2199","2015-09-25",7.58
"2200","2015-09-28",7.72
"2201","2015-09-29",7.72
"2202","2015-09-30",7.72
"2203","2015-10-01",7.49
"2204","2015-10-02",7.41
"2205","2015-10-05",7.53
"2206","2015-10-06",7.83
"2207","2015-10-07",7.51
"2208","2015-10-08",7.5
"2209","2015-10-09",7.5
"2210","2015-10-12",7.7
"2211","2015-10-13",7.53
"2212","2015-10-14",7.4
"2213","2015-10-15",7.55
"2214","2015-10-16",7.66
"2215","2015-10-19",7.53
"2216","2015-10-20",7.46
"2217","2015-10-21",7.58
"2218","2015-10-22",7.55
"2219","2015-10-23",7.37
"2220","2015-10-26",7.23
"2221","2015-10-27",7.09
"2222","2015-10-28",7.43
"2223","2015-10-29",7.09
"2224","2015-10-30",7.07
"2225","2015-11-02",7.65
"2226","2015-11-03",7.27
"2227","2015-11-04",7.34
"2228","2015-11-05",7.35
"2229","2015-11-06",7.24
"2230","2015-11-09",7.24
"2231","2015-11-10",7.55
"2232","2015-11-11",7.5
"2233","2015-11-12",7.46
"2234","2015-11-13",7.39
"2235","2015-11-16",7.45
"2236","2015-11-17",7.39
"2237","2015-11-18",7.49
"2238","2015-11-19",7.49
"2239","2015-11-20",7.45
"2240","2015-11-23",7.62
"2241","2015-11-24",7.52
"2242","2015-11-25",7.79
"2243","2015-11-27",7.77
"2244","2015-11-30",7.63
"2245","2015-12-01",7.8
"2246","2015-12-02",7.8
"2247","2015-12-03",7.59
"2248","2015-12-04",7.6
"2249","2015-12-07",7.6
"2250","2015-12-08",7.5
"2251","2015-12-09",7.63
"2252","2015-12-10",7.96
"2253","2015-12-11",8.35
"2254","2015-12-14",8.52
"2255","2015-12-15",8.87
"2256","2015-12-16",9.35
"2257","2015-12-17",9.42
"2258","2015-12-18",9.58
"2259","2015-12-21",9.95
"2260","2015-12-22",10.18
"2261","2015-12-23",10.58
"2262","2015-12-24",10.69
"2263","2015-12-28",10.84
"2264","2015-12-29",11.25
"2265","2015-12-30",11.37
"2266","2015-12-31",11.07
"2267","2016-01-04",11.49
"2268","2016-01-05",11.61
"2269","2016-01-06",11.41
"2270","2016-01-07",11.07
"2271","2016-01-08",11.15
"2272","2016-01-11",11.05
"2273","2016-01-12",11.15
"2274","2016-01-13",10.83
"2275","2016-01-14",11.11
"2276","2016-01-15",10.94
"2277","2016-01-19",10.9
"2278","2016-01-20",10.87
"2279","2016-01-21",10.96
"2280","2016-01-22",11.03
"2281","2016-01-25",10.96
"2282","2016-01-26",11.78
"2283","2016-01-27",11.74
"2284","2016-01-28",11.86
"2285","2016-01-29",12.27
"2286","2016-02-01",12.54
"2287","2016-02-02",12.52
"2288","2016-02-03",10.91
"2289","2016-02-04",10.97
"2290","2016-02-05",10.53
"2291","2016-02-08",10.5
"2292","2016-02-09",10.77
"2293","2016-02-10",10.71
"2294","2016-02-11",10.66
"2295","2016-02-12",10.75
"2296","2016-02-16",11.02
"2297","2016-02-17",11.42
"2298","2016-02-18",12.06
"2299","2016-02-19",12.53
"2300","2016-02-22",12.38
"2301","2016-02-23",12.44
"2302","2016-02-24",12.36
"2303","2016-02-25",12.5
"2304","2016-02-26",12.56
"2305","2016-02-29",12.89
"2306","2016-03-01",13.6
"2307","2016-03-02",13.78
"2308","2016-03-03",13.93
"2309","2016-03-04",12.58
"2310","2016-03-07",13.09
"2311","2016-03-08",13.63
"2312","2016-03-09",14.1
"2313","2016-03-10",14.34
"2314","2016-03-11",13.87
"2315","2016-03-14",14.17
"2316","2016-03-15",14.12
"2317","2016-03-16",13.8
"2318","2016-03-17",13.48
"2319","2016-03-18",13.17
"2320","2016-03-21",13.3
"2321","2016-03-22",13.21
"2322","2016-03-23",13.25
"2323","2016-03-24",13.88
"2324","2016-03-28",13.59
"2325","2016-03-29",13.96
"2326","2016-03-30",14.68
"2327","2016-03-31",14.67
"2328","2016-04-01",14.17
"2329","2016-04-04",13.58
"2330","2016-04-05",13.89
"2331","2016-04-06",13.8
"2332","2016-04-07",13.54
"2333","2016-04-08",13.66
"2334","2016-04-11",13.78
"2335","2016-04-12",13.84
"2336","2016-04-13",13.94
"2337","2016-04-14",14.05
"2338","2016-04-15",14.3
"2339","2016-04-18",14.34
"2340","2016-04-19",14.97
"2341","2016-04-20",15.48
"2342","2016-04-21",14.88
"2343","2016-04-22",14.34
"2344","2016-04-25",14.7
"2345","2016-04-26",14.22
"2346","2016-04-27",14.48
"2347","2016-04-28",13.52
"2348","2016-04-29",12.07
"2349","2016-05-02",13
"2350","2016-05-03",12.7
"2351","2016-05-04",13.04
"2352","2016-05-05",13.13
"2353","2016-05-06",12.5
"2354","2016-05-09",12.77
"2355","2016-05-10",14.26
"2356","2016-05-11",13.88
"2357","2016-05-12",13.44
"2358","2016-05-13",13.2
"2359","2016-05-16",13.07
"2360","2016-05-17",13.83
"2361","2016-05-18",13.38
"2362","2016-05-19",13.56
"2363","2016-05-20",13.31
"2364","2016-05-23",13.75
"2365","2016-05-24",13.89
"2366","2016-05-25",14.22
"2367","2016-05-26",13.77
"2368","2016-05-27",14.07
"2369","2016-05-31",14.14
"2370","2016-06-01",14.35
"2371","2016-06-02",14.75
"2372","2016-06-03",15.08
"2373","2016-06-06",15.07
"2374","2016-06-07",14.92
"2375","2016-06-08",14.6
"2376","2016-06-09",14.01
"2377","2016-06-10",13.67
"2378","2016-06-13",13.76
"2379","2016-06-14",13.93
"2380","2016-06-15",13.79
"2381","2016-06-16",14.02
"2382","2016-06-17",13.29
"2383","2016-06-20",12.68
"2384","2016-06-21",12.21
"2385","2016-06-22",12.64
"2386","2016-06-23",11.94
"2387","2016-06-24",11.4
"2388","2016-06-27",12.2
"2389","2016-06-28",12.46
"2390","2016-06-29",12.28
"2391","2016-06-30",12.42
"2392","2016-07-01",13.07
"2393","2016-07-05",12.55
"2394","2016-07-06",12.39
"2395","2016-07-07",12.52
"2396","2016-07-08",13.48
"2397","2016-07-11",14.02
"2398","2016-07-12",15.08
"2399","2016-07-13",14.87
"2400","2016-07-14",14.39
"2401","2016-07-15",15.03
"2402","2016-07-18",14.7
"2403","2016-07-19",14.64
"2404","2016-07-20",14.56
"2405","2016-07-21",14.71
"2406","2016-07-22",14.87
"2407","2016-07-25",15.45
"2408","2016-07-26",16.299999
"2409","2016-07-27",16.290001
"2410","2016-07-28",15.73
"2411","2016-07-29",15.55
"2412","2016-08-01",14.21
"2413","2016-08-02",13.9
"2414","2016-08-03",13.75
"2415","2016-08-04",13.57
"2416","2016-08-05",14.21
"2417","2016-08-08",15.09
"2418","2016-08-09",14.77
"2419","2016-08-10",15.22
"2420","2016-08-11",14.74
"2421","2016-08-12",14.19
"2422","2016-08-15",14.44
"2423","2016-08-16",14.7
"2424","2016-08-17",14.46
"2425","2016-08-18",14.58
"2426","2016-08-19",14.91
"2427","2016-08-22",14.77
"2428","2016-08-23",15.59
"2429","2016-08-24",16.030001
"2430","2016-08-25",15.95
"2431","2016-08-26",16.16
"2432","2016-08-29",17.73
"2433","2016-08-30",17.059999
"2434","2016-08-31",16.57
"2435","2016-09-01",17.209999
"2436","2016-09-02",17.790001
"2437","2016-09-06",16.85
"2438","2016-09-07",17.27
"2439","2016-09-08",17.299999
"2440","2016-09-09",15.6
"2441","2016-09-12",15.76
"2442","2016-09-13",15.15
"2443","2016-09-14",15.25
"2444","2016-09-15",16.02
"2445","2016-09-16",16.049999
"2446","2016-09-19",16.110001
"2447","2016-09-20",15.73
"2448","2016-09-21",16.01
"2449","2016-09-22",16.91
"2450","2016-09-23",16.709999
"2451","2016-09-26",16.200001
"2452","2016-09-27",16.82
"2453","2016-09-28",17.379999
"2454","2016-09-29",17.1
"2455","2016-09-30",17.790001
"2456","2016-10-03",17.68
"2457","2016-10-04",16.74
"2458","2016-10-05",17.030001
"2459","2016-10-06",17.219999
"2460","2016-10-07",16.75
"2461","2016-10-10",16.860001
"2462","2016-10-11",16.27
"2463","2016-10-12",16.18
"2464","2016-10-13",15.6
"2465","2016-10-14",15.24
"2466","2016-10-17",15.45
"2467","2016-10-18",15.9
"2468","2016-10-19",16.1
"2469","2016-10-20",15.85
"2470","2016-10-21",15.75
"2471","2016-10-24",15.1
"2472","2016-10-25",14.7
"2473","2016-10-26",14.5
"2474","2016-10-27",14.6
"2475","2016-10-28",14.6
"2476","2016-10-31",14.95
"2477","2016-11-01",14.45
"2478","2016-11-02",14.35
"2479","2016-11-03",14.6
"2480","2016-11-04",14.65
"2481","2016-11-07",15.25
"2482","2016-11-08",15.1
"2483","2016-11-09",16.200001
"2484","2016-11-10",17.1
"2485","2016-11-11",17.65
"2486","2016-11-14",17.700001
"2487","2016-11-15",17.4
"2488","2016-11-16",17.5
"2489","2016-11-17",18.15
"2490","2016-11-18",18.4
"2491","2016-11-21",18.950001
"2492","2016-11-22",19.5
"2493","2016-11-23",19.75
"2494","2016-11-25",19.65
"2495","2016-11-28",20.1
"2496","2016-11-29",19.950001
"2497","2016-11-30",19.65
"2498","2016-12-01",19.450001
"2499","2016-12-02",19.75
"2500","2016-12-05",20.5
"2501","2016-12-06",20.35
"2502","2016-12-07",21.15
"2503","2016-12-08",20.700001
"2504","2016-12-09",21.25
"2505","2016-12-12",22.549999
"2506","2016-12-13",21.65
"2507","2016-12-14",20.299999
"2508","2016-12-15",20.200001
"2509","2016-12-16",19.299999
"2510","2016-12-19",19.85
"2511","2016-12-20",20
"2512","2016-12-21",19.799999
"2513","2016-12-22",19.5
"2514","2016-12-23",19.799999
"2515","2016-12-27",19.950001
"2516","2016-12-28",19.6
"2517","2016-12-29",19.6
"2518","2016-12-30",19.15
"2519","2017-01-03",19.75
"2520","2017-01-04",20.299999
"2521","2017-01-05",19.5
"2522","2017-01-06",19
"2523","2017-01-09",18.450001
"2524","2017-01-10",19.200001
"2525","2017-01-11",19.299999
"2526","2017-01-12",18.799999
"2527","2017-01-13",18.950001
"2528","2017-01-17",18.299999
"2529","2017-01-18",18.5
"2530","2017-01-19",18.5
"2531","2017-01-20",18.65
"2532","2017-01-23",18.9
"2533","2017-01-24",19.950001
"2534","2017-01-25",20.65
"2535","2017-01-26",20.15
"2536","2017-01-27",19.85
"2537","2017-01-30",19.549999
"2538","2017-01-31",19.5
"2539","2017-02-01",20.049999
"2540","2017-02-02",19.299999
"2541","2017-02-03",19.75
"2542","2017-02-06",19.6
"2543","2017-02-07",18.950001
"2544","2017-02-08",18.6
"2545","2017-02-09",21.15
"2546","2017-02-10",20.950001
"2547","2017-02-13",20.35
"2548","2017-02-14",20.5
"2549","2017-02-15",20.4
"2550","2017-02-16",20.200001
"2551","2017-02-17",20
"2552","2017-02-21",20.15
"2553","2017-02-22",19.9
"2554","2017-02-23",19.35
"2555","2017-02-24",19.6
"2556","2017-02-27",19.35
"2557","2017-02-28",18.75
"2558","2017-03-01",19.950001
"2559","2017-03-02",19.5
"2560","2017-03-03",19.25
"2561","2017-03-06",18.75
"2562","2017-03-07",18.85
"2563","2017-03-08",18.799999
"2564","2017-03-09",18.9
"2565","2017-03-10",19.049999
"2566","2017-03-13",19.1
"2567","2017-03-14",18.799999
"2568","2017-03-15",18.9
"2569","2017-03-16",19.65
"2570","2017-03-17",19.950001
"2571","2017-03-20",19.35
"2572","2017-03-21",18.6
"2573","2017-03-22",18.4
"2574","2017-03-23",18.200001
"2575","2017-03-24",17.85
"2576","2017-03-27",17.75
"2577","2017-03-28",18.1
"2578","2017-03-29",17.700001
"2579","2017-03-30",17.65
"2580","2017-03-31",18.1
"2581","2017-04-03",17.5
"2582","2017-04-04",17.65
"2583","2017-04-05",17.200001
"2584","2017-04-06",17.6
"2585","2017-04-07",18.85
"2586","2017-04-10",18.950001
"2587","2017-04-11",18.799999
"2588","2017-04-12",18.4
"2589","2017-04-13",18.049999
"2590","2017-04-17",17.950001
"2591","2017-04-18",18.1
"2592","2017-04-19",18.049999
"2593","2017-04-20",18.450001
"2594","2017-04-21",18.6
"2595","2017-04-24",19.4
"2596","2017-04-25",19.549999
"2597","2017-04-26",20
"2598","2017-04-27",20
"2599","2017-04-28",20
"2600","2017-05-01",20.15
"2601","2017-05-02",20.200001
"2602","2017-05-03",19.950001
"2603","2017-05-04",19.75
"2604","2017-05-05",17.1
"2605","2017-05-08",16.629999
"2606","2017-05-09",17
"2607","2017-05-10",16.700001
"2608","2017-05-11",16.5
"2609","2017-05-12",16.65
"2610","2017-05-15",16.75
"2611","2017-05-16",16.35
"2612","2017-05-17",15.7
"2613","2017-05-18",15.65
"2614","2017-05-19",15.7
"2615","2017-05-22",15.55
"2616","2017-05-23",16.15
"2617","2017-05-24",15.9
"2618","2017-05-25",16
"2619","2017-05-26",15.95
"2620","2017-05-30",15.7
"2621","2017-05-31",15.35
"2622","2017-06-01",15.65
"2623","2017-06-02",15.65
"2624","2017-06-05",15.4
"2625","2017-06-06",15.3
"2626","2017-06-07",15.6
"2627","2017-06-08",15.75
"2628","2017-06-09",15.9
"2629","2017-06-12",16
"2630","2017-06-13",16.85
"2631","2017-06-14",16.75
"2632","2017-06-15",16
"2633","2017-06-16",16
"2634","2017-06-19",16.75
"2635","2017-06-20",16.799999
"2636","2017-06-21",16.5
"2637","2017-06-22",16.6
"2638","2017-06-23",17.4
"2639","2017-06-26",17.9
"2640","2017-06-27",17.5
"2641","2017-06-28",18.1
"2642","2017-06-29",18.25
"2643","2017-06-30",18.15
"2644","2017-07-03",17.950001
"2645","2017-07-05",17.549999
"2646","2017-07-06",18
"2647","2017-07-07",18.799999
"2648","2017-07-10",18.15
"2649","2017-07-11",17.85
"2650","2017-07-12",17.9
"2651","2017-07-13",18.15
"2652","2017-07-14",18.5
"2653","2017-07-17",18.299999
"2654","2017-07-18",18.25
"2655","2017-07-19",18
"2656","2017-07-20",17.5
"2657","2017-07-21",17.35
"2658","2017-07-24",17.450001
"2659","2017-07-25",17.299999
"2660","2017-07-26",17.299999
"2661","2017-07-27",17.25
"2662","2017-07-28",17.1
"2663","2017-07-31",17
"2664","2017-08-01",17.1
"2665","2017-08-02",16.9
"2666","2017-08-03",16.5
"2667","2017-08-04",14.95
"2668","2017-08-07",14.8
"2669","2017-08-08",15.25
"2670","2017-08-09",15.2
"2671","2017-08-10",15
"2672","2017-08-11",15
"2673","2017-08-14",15.3
"2674","2017-08-15",15.4
"2675","2017-08-16",15.05
"2676","2017-08-17",14.85
"2677","2017-08-18",15
"2678","2017-08-21",15.3
"2679","2017-08-22",15.2
"2680","2017-08-23",15.05
"2681","2017-08-24",14.9
"2682","2017-08-25",15.05
"2683","2017-08-28",15.5
"2684","2017-08-29",15.95
"2685","2017-08-30",16.299999
"2686","2017-08-31",16.5
"2687","2017-09-01",16.85
"2688","2017-09-05",16.25
"2689","2017-09-06",16.1
"2690","2017-09-07",16.200001
"2691","2017-09-08",16.25
"2692","2017-09-11",16.549999
"2693","2017-09-12",16.75
"2694","2017-09-13",16.75
"2695","2017-09-14",16.85
"2696","2017-09-15",16.9
"2697","2017-09-18",16.950001
"2698","2017-09-19",17
"2699","2017-09-20",16.65
"2700","2017-09-21",16.65
"2701","2017-09-22",16.35
"2702","2017-09-25",16.35
"2703","2017-09-26",16.799999
"2704","2017-09-27",17.65
"2705","2017-09-28",17.799999
"2706","2017-09-29",17.299999
"2707","2017-10-02",17.9
"2708","2017-10-03",18
"2709","2017-10-04",18.25
"2710","2017-10-05",18.4
"2711","2017-10-06",19.1
"2712","2017-10-09",18.85
"2713","2017-10-10",18.950001
"2714","2017-10-11",18.950001
"2715","2017-10-12",18.950001
"2716","2017-10-13",19
"2717","2017-10-16",18.549999
"2718","2017-10-17",19.1
"2719","2017-10-18",18.9
"2720","2017-10-19",18.549999
"2721","2017-10-20",18.799999
"2722","2017-10-23",18.450001
"2723","2017-10-24",18.65
"2724","2017-10-25",18.299999
"2725","2017-10-26",18.6
"2726","2017-10-27",18.65
"2727","2017-10-30",18.450001
"2728","2017-10-31",18.700001
"2729","2017-11-01",18.5
"2730","2017-11-02",18.4
"2731","2017-11-03",18.299999
"2732","2017-11-06",18.1
"2733","2017-11-07",17.549999
"2734","2017-11-08",16.9
"2735","2017-11-09",17.15
"2736","2017-11-10",17.25
"2737","2017-11-13",17.4
"2738","2017-11-14",17.950001
"2739","2017-11-15",17.5
"2740","2017-11-16",18.049999
"2741","2017-11-17",18.799999
"2742","2017-11-20",18.4
"2743","2017-11-21",18.299999
"2744","2017-11-22",18.049999
"2745","2017-11-24",18.1
"2746","2017-11-27",17.65
"2747","2017-11-28",17.75
"2748","2017-11-29",17.9
"2749","2017-11-30",17.75
"2750","2017-12-01",17.950001
"2751","2017-12-04",17.950001
"2752","2017-12-05",18.15
"2753","2017-12-06",18.200001
"2754","2017-12-07",18.799999
"2755","2017-12-08",16.950001
"2756","2017-12-11",17.299999
"2757","2017-12-12",17.200001
"2758","2017-12-13",17.549999
"2759","2017-12-14",17.450001
"2760","2017-12-15",17.5
"2761","2017-12-18",17.85
"2762","2017-12-19",17.4
"2763","2017-12-20",17.450001
"2764","2017-12-21",17.549999
"2765","2017-12-22",17.049999
"2766","2017-12-26",17.200001
"2767","2017-12-27",16.950001
"2768","2017-12-28",16.950001
"2769","2017-12-29",17.25
"2770","2018-01-02",17.049999
"2771","2018-01-03",16.950001
"2772","2018-01-04",17.200001
"2773","2018-01-05",17.15
"2774","2018-01-08",17.1
"2775","2018-01-09",17
"2776","2018-01-10",17.15
"2777","2018-01-11",17.4
"2778","2018-01-12",17.85
"2779","2018-01-16",17.450001
"2780","2018-01-17",17.549999
"2781","2018-01-18",17.549999
"2782","2018-01-19",17.9
"2783","2018-01-22",17.9
"2784","2018-01-23",18.25
"2785","2018-01-24",18.049999
"2786","2018-01-25",17.9
"2787","2018-01-26",17.85
"2788","2018-01-29",17.799999
"2789","2018-01-30",17.700001
"2790","2018-01-31",17.5
"2791","2018-02-01",17.75
"2792","2018-02-02",17.200001
"2793","2018-02-05",16.75
"2794","2018-02-06",17.049999
"2795","2018-02-07",16.4
"2796","2018-02-08",15.95
"2797","2018-02-09",15.85
"2798","2018-02-12",15.8
"2799","2018-02-13",15.9
"2800","2018-02-14",15.8
"2801","2018-02-15",15.8
"2802","2018-02-16",15.85
"2803","2018-02-20",15.6
"2804","2018-02-21",15.8
"2805","2018-02-22",15.85
"2806","2018-02-23",15.95
"2807","2018-02-26",15.95
"2808","2018-02-27",15.6
"2809","2018-02-28",15.35
"2810","2018-03-01",15.15
"2811","2018-03-02",15.8
"2812","2018-03-05",15.6
"2813","2018-03-06",15.6
"2814","2018-03-07",16.15
"2815","2018-03-08",16.4
"2816","2018-03-09",16.799999
"2817","2018-03-12",16.799999
"2818","2018-03-13",16.450001
"2819","2018-03-14",16.4
"2820","2018-03-15",16
"2821","2018-03-16",16.15
"2822","2018-03-19",15.95
"2823","2018-03-20",15.6
"2824","2018-03-21",15.35
"2825","2018-03-22",15.1
"2826","2018-03-23",15.1
"2827","2018-03-26",15.3
"2828","2018-03-27",15.05
"2829","2018-03-28",15.1
"2830","2018-03-29",15.15
"2831","2018-04-02",15.4
"2832","2018-04-03",15.65
"2833","2018-04-04",16.200001
"2834","2018-04-05",16.25
"2835","2018-04-06",16.35
"2836","2018-04-09",16.4
"2837","2018-04-10",16.65
"2838","2018-04-11",16.65
"2839","2018-04-12",16.65
"2840","2018-04-13",16.9
"2841","2018-04-16",17.049999
"2842","2018-04-17",17.15
"2843","2018-04-18",17.200001
"2844","2018-04-19",17.35
"2845","2018-04-20",17.049999
"2846","2018-04-23",17.049999
"2847","2018-04-24",16.950001
"2848","2018-04-25",16.950001
"2849","2018-04-26",16.85
"2850","2018-04-27",16.700001
"2851","2018-04-30",16.9
"2852","2018-05-01",17.200001
"2853","2018-05-02",17.200001
"2854","2018-05-03",17.15
"2855","2018-05-04",17.65
"2856","2018-05-07",17.85
"2857","2018-05-08",17.450001
"2858","2018-05-09",17.4
"2859","2018-05-10",17.6
"2860","2018-05-11",17.5
"2861","2018-05-14",17.5
"2862","2018-05-15",17.35
"2863","2018-05-16",17.299999
"2864","2018-05-17",17.549999
"2865","2018-05-18",17.6
"2866","2018-05-21",18.200001
"2867","2018-05-22",17.75
"2868","2018-05-23",17.700001
"2869","2018-05-24",17.6
"2870","2018-05-25",17.6
"2871","2018-05-29",17.549999
"2872","2018-05-30",17.799999
"2873","2018-05-31",17.65
"2874","2018-06-01",17.700001
"2875","2018-06-04",17.6
"2876","2018-06-05",17.700001
"2877","2018-06-06",17.6
"2878","2018-06-07",17.5
"2879","2018-06-08",17.200001
"2880","2018-06-11",17.25
"2881","2018-06-12",17.200001
"2882","2018-06-13",17
"2883","2018-06-14",16.9
"2884","2018-06-15",16.700001
"2885","2018-06-18",16.9
"2886","2018-06-19",16.85
"2887","2018-06-20",16.85
"2888","2018-06-21",16.85
"2889","2018-06-22",16.9
"2890","2018-06-25",16.950001
"2891","2018-06-26",17.200001
"2892","2018-06-27",16.9
"2893","2018-06-28",16.6
"2894","2018-06-29",16.75
"2895","2018-07-02",16.950001
"2896","2018-07-03",16.85
"2897","2018-07-05",17.049999
"2898","2018-07-06",17.299999
"2899","2018-07-09",17.450001
"2900","2018-07-10",17.200001
"2901","2018-07-11",17.35
"2902","2018-07-12",17.299999
"2903","2018-07-13",17.75
"2904","2018-07-16",17.75
"2905","2018-07-17",17.58
"2906","2018-07-18",17.450001
"2907","2018-07-19",17.549999
"2908","2018-07-20",17.4
"2909","2018-07-23",17.35
"2910","2018-07-24",17.15
"2911","2018-07-25",17.200001
"2912","2018-07-26",17.5
"2913","2018-07-27",17.450001
"2914","2018-07-30",17.450001
"2915","2018-07-31",17.950001
"2916","2018-08-01",17.65
"2917","2018-08-02",17.9
"2918","2018-08-03",18.85
"2919","2018-08-06",19.549999
"2920","2018-08-07",19.75
"2921","2018-08-08",19.65
"2922","2018-08-09",19.5
"2923","2018-08-10",19.15
"2924","2018-08-13",18.950001
"2925","2018-08-14",18.950001
"2926","2018-08-15",18.6
"2927","2018-08-16",19
"2928","2018-08-17",19.25
"2929","2018-08-20",19.299999
"2930","2018-08-21",19.25
"2931","2018-08-22",19.1
"2932","2018-08-23",18.85
"2933","2018-08-24",18.950001
"2934","2018-08-27",18.75
"2935","2018-08-28",18.85
"2936","2018-08-29",18.950001
"2937","2018-08-30",18.9
"2938","2018-08-31",19.15
"2939","2018-09-04",19.15
"2940","2018-09-05",18.85
"2941","2018-09-06",18.9
"2942","2018-09-07",19
"2943","2018-09-10",19.200001
"2944","2018-09-11",19.35
"2945","2018-09-12",19.43
"2946","2018-09-13",19.1
"2947","2018-09-14",19.549999
"2948","2018-09-17",19.75
"2949","2018-09-18",19.6
"2950","2018-09-19",19.15
"2951","2018-09-20",19.25
"2952","2018-09-21",19.450001
"2953","2018-09-24",19.15
"2954","2018-09-25",19.200001
"2955","2018-09-26",19.049999
"2956","2018-09-27",19.1
"2957","2018-09-28",19.5
"2958","2018-10-01",19.200001
"2959","2018-10-02",19.030001
"2960","2018-10-03",19.26
"2961","2018-10-04",19.17
"2962","2018-10-05",18.76
"2963","2018-10-08",18.790001
"2964","2018-10-09",19
"2965","2018-10-10",18.690001
"2966","2018-10-11",18.65
"2967","2018-10-12",18.360001
"2968","2018-10-15",17.629999
"2969","2018-10-16",17.99
"2970","2018-10-17",18.07
"2971","2018-10-18",17.940001
"2972","2018-10-19",17.4
"2973","2018-10-22",17.440001
"2974","2018-10-23",17.68
"2975","2018-10-24",16.879999
"2976","2018-10-25",17.74
"2977","2018-10-26",17.389999
"2978","2018-10-29",17.76
"2979","2018-10-30",17.639999
"2980","2018-10-31",17.74
"2981","2018-11-01",17.4
"2982","2018-11-02",17.799999
"2983","2018-11-05",17.370001
"2984","2018-11-06",17.27
"2985","2018-11-07",17.73
"2986","2018-11-08",17.959999
"2987","2018-11-09",17.07
"2988","2018-11-12",17.200001
"2989","2018-11-13",17.469999
"2990","2018-11-14",16.9
"2991","2018-11-15",17.639999
"2992","2018-11-16",17.1
"2993","2018-11-19",16.690001
"2994","2018-11-20",17
"2995","2018-11-21",17.799999
"2996","2018-11-23",17.9
"2997","2018-11-26",18.559999
"2998","2018-11-27",17.690001
"2999","2018-11-28",17.91
"3000","2018-11-29",17.719999
"3001","2018-11-30",17.559999
"3002","2018-12-03",17.290001
"3003","2018-12-04",16.790001
"3004","2018-12-06",16.57
"3005","2018-12-07",17.09
"3006","2018-12-10",16.98
"3007","2018-12-11",16.440001
"3008","2018-12-12",17.09
"3009","2018-12-13",16.34
"3010","2018-12-14",16.129999
"3011","2018-12-17",15.79
"3012","2018-12-18",16.049999
"3013","2018-12-19",15.65
"3014","2018-12-20",15.25
"3015","2018-12-21",15.17
"3016","2018-12-24",14.93
"3017","2018-12-26",15.32
"3018","2018-12-27",15.48
"3019","2018-12-28",15.78
"3020","2018-12-31",15.55
"3021","2019-01-02",15.96
"3022","2019-01-03",15.86
"3023","2019-01-04",16.74
"3024","2019-01-07",16.83
"3025","2019-01-08",16.790001
"3026","2019-01-09",16.73
"3027","2019-01-10",16.959999
"3028","2019-01-11",16.85
"3029","2019-01-14",16.540001
"3030","2019-01-15",16.49
"3031","2019-01-16",16.700001
"3032","2019-01-17",16.74
"3033","2019-01-18",16.9
"3034","2019-01-22",17.02
"3035","2019-01-23",16.91
"3036","2019-01-24",16.940001
"3037","2019-01-25",16.700001
"3038","2019-01-28",16.43
"3039","2019-01-29",16.59
"3040","2019-01-30",16.639999
"3041","2019-01-31",16.74
"3042","2019-02-01",16.67
"3043","2019-02-04",16.85
"3044","2019-02-05",16.799999
"3045","2019-02-06",17.85
"3046","2019-02-07",17.559999
"3047","2019-02-08",18.4
"3048","2019-02-11",18.559999
"3049","2019-02-12",18.549999
"3050","2019-02-13",18.65
"3051","2019-02-14",18.450001
"3052","2019-02-15",18.610001
"3053","2019-02-19",18.780001
"3054","2019-02-20",18.700001
"3055","2019-02-21",18.99
"3056","2019-02-22",18.98
"3057","2019-02-25",19
"3058","2019-02-26",18.76
"3059","2019-02-27",18.76
"3060","2019-02-28",18.379999
"3061","2019-03-01",18.5
"3062","2019-03-04",18.889999
"3063","2019-03-05",18.860001
"3064","2019-03-06",18.450001
"3065","2019-03-07",18.610001
"3066","2019-03-08",18.42
"3067","2019-03-11",18.85
"3068","2019-03-12",18.389999
"3069","2019-03-13",18.27
"3070","2019-03-14",18.32
"3071","2019-03-15",17.82
"3072","2019-03-18",17.75
"3073","2019-03-19",17.85
"3074","2019-03-20",17.73
"3075","2019-03-21",17.959999
"3076","2019-03-22",17.43
"3077","2019-03-25",17.77
"3078","2019-03-26",17.9
"3079","2019-03-27",18.01
"3080","2019-03-28",17.889999
"3081","2019-03-29",17.77
"3082","2019-04-01",17.85
"3083","2019-04-02",17.700001
"3084","2019-04-03",17.66
"3085","2019-04-04",17.719999
"3086","2019-04-05",18.040001
"3087","2019-04-08",18
"3088","2019-04-09",17.91
"3089","2019-04-10",18.15
"3090","2019-04-11",17.92
"3091","2019-04-12",18.01
"3092","2019-04-15",17.940001
"3093","2019-04-16",17.940001
"3094","2019-04-17",18
"3095","2019-04-18",18.200001
"3096","2019-04-22",17.950001
"3097","2019-04-23",17.9
"3098","2019-04-24",17.65
"3099","2019-04-25",17.459999
"3100","2019-04-26",17.459999
"3101","2019-04-29",17.309999
"3102","2019-04-30",17.51
"3103","2019-05-01",17.450001
"3104","2019-05-02",17.370001
"3105","2019-05-03",17.690001
"3106","2019-05-06",17.5
"3107","2019-05-07",17.9
"3108","2019-05-08",17.950001
"3109","2019-05-09",17.959999
"3110","2019-05-10",17.950001
"3111","2019-05-13",18.02
"3112","2019-05-14",18.41
"3113","2019-05-15",18.6
"3114","2019-05-16",18.57
"3115","2019-05-17",18.540001
"3116","2019-05-20",18.530001
"3117","2019-05-21",19.190001
"3118","2019-05-22",18.950001
"3119","2019-05-23",18.469999
"3120","2019-05-24",18.469999
"3121","2019-05-28",18.26
"3122","2019-05-29",17.049999
"3123","2019-05-30",16.790001
"3124","2019-05-31",17.92
"3125","2019-06-03",18.120001
"3126","2019-06-04",18.950001
"3127","2019-06-05",18.1
"3128","2019-06-06",17.969999
"3129","2019-06-07",18.440001
"3130","2019-06-10",18.43
"3131","2019-06-11",18.379999
"3132","2019-06-12",18.530001
"3133","2019-06-13",18.540001
"3134","2019-06-14",18.34
"3135","2019-06-17",18.6
"3136","2019-06-18",18.43
"3137","2019-06-19",18.49
"3138","2019-06-20",18.43
"3139","2019-06-21",18.459999
"3140","2019-06-24",18.41
"3141","2019-06-25",18.379999
"3142","2019-06-26",18.290001
"3143","2019-06-27",18.459999
"3144","2019-06-28",18.85
"3145","2019-07-01",18.84
"3146","2019-07-02",18.780001
"3147","2019-07-03",18.629999
"3148","2019-07-05",18.790001
"3149","2019-07-08",18.65
"3150","2019-07-09",18.559999
"3151","2019-07-10",18.51
"3152","2019-07-11",18.280001
"3153","2019-07-12",18.469999
"3154","2019-07-15",18.549999
"3155","2019-07-16",18.59
"3156","2019-07-17",18.469999
"3157","2019-07-18",18.290001
"3158","2019-07-19",18.219999
"3159","2019-07-22",18.209999
"3160","2019-07-23",17.99
"3161","2019-07-24",18.35
"3162","2019-07-25",18.02
"3163","2019-07-26",17.91
"3164","2019-07-29",17.93
"3165","2019-07-30",18.190001
"3166","2019-07-31",18.110001
"3167","2019-08-01",17.76
"3168","2019-08-02",18.610001
"3169","2019-08-05",18.48
"3170","2019-08-06",18.58
"3171","2019-08-07",18.75
"3172","2019-08-08",18.93
"3173","2019-08-09",18.9
"3174","2019-08-12",18.950001
"3175","2019-08-13",19.18
"3176","2019-08-14",18.75
"3177","2019-08-15",18.950001
"3178","2019-08-16",19.09
"3179","2019-08-19",19.25
"3180","2019-08-20",19.139999
"3181","2019-08-21",18.719999
"3182","2019-08-22",18.98
"3183","2019-08-23",18.549999
"3184","2019-08-26",18.690001
"3185","2019-08-27",18.459999
"3186","2019-08-28",18.26
"3187","2019-08-29",18.879999
"3188","2019-08-30",18.870001
"3189","2019-09-03",18.93
"3190","2019-09-04",18.84
"3191","2019-09-05",19
"3192","2019-09-06",18.809999
"3193","2019-09-09",19.1
"3194","2019-09-10",19.139999
"3195","2019-09-11",19.76
"3196","2019-09-12",20.02
"3197","2019-09-13",20.4
"3198","2019-09-16",20.48
"3199","2019-09-17",20.65
"3200","2019-09-18",20.59
"3201","2019-09-19",20.67
"3202","2019-09-20",20.120001
"3203","2019-09-23",20.700001
"3204","2019-09-24",20.43
"3205","2019-09-25",20.68
"3206","2019-09-26",20.67
"3207","2019-09-27",20.52
"3208","2019-09-30",20.59
"3209","2019-10-01",20.280001
"3210","2019-10-02",19.99
"3211","2019-10-03",19.93
"3212","2019-10-04",19.84
"3213","2019-10-07",19.99
"3214","2019-10-08",19.719999
"3215","2019-10-09",19.82
"3216","2019-10-10",19.629999
"3217","2019-10-11",19.65
"3218","2019-10-14",19.74
"3219","2019-10-15",20.209999
"3220","2019-10-16",20.219999
"3221","2019-10-17",20.120001
"3222","2019-10-18",20.26
"3223","2019-10-21",20.639999
"3224","2019-10-22",20.33
"3225","2019-10-23",20.42
"3226","2019-10-24",20.25
"3227","2019-10-25",20.469999
"3228","2019-10-28",20.379999
"3229","2019-10-29",20.389999
"3230","2019-10-30",20.24
"3231","2019-10-31",19.4
"3232","2019-11-01",19.35
"3233","2019-11-04",19.98
"3234","2019-11-05",20
"3235","2019-11-06",20.08
"3236","2019-11-07",19.940001
"3237","2019-11-08",19.99
"3238","2019-11-11",20.09
"3239","2019-11-12",19.98
"3240","2019-11-13",20.02
"3241","2019-11-14",20.190001
"3242","2019-11-15",20.209999
"3243","2019-11-18",20.18
"3244","2019-11-19",20.780001
"3245","2019-11-20",21.030001
"3246","2019-11-21",20.639999
"3247","2019-11-22",20.67
"3248","2019-11-25",21.42
"3249","2019-11-26",21.35
"3250","2019-11-27",21.85
"3251","2019-11-29",21.690001
"3252","2019-12-02",21.700001
"3253","2019-12-03",21.51
"3254","2019-12-04",21.379999
"3255","2019-12-05",21.799999
"3256","2019-12-06",23.6
"3257","2019-12-09",23.93
"3258","2019-12-10",24
"3259","2019-12-11",24.49
"3260","2019-12-12",25.059999
"3261","2019-12-13",25.129999
"3262","2019-12-16",25.1
"3263","2019-12-17",25.139999
"3264","2019-12-18",25.09
"3265","2019-12-19",25.09
"3266","2019-12-20",25.280001
"3267","2019-12-23",25.709999
"3268","2019-12-24",25.620001
"3269","2019-12-26",25.85
"3270","2019-12-27",25.969999
"3271","2019-12-30",26.08
"3272","2019-12-31",25.66
"3273","2020-01-02",25.129999
"3274","2020-01-03",24.91
"3275","2020-01-06",25.16
"3276","2020-01-07",25.700001
"3277","2020-01-08",25.84
"3278","2020-01-09",26.02
"3279","2020-01-10",25.969999
"3280","2020-01-13",26.27
"3281","2020-01-14",26.42
"3282","2020-01-15",26.24
"3283","2020-01-16",26.32
"3284","2020-01-17",26.32
"3285","2020-01-21",25.809999
"3286","2020-01-22",26.08
"3287","2020-01-23",26.299999
"3288","2020-01-24",26.389999
"3289","2020-01-27",27.26
"3290","2020-01-28",26.98
"3291","2020-01-29",26.110001
"3292","2020-01-30",25.440001
"3293","2020-01-31",25.01
"3294","2020-02-03",25.309999
"3295","2020-02-04",24.57
"3296","2020-02-05",26.379999
"3297","2020-02-06",25.889999
"3298","2020-02-07",25.01
"3299","2020-02-10",25.190001
"3300","2020-02-11",24.809999
"3301","2020-02-12",25.02
"3302","2020-02-13",24.93
"3303","2020-02-14",24.559999
"3304","2020-02-18",25.09
"3305","2020-02-19",25.48
"3306","2020-02-20",25.34
"3307","2020-02-21",25.17
"3308","2020-02-24",25.07
"3309","2020-02-25",24.35
"3310","2020-02-26",24.059999
"3311","2020-02-27",22.950001
"3312","2020-02-28",23.309999
"3313","2020-03-02",24.17
"3314","2020-03-03",23.33
"3315","2020-03-04",24.719999
"3316","2020-03-05",24.52
"3317","2020-03-06",24.440001
"3318","2020-03-09",22.120001
"3319","2020-03-10",22.41
"3320","2020-03-11",21.93
"3321","2020-03-12",19.17
"3322","2020-03-13",19.799999
"3323","2020-03-16",17.209999
"3324","2020-03-17",17.059999
"3325","2020-03-18",14.01
"3326","2020-03-19",16.02
"3327","2020-03-20",15.69
"3328","2020-03-23",15.63
"3329","2020-03-24",16.76
"3330","2020-03-25",18.02
"3331","2020-03-26",18.219999
"3332","2020-03-27",17.290001
"3333","2020-03-30",17.690001
"3334","2020-03-31",17.65
"3335","2020-04-01",16.360001
"3336","2020-04-02",16.610001
"3337","2020-04-03",16.4
"3338","2020-04-06",17.280001
"3339","2020-04-07",17.870001
"3340","2020-04-08",18.700001
"3341","2020-04-09",19.889999
"3342","2020-04-13",19.18
"3343","2020-04-14",19.75
"3344","2020-04-15",18.48
"3345","2020-04-16",17.799999
"3346","2020-04-17",18.34
"3347","2020-04-20",17.6
"3348","2020-04-21",17.040001
"3349","2020-04-22",17.120001
"3350","2020-04-23",17.690001
"3351","2020-04-24",17.629999
"3352","2020-04-27",18.190001
"3353","2020-04-28",19.09
"3354","2020-04-29",20.129999
"3355","2020-04-30",19.75
"3356","2020-05-01",19.66
"3357","2020-05-04",19.799999
"3358","2020-05-05",20.700001
"3359","2020-05-06",20.85
"3360","2020-05-07",21.49
"3361","2020-05-08",22.120001
"3362","2020-05-11",21.5
"3363","2020-05-12",20.77
"3364","2020-05-13",20
"3365","2020-05-14",19.969999
"3366","2020-05-15",21.209999
"3367","2020-05-18",23.049999
"3368","2020-05-19",23.07
"3369","2020-05-20",22.809999
"3370","2020-05-21",23.059999
"3371","2020-05-22",23.110001
"3372","2020-05-26",24.09
"3373","2020-05-27",24.450001
"3374","2020-05-28",23.42
"3375","2020-05-29",23.4
"3376","2020-06-01",23.530001
"3377","2020-06-02",23.5
"3378","2020-06-03",23.280001
"3379","2020-06-04",23.4
"3380","2020-06-05",23.950001
"3381","2020-06-08",23.66
"3382","2020-06-09",23.610001
"3383","2020-06-10",23.690001
"3384","2020-06-11",21.57
"3385","2020-06-12",21.99
"3386","2020-06-15",22.139999
"3387","2020-06-16",22.41
"3388","2020-06-17",22.17
"3389","2020-06-18",21.799999
"3390","2020-06-19",21.629999
"3391","2020-06-22",21.85
"3392","2020-06-23",22.4
"3393","2020-06-24",21.42
"3394","2020-06-25",22.200001
"3395","2020-06-26",21.77
"3396","2020-06-29",22.9
"3397","2020-06-30",23.17
"3398","2020-07-01",22.450001
"3399","2020-07-02",22.07
"3400","2020-07-06",22.23
"3401","2020-07-07",20.969999
"3402","2020-07-08",20.549999
"3403","2020-07-09",20.25
"3404","2020-07-10",20.25
"3405","2020-07-13",20.67
"3406","2020-07-14",20.99
"3407","2020-07-15",22.799999
"3408","2020-07-16",22.83
"3409","2020-07-17",23.51
"3410","2020-07-20",23.860001
"3411","2020-07-21",24.34
"3412","2020-07-22",24.290001
"3413","2020-07-23",24.280001
"3414","2020-07-24",23.41
"3415","2020-07-27",23.9
"3416","2020-07-28",23.139999
"3417","2020-07-29",24.01
"3418","2020-07-30",24.09
"3419","2020-07-31",23.83
"3420","2020-08-03",23.15
"3421","2020-08-04",23.700001
"3422","2020-08-05",24.1
"3423","2020-08-06",24.32
"3424","2020-08-07",27.48
"3425","2020-08-10",27.84
"3426","2020-08-11",28.629999
"3427","2020-08-12",29.799999
"3428","2020-08-13",29.719999
"3429","2020-08-14",29.43
"3430","2020-08-17",29.07
"3431","2020-08-18",29.370001
"3432","2020-08-19",29.290001
"3433","2020-08-20",28.99
"3434","2020-08-21",29.120001
"3435","2020-08-24",29.43
"3436","2020-08-25",29.440001
"3437","2020-08-26",29.379999
"3438","2020-08-27",29.26
"3439","2020-08-28",29.16
"3440","2020-08-31",28.83
"3441","2020-09-01",29.41
"3442","2020-09-02",29.75
"3443","2020-09-03",29.110001
"3444","2020-09-04",29.02
"3445","2020-09-08",31.540001
"3446","2020-09-09",31.98
"3447","2020-09-10",31.440001
"3448","2020-09-11",32.18
"3449","2020-09-14",33.529999
"3450","2020-09-15",34.02
"3451","2020-09-16",35.110001
"3452","2020-09-17",34.799999
"3453","2020-09-18",35.23
"3454","2020-09-21",32.32
"3455","2020-09-22",31.82
"3456","2020-09-23",29.889999
"3457","2020-09-24",29.83
"3458","2020-09-25",30.1
"3459","2020-09-28",31.27
"3460","2020-09-29",31.370001
"3461","2020-09-30",31.77
"3462","2020-10-01",32.650002
"3463","2020-10-02",32.849998
"3464","2020-10-05",34.630001
"3465","2020-10-06",36.759998
"3466","2020-10-07",37.93
"3467","2020-10-08",37.580002
"3468","2020-10-09",37.389999
"3469","2020-10-12",37.849998
"3470","2020-10-13",37.439999
"3471","2020-10-14",37.02
"3472","2020-10-15",37.27
"3473","2020-10-16",37.790001
"3474","2020-10-19",37.990002
"3475","2020-10-20",38.619999
"3476","2020-10-21",37.029999
"3477","2020-10-22",36
"3478","2020-10-23",35.869999
"3479","2020-10-26",34.5
"3480","2020-10-27",33.310001
"3481","2020-10-28",32.009998
"3482","2020-10-29",32.16
"3483","2020-10-30",31.92
"3484","2020-11-02",32.900002
"3485","2020-11-03",34.029999
"3486","2020-11-04",34.009998
"3487","2020-11-05",35.27
"3488","2020-11-06",35.259998
"3489","2020-11-09",35.09
"3490","2020-11-10",37.939999
"3491","2020-11-11",37.68
"3492","2020-11-12",37.77
"3493","2020-11-13",38.630001
"3494","2020-11-16",38.360001
"3495","2020-11-17",38.59
"3496","2020-11-18",38.049999
"3497","2020-11-19",38.02
"3498","2020-11-20",36.950001
"3499","2020-11-23",36.369999
"3500","2020-11-24",37.439999
"3501","2020-11-25",37.549999
"3502","2020-11-27",37.540001
