"","date","KO"
"1","2007-01-03",24.290001
"2","2007-01-04",24.299999
"3","2007-01-05",24.129999
"4","2007-01-08",24.285
"5","2007-01-09",24.305
"6","2007-01-10",24.34
"7","2007-01-11",24.370001
"8","2007-01-12",24.275
"9","2007-01-16",24.25
"10","2007-01-17",24.299999
"11","2007-01-18",24.174999
"12","2007-01-19",24.129999
"13","2007-01-22",24.014999
"14","2007-01-23",24.059999
"15","2007-01-24",24.065001
"16","2007-01-25",23.969999
"17","2007-01-26",23.915001
"18","2007-01-29",23.855
"19","2007-01-30",23.905001
"20","2007-01-31",23.940001
"21","2007-02-01",24.049999
"22","2007-02-02",24.120001
"23","2007-02-05",23.950001
"24","2007-02-06",24.025
"25","2007-02-07",24.014999
"26","2007-02-08",23.93
"27","2007-02-09",23.879999
"28","2007-02-12",23.959999
"29","2007-02-13",24.105
"30","2007-02-14",23.940001
"31","2007-02-15",23.924999
"32","2007-02-16",23.934999
"33","2007-02-20",23.889999
"34","2007-02-21",23.785
"35","2007-02-22",23.65
"36","2007-02-23",23.629999
"37","2007-02-26",23.860001
"38","2007-02-27",23.195
"39","2007-02-28",23.34
"40","2007-03-01",23.26
"41","2007-03-02",22.945
"42","2007-03-05",23.145
"43","2007-03-06",23.465
"44","2007-03-07",23.375
"45","2007-03-08",23.575001
"46","2007-03-09",23.785
"47","2007-03-12",23.975
"48","2007-03-13",23.530001
"49","2007-03-14",23.52
"50","2007-03-15",23.540001
"51","2007-03-16",23.605
"52","2007-03-19",23.665001
"53","2007-03-20",23.809999
"54","2007-03-21",24.129999
"55","2007-03-22",24.125
"56","2007-03-23",24.025
"57","2007-03-26",24.075001
"58","2007-03-27",24.01
"59","2007-03-28",23.955
"60","2007-03-29",24.055
"61","2007-03-30",24
"62","2007-04-02",24.26
"63","2007-04-03",24.495001
"64","2007-04-04",24.73
"65","2007-04-05",24.76
"66","2007-04-09",24.815001
"67","2007-04-10",25.040001
"68","2007-04-11",24.82
"69","2007-04-12",24.834999
"70","2007-04-13",24.940001
"71","2007-04-16",25.135
"72","2007-04-17",25.785
"73","2007-04-18",25.83
"74","2007-04-19",25.875
"75","2007-04-20",26.045
"76","2007-04-23",25.825001
"77","2007-04-24",25.855
"78","2007-04-25",25.870001
"79","2007-04-26",26.040001
"80","2007-04-27",26.030001
"81","2007-04-30",26.094999
"82","2007-05-01",26.315001
"83","2007-05-02",26.355
"84","2007-05-03",26.455
"85","2007-05-04",26.605
"86","2007-05-07",26.805
"87","2007-05-08",26.535
"88","2007-05-09",26.555
"89","2007-05-10",26.24
"90","2007-05-11",26.344999
"91","2007-05-14",26.299999
"92","2007-05-15",26.23
"93","2007-05-16",26.370001
"94","2007-05-17",26.1
"95","2007-05-18",26.315001
"96","2007-05-21",25.955
"97","2007-05-22",25.74
"98","2007-05-23",25.665001
"99","2007-05-24",25.620001
"100","2007-05-25",25.945
"101","2007-05-29",26.09
"102","2007-05-30",26.525
"103","2007-05-31",26.495001
"104","2007-06-01",26.4
"105","2007-06-04",26.334999
"106","2007-06-05",26.16
"107","2007-06-06",26
"108","2007-06-07",25.690001
"109","2007-06-08",25.834999
"110","2007-06-11",25.815001
"111","2007-06-12",25.57
"112","2007-06-13",25.68
"113","2007-06-14",25.655001
"114","2007-06-15",25.790001
"115","2007-06-18",25.879999
"116","2007-06-19",25.695
"117","2007-06-20",25.745001
"118","2007-06-21",26.045
"119","2007-06-22",25.809999
"120","2007-06-25",25.885
"121","2007-06-26",25.975
"122","2007-06-27",26.219999
"123","2007-06-28",26.315001
"124","2007-06-29",26.155001
"125","2007-07-02",26.280001
"126","2007-07-03",26.450001
"127","2007-07-05",26.334999
"128","2007-07-06",26.299999
"129","2007-07-09",26.35
"130","2007-07-10",26.049999
"131","2007-07-11",26.045
"132","2007-07-12",26.315001
"133","2007-07-13",26.555
"134","2007-07-16",26.924999
"135","2007-07-17",26.584999
"136","2007-07-18",26.715
"137","2007-07-19",26.85
"138","2007-07-20",26.605
"139","2007-07-23",26.82
"140","2007-07-24",26.610001
"141","2007-07-25",27.025
"142","2007-07-26",26.49
"143","2007-07-27",26.139999
"144","2007-07-30",26.195
"145","2007-07-31",26.055
"146","2007-08-01",26.635
"147","2007-08-02",26.83
"148","2007-08-03",26.639999
"149","2007-08-06",27.115
"150","2007-08-07",27.23
"151","2007-08-08",27.93
"152","2007-08-09",27.924999
"153","2007-08-10",27.49
"154","2007-08-13",27.26
"155","2007-08-14",27.07
"156","2007-08-15",26.915001
"157","2007-08-16",26.790001
"158","2007-08-17",27.225
"159","2007-08-20",27.26
"160","2007-08-21",27.014999
"161","2007-08-22",26.975
"162","2007-08-23",26.99
"163","2007-08-24",27
"164","2007-08-27",27.004999
"165","2007-08-28",26.629999
"166","2007-08-29",26.754999
"167","2007-08-30",26.700001
"168","2007-08-31",26.889999
"169","2007-09-04",27.184999
"170","2007-09-05",26.844999
"171","2007-09-06",27.33
"172","2007-09-07",27.295
"173","2007-09-10",27.285
"174","2007-09-11",27.83
"175","2007-09-12",27.92
"176","2007-09-13",27.934999
"177","2007-09-14",28.200001
"178","2007-09-17",27.639999
"179","2007-09-18",28.205
"180","2007-09-19",28.309999
"181","2007-09-20",28.155001
"182","2007-09-21",28.275
"183","2007-09-24",28.35
"184","2007-09-25",28.51
"185","2007-09-26",28.674999
"186","2007-09-27",28.665001
"187","2007-09-28",28.735001
"188","2007-10-01",28.950001
"189","2007-10-02",28.959999
"190","2007-10-03",28.785
"191","2007-10-04",28.934999
"192","2007-10-05",29.035
"193","2007-10-08",28.9
"194","2007-10-09",28.940001
"195","2007-10-10",28.934999
"196","2007-10-11",28.594999
"197","2007-10-12",28.9
"198","2007-10-15",28.82
"199","2007-10-16",28.879999
"200","2007-10-17",29.545
"201","2007-10-18",29.68
"202","2007-10-19",29.379999
"203","2007-10-22",29.625
"204","2007-10-23",29.875
"205","2007-10-24",30.09
"206","2007-10-25",30.65
"207","2007-10-26",30.785
"208","2007-10-29",30.92
"209","2007-10-30",30.865
"210","2007-10-31",30.879999
"211","2007-11-01",30.450001
"212","2007-11-02",30.254999
"213","2007-11-05",30.17
"214","2007-11-06",30.504999
"215","2007-11-07",29.98
"216","2007-11-08",30.735001
"217","2007-11-09",30.415001
"218","2007-11-12",29.93
"219","2007-11-13",30.52
"220","2007-11-14",30.68
"221","2007-11-15",30.975
"222","2007-11-16",31.309999
"223","2007-11-19",31.15
"224","2007-11-20",31.395
"225","2007-11-21",31.125
"226","2007-11-23",31.15
"227","2007-11-26",30.865
"228","2007-11-27",31.49
"229","2007-11-28",31.495001
"230","2007-11-29",31.395
"231","2007-11-30",31.049999
"232","2007-12-03",31.1
"233","2007-12-04",31.375
"234","2007-12-05",31.525
"235","2007-12-06",31.535
"236","2007-12-07",31.575001
"237","2007-12-10",31.635
"238","2007-12-11",31.485001
"239","2007-12-12",31.885
"240","2007-12-13",32.044998
"241","2007-12-14",31.905001
"242","2007-12-17",31.235001
"243","2007-12-18",31.110001
"244","2007-12-19",31.424999
"245","2007-12-20",31.139999
"246","2007-12-21",31.535
"247","2007-12-24",31.605
"248","2007-12-26",31.504999
"249","2007-12-27",31.15
"250","2007-12-28",31.135
"251","2007-12-31",30.684999
"252","2008-01-02",30.545
"253","2008-01-03",30.865
"254","2008-01-04",30.924999
"255","2008-01-07",31.655001
"256","2008-01-08",31.785
"257","2008-01-09",32.634998
"258","2008-01-10",32.779999
"259","2008-01-11",31.885
"260","2008-01-14",32.150002
"261","2008-01-15",31.805
"262","2008-01-16",31.325001
"263","2008-01-17",31.02
"264","2008-01-18",30.370001
"265","2008-01-22",29.395
"266","2008-01-23",29.434999
"267","2008-01-24",29.940001
"268","2008-01-25",29.205
"269","2008-01-28",29.705
"270","2008-01-29",29.275
"271","2008-01-30",28.885
"272","2008-01-31",29.5
"273","2008-02-01",29.629999
"274","2008-02-04",29.315001
"275","2008-02-05",28.700001
"276","2008-02-06",28.855
"277","2008-02-07",29.225
"278","2008-02-08",29.625
"279","2008-02-11",29.75
"280","2008-02-12",29.959999
"281","2008-02-13",29.695
"282","2008-02-14",29.275
"283","2008-02-15",29.379999
"284","2008-02-19",29.049999
"285","2008-02-20",29.115
"286","2008-02-21",28.995001
"287","2008-02-22",29.129999
"288","2008-02-25",29.385
"289","2008-02-26",29.76
"290","2008-02-27",30.025
"291","2008-02-28",29.73
"292","2008-02-29",29.23
"293","2008-03-03",29.51
"294","2008-03-04",29.684999
"295","2008-03-05",29.84
"296","2008-03-06",29.549999
"297","2008-03-07",29.424999
"298","2008-03-10",29.33
"299","2008-03-11",29.735001
"300","2008-03-12",29.594999
"301","2008-03-13",29.465
"302","2008-03-14",28.764999
"303","2008-03-17",28.844999
"304","2008-03-18",29.705
"305","2008-03-19",29.98
"306","2008-03-20",30.52
"307","2008-03-24",30.59
"308","2008-03-25",30.705
"309","2008-03-26",30.575001
"310","2008-03-27",30.655001
"311","2008-03-28",30.469999
"312","2008-03-31",30.434999
"313","2008-04-01",30.719999
"314","2008-04-02",30.23
"315","2008-04-03",30.280001
"316","2008-04-04",30.125
"317","2008-04-07",30.184999
"318","2008-04-08",30.254999
"319","2008-04-09",30.389999
"320","2008-04-10",30.665001
"321","2008-04-11",30.145
"322","2008-04-14",30.5
"323","2008-04-15",30.469999
"324","2008-04-16",30.575001
"325","2008-04-17",30.34
"326","2008-04-18",30.055
"327","2008-04-21",30.174999
"328","2008-04-22",29.945
"329","2008-04-23",30.16
"330","2008-04-24",30.125
"331","2008-04-25",29.665001
"332","2008-04-28",29.49
"333","2008-04-29",29.360001
"334","2008-04-30",29.434999
"335","2008-05-01",29.545
"336","2008-05-02",29.385
"337","2008-05-05",29.190001
"338","2008-05-06",29.135
"339","2008-05-07",28.514999
"340","2008-05-08",28.145
"341","2008-05-09",28.075001
"342","2008-05-12",28.200001
"343","2008-05-13",28.25
"344","2008-05-14",28.27
"345","2008-05-15",28.504999
"346","2008-05-16",28.535
"347","2008-05-19",28.76
"348","2008-05-20",28.545
"349","2008-05-21",28.325001
"350","2008-05-22",29.135
"351","2008-05-23",29.315001
"352","2008-05-27",29.295
"353","2008-05-28",28.719999
"354","2008-05-29",28.934999
"355","2008-05-30",28.629999
"356","2008-06-02",28.5
"357","2008-06-03",28.200001
"358","2008-06-04",28.35
"359","2008-06-05",28.594999
"360","2008-06-06",27.9
"361","2008-06-09",27.93
"362","2008-06-10",29.004999
"363","2008-06-11",28.57
"364","2008-06-12",28.57
"365","2008-06-13",27.709999
"366","2008-06-16",27.09
"367","2008-06-17",26.98
"368","2008-06-18",26.58
"369","2008-06-19",26.68
"370","2008-06-20",26.83
"371","2008-06-23",26.629999
"372","2008-06-24",26.684999
"373","2008-06-25",27.049999
"374","2008-06-26",26.610001
"375","2008-06-27",25.92
"376","2008-06-30",25.99
"377","2008-07-01",25.5
"378","2008-07-02",25.684999
"379","2008-07-03",25.74
"380","2008-07-07",25.645
"381","2008-07-08",25.735001
"382","2008-07-09",25.445
"383","2008-07-10",25.02
"384","2008-07-11",25.135
"385","2008-07-14",25.48
"386","2008-07-15",25.895
"387","2008-07-16",26.17
"388","2008-07-17",25.17
"389","2008-07-18",25.014999
"390","2008-07-21",24.799999
"391","2008-07-22",25.674999
"392","2008-07-23",26.25
"393","2008-07-24",25.93
"394","2008-07-25",26.030001
"395","2008-07-28",25.575001
"396","2008-07-29",25.785
"397","2008-07-30",25.655001
"398","2008-07-31",25.75
"399","2008-08-01",26.57
"400","2008-08-04",26.950001
"401","2008-08-05",27.455
"402","2008-08-06",27.68
"403","2008-08-07",27.004999
"404","2008-08-08",27.705
"405","2008-08-11",27.674999
"406","2008-08-12",27.395
"407","2008-08-13",27.605
"408","2008-08-14",27.51
"409","2008-08-15",27.530001
"410","2008-08-18",27.165001
"411","2008-08-19",27.165001
"412","2008-08-20",27.174999
"413","2008-08-21",26.754999
"414","2008-08-22",27.184999
"415","2008-08-25",26.785
"416","2008-08-26",26.76
"417","2008-08-27",26.895
"418","2008-08-28",26.559999
"419","2008-08-29",26.035
"420","2008-09-02",25.98
"421","2008-09-03",25.83
"422","2008-09-04",25.855
"423","2008-09-05",25.965
"424","2008-09-08",26.690001
"425","2008-09-09",26.940001
"426","2008-09-10",26.905001
"427","2008-09-11",27.075001
"428","2008-09-12",27.25
"429","2008-09-15",27.375
"430","2008-09-16",27.424999
"431","2008-09-17",26.33
"432","2008-09-18",26.695
"433","2008-09-19",26.360001
"434","2008-09-22",25.690001
"435","2008-09-23",25.34
"436","2008-09-24",25.094999
"437","2008-09-25",25.73
"438","2008-09-26",26.24
"439","2008-09-29",25.514999
"440","2008-09-30",26.440001
"441","2008-10-01",27.08
"442","2008-10-02",26.799999
"443","2008-10-03",26.285
"444","2008-10-06",25.459999
"445","2008-10-07",24.65
"446","2008-10-08",23.705
"447","2008-10-09",21.65
"448","2008-10-10",20.75
"449","2008-10-13",23.629999
"450","2008-10-14",21.865
"451","2008-10-15",22.105
"452","2008-10-16",22.889999
"453","2008-10-17",22.1
"454","2008-10-20",23.23
"455","2008-10-21",23.014999
"456","2008-10-22",22.690001
"457","2008-10-23",21.530001
"458","2008-10-24",20.805
"459","2008-10-27",20.504999
"460","2008-10-28",22.625
"461","2008-10-29",21.924999
"462","2008-10-30",22.33
"463","2008-10-31",22.030001
"464","2008-11-03",22.725
"465","2008-11-04",23.014999
"466","2008-11-05",22.365
"467","2008-11-06",22.245001
"468","2008-11-07",23.125
"469","2008-11-10",22.950001
"470","2008-11-11",22.219999
"471","2008-11-12",21.915001
"472","2008-11-13",23.139999
"473","2008-11-14",22.51
"474","2008-11-17",21.985001
"475","2008-11-18",21.745001
"476","2008-11-19",21.135
"477","2008-11-20",20.535
"478","2008-11-21",22
"479","2008-11-24",22.615
"480","2008-11-25",22.535
"481","2008-11-26",22.690001
"482","2008-11-28",23.434999
"483","2008-12-01",22.165001
"484","2008-12-02",21.965
"485","2008-12-03",23.07
"486","2008-12-04",22.375
"487","2008-12-05",22.99
"488","2008-12-08",22.99
"489","2008-12-09",22.415001
"490","2008-12-10",22.655001
"491","2008-12-11",22.110001
"492","2008-12-12",22.285
"493","2008-12-15",22.485001
"494","2008-12-16",23.23
"495","2008-12-17",22.74
"496","2008-12-18",22.59
"497","2008-12-19",22.215
"498","2008-12-22",22.33
"499","2008-12-23",21.985001
"500","2008-12-24",22.049999
"501","2008-12-26",22.290001
"502","2008-12-29",22.205
"503","2008-12-30",22.465
"504","2008-12-31",22.635
"505","2009-01-02",22.950001
"506","2009-01-05",22.719999
"507","2009-01-06",22.355
"508","2009-01-07",22.465
"509","2009-01-08",22.620001
"510","2009-01-09",22.299999
"511","2009-01-12",21.865
"512","2009-01-13",22.01
"513","2009-01-14",21.309999
"514","2009-01-15",21.68
"515","2009-01-16",21.92
"516","2009-01-20",21.440001
"517","2009-01-21",21.645
"518","2009-01-22",21.559999
"519","2009-01-23",21.1
"520","2009-01-26",21.514999
"521","2009-01-27",21.665001
"522","2009-01-28",21.93
"523","2009-01-29",21.775
"524","2009-01-30",21.360001
"525","2009-02-02",21.120001
"526","2009-02-03",21.66
"527","2009-02-04",21.200001
"528","2009-02-05",21.344999
"529","2009-02-06",21.775
"530","2009-02-09",21.155001
"531","2009-02-10",20.334999
"532","2009-02-11",20.635
"533","2009-02-12",22.195
"534","2009-02-13",21.924999
"535","2009-02-17",21.299999
"536","2009-02-18",21.34
"537","2009-02-19",21.65
"538","2009-02-20",21.42
"539","2009-02-23",21.045
"540","2009-02-24",21.530001
"541","2009-02-25",21.184999
"542","2009-02-26",20.535
"543","2009-02-27",20.424999
"544","2009-03-02",19.844999
"545","2009-03-03",19.415001
"546","2009-03-04",19.865
"547","2009-03-05",18.924999
"548","2009-03-06",19.549999
"549","2009-03-09",19.375
"550","2009-03-10",19.58
"551","2009-03-11",19.785
"552","2009-03-12",20.42
"553","2009-03-13",20.610001
"554","2009-03-16",20.635
"555","2009-03-17",20.725
"556","2009-03-18",20.825001
"557","2009-03-19",21.09
"558","2009-03-20",21.32
"559","2009-03-23",22.07
"560","2009-03-24",22.01
"561","2009-03-25",22.375
"562","2009-03-26",22.424999
"563","2009-03-27",22.549999
"564","2009-03-30",21.959999
"565","2009-03-31",21.975
"566","2009-04-01",22.43
"567","2009-04-02",22.67
"568","2009-04-03",22.485001
"569","2009-04-06",22.495001
"570","2009-04-07",22.309999
"571","2009-04-08",22.495001
"572","2009-04-09",22.495001
"573","2009-04-13",22.365
"574","2009-04-14",22.105
"575","2009-04-15",22.514999
"576","2009-04-16",22.549999
"577","2009-04-17",22.51
"578","2009-04-20",22.165001
"579","2009-04-21",21.545
"580","2009-04-22",21.465
"581","2009-04-23",21.459999
"582","2009-04-24",21.395
"583","2009-04-27",21.120001
"584","2009-04-28",21.139999
"585","2009-04-29",21.355
"586","2009-04-30",21.525
"587","2009-05-01",21.235001
"588","2009-05-04",21.584999
"589","2009-05-05",21.57
"590","2009-05-06",21.469999
"591","2009-05-07",21.4
"592","2009-05-08",21.459999
"593","2009-05-11",21.375
"594","2009-05-12",22.200001
"595","2009-05-13",21.815001
"596","2009-05-14",22.450001
"597","2009-05-15",22.48
"598","2009-05-18",23.035
"599","2009-05-19",23.32
"600","2009-05-20",23.5
"601","2009-05-21",23.34
"602","2009-05-22",23.65
"603","2009-05-26",23.605
"604","2009-05-27",23.315001
"605","2009-05-28",23.450001
"606","2009-05-29",24.58
"607","2009-06-01",24.51
"608","2009-06-02",24.83
"609","2009-06-03",24.545
"610","2009-06-04",24.879999
"611","2009-06-05",24.719999
"612","2009-06-08",24.690001
"613","2009-06-09",24.545
"614","2009-06-10",24.205
"615","2009-06-11",24.290001
"616","2009-06-12",24.445
"617","2009-06-15",24.055
"618","2009-06-16",23.915001
"619","2009-06-17",23.965
"620","2009-06-18",24.775
"621","2009-06-19",24.405001
"622","2009-06-22",23.995001
"623","2009-06-23",23.9
"624","2009-06-24",23.75
"625","2009-06-25",23.924999
"626","2009-06-26",24.065001
"627","2009-06-29",24.145
"628","2009-06-30",23.995001
"629","2009-07-01",24.59
"630","2009-07-02",24.440001
"631","2009-07-06",24.5
"632","2009-07-07",24.32
"633","2009-07-08",24.254999
"634","2009-07-09",24.355
"635","2009-07-10",24.155001
"636","2009-07-13",24.525
"637","2009-07-14",24.645
"638","2009-07-15",25.264999
"639","2009-07-16",25.395
"640","2009-07-17",25.16
"641","2009-07-20",25.514999
"642","2009-07-21",25.174999
"643","2009-07-22",24.565001
"644","2009-07-23",24.59
"645","2009-07-24",24.68
"646","2009-07-27",24.76
"647","2009-07-28",24.695
"648","2009-07-29",24.639999
"649","2009-07-30",24.834999
"650","2009-07-31",24.92
"651","2009-08-03",24.799999
"652","2009-08-04",24.75
"653","2009-08-05",24.584999
"654","2009-08-06",24.695
"655","2009-08-07",24.67
"656","2009-08-10",24.719999
"657","2009-08-11",24.52
"658","2009-08-12",24.23
"659","2009-08-13",24.059999
"660","2009-08-14",24.235001
"661","2009-08-17",24.35
"662","2009-08-18",24.305
"663","2009-08-19",24.68
"664","2009-08-20",24.709999
"665","2009-08-21",24.955
"666","2009-08-24",24.530001
"667","2009-08-25",24.370001
"668","2009-08-26",24.59
"669","2009-08-27",24.719999
"670","2009-08-28",24.530001
"671","2009-08-31",24.385
"672","2009-09-01",24.264999
"673","2009-09-02",24.9
"674","2009-09-03",24.790001
"675","2009-09-04",24.975
"676","2009-09-08",25.205
"677","2009-09-09",25.315001
"678","2009-09-10",25.290001
"679","2009-09-11",25.754999
"680","2009-09-14",26.08
"681","2009-09-15",26.225
"682","2009-09-16",26.334999
"683","2009-09-17",26.709999
"684","2009-09-18",26.879999
"685","2009-09-21",26.5
"686","2009-09-22",26.424999
"687","2009-09-23",26.290001
"688","2009-09-24",26.17
"689","2009-09-25",26.485001
"690","2009-09-28",26.565001
"691","2009-09-29",26.655001
"692","2009-09-30",26.85
"693","2009-10-01",26.559999
"694","2009-10-02",26.934999
"695","2009-10-05",26.9
"696","2009-10-06",27.16
"697","2009-10-07",27.405001
"698","2009-10-08",27.295
"699","2009-10-09",27.325001
"700","2009-10-12",27.395
"701","2009-10-13",27.4
"702","2009-10-14",27.42
"703","2009-10-15",27.459999
"704","2009-10-16",27.504999
"705","2009-10-19",27.395
"706","2009-10-20",27.035
"707","2009-10-21",27.035
"708","2009-10-22",27.075001
"709","2009-10-23",26.620001
"710","2009-10-26",26.615
"711","2009-10-27",26.73
"712","2009-10-28",26.754999
"713","2009-10-29",27.045
"714","2009-10-30",26.655001
"715","2009-11-02",26.860001
"716","2009-11-03",26.559999
"717","2009-11-04",26.745001
"718","2009-11-05",27.200001
"719","2009-11-06",27.245001
"720","2009-11-09",27.74
"721","2009-11-10",27.905001
"722","2009-11-11",28.065001
"723","2009-11-12",27.969999
"724","2009-11-13",28.23
"725","2009-11-16",28.370001
"726","2009-11-17",28.434999
"727","2009-11-18",28.290001
"728","2009-11-19",28.440001
"729","2009-11-20",28.74
"730","2009-11-23",29.120001
"731","2009-11-24",29.094999
"732","2009-11-25",29.055
"733","2009-11-27",28.59
"734","2009-11-30",28.6
"735","2009-12-01",29.040001
"736","2009-12-02",28.98
"737","2009-12-03",28.635
"738","2009-12-04",28.745001
"739","2009-12-07",28.934999
"740","2009-12-08",28.84
"741","2009-12-09",28.915001
"742","2009-12-10",29.290001
"743","2009-12-11",29.555
"744","2009-12-14",29.52
"745","2009-12-15",29.530001
"746","2009-12-16",29.209999
"747","2009-12-17",28.49
"748","2009-12-18",28.459999
"749","2009-12-21",28.59
"750","2009-12-22",28.635
"751","2009-12-23",28.645
"752","2009-12-24",28.719999
"753","2009-12-28",28.719999
"754","2009-12-29",28.870001
"755","2009-12-30",28.84
"756","2009-12-31",28.5
"757","2010-01-04",28.52
"758","2010-01-05",28.174999
"759","2010-01-06",28.165001
"760","2010-01-07",28.094999
"761","2010-01-08",27.575001
"762","2010-01-11",28.135
"763","2010-01-12",28.440001
"764","2010-01-13",28.514999
"765","2010-01-14",28.565001
"766","2010-01-15",28.145
"767","2010-01-19",28.209999
"768","2010-01-20",27.75
"769","2010-01-21",27.184999
"770","2010-01-22",27.120001
"771","2010-01-25",27.174999
"772","2010-01-26",27.07
"773","2010-01-27",27.254999
"774","2010-01-28",27.09
"775","2010-01-29",27.125
"776","2010-02-01",27.190001
"777","2010-02-02",27.525
"778","2010-02-03",27.434999
"779","2010-02-04",26.715
"780","2010-02-05",26.545
"781","2010-02-08",26.325001
"782","2010-02-09",27.004999
"783","2010-02-10",26.895
"784","2010-02-11",27.110001
"785","2010-02-12",26.99
"786","2010-02-16",27.41
"787","2010-02-17",27.665001
"788","2010-02-18",27.955
"789","2010-02-19",27.860001
"790","2010-02-22",27.690001
"791","2010-02-23",27.415001
"792","2010-02-24",27.58
"793","2010-02-25",26.559999
"794","2010-02-26",26.360001
"795","2010-03-01",26.635
"796","2010-03-02",26.65
"797","2010-03-03",26.965
"798","2010-03-04",27.235001
"799","2010-03-05",27.35
"800","2010-03-08",27.23
"801","2010-03-09",27.09
"802","2010-03-10",27.1
"803","2010-03-11",26.799999
"804","2010-03-12",26.674999
"805","2010-03-15",26.825001
"806","2010-03-16",26.85
"807","2010-03-17",26.92
"808","2010-03-18",26.975
"809","2010-03-19",27.375
"810","2010-03-22",27.27
"811","2010-03-23",27.65
"812","2010-03-24",27.309999
"813","2010-03-25",27.4
"814","2010-03-26",27.325001
"815","2010-03-29",27.385
"816","2010-03-30",27.434999
"817","2010-03-31",27.5
"818","2010-04-01",27.65
"819","2010-04-05",27.43
"820","2010-04-06",27.145
"821","2010-04-07",26.91
"822","2010-04-08",26.879999
"823","2010-04-09",27.295
"824","2010-04-12",27.379999
"825","2010-04-13",27.51
"826","2010-04-14",27.475
"827","2010-04-15",27.129999
"828","2010-04-16",27.485001
"829","2010-04-19",27.66
"830","2010-04-20",27.235001
"831","2010-04-21",27.094999
"832","2010-04-22",27.155001
"833","2010-04-23",26.940001
"834","2010-04-26",26.865
"835","2010-04-27",26.434999
"836","2010-04-28",26.68
"837","2010-04-29",26.870001
"838","2010-04-30",26.725
"839","2010-05-03",26.879999
"840","2010-05-04",26.59
"841","2010-05-05",26.83
"842","2010-05-06",26.15
"843","2010-05-07",26.334999
"844","2010-05-10",27.02
"845","2010-05-11",26.805
"846","2010-05-12",27.01
"847","2010-05-13",26.745001
"848","2010-05-14",26.67
"849","2010-05-17",26.705
"850","2010-05-18",26.549999
"851","2010-05-19",26.559999
"852","2010-05-20",25.77
"853","2010-05-21",25.795
"854","2010-05-24",25.73
"855","2010-05-25",25.309999
"856","2010-05-26",25.040001
"857","2010-05-27",25.615
"858","2010-05-28",25.700001
"859","2010-06-01",25.645
"860","2010-06-02",26.205
"861","2010-06-03",26.375
"862","2010-06-04",25.635
"863","2010-06-07",25.4
"864","2010-06-08",25.780001
"865","2010-06-09",25.674999
"866","2010-06-10",26.225
"867","2010-06-11",25.825001
"868","2010-06-14",25.754999
"869","2010-06-15",26.09
"870","2010-06-16",26.200001
"871","2010-06-17",26.18
"872","2010-06-18",26.155001
"873","2010-06-21",26.24
"874","2010-06-22",26.23
"875","2010-06-23",26.120001
"876","2010-06-24",25.9
"877","2010-06-25",25.129999
"878","2010-06-28",25.540001
"879","2010-06-29",25.165001
"880","2010-06-30",25.059999
"881","2010-07-01",25.014999
"882","2010-07-02",25.025
"883","2010-07-06",25.215
"884","2010-07-07",25.735001
"885","2010-07-08",26.209999
"886","2010-07-09",26.200001
"887","2010-07-12",26.225
"888","2010-07-13",26.360001
"889","2010-07-14",26.41
"890","2010-07-15",26.424999
"891","2010-07-16",26.184999
"892","2010-07-19",26.135
"893","2010-07-20",26.620001
"894","2010-07-21",27.040001
"895","2010-07-22",27.129999
"896","2010-07-23",27.375
"897","2010-07-26",27.469999
"898","2010-07-27",27.525
"899","2010-07-28",27.440001
"900","2010-07-29",27.495001
"901","2010-07-30",27.555
"902","2010-08-02",28.205
"903","2010-08-03",28.190001
"904","2010-08-04",28.275
"905","2010-08-05",28.184999
"906","2010-08-06",28.375
"907","2010-08-09",28.555
"908","2010-08-10",28.49
"909","2010-08-11",28.02
"910","2010-08-12",27.844999
"911","2010-08-13",27.865
"912","2010-08-16",27.940001
"913","2010-08-17",28.059999
"914","2010-08-18",27.92
"915","2010-08-19",27.639999
"916","2010-08-20",27.65
"917","2010-08-23",27.799999
"918","2010-08-24",27.83
"919","2010-08-25",27.695
"920","2010-08-26",27.58
"921","2010-08-27",28.08
"922","2010-08-30",27.775
"923","2010-08-31",27.940001
"924","2010-09-01",28.655001
"925","2010-09-02",28.690001
"926","2010-09-03",28.780001
"927","2010-09-07",28.815001
"928","2010-09-08",28.915001
"929","2010-09-09",29.145
"930","2010-09-10",29.26
"931","2010-09-13",29.014999
"932","2010-09-14",28.795
"933","2010-09-15",28.709999
"934","2010-09-16",28.754999
"935","2010-09-17",28.780001
"936","2010-09-20",28.985001
"937","2010-09-21",29.055
"938","2010-09-22",29.115
"939","2010-09-23",28.934999
"940","2010-09-24",29.309999
"941","2010-09-27",29.299999
"942","2010-09-28",29.549999
"943","2010-09-29",29.379999
"944","2010-09-30",29.26
"945","2010-10-01",29.559999
"946","2010-10-04",29.440001
"947","2010-10-05",29.83
"948","2010-10-06",29.9
"949","2010-10-07",29.719999
"950","2010-10-08",29.705
"951","2010-10-11",29.780001
"952","2010-10-12",29.799999
"953","2010-10-13",29.969999
"954","2010-10-14",29.955
"955","2010-10-15",29.969999
"956","2010-10-18",30
"957","2010-10-19",30.17
"958","2010-10-20",30.575001
"959","2010-10-21",30.735001
"960","2010-10-22",30.805
"961","2010-10-25",30.504999
"962","2010-10-26",30.620001
"963","2010-10-27",30.594999
"964","2010-10-28",30.605
"965","2010-10-29",30.66
"966","2010-11-01",30.855
"967","2010-11-02",30.93
"968","2010-11-03",30.975
"969","2010-11-04",31.225
"970","2010-11-05",31.290001
"971","2010-11-08",31.23
"972","2010-11-09",31.32
"973","2010-11-10",31.275
"974","2010-11-11",31.4
"975","2010-11-12",31.459999
"976","2010-11-15",31.48
"977","2010-11-16",31.040001
"978","2010-11-17",31.26
"979","2010-11-18",31.92
"980","2010-11-19",32.16
"981","2010-11-22",32.134998
"982","2010-11-23",31.809999
"983","2010-11-24",32.305
"984","2010-11-26",32.055
"985","2010-11-29",31.695
"986","2010-11-30",31.584999
"987","2010-12-01",32.349998
"988","2010-12-02",32.450001
"989","2010-12-03",32.25
"990","2010-12-06",31.995001
"991","2010-12-07",32.07
"992","2010-12-08",32.195
"993","2010-12-09",32.415001
"994","2010-12-10",32.325001
"995","2010-12-13",32.424999
"996","2010-12-14",31.950001
"997","2010-12-15",32.369999
"998","2010-12-16",32.669998
"999","2010-12-17",32.849998
"1000","2010-12-20",32.654999
"1001","2010-12-21",32.744999
"1002","2010-12-22",32.794998
"1003","2010-12-23",32.790001
"1004","2010-12-27",32.535
"1005","2010-12-28",32.68
"1006","2010-12-29",32.724998
"1007","2010-12-30",32.75
"1008","2010-12-31",32.884998
"1009","2011-01-03",32.610001
"1010","2011-01-04",31.934999
"1011","2011-01-05",31.745001
"1012","2011-01-06",31.514999
"1013","2011-01-07",31.459999
"1014","2011-01-10",31.530001
"1015","2011-01-11",31.344999
"1016","2011-01-12",31.52
"1017","2011-01-13",31.700001
"1018","2011-01-14",31.565001
"1019","2011-01-18",31.74
"1020","2011-01-19",31.709999
"1021","2011-01-20",31.465
"1022","2011-01-21",31.385
"1023","2011-01-24",31.625
"1024","2011-01-25",31.48
"1025","2011-01-26",31.48
"1026","2011-01-27",31.35
"1027","2011-01-28",31.105
"1028","2011-01-31",31.424999
"1029","2011-02-01",31.525
"1030","2011-02-02",31.43
"1031","2011-02-03",31.285
"1032","2011-02-04",31.280001
"1033","2011-02-07",31.26
"1034","2011-02-08",31.434999
"1035","2011-02-09",31.575001
"1036","2011-02-10",31.77
"1037","2011-02-11",31.785
"1038","2011-02-14",31.57
"1039","2011-02-15",31.594999
"1040","2011-02-16",31.700001
"1041","2011-02-17",32.275002
"1042","2011-02-18",32.275002
"1043","2011-02-22",31.879999
"1044","2011-02-23",31.955
"1045","2011-02-24",31.940001
"1046","2011-02-25",32.154999
"1047","2011-02-28",31.959999
"1048","2011-03-01",32.455002
"1049","2011-03-02",32.215
"1050","2011-03-03",32.785
"1051","2011-03-04",32.605
"1052","2011-03-07",32.610001
"1053","2011-03-08",32.82
"1054","2011-03-09",32.810001
"1055","2011-03-10",32.645
"1056","2011-03-11",32.404999
"1057","2011-03-14",31.969999
"1058","2011-03-15",31.514999
"1059","2011-03-16",30.799999
"1060","2011-03-17",31.139999
"1061","2011-03-18",31.35
"1062","2011-03-21",31.785
"1063","2011-03-22",31.754999
"1064","2011-03-23",32.134998
"1065","2011-03-24",32.345001
"1066","2011-03-25",32.610001
"1067","2011-03-28",32.514999
"1068","2011-03-29",32.860001
"1069","2011-03-30",33.02
"1070","2011-03-31",33.169998
"1071","2011-04-01",33.610001
"1072","2011-04-04",33.830002
"1073","2011-04-05",33.735001
"1074","2011-04-06",33.814999
"1075","2011-04-07",33.720001
"1076","2011-04-08",33.634998
"1077","2011-04-11",33.700001
"1078","2011-04-12",33.450001
"1079","2011-04-13",33.639999
"1080","2011-04-14",34.154999
"1081","2011-04-15",34.005001
"1082","2011-04-18",33.654999
"1083","2011-04-19",33.544998
"1084","2011-04-20",33.924999
"1085","2011-04-21",33.939999
"1086","2011-04-25",33.869999
"1087","2011-04-26",33.465
"1088","2011-04-27",33.5
"1089","2011-04-28",33.705002
"1090","2011-04-29",33.73
"1091","2011-05-02",33.860001
"1092","2011-05-03",33.939999
"1093","2011-05-04",33.73
"1094","2011-05-05",33.349998
"1095","2011-05-06",33.450001
"1096","2011-05-09",33.474998
"1097","2011-05-10",33.669998
"1098","2011-05-11",33.66
"1099","2011-05-12",34.154999
"1100","2011-05-13",34.09
"1101","2011-05-16",33.915001
"1102","2011-05-17",33.994999
"1103","2011-05-18",34.150002
"1104","2011-05-19",34.23
"1105","2011-05-20",34.150002
"1106","2011-05-23",33.744999
"1107","2011-05-24",33.735001
"1108","2011-05-25",33.455002
"1109","2011-05-26",33.349998
"1110","2011-05-27",33.255001
"1111","2011-05-31",33.404999
"1112","2011-06-01",33.380001
"1113","2011-06-02",33.02
"1114","2011-06-03",32.764999
"1115","2011-06-06",32.709999
"1116","2011-06-07",32.599998
"1117","2011-06-08",32.700001
"1118","2011-06-09",32.945
"1119","2011-06-10",32.695
"1120","2011-06-13",32.560001
"1121","2011-06-14",32.805
"1122","2011-06-15",32.485001
"1123","2011-06-16",32.744999
"1124","2011-06-17",32.810001
"1125","2011-06-20",32.915001
"1126","2011-06-21",33.130001
"1127","2011-06-22",33.200001
"1128","2011-06-23",32.490002
"1129","2011-06-24",32.465
"1130","2011-06-27",32.605
"1131","2011-06-28",33.014999
"1132","2011-06-29",33.355
"1133","2011-06-30",33.645
"1134","2011-07-01",34.044998
"1135","2011-07-05",34.150002
"1136","2011-07-06",34.264999
"1137","2011-07-07",34.375
"1138","2011-07-08",34.34
"1139","2011-07-11",34.049999
"1140","2011-07-12",33.924999
"1141","2011-07-13",34.029999
"1142","2011-07-14",33.834999
"1143","2011-07-15",33.764999
"1144","2011-07-18",33.560001
"1145","2011-07-19",34.66
"1146","2011-07-20",34.435001
"1147","2011-07-21",34.669998
"1148","2011-07-22",34.865002
"1149","2011-07-25",34.630001
"1150","2011-07-26",34.595001
"1151","2011-07-27",34.345001
"1152","2011-07-28",34.404999
"1153","2011-07-29",34.005001
"1154","2011-08-01",33.865002
"1155","2011-08-02",33.535
"1156","2011-08-03",34.200001
"1157","2011-08-04",32.91
"1158","2011-08-05",33.384998
"1159","2011-08-08",32.560001
"1160","2011-08-09",33.34
"1161","2011-08-10",31.98
"1162","2011-08-11",33.235001
"1163","2011-08-12",33.57
"1164","2011-08-15",34.099998
"1165","2011-08-16",34.084999
"1166","2011-08-17",34.639999
"1167","2011-08-18",33.880001
"1168","2011-08-19",33.549999
"1169","2011-08-22",33.634998
"1170","2011-08-23",34.529999
"1171","2011-08-24",34.84
"1172","2011-08-25",33.985001
"1173","2011-08-26",34.25
"1174","2011-08-29",34.865002
"1175","2011-08-30",34.93
"1176","2011-08-31",35.224998
"1177","2011-09-01",35.224998
"1178","2011-09-02",34.869999
"1179","2011-09-06",34.715
"1180","2011-09-07",35.400002
"1181","2011-09-08",35.584999
"1182","2011-09-09",34.685001
"1183","2011-09-12",34.689999
"1184","2011-09-13",34.549999
"1185","2011-09-14",34.884998
"1186","2011-09-15",35.509998
"1187","2011-09-16",35.615002
"1188","2011-09-19",35.244999
"1189","2011-09-20",35.325001
"1190","2011-09-21",34.639999
"1191","2011-09-22",33.91
"1192","2011-09-23",33.709999
"1193","2011-09-26",34.380001
"1194","2011-09-27",34.785
"1195","2011-09-28",34.029999
"1196","2011-09-29",34.525002
"1197","2011-09-30",33.779999
"1198","2011-10-03",32.709999
"1199","2011-10-04",32.615002
"1200","2011-10-05",32.764999
"1201","2011-10-06",32.695
"1202","2011-10-07",32.950001
"1203","2011-10-10",33.450001
"1204","2011-10-11",33.400002
"1205","2011-10-12",33.740002
"1206","2011-10-13",33.700001
"1207","2011-10-14",33.924999
"1208","2011-10-17",33.5
"1209","2011-10-18",33.369999
"1210","2011-10-19",33.514999
"1211","2011-10-20",33.560001
"1212","2011-10-21",34.095001
"1213","2011-10-24",33.935001
"1214","2011-10-25",33.474998
"1215","2011-10-26",33.735001
"1216","2011-10-27",34.285
"1217","2011-10-28",34.465
"1218","2011-10-31",34.16
"1219","2011-11-01",33.52
"1220","2011-11-02",33.884998
"1221","2011-11-03",34.325001
"1222","2011-11-04",33.889999
"1223","2011-11-07",34.105
"1224","2011-11-08",34.325001
"1225","2011-11-09",33.514999
"1226","2011-11-10",33.695
"1227","2011-11-11",34.060001
"1228","2011-11-14",33.895
"1229","2011-11-15",34
"1230","2011-11-16",33.505001
"1231","2011-11-17",33.310001
"1232","2011-11-18",33.695
"1233","2011-11-21",32.974998
"1234","2011-11-22",32.985001
"1235","2011-11-23",32.435001
"1236","2011-11-25",32.369999
"1237","2011-11-28",32.584999
"1238","2011-11-29",33.095001
"1239","2011-11-30",33.615002
"1240","2011-12-01",33.415001
"1241","2011-12-02",33.189999
"1242","2011-12-05",33.154999
"1243","2011-12-06",33.34
"1244","2011-12-07",33.389999
"1245","2011-12-08",33.365002
"1246","2011-12-09",33.785
"1247","2011-12-12",33.445
"1248","2011-12-13",33.240002
"1249","2011-12-14",33.130001
"1250","2011-12-15",33.445
"1251","2011-12-16",33.720001
"1252","2011-12-19",33.685001
"1253","2011-12-20",34.200001
"1254","2011-12-21",34.785
"1255","2011-12-22",34.595001
"1256","2011-12-23",34.970001
"1257","2011-12-27",34.939999
"1258","2011-12-28",34.755001
"1259","2011-12-29",35.080002
"1260","2011-12-30",34.985001
"1261","2012-01-03",35.07
"1262","2012-01-04",34.849998
"1263","2012-01-05",34.685001
"1264","2012-01-06",34.465
"1265","2012-01-09",34.465
"1266","2012-01-10",34.669998
"1267","2012-01-11",34.029999
"1268","2012-01-12",33.785
"1269","2012-01-13",33.494999
"1270","2012-01-17",33.674999
"1271","2012-01-18",33.794998
"1272","2012-01-19",33.724998
"1273","2012-01-20",34.044998
"1274","2012-01-23",34.264999
"1275","2012-01-24",33.950001
"1276","2012-01-25",34.215
"1277","2012-01-26",34.005001
"1278","2012-01-27",33.720001
"1279","2012-01-30",33.73
"1280","2012-01-31",33.764999
"1281","2012-02-01",33.924999
"1282","2012-02-02",33.915001
"1283","2012-02-03",34.040001
"1284","2012-02-06",34.014999
"1285","2012-02-07",34.275002
"1286","2012-02-08",34.165001
"1287","2012-02-09",33.985001
"1288","2012-02-10",33.970001
"1289","2012-02-13",34.220001
"1290","2012-02-14",34.450001
"1291","2012-02-15",34.200001
"1292","2012-02-16",34.43
"1293","2012-02-17",34.525002
"1294","2012-02-21",34.41
"1295","2012-02-22",34.625
"1296","2012-02-23",34.59
"1297","2012-02-24",34.5
"1298","2012-02-27",34.415001
"1299","2012-02-28",34.424999
"1300","2012-02-29",34.93
"1301","2012-03-01",34.799999
"1302","2012-03-02",34.59
"1303","2012-03-05",34.615002
"1304","2012-03-06",34.380001
"1305","2012-03-07",34.395
"1306","2012-03-08",34.634998
"1307","2012-03-09",34.755001
"1308","2012-03-12",35.075001
"1309","2012-03-13",35.125
"1310","2012-03-14",35.110001
"1311","2012-03-15",35.165001
"1312","2012-03-16",35.080002
"1313","2012-03-19",35.200001
"1314","2012-03-20",35.294998
"1315","2012-03-21",35.560001
"1316","2012-03-22",35.709999
"1317","2012-03-23",35.744999
"1318","2012-03-26",35.950001
"1319","2012-03-27",35.935001
"1320","2012-03-28",36.330002
"1321","2012-03-29",36.904999
"1322","2012-03-30",37.005001
"1323","2012-04-02",37.07
"1324","2012-04-03",36.880001
"1325","2012-04-04",36.73
"1326","2012-04-05",36.735001
"1327","2012-04-09",36.435001
"1328","2012-04-10",36.009998
"1329","2012-04-11",36.060001
"1330","2012-04-12",36.110001
"1331","2012-04-13",35.970001
"1332","2012-04-16",36.220001
"1333","2012-04-17",36.974998
"1334","2012-04-18",37.084999
"1335","2012-04-19",36.91
"1336","2012-04-20",37.064999
"1337","2012-04-23",36.845001
"1338","2012-04-24",37.060001
"1339","2012-04-25",37.465
"1340","2012-04-26",37.855
"1341","2012-04-27",38.314999
"1342","2012-04-30",38.16
"1343","2012-05-01",38.465
"1344","2012-05-02",38.580002
"1345","2012-05-03",38.720001
"1346","2012-05-04",38.5
"1347","2012-05-07",38.639999
"1348","2012-05-08",38.57
"1349","2012-05-09",38.389999
"1350","2012-05-10",38.705002
"1351","2012-05-11",38.735001
"1352","2012-05-14",38.435001
"1353","2012-05-15",38.285
"1354","2012-05-16",38.165001
"1355","2012-05-17",37.560001
"1356","2012-05-18",37.025002
"1357","2012-05-21",37.255001
"1358","2012-05-22",37.095001
"1359","2012-05-23",37.275002
"1360","2012-05-24",37.779999
"1361","2012-05-25",37.615002
"1362","2012-05-29",37.73
"1363","2012-05-30",37.529999
"1364","2012-05-31",37.365002
"1365","2012-06-01",36.544998
"1366","2012-06-04",36.82
"1367","2012-06-05",36.619999
"1368","2012-06-06",37.305
"1369","2012-06-07",37.139999
"1370","2012-06-08",37.619999
"1371","2012-06-11",37.330002
"1372","2012-06-12",37.599998
"1373","2012-06-13",37.345001
"1374","2012-06-14",37.869999
"1375","2012-06-15",38.044998
"1376","2012-06-18",37.990002
"1377","2012-06-19",37.869999
"1378","2012-06-20",37.779999
"1379","2012-06-21",37.334999
"1380","2012-06-22",37.470001
"1381","2012-06-25",37.384998
"1382","2012-06-26",37.540001
"1383","2012-06-27",38.169998
"1384","2012-06-28",38.285
"1385","2012-06-29",39.095001
"1386","2012-07-02",39.459999
"1387","2012-07-03",39.580002
"1388","2012-07-05",39.224998
"1389","2012-07-06",39.075001
"1390","2012-07-09",38.990002
"1391","2012-07-10",38.990002
"1392","2012-07-11",38.73
"1393","2012-07-12",38.32
"1394","2012-07-13",38.639999
"1395","2012-07-16",38.240002
"1396","2012-07-17",38.845001
"1397","2012-07-18",38.720001
"1398","2012-07-19",38.775002
"1399","2012-07-20",38.514999
"1400","2012-07-23",38.439999
"1401","2012-07-24",38.330002
"1402","2012-07-25",38.509998
"1403","2012-07-26",39.424999
"1404","2012-07-27",40.005001
"1405","2012-07-30",40.560001
"1406","2012-07-31",40.400002
"1407","2012-08-01",40.505001
"1408","2012-08-02",39.875
"1409","2012-08-03",40.415001
"1410","2012-08-06",40.32
"1411","2012-08-07",39.884998
"1412","2012-08-08",39.779999
"1413","2012-08-09",39.619999
"1414","2012-08-10",39.395
"1415","2012-08-13",39.299999
"1416","2012-08-14",39.380001
"1417","2012-08-15",39.349998
"1418","2012-08-16",39.549999
"1419","2012-08-17",39.529999
"1420","2012-08-20",39.470001
"1421","2012-08-21",39.259998
"1422","2012-08-22",38.77
"1423","2012-08-23",38.110001
"1424","2012-08-24",38.470001
"1425","2012-08-27",38.169998
"1426","2012-08-28",38
"1427","2012-08-29",37.459999
"1428","2012-08-30",37.139999
"1429","2012-08-31",37.400002
"1430","2012-09-04",37.279999
"1431","2012-09-05",37.509998
"1432","2012-09-06",38.150002
"1433","2012-09-07",37.900002
"1434","2012-09-10",37.66
"1435","2012-09-11",37.77
"1436","2012-09-12",37.549999
"1437","2012-09-13",38.349998
"1438","2012-09-14",38.119999
"1439","2012-09-17",38.349998
"1440","2012-09-18",38.619999
"1441","2012-09-19",38.52
"1442","2012-09-20",38.639999
"1443","2012-09-21",38.029999
"1444","2012-09-24",38.119999
"1445","2012-09-25",37.68
"1446","2012-09-26",37.759998
"1447","2012-09-27",38.310001
"1448","2012-09-28",37.93
"1449","2012-10-01",38.380001
"1450","2012-10-02",38.34
"1451","2012-10-03",38.240002
"1452","2012-10-04",38.330002
"1453","2012-10-05",38.580002
"1454","2012-10-08",38.580002
"1455","2012-10-09",38.560001
"1456","2012-10-10",38.09
"1457","2012-10-11",38.110001
"1458","2012-10-12",38.23
"1459","2012-10-15",38.130001
"1460","2012-10-16",37.900002
"1461","2012-10-17",37.740002
"1462","2012-10-18",37.84
"1463","2012-10-19",37.400002
"1464","2012-10-22",37.23
"1465","2012-10-23",36.610001
"1466","2012-10-24",36.880001
"1467","2012-10-25",37.09
"1468","2012-10-26",37.040001
"1469","2012-10-31",37.18
"1470","2012-11-01",37.330002
"1471","2012-11-02",37.080002
"1472","2012-11-05",36.77
"1473","2012-11-06",37.419998
"1474","2012-11-07",36.720001
"1475","2012-11-08",36.360001
"1476","2012-11-09",36.290001
"1477","2012-11-12",36.080002
"1478","2012-11-13",36.16
"1479","2012-11-14",36.009998
"1480","2012-11-15",36.43
"1481","2012-11-16",36.560001
"1482","2012-11-19",37.240002
"1483","2012-11-20",37.25
"1484","2012-11-21",37.389999
"1485","2012-11-23",37.93
"1486","2012-11-26",37.360001
"1487","2012-11-27",37.419998
"1488","2012-11-28",37.560001
"1489","2012-11-29",37.970001
"1490","2012-11-30",37.919998
"1491","2012-12-03",37.380001
"1492","2012-12-04",37.150002
"1493","2012-12-05",37.310001
"1494","2012-12-06",37.380001
"1495","2012-12-07",37.709999
"1496","2012-12-10",37.639999
"1497","2012-12-11",37.860001
"1498","2012-12-12",37.639999
"1499","2012-12-13",37.599998
"1500","2012-12-14",37.66
"1501","2012-12-17",37.5
"1502","2012-12-18",37.279999
"1503","2012-12-19",36.779999
"1504","2012-12-20",37.049999
"1505","2012-12-21",36.889999
"1506","2012-12-24",36.73
"1507","2012-12-26",36.419998
"1508","2012-12-27",36.419998
"1509","2012-12-28",35.970001
"1510","2012-12-31",36.25
"1511","2013-01-02",37.599998
"1512","2013-01-03",37.599998
"1513","2013-01-04",37.66
"1514","2013-01-07",37.299999
"1515","2013-01-08",37.040001
"1516","2013-01-09",37.029999
"1517","2013-01-10",36.959999
"1518","2013-01-11",36.91
"1519","2013-01-14",36.990002
"1520","2013-01-15",37.32
"1521","2013-01-16",37.32
"1522","2013-01-17",37.509998
"1523","2013-01-18",37.700001
"1524","2013-01-22",37.130001
"1525","2013-01-23",37.130001
"1526","2013-01-24",37.110001
"1527","2013-01-25",37.049999
"1528","2013-01-28",37.009998
"1529","2013-01-29",37.419998
"1530","2013-01-30",37.5
"1531","2013-01-31",37.240002
"1532","2013-02-01",37.540001
"1533","2013-02-04",37.349998
"1534","2013-02-05",38.139999
"1535","2013-02-06",38.310001
"1536","2013-02-07",38.91
"1537","2013-02-08",38.77
"1538","2013-02-11",38.610001
"1539","2013-02-12",37.560001
"1540","2013-02-13",37.209999
"1541","2013-02-14",36.84
"1542","2013-02-15",37.419998
"1543","2013-02-19",37.669998
"1544","2013-02-20",37.73
"1545","2013-02-21",37.709999
"1546","2013-02-22",38.52
"1547","2013-02-25",37.720001
"1548","2013-02-26",38.110001
"1549","2013-02-27",38.450001
"1550","2013-02-28",38.720001
"1551","2013-03-01",38.700001
"1552","2013-03-04",38.82
"1553","2013-03-05",38.68
"1554","2013-03-06",39.02
"1555","2013-03-07",39.119999
"1556","2013-03-08",39.220001
"1557","2013-03-11",39.310001
"1558","2013-03-12",38.959999
"1559","2013-03-13",38.59
"1560","2013-03-14",39.02
"1561","2013-03-15",38.830002
"1562","2013-03-18",38.759998
"1563","2013-03-19",39.330002
"1564","2013-03-20",39.869999
"1565","2013-03-21",40.07
"1566","2013-03-22",40.040001
"1567","2013-03-25",40.119999
"1568","2013-03-26",40.689999
"1569","2013-03-27",40.220001
"1570","2013-03-28",40.439999
"1571","2013-04-01",40.450001
"1572","2013-04-02",40.720001
"1573","2013-04-03",40.169998
"1574","2013-04-04",40.540001
"1575","2013-04-05",40.080002
"1576","2013-04-08",40.860001
"1577","2013-04-09",40.709999
"1578","2013-04-10",41.07
"1579","2013-04-11",41.18
"1580","2013-04-12",41.080002
"1581","2013-04-15",40.09
"1582","2013-04-16",42.369999
"1583","2013-04-17",42.549999
"1584","2013-04-18",42.099998
"1585","2013-04-19",42.66
"1586","2013-04-22",42.720001
"1587","2013-04-23",42.700001
"1588","2013-04-24",42.150002
"1589","2013-04-25",42.349998
"1590","2013-04-26",42.099998
"1591","2013-04-29",42.240002
"1592","2013-04-30",42.330002
"1593","2013-05-01",42.209999
"1594","2013-05-02",41.959999
"1595","2013-05-03",42.240002
"1596","2013-05-06",42.080002
"1597","2013-05-07",42.700001
"1598","2013-05-08",42.459999
"1599","2013-05-09",42.119999
"1600","2013-05-10",42.150002
"1601","2013-05-13",42.189999
"1602","2013-05-14",42.52
"1603","2013-05-15",42.919998
"1604","2013-05-16",43.09
"1605","2013-05-17",42.970001
"1606","2013-05-20",42.380001
"1607","2013-05-21",42.34
"1608","2013-05-22",42.25
"1609","2013-05-23",41.93
"1610","2013-05-24",42.240002
"1611","2013-05-28",42.549999
"1612","2013-05-29",41.400002
"1613","2013-05-30",40.77
"1614","2013-05-31",39.990002
"1615","2013-06-03",40.810001
"1616","2013-06-04",41.419998
"1617","2013-06-05",40.650002
"1618","2013-06-06",40.790001
"1619","2013-06-07",41.41
"1620","2013-06-10",41.18
"1621","2013-06-11",40.790001
"1622","2013-06-12",40.389999
"1623","2013-06-13",40.41
"1624","2013-06-14",40.34
"1625","2013-06-17",40.68
"1626","2013-06-18",40.93
"1627","2013-06-19",40.41
"1628","2013-06-20",39.130001
"1629","2013-06-21",39.759998
"1630","2013-06-24",39.529999
"1631","2013-06-25",39.720001
"1632","2013-06-26",40.330002
"1633","2013-06-27",40.259998
"1634","2013-06-28",40.110001
"1635","2013-07-01",40.459999
"1636","2013-07-02",40.369999
"1637","2013-07-03",40.490002
"1638","2013-07-05",40.52
"1639","2013-07-08",40.540001
"1640","2013-07-09",40.830002
"1641","2013-07-10",40.68
"1642","2013-07-11",41.029999
"1643","2013-07-12",41.029999
"1644","2013-07-15",41.009998
"1645","2013-07-16",40.23
"1646","2013-07-17",40.84
"1647","2013-07-18",40.810001
"1648","2013-07-19",41.09
"1649","2013-07-22",40.84
"1650","2013-07-23",40.959999
"1651","2013-07-24",40.860001
"1652","2013-07-25",40.84
"1653","2013-07-26",40.639999
"1654","2013-07-29",40.279999
"1655","2013-07-30",40.32
"1656","2013-07-31",40.080002
"1657","2013-08-01",40.57
"1658","2013-08-02",40.220001
"1659","2013-08-05",40.290001
"1660","2013-08-06",40.369999
"1661","2013-08-07",40.150002
"1662","2013-08-08",40.200001
"1663","2013-08-09",40.16
"1664","2013-08-12",39.830002
"1665","2013-08-13",39.650002
"1666","2013-08-14",39.529999
"1667","2013-08-15",39.09
"1668","2013-08-16",39.049999
"1669","2013-08-19",38.779999
"1670","2013-08-20",38.650002
"1671","2013-08-21",38.279999
"1672","2013-08-22",38.310001
"1673","2013-08-23",38.52
"1674","2013-08-26",38.119999
"1675","2013-08-27",38.150002
"1676","2013-08-28",38.349998
"1677","2013-08-29",38.099998
"1678","2013-08-30",38.18
"1679","2013-09-03",37.900002
"1680","2013-09-04",38.540001
"1681","2013-09-05",38.240002
"1682","2013-09-06",38.349998
"1683","2013-09-09",38.52
"1684","2013-09-10",38.630001
"1685","2013-09-11",38.779999
"1686","2013-09-12",38.439999
"1687","2013-09-13",38.689999
"1688","2013-09-16",38.860001
"1689","2013-09-17",38.790001
"1690","2013-09-18",39.59
"1691","2013-09-19",39.310001
"1692","2013-09-20",39.400002
"1693","2013-09-23",38.630001
"1694","2013-09-24",38.529999
"1695","2013-09-25",38.330002
"1696","2013-09-26",38.740002
"1697","2013-09-27",38.400002
"1698","2013-09-30",37.880001
"1699","2013-10-01",37.950001
"1700","2013-10-02",37.43
"1701","2013-10-03",37.16
"1702","2013-10-04",37.200001
"1703","2013-10-07",37.049999
"1704","2013-10-08",37.279999
"1705","2013-10-09",37.080002
"1706","2013-10-10",37.779999
"1707","2013-10-11",37.77
"1708","2013-10-14",37.91
"1709","2013-10-15",37.66
"1710","2013-10-16",38
"1711","2013-10-17",38.549999
"1712","2013-10-18",38.779999
"1713","2013-10-21",38.82
"1714","2013-10-22",39.09
"1715","2013-10-23",39.09
"1716","2013-10-24",38.799999
"1717","2013-10-25",39.029999
"1718","2013-10-28",39.610001
"1719","2013-10-29",39.799999
"1720","2013-10-30",39.619999
"1721","2013-10-31",39.57
"1722","2013-11-01",39.610001
"1723","2013-11-04",39.509998
"1724","2013-11-05",39.5
"1725","2013-11-06",40.049999
"1726","2013-11-07",39.830002
"1727","2013-11-08",40.049999
"1728","2013-11-11",39.869999
"1729","2013-11-12",39.880001
"1730","2013-11-13",40.119999
"1731","2013-11-14",40.209999
"1732","2013-11-15",40.220001
"1733","2013-11-18",40.169998
"1734","2013-11-19",40.139999
"1735","2013-11-20",40.060001
"1736","2013-11-21",40.43
"1737","2013-11-22",40.43
"1738","2013-11-25",40.369999
"1739","2013-11-26",40.25
"1740","2013-11-27",40.189999
"1741","2013-11-29",40.189999
"1742","2013-12-02",40.080002
"1743","2013-12-03",40.349998
"1744","2013-12-04",40.369999
"1745","2013-12-05",39.830002
"1746","2013-12-06",40.459999
"1747","2013-12-09",40.400002
"1748","2013-12-10",39.849998
"1749","2013-12-11",40.130001
"1750","2013-12-12",39.209999
"1751","2013-12-13",39.23
"1752","2013-12-16",39.27
"1753","2013-12-17",39.099998
"1754","2013-12-18",40.02
"1755","2013-12-19",39.860001
"1756","2013-12-20",40.040001
"1757","2013-12-23",40.16
"1758","2013-12-24",40.189999
"1759","2013-12-26",40.490002
"1760","2013-12-27",40.66
"1761","2013-12-30",41.09
"1762","2013-12-31",41.310001
"1763","2014-01-02",40.66
"1764","2014-01-03",40.459999
"1765","2014-01-06",40.27
"1766","2014-01-07",40.389999
"1767","2014-01-08",39.939999
"1768","2014-01-09",39.73
"1769","2014-01-10",40.130001
"1770","2014-01-13",39.529999
"1771","2014-01-14",39.689999
"1772","2014-01-15",39.759998
"1773","2014-01-16",39.709999
"1774","2014-01-17",39.279999
"1775","2014-01-21",39.919998
"1776","2014-01-22",39.900002
"1777","2014-01-23",39.240002
"1778","2014-01-24",38.84
"1779","2014-01-27",38.73
"1780","2014-01-28",38.869999
"1781","2014-01-29",37.900002
"1782","2014-01-30",38.169998
"1783","2014-01-31",37.82
"1784","2014-02-03",37.200001
"1785","2014-02-04",37.48
"1786","2014-02-05",37.610001
"1787","2014-02-06",38.029999
"1788","2014-02-07",37.950001
"1789","2014-02-10",38.57
"1790","2014-02-11",38.639999
"1791","2014-02-12",38.509998
"1792","2014-02-13",38.650002
"1793","2014-02-14",38.93
"1794","2014-02-18",37.470001
"1795","2014-02-19",37.099998
"1796","2014-02-20",37.299999
"1797","2014-02-21",37.18
"1798","2014-02-24",37.5
"1799","2014-02-25",37.77
"1800","2014-02-26",37.869999
"1801","2014-02-27",38.07
"1802","2014-02-28",38.200001
"1803","2014-03-03",38.119999
"1804","2014-03-04",38.310001
"1805","2014-03-05",38.349998
"1806","2014-03-06",38.470001
"1807","2014-03-07",38.549999
"1808","2014-03-10",38.650002
"1809","2014-03-11",38.799999
"1810","2014-03-12",38.470001
"1811","2014-03-13",37.970001
"1812","2014-03-14",38.169998
"1813","2014-03-17",38.27
"1814","2014-03-18",38.400002
"1815","2014-03-19",38.139999
"1816","2014-03-20",38.450001
"1817","2014-03-21",38.439999
"1818","2014-03-24",38.400002
"1819","2014-03-25",38.619999
"1820","2014-03-26",38.610001
"1821","2014-03-27",38.82
"1822","2014-03-28",38.950001
"1823","2014-03-31",38.66
"1824","2014-04-01",38.41
"1825","2014-04-02",38.330002
"1826","2014-04-03",38.07
"1827","2014-04-04",38.220001
"1828","2014-04-07",38.619999
"1829","2014-04-08",38.900002
"1830","2014-04-09",38.990002
"1831","2014-04-10",38.889999
"1832","2014-04-11",38.630001
"1833","2014-04-14",38.73
"1834","2014-04-15",40.18
"1835","2014-04-16",40.59
"1836","2014-04-17",40.720001
"1837","2014-04-21",40.75
"1838","2014-04-22",40.709999
"1839","2014-04-23",40.73
"1840","2014-04-24",40.700001
"1841","2014-04-25",41.009998
"1842","2014-04-28",41.029999
"1843","2014-04-29",40.57
"1844","2014-04-30",40.790001
"1845","2014-05-01",40.779999
"1846","2014-05-02",40.950001
"1847","2014-05-05",40.759998
"1848","2014-05-06",40.490002
"1849","2014-05-07",40.91
"1850","2014-05-08",40.73
"1851","2014-05-09",40.869999
"1852","2014-05-12",40.82
"1853","2014-05-13",41.110001
"1854","2014-05-14",40.889999
"1855","2014-05-15",40.52
"1856","2014-05-16",40.889999
"1857","2014-05-19",40.709999
"1858","2014-05-20",40.580002
"1859","2014-05-21",40.869999
"1860","2014-05-22",40.580002
"1861","2014-05-23",40.580002
"1862","2014-05-27",40.77
"1863","2014-05-28",40.580002
"1864","2014-05-29",40.66
"1865","2014-05-30",40.91
"1866","2014-06-02",40.860001
"1867","2014-06-03",40.880001
"1868","2014-06-04",40.790001
"1869","2014-06-05",40.889999
"1870","2014-06-06",40.990002
"1871","2014-06-09",40.91
"1872","2014-06-10",41.07
"1873","2014-06-11",40.860001
"1874","2014-06-12",40.419998
"1875","2014-06-13",40.369999
"1876","2014-06-16",40.66
"1877","2014-06-17",40.919998
"1878","2014-06-18",41.560001
"1879","2014-06-19",41.790001
"1880","2014-06-20",41.689999
"1881","2014-06-23",41.73
"1882","2014-06-24",41.849998
"1883","2014-06-25",41.959999
"1884","2014-06-26",42.029999
"1885","2014-06-27",42.189999
"1886","2014-06-30",42.360001
"1887","2014-07-01",42.290001
"1888","2014-07-02",42.290001
"1889","2014-07-03",42.23
"1890","2014-07-07",42.139999
"1891","2014-07-08",41.939999
"1892","2014-07-09",41.950001
"1893","2014-07-10",42.259998
"1894","2014-07-11",41.970001
"1895","2014-07-14",42.380001
"1896","2014-07-15",42.099998
"1897","2014-07-16",42.119999
"1898","2014-07-17",42.02
"1899","2014-07-18",42.43
"1900","2014-07-21",42.400002
"1901","2014-07-22",41.189999
"1902","2014-07-23",40.810001
"1903","2014-07-24",40.970001
"1904","2014-07-25",41
"1905","2014-07-28",40.68
"1906","2014-07-29",40.349998
"1907","2014-07-30",39.619999
"1908","2014-07-31",39.290001
"1909","2014-08-01",39.290001
"1910","2014-08-04",39.400002
"1911","2014-08-05",39.18
"1912","2014-08-06",39.919998
"1913","2014-08-07",39.349998
"1914","2014-08-08",39.450001
"1915","2014-08-11",39.57
"1916","2014-08-12",39.68
"1917","2014-08-13",39.939999
"1918","2014-08-14",40.18
"1919","2014-08-15",40.880001
"1920","2014-08-18",41.349998
"1921","2014-08-19",41.259998
"1922","2014-08-20",41.25
"1923","2014-08-21",41.41
"1924","2014-08-22",41.119999
"1925","2014-08-25",41.41
"1926","2014-08-26",41.599998
"1927","2014-08-27",41.599998
"1928","2014-08-28",41.630001
"1929","2014-08-29",41.720001
"1930","2014-09-02",41.639999
"1931","2014-09-03",41.779999
"1932","2014-09-04",41.869999
"1933","2014-09-05",41.84
"1934","2014-09-08",41.779999
"1935","2014-09-09",41.939999
"1936","2014-09-10",42.169998
"1937","2014-09-11",41.950001
"1938","2014-09-12",41.459999
"1939","2014-09-15",41.5
"1940","2014-09-16",41.639999
"1941","2014-09-17",41.610001
"1942","2014-09-18",41.790001
"1943","2014-09-19",42.049999
"1944","2014-09-22",42.220001
"1945","2014-09-23",41.889999
"1946","2014-09-24",42.27
"1947","2014-09-25",41.779999
"1948","2014-09-26",42.200001
"1949","2014-09-29",42.25
"1950","2014-09-30",42.66
"1951","2014-10-01",42.740002
"1952","2014-10-02",42.66
"1953","2014-10-03",43
"1954","2014-10-06",43.599998
"1955","2014-10-07",43.919998
"1956","2014-10-08",44.549999
"1957","2014-10-09",43.869999
"1958","2014-10-10",44.470001
"1959","2014-10-13",44.07
"1960","2014-10-14",43.639999
"1961","2014-10-15",43.23
"1962","2014-10-16",42.560001
"1963","2014-10-17",42.880001
"1964","2014-10-20",43.290001
"1965","2014-10-21",40.68
"1966","2014-10-22",40.619999
"1967","2014-10-23",40.860001
"1968","2014-10-24",41.029999
"1969","2014-10-27",40.759998
"1970","2014-10-28",40.560001
"1971","2014-10-29",40.959999
"1972","2014-10-30",41.400002
"1973","2014-10-31",41.880001
"1974","2014-11-03",41.810001
"1975","2014-11-04",41.82
"1976","2014-11-05",42.310001
"1977","2014-11-06",42.290001
"1978","2014-11-07",42.32
"1979","2014-11-10",42.389999
"1980","2014-11-11",42.509998
"1981","2014-11-12",42.709999
"1982","2014-11-13",42.790001
"1983","2014-11-14",42.73
"1984","2014-11-17",42.919998
"1985","2014-11-18",43.529999
"1986","2014-11-19",44.220001
"1987","2014-11-20",44.25
"1988","2014-11-21",44.5
"1989","2014-11-24",44.27
"1990","2014-11-25",44.43
"1991","2014-11-26",44.290001
"1992","2014-11-28",44.830002
"1993","2014-12-01",44.549999
"1994","2014-12-02",44.540001
"1995","2014-12-03",43.799999
"1996","2014-12-04",43.5
"1997","2014-12-05",43.529999
"1998","2014-12-08",43.139999
"1999","2014-12-09",42.040001
"2000","2014-12-10",41.599998
"2001","2014-12-11",41.529999
"2002","2014-12-12",40.91
"2003","2014-12-15",40.57
"2004","2014-12-16",40.389999
"2005","2014-12-17",41.549999
"2006","2014-12-18",42.389999
"2007","2014-12-19",41.950001
"2008","2014-12-22",42.349998
"2009","2014-12-23",42.970001
"2010","2014-12-24",42.939999
"2011","2014-12-26",42.959999
"2012","2014-12-29",42.860001
"2013","2014-12-30",42.759998
"2014","2014-12-31",42.220001
"2015","2015-01-02",42.139999
"2016","2015-01-05",42.139999
"2017","2015-01-06",42.459999
"2018","2015-01-07",42.990002
"2019","2015-01-08",43.509998
"2020","2015-01-09",43.029999
"2021","2015-01-12",42.639999
"2022","2015-01-13",42.630001
"2023","2015-01-14",42.560001
"2024","2015-01-15",42.380001
"2025","2015-01-16",42.529999
"2026","2015-01-20",43.16
"2027","2015-01-21",43.360001
"2028","2015-01-22",43.779999
"2029","2015-01-23",43.310001
"2030","2015-01-26",43
"2031","2015-01-27",42.389999
"2032","2015-01-28",41.919998
"2033","2015-01-29",42.099998
"2034","2015-01-30",41.169998
"2035","2015-02-02",41.59
"2036","2015-02-03",41.630001
"2037","2015-02-04",41.68
"2038","2015-02-05",41.790001
"2039","2015-02-06",41.450001
"2040","2015-02-09",41.23
"2041","2015-02-10",42.400002
"2042","2015-02-11",42.369999
"2043","2015-02-12",42.169998
"2044","2015-02-13",41.990002
"2045","2015-02-17",41.810001
"2046","2015-02-18",41.73
"2047","2015-02-19",42.110001
"2048","2015-02-20",41.970001
"2049","2015-02-23",41.849998
"2050","2015-02-24",42.130001
"2051","2015-02-25",42.049999
"2052","2015-02-26",42.459999
"2053","2015-02-27",43.299999
"2054","2015-03-02",43.200001
"2055","2015-03-03",42.950001
"2056","2015-03-04",42.5
"2057","2015-03-05",42.400002
"2058","2015-03-06",41.52
"2059","2015-03-09",41.389999
"2060","2015-03-10",40.689999
"2061","2015-03-11",40.099998
"2062","2015-03-12",40.57
"2063","2015-03-13",39.91
"2064","2015-03-16",40.290001
"2065","2015-03-17",40.509998
"2066","2015-03-18",40.599998
"2067","2015-03-19",40.02
"2068","2015-03-20",40.650002
"2069","2015-03-23",40.619999
"2070","2015-03-24",40.470001
"2071","2015-03-25",40.450001
"2072","2015-03-26",40.349998
"2073","2015-03-27",40.080002
"2074","2015-03-30",40.509998
"2075","2015-03-31",40.549999
"2076","2015-04-01",40.68
"2077","2015-04-02",40.68
"2078","2015-04-06",41.169998
"2079","2015-04-07",41.009998
"2080","2015-04-08",40.889999
"2081","2015-04-09",41.049999
"2082","2015-04-10",40.880001
"2083","2015-04-13",40.700001
"2084","2015-04-14",40.509998
"2085","2015-04-15",40.400002
"2086","2015-04-16",40.599998
"2087","2015-04-17",40.299999
"2088","2015-04-20",40.66
"2089","2015-04-21",40.779999
"2090","2015-04-22",41.310001
"2091","2015-04-23",40.950001
"2092","2015-04-24",40.889999
"2093","2015-04-27",40.830002
"2094","2015-04-28",40.77
"2095","2015-04-29",40.490002
"2096","2015-04-30",40.560001
"2097","2015-05-01",40.91
"2098","2015-05-04",40.959999
"2099","2015-05-05",40.75
"2100","2015-05-06",40.66
"2101","2015-05-07",40.700001
"2102","2015-05-08",40.98
"2103","2015-05-11",40.939999
"2104","2015-05-12",40.689999
"2105","2015-05-13",41.049999
"2106","2015-05-14",41.5
"2107","2015-05-15",41.52
"2108","2015-05-18",41.32
"2109","2015-05-19",41.310001
"2110","2015-05-20",41.349998
"2111","2015-05-21",41.23
"2112","2015-05-22",41.209999
"2113","2015-05-26",40.990002
"2114","2015-05-27",41.119999
"2115","2015-05-28",41.139999
"2116","2015-05-29",40.959999
"2117","2015-06-01",40.939999
"2118","2015-06-02",40.990002
"2119","2015-06-03",40.869999
"2120","2015-06-04",40.59
"2121","2015-06-05",40.099998
"2122","2015-06-08",40.16
"2123","2015-06-09",40.200001
"2124","2015-06-10",40.330002
"2125","2015-06-11",40.099998
"2126","2015-06-12",39.959999
"2127","2015-06-15",39.59
"2128","2015-06-16",40.080002
"2129","2015-06-17",40.27
"2130","2015-06-18",40.650002
"2131","2015-06-19",40.400002
"2132","2015-06-22",40.48
"2133","2015-06-23",40.380001
"2134","2015-06-24",40.189999
"2135","2015-06-25",40.02
"2136","2015-06-26",40
"2137","2015-06-29",39.400002
"2138","2015-06-30",39.23
"2139","2015-07-01",39.5
"2140","2015-07-02",39.490002
"2141","2015-07-06",39.419998
"2142","2015-07-07",40.25
"2143","2015-07-08",39.860001
"2144","2015-07-09",39.919998
"2145","2015-07-10",40.389999
"2146","2015-07-13",40.66
"2147","2015-07-14",41.169998
"2148","2015-07-15",41.130001
"2149","2015-07-16",41.48
"2150","2015-07-17",41.25
"2151","2015-07-20",41.380001
"2152","2015-07-21",41.189999
"2153","2015-07-22",40.900002
"2154","2015-07-23",40.84
"2155","2015-07-24",40.439999
"2156","2015-07-27",40.540001
"2157","2015-07-28",40.549999
"2158","2015-07-29",40.59
"2159","2015-07-30",40.560001
"2160","2015-07-31",41.080002
"2161","2015-08-03",41.540001
"2162","2015-08-04",41.849998
"2163","2015-08-05",42.119999
"2164","2015-08-06",41.919998
"2165","2015-08-07",41.77
"2166","2015-08-10",41.68
"2167","2015-08-11",41.48
"2168","2015-08-12",41.259998
"2169","2015-08-13",41.099998
"2170","2015-08-14",41.25
"2171","2015-08-17",41.349998
"2172","2015-08-18",41.299999
"2173","2015-08-19",40.779999
"2174","2015-08-20",40.549999
"2175","2015-08-21",39.529999
"2176","2015-08-24",38.380001
"2177","2015-08-25",37.990002
"2178","2015-08-26",38.73
"2179","2015-08-27",39.27
"2180","2015-08-28",39.450001
"2181","2015-08-31",39.32
"2182","2015-09-01",38.75
"2183","2015-09-02",38.900002
"2184","2015-09-03",39.16
"2185","2015-09-04",38.52
"2186","2015-09-08",38.900002
"2187","2015-09-09",38.299999
"2188","2015-09-10",38.419998
"2189","2015-09-11",38.130001
"2190","2015-09-14",38.099998
"2191","2015-09-15",38.5
"2192","2015-09-16",39.150002
"2193","2015-09-17",39.380001
"2194","2015-09-18",38.98
"2195","2015-09-21",39.189999
"2196","2015-09-22",38.790001
"2197","2015-09-23",38.759998
"2198","2015-09-24",39.150002
"2199","2015-09-25",39.619999
"2200","2015-09-28",39.529999
"2201","2015-09-29",39.66
"2202","2015-09-30",40.119999
"2203","2015-10-01",39.799999
"2204","2015-10-02",40.389999
"2205","2015-10-05",41.009998
"2206","2015-10-06",40.959999
"2207","2015-10-07",41.52
"2208","2015-10-08",41.98
"2209","2015-10-09",42.02
"2210","2015-10-12",42
"2211","2015-10-13",41.650002
"2212","2015-10-14",41.68
"2213","2015-10-15",41.919998
"2214","2015-10-16",42.02
"2215","2015-10-19",41.990002
"2216","2015-10-20",42.290001
"2217","2015-10-21",42.189999
"2218","2015-10-22",43.240002
"2219","2015-10-23",42.790001
"2220","2015-10-26",42.59
"2221","2015-10-27",42.610001
"2222","2015-10-28",42.73
"2223","2015-10-29",42.790001
"2224","2015-10-30",42.349998
"2225","2015-11-02",42.240002
"2226","2015-11-03",42.16
"2227","2015-11-04",41.970001
"2228","2015-11-05",42.330002
"2229","2015-11-06",41.959999
"2230","2015-11-09",41.540001
"2231","2015-11-10",41.77
"2232","2015-11-11",42.040001
"2233","2015-11-12",41.580002
"2234","2015-11-13",41.380001
"2235","2015-11-16",41.959999
"2236","2015-11-17",41.669998
"2237","2015-11-18",42.279999
"2238","2015-11-19",43.110001
"2239","2015-11-20",42.43
"2240","2015-11-23",42.959999
"2241","2015-11-24",43.360001
"2242","2015-11-25",43.360001
"2243","2015-11-27",43.150002
"2244","2015-11-30",42.619999
"2245","2015-12-01",42.889999
"2246","2015-12-02",42.77
"2247","2015-12-03",42.459999
"2248","2015-12-04",43.290001
"2249","2015-12-07",43.200001
"2250","2015-12-08",43.009998
"2251","2015-12-09",42.66
"2252","2015-12-10",42.759998
"2253","2015-12-11",42.27
"2254","2015-12-14",42.450001
"2255","2015-12-15",43.07
"2256","2015-12-16",43.84
"2257","2015-12-17",43.490002
"2258","2015-12-18",42.5
"2259","2015-12-21",42.779999
"2260","2015-12-22",43.290001
"2261","2015-12-23",43.669998
"2262","2015-12-24",43.540001
"2263","2015-12-28",43.490002
"2264","2015-12-29",43.709999
"2265","2015-12-30",43.57
"2266","2015-12-31",42.959999
"2267","2016-01-04",42.400002
"2268","2016-01-05",42.549999
"2269","2016-01-06",42.32
"2270","2016-01-07",41.619999
"2271","2016-01-08",41.509998
"2272","2016-01-11",41.580002
"2273","2016-01-12",42.119999
"2274","2016-01-13",41.849998
"2275","2016-01-14",41.880001
"2276","2016-01-15",41.5
"2277","2016-01-19",41.919998
"2278","2016-01-20",41.380001
"2279","2016-01-21",41.389999
"2280","2016-01-22",42.060001
"2281","2016-01-25",42.16
"2282","2016-01-26",42.080002
"2283","2016-01-27",42.09
"2284","2016-01-28",42.57
"2285","2016-01-29",42.919998
"2286","2016-02-01",43
"2287","2016-02-02",42.439999
"2288","2016-02-03",42.720001
"2289","2016-02-04",42.529999
"2290","2016-02-05",42.439999
"2291","2016-02-08",42.650002
"2292","2016-02-09",43.299999
"2293","2016-02-10",42.549999
"2294","2016-02-11",42.41
"2295","2016-02-12",43.110001
"2296","2016-02-16",43.360001
"2297","2016-02-17",43.490002
"2298","2016-02-18",43.610001
"2299","2016-02-19",43.77
"2300","2016-02-22",43.939999
"2301","2016-02-23",43.689999
"2302","2016-02-24",43.91
"2303","2016-02-25",44.16
"2304","2016-02-26",43.139999
"2305","2016-02-29",43.130001
"2306","2016-03-01",43.689999
"2307","2016-03-02",43.77
"2308","2016-03-03",43.959999
"2309","2016-03-04",44.110001
"2310","2016-03-07",44.009998
"2311","2016-03-08",44.32
"2312","2016-03-09",44.810001
"2313","2016-03-10",45.23
"2314","2016-03-11",45.200001
"2315","2016-03-14",45.290001
"2316","2016-03-15",45.240002
"2317","2016-03-16",45.049999
"2318","2016-03-17",45.77
"2319","2016-03-18",45.599998
"2320","2016-03-21",45.669998
"2321","2016-03-22",45.5
"2322","2016-03-23",45.459999
"2323","2016-03-24",45.580002
"2324","2016-03-28",45.799999
"2325","2016-03-29",46.48
"2326","2016-03-30",46.580002
"2327","2016-03-31",46.389999
"2328","2016-04-01",46.830002
"2329","2016-04-04",46.889999
"2330","2016-04-05",46.529999
"2331","2016-04-06",46.709999
"2332","2016-04-07",46.360001
"2333","2016-04-08",46.869999
"2334","2016-04-11",46.439999
"2335","2016-04-12",46.650002
"2336","2016-04-13",46.040001
"2337","2016-04-14",45.830002
"2338","2016-04-15",46.099998
"2339","2016-04-18",46.220001
"2340","2016-04-19",46.599998
"2341","2016-04-20",44.369999
"2342","2016-04-21",43.66
"2343","2016-04-22",44.540001
"2344","2016-04-25",44.709999
"2345","2016-04-26",44.529999
"2346","2016-04-27",44.68
"2347","2016-04-28",44.630001
"2348","2016-04-29",44.799999
"2349","2016-05-02",44.98
"2350","2016-05-03",44.84
"2351","2016-05-04",44.98
"2352","2016-05-05",45.060001
"2353","2016-05-06",45.32
"2354","2016-05-09",45.240002
"2355","2016-05-10",45.75
"2356","2016-05-11",45.459999
"2357","2016-05-12",45.830002
"2358","2016-05-13",45.349998
"2359","2016-05-16",45.619999
"2360","2016-05-17",44.75
"2361","2016-05-18",44.48
"2362","2016-05-19",44.32
"2363","2016-05-20",43.950001
"2364","2016-05-23",43.970001
"2365","2016-05-24",44.369999
"2366","2016-05-25",44.380001
"2367","2016-05-26",44.689999
"2368","2016-05-27",44.779999
"2369","2016-05-31",44.599998
"2370","2016-06-01",44.700001
"2371","2016-06-02",44.720001
"2372","2016-06-03",45.040001
"2373","2016-06-06",45.369999
"2374","2016-06-07",45.32
"2375","2016-06-08",45.549999
"2376","2016-06-09",45.759998
"2377","2016-06-10",45.990002
"2378","2016-06-13",45.119999
"2379","2016-06-14",45.040001
"2380","2016-06-15",45.009998
"2381","2016-06-16",45.310001
"2382","2016-06-17",44.790001
"2383","2016-06-20",44.98
"2384","2016-06-21",45.130001
"2385","2016-06-22",44.860001
"2386","2016-06-23",45.080002
"2387","2016-06-24",43.93
"2388","2016-06-27",43.779999
"2389","2016-06-28",44.18
"2390","2016-06-29",44.439999
"2391","2016-06-30",45.330002
"2392","2016-07-01",45.119999
"2393","2016-07-05",45.43
"2394","2016-07-06",45.27
"2395","2016-07-07",45.09
"2396","2016-07-08",45.380001
"2397","2016-07-11",45.57
"2398","2016-07-12",45.580002
"2399","2016-07-13",45.740002
"2400","2016-07-14",45.689999
"2401","2016-07-15",45.630001
"2402","2016-07-18",45.630001
"2403","2016-07-19",45.630001
"2404","2016-07-20",45.509998
"2405","2016-07-21",45.450001
"2406","2016-07-22",45.830002
"2407","2016-07-25",45.57
"2408","2016-07-26",44.880001
"2409","2016-07-27",43.400002
"2410","2016-07-28",43.650002
"2411","2016-07-29",43.630001
"2412","2016-08-01",43.450001
"2413","2016-08-02",43.529999
"2414","2016-08-03",43.639999
"2415","2016-08-04",43.509998
"2416","2016-08-05",43.48
"2417","2016-08-08",43.439999
"2418","2016-08-09",43.470001
"2419","2016-08-10",43.610001
"2420","2016-08-11",43.75
"2421","2016-08-12",44.029999
"2422","2016-08-15",44.240002
"2423","2016-08-16",43.830002
"2424","2016-08-17",44.060001
"2425","2016-08-18",44.099998
"2426","2016-08-19",43.919998
"2427","2016-08-22",43.740002
"2428","2016-08-23",43.849998
"2429","2016-08-24",43.849998
"2430","2016-08-25",43.669998
"2431","2016-08-26",43.32
"2432","2016-08-29",43.540001
"2433","2016-08-30",43.240002
"2434","2016-08-31",43.43
"2435","2016-09-01",43.349998
"2436","2016-09-02",43.66
"2437","2016-09-06",43.790001
"2438","2016-09-07",43.639999
"2439","2016-09-08",43.630001
"2440","2016-09-09",42.27
"2441","2016-09-12",43.189999
"2442","2016-09-13",42.279999
"2443","2016-09-14",42.110001
"2444","2016-09-15",42.360001
"2445","2016-09-16",42.139999
"2446","2016-09-19",42.099998
"2447","2016-09-20",42.34
"2448","2016-09-21",42.529999
"2449","2016-09-22",42.959999
"2450","2016-09-23",42.740002
"2451","2016-09-26",42.049999
"2452","2016-09-27",42.59
"2453","2016-09-28",42.150002
"2454","2016-09-29",42.029999
"2455","2016-09-30",42.32
"2456","2016-10-03",42.029999
"2457","2016-10-04",41.84
"2458","2016-10-05",41.810001
"2459","2016-10-06",41.709999
"2460","2016-10-07",41.73
"2461","2016-10-10",41.73
"2462","2016-10-11",41.540001
"2463","2016-10-12",41.779999
"2464","2016-10-13",41.759998
"2465","2016-10-14",41.669998
"2466","2016-10-17",41.599998
"2467","2016-10-18",41.970001
"2468","2016-10-19",42.049999
"2469","2016-10-20",41.93
"2470","2016-10-21",42.130001
"2471","2016-10-24",42.560001
"2472","2016-10-25",42.540001
"2473","2016-10-26",42.439999
"2474","2016-10-27",42.119999
"2475","2016-10-28",42.23
"2476","2016-10-31",42.400002
"2477","2016-11-01",42.119999
"2478","2016-11-02",42.049999
"2479","2016-11-03",42.029999
"2480","2016-11-04",41.689999
"2481","2016-11-07",42.459999
"2482","2016-11-08",42.880001
"2483","2016-11-09",42.27
"2484","2016-11-10",40.939999
"2485","2016-11-11",41.029999
"2486","2016-11-14",41.169998
"2487","2016-11-15",41.439999
"2488","2016-11-16",41.259998
"2489","2016-11-17",41.119999
"2490","2016-11-18",40.91
"2491","2016-11-21",41.360001
"2492","2016-11-22",41.369999
"2493","2016-11-23",41.119999
"2494","2016-11-25",41.529999
"2495","2016-11-28",41.75
"2496","2016-11-29",41.150002
"2497","2016-11-30",40.349998
"2498","2016-12-01",40.169998
"2499","2016-12-02",40.360001
"2500","2016-12-05",40.619999
"2501","2016-12-06",40.57
"2502","2016-12-07",41.290001
"2503","2016-12-08",40.98
"2504","2016-12-09",42
"2505","2016-12-12",41.900002
"2506","2016-12-13",41.759998
"2507","2016-12-14",41.209999
"2508","2016-12-15",41.549999
"2509","2016-12-16",41.740002
"2510","2016-12-19",41.669998
"2511","2016-12-20",41.66
"2512","2016-12-21",41.57
"2513","2016-12-22",41.549999
"2514","2016-12-23",41.599998
"2515","2016-12-27",41.610001
"2516","2016-12-28",41.389999
"2517","2016-12-29",41.599998
"2518","2016-12-30",41.459999
"2519","2017-01-03",41.799999
"2520","2017-01-04",41.650002
"2521","2017-01-05",41.75
"2522","2017-01-06",41.740002
"2523","2017-01-09",41.32
"2524","2017-01-10",41.040001
"2525","2017-01-11",41.049999
"2526","2017-01-12",40.950001
"2527","2017-01-13",40.880001
"2528","2017-01-17",41.220001
"2529","2017-01-18",41.290001
"2530","2017-01-19",41.139999
"2531","2017-01-20",41.32
"2532","2017-01-23",41.43
"2533","2017-01-24",41.900002
"2534","2017-01-25",42.119999
"2535","2017-01-26",41.810001
"2536","2017-01-27",41.450001
"2537","2017-01-30",41.380001
"2538","2017-01-31",41.57
"2539","2017-02-01",41.259998
"2540","2017-02-02",41.400002
"2541","2017-02-03",41.540001
"2542","2017-02-06",41.560001
"2543","2017-02-07",41.900002
"2544","2017-02-08",42.02
"2545","2017-02-09",41.25
"2546","2017-02-10",40.580002
"2547","2017-02-13",40.619999
"2548","2017-02-14",40.529999
"2549","2017-02-15",40.439999
"2550","2017-02-16",41.200001
"2551","2017-02-17",41.23
"2552","2017-02-21",41.459999
"2553","2017-02-22",41.599998
"2554","2017-02-23",41.66
"2555","2017-02-24",41.779999
"2556","2017-02-27",41.669998
"2557","2017-02-28",41.959999
"2558","2017-03-01",42.16
"2559","2017-03-02",42.470001
"2560","2017-03-03",42.48
"2561","2017-03-06",42.18
"2562","2017-03-07",41.990002
"2563","2017-03-08",41.990002
"2564","2017-03-09",42.029999
"2565","2017-03-10",42.290001
"2566","2017-03-13",42.029999
"2567","2017-03-14",41.970001
"2568","2017-03-15",42.119999
"2569","2017-03-16",42.25
"2570","2017-03-17",42.029999
"2571","2017-03-20",42.18
"2572","2017-03-21",42.5
"2573","2017-03-22",42.380001
"2574","2017-03-23",42.169998
"2575","2017-03-24",42.119999
"2576","2017-03-27",42.32
"2577","2017-03-28",42.43
"2578","2017-03-29",42.419998
"2579","2017-03-30",42.599998
"2580","2017-03-31",42.439999
"2581","2017-04-03",42.41
"2582","2017-04-04",42.68
"2583","2017-04-05",42.57
"2584","2017-04-06",42.669998
"2585","2017-04-07",42.610001
"2586","2017-04-10",42.689999
"2587","2017-04-11",42.66
"2588","2017-04-12",42.939999
"2589","2017-04-13",42.790001
"2590","2017-04-17",43.07
"2591","2017-04-18",43.48
"2592","2017-04-19",43.23
"2593","2017-04-20",43.09
"2594","2017-04-21",43.07
"2595","2017-04-24",43.279999
"2596","2017-04-25",43.110001
"2597","2017-04-26",43.240002
"2598","2017-04-27",43.009998
"2599","2017-04-28",43.150002
"2600","2017-05-01",43.220001
"2601","2017-05-02",43.389999
"2602","2017-05-03",43.32
"2603","2017-05-04",43.66
"2604","2017-05-05",43.689999
"2605","2017-05-08",43.889999
"2606","2017-05-09",43.509998
"2607","2017-05-10",43.57
"2608","2017-05-11",43.669998
"2609","2017-05-12",43.59
"2610","2017-05-15",43.73
"2611","2017-05-16",43.849998
"2612","2017-05-17",43.93
"2613","2017-05-18",43.799999
"2614","2017-05-19",43.900002
"2615","2017-05-22",44.18
"2616","2017-05-23",44.389999
"2617","2017-05-24",45.029999
"2618","2017-05-25",45.41
"2619","2017-05-26",45.389999
"2620","2017-05-30",45.43
"2621","2017-05-31",45.470001
"2622","2017-06-01",45.790001
"2623","2017-06-02",45.889999
"2624","2017-06-05",45.990002
"2625","2017-06-06",45.98
"2626","2017-06-07",45.509998
"2627","2017-06-08",45.130001
"2628","2017-06-09",45.32
"2629","2017-06-12",45.330002
"2630","2017-06-13",45.029999
"2631","2017-06-14",45.299999
"2632","2017-06-15",45.25
"2633","2017-06-16",45.310001
"2634","2017-06-19",45.380001
"2635","2017-06-20",45.610001
"2636","2017-06-21",45.220001
"2637","2017-06-22",45.07
"2638","2017-06-23",45.25
"2639","2017-06-26",45.43
"2640","2017-06-27",45.049999
"2641","2017-06-28",45.32
"2642","2017-06-29",44.830002
"2643","2017-06-30",44.849998
"2644","2017-07-03",44.759998
"2645","2017-07-05",44.82
"2646","2017-07-06",44.400002
"2647","2017-07-07",44.389999
"2648","2017-07-10",44.380001
"2649","2017-07-11",44.330002
"2650","2017-07-12",44.509998
"2651","2017-07-13",44.43
"2652","2017-07-14",44.68
"2653","2017-07-17",44.73
"2654","2017-07-18",44.669998
"2655","2017-07-19",44.830002
"2656","2017-07-20",44.82
"2657","2017-07-21",45.029999
"2658","2017-07-24",44.84
"2659","2017-07-25",45.240002
"2660","2017-07-26",45.740002
"2661","2017-07-27",46.119999
"2662","2017-07-28",46.009998
"2663","2017-07-31",45.84
"2664","2017-08-01",45.700001
"2665","2017-08-02",45.59
"2666","2017-08-03",45.669998
"2667","2017-08-04",45.5
"2668","2017-08-07",45.639999
"2669","2017-08-08",45.599998
"2670","2017-08-09",45.59
"2671","2017-08-10",45.740002
"2672","2017-08-11",45.59
"2673","2017-08-14",45.799999
"2674","2017-08-15",46.189999
"2675","2017-08-16",46.200001
"2676","2017-08-17",45.860001
"2677","2017-08-18",45.669998
"2678","2017-08-21",45.68
"2679","2017-08-22",45.599998
"2680","2017-08-23",45.540001
"2681","2017-08-24",45.41
"2682","2017-08-25",45.57
"2683","2017-08-28",45.419998
"2684","2017-08-29",45.450001
"2685","2017-08-30",45.389999
"2686","2017-08-31",45.549999
"2687","2017-09-01",45.779999
"2688","2017-09-05",45.919998
"2689","2017-09-06",45.959999
"2690","2017-09-07",46.279999
"2691","2017-09-08",46.299999
"2692","2017-09-11",46.52
"2693","2017-09-12",46.720001
"2694","2017-09-13",46.869999
"2695","2017-09-14",46.110001
"2696","2017-09-15",46.18
"2697","2017-09-18",46.110001
"2698","2017-09-19",45.98
"2699","2017-09-20",45.779999
"2700","2017-09-21",45.400002
"2701","2017-09-22",45.490002
"2702","2017-09-25",45.689999
"2703","2017-09-26",45.57
"2704","2017-09-27",44.639999
"2705","2017-09-28",44.91
"2706","2017-09-29",45.009998
"2707","2017-10-02",44.799999
"2708","2017-10-03",45.189999
"2709","2017-10-04",45.5
"2710","2017-10-05",45.52
"2711","2017-10-06",45.490002
"2712","2017-10-09",45.41
"2713","2017-10-10",45.869999
"2714","2017-10-11",46.099998
"2715","2017-10-12",46.110001
"2716","2017-10-13",46.18
"2717","2017-10-16",46.619999
"2718","2017-10-17",46.52
"2719","2017-10-18",46.400002
"2720","2017-10-19",46.59
"2721","2017-10-20",46.380001
"2722","2017-10-23",46.32
"2723","2017-10-24",46.18
"2724","2017-10-25",46.049999
"2725","2017-10-26",46.23
"2726","2017-10-27",46.07
"2727","2017-10-30",45.860001
"2728","2017-10-31",45.98
"2729","2017-11-01",45.799999
"2730","2017-11-02",45.880001
"2731","2017-11-03",45.970001
"2732","2017-11-06",45.470001
"2733","2017-11-07",45.939999
"2734","2017-11-08",46.18
"2735","2017-11-09",46.23
"2736","2017-11-10",46.540001
"2737","2017-11-13",46.720001
"2738","2017-11-14",47.43
"2739","2017-11-15",46.810001
"2740","2017-11-16",46.549999
"2741","2017-11-17",45.709999
"2742","2017-11-20",45.459999
"2743","2017-11-21",45.779999
"2744","2017-11-22",45.84
"2745","2017-11-24",45.880001
"2746","2017-11-27",45.900002
"2747","2017-11-28",45.830002
"2748","2017-11-29",45.5
"2749","2017-11-30",45.77
"2750","2017-12-01",45.970001
"2751","2017-12-04",46.23
"2752","2017-12-05",46.259998
"2753","2017-12-06",46.450001
"2754","2017-12-07",45.779999
"2755","2017-12-08",45.310001
"2756","2017-12-11",45.330002
"2757","2017-12-12",45.290001
"2758","2017-12-13",45.900002
"2759","2017-12-14",46.029999
"2760","2017-12-15",46.189999
"2761","2017-12-18",45.93
"2762","2017-12-19",46.130001
"2763","2017-12-20",46.080002
"2764","2017-12-21",45.599998
"2765","2017-12-22",45.59
"2766","2017-12-26",45.810001
"2767","2017-12-27",45.93
"2768","2017-12-28",45.720001
"2769","2017-12-29",45.880001
"2770","2018-01-02",45.540001
"2771","2018-01-03",45.439999
"2772","2018-01-04",46.080002
"2773","2018-01-05",46.07
"2774","2018-01-08",46
"2775","2018-01-09",46.23
"2776","2018-01-10",46.07
"2777","2018-01-11",46.040001
"2778","2018-01-12",46.150002
"2779","2018-01-16",46.529999
"2780","2018-01-17",46.82
"2781","2018-01-18",46.880001
"2782","2018-01-19",47.16
"2783","2018-01-22",47.380001
"2784","2018-01-23",47.450001
"2785","2018-01-24",47.830002
"2786","2018-01-25",47.84
"2787","2018-01-26",48.529999
"2788","2018-01-29",47.700001
"2789","2018-01-30",47.41
"2790","2018-01-31",47.59
"2791","2018-02-01",47.450001
"2792","2018-02-02",46.73
"2793","2018-02-05",44.889999
"2794","2018-02-06",44.669998
"2795","2018-02-07",44.560001
"2796","2018-02-08",43.099998
"2797","2018-02-09",43.130001
"2798","2018-02-12",43.970001
"2799","2018-02-13",44.189999
"2800","2018-02-14",44.099998
"2801","2018-02-15",44.779999
"2802","2018-02-16",44.98
"2803","2018-02-20",43.990002
"2804","2018-02-21",43.34
"2805","2018-02-22",43.52
"2806","2018-02-23",44.040001
"2807","2018-02-26",44.029999
"2808","2018-02-27",43.619999
"2809","2018-02-28",43.220001
"2810","2018-03-01",43.43
"2811","2018-03-02",43.720001
"2812","2018-03-05",43.889999
"2813","2018-03-06",43.93
"2814","2018-03-07",43.82
"2815","2018-03-08",44.450001
"2816","2018-03-09",44.82
"2817","2018-03-12",44.529999
"2818","2018-03-13",44.57
"2819","2018-03-14",43.779999
"2820","2018-03-15",43.669998
"2821","2018-03-16",43.459999
"2822","2018-03-19",43.259998
"2823","2018-03-20",43.16
"2824","2018-03-21",43
"2825","2018-03-22",42.759998
"2826","2018-03-23",42.330002
"2827","2018-03-26",42.689999
"2828","2018-03-27",42.889999
"2829","2018-03-28",43.32
"2830","2018-03-29",43.43
"2831","2018-04-02",42.669998
"2832","2018-04-03",43.380001
"2833","2018-04-04",44.240002
"2834","2018-04-05",44.400002
"2835","2018-04-06",43.919998
"2836","2018-04-09",43.830002
"2837","2018-04-10",43.990002
"2838","2018-04-11",43.990002
"2839","2018-04-12",44.029999
"2840","2018-04-13",44.509998
"2841","2018-04-16",44.68
"2842","2018-04-17",44.880001
"2843","2018-04-18",44.509998
"2844","2018-04-19",44.310001
"2845","2018-04-20",43.740002
"2846","2018-04-23",43.98
"2847","2018-04-24",43.07
"2848","2018-04-25",42.43
"2849","2018-04-26",42.75
"2850","2018-04-27",43.310001
"2851","2018-04-30",43.209999
"2852","2018-05-01",42.59
"2853","2018-05-02",42.060001
"2854","2018-05-03",41.889999
"2855","2018-05-04",42.360001
"2856","2018-05-07",42.139999
"2857","2018-05-08",41.810001
"2858","2018-05-09",41.779999
"2859","2018-05-10",42.18
"2860","2018-05-11",42.139999
"2861","2018-05-14",42.040001
"2862","2018-05-15",41.720001
"2863","2018-05-16",41.549999
"2864","2018-05-17",42.299999
"2865","2018-05-18",42.18
"2866","2018-05-21",42.41
"2867","2018-05-22",42.25
"2868","2018-05-23",42.400002
"2869","2018-05-24",42.32
"2870","2018-05-25",42.400002
"2871","2018-05-29",42.68
"2872","2018-05-30",43.130001
"2873","2018-05-31",43
"2874","2018-06-01",43.119999
"2875","2018-06-04",43.490002
"2876","2018-06-05",43.110001
"2877","2018-06-06",43.459999
"2878","2018-06-07",43.439999
"2879","2018-06-08",43.950001
"2880","2018-06-11",44.130001
"2881","2018-06-12",44.41
"2882","2018-06-13",44.18
"2883","2018-06-14",43.580002
"2884","2018-06-15",44.119999
"2885","2018-06-18",43.549999
"2886","2018-06-19",43.599998
"2887","2018-06-20",43.259998
"2888","2018-06-21",43.09
"2889","2018-06-22",43.25
"2890","2018-06-25",43.580002
"2891","2018-06-26",43.330002
"2892","2018-06-27",43.07
"2893","2018-06-28",43.470001
"2894","2018-06-29",43.860001
"2895","2018-07-02",43.75
"2896","2018-07-03",43.990002
"2897","2018-07-05",44.66
"2898","2018-07-06",44.639999
"2899","2018-07-09",44.400002
"2900","2018-07-10",44.970001
"2901","2018-07-11",44.790001
"2902","2018-07-12",44.669998
"2903","2018-07-13",44.740002
"2904","2018-07-16",44.73
"2905","2018-07-17",45.25
"2906","2018-07-18",45.119999
"2907","2018-07-19",45.110001
"2908","2018-07-20",45.279999
"2909","2018-07-23",44.950001
"2910","2018-07-24",45.259998
"2911","2018-07-25",46.09
"2912","2018-07-26",46.240002
"2913","2018-07-27",46.209999
"2914","2018-07-30",46.23
"2915","2018-07-31",46.630001
"2916","2018-08-01",46.389999
"2917","2018-08-02",46.18
"2918","2018-08-03",46.619999
"2919","2018-08-06",46.650002
"2920","2018-08-07",46.5
"2921","2018-08-08",46.150002
"2922","2018-08-09",46.349998
"2923","2018-08-10",46.080002
"2924","2018-08-13",45.830002
"2925","2018-08-14",45.889999
"2926","2018-08-15",46.080002
"2927","2018-08-16",46.220001
"2928","2018-08-17",46.599998
"2929","2018-08-20",46.73
"2930","2018-08-21",46.220001
"2931","2018-08-22",45.93
"2932","2018-08-23",45.700001
"2933","2018-08-24",45.630001
"2934","2018-08-27",45.689999
"2935","2018-08-28",45.369999
"2936","2018-08-29",45.330002
"2937","2018-08-30",44.950001
"2938","2018-08-31",44.57
"2939","2018-09-04",44.759998
"2940","2018-09-05",45.380001
"2941","2018-09-06",45.77
"2942","2018-09-07",45.720001
"2943","2018-09-10",46.060001
"2944","2018-09-11",46.02
"2945","2018-09-12",46.240002
"2946","2018-09-13",45.830002
"2947","2018-09-14",45.990002
"2948","2018-09-17",46.32
"2949","2018-09-18",45.93
"2950","2018-09-19",45.959999
"2951","2018-09-20",46.639999
"2952","2018-09-21",46.580002
"2953","2018-09-24",46.07
"2954","2018-09-25",45.68
"2955","2018-09-26",45.849998
"2956","2018-09-27",46.009998
"2957","2018-09-28",46.189999
"2958","2018-10-01",46.23
"2959","2018-10-02",46.509998
"2960","2018-10-03",45.869999
"2961","2018-10-04",45.849998
"2962","2018-10-05",45.880001
"2963","2018-10-08",46.48
"2964","2018-10-09",46.389999
"2965","2018-10-10",45.68
"2966","2018-10-11",44.639999
"2967","2018-10-12",44.68
"2968","2018-10-15",44.91
"2969","2018-10-16",45.490002
"2970","2018-10-17",45.860001
"2971","2018-10-18",45.610001
"2972","2018-10-19",46.330002
"2973","2018-10-22",45.970001
"2974","2018-10-23",46.360001
"2975","2018-10-24",46.73
"2976","2018-10-25",46.509998
"2977","2018-10-26",45.919998
"2978","2018-10-29",46.459999
"2979","2018-10-30",47.630001
"2980","2018-10-31",47.880001
"2981","2018-11-01",47.740002
"2982","2018-11-02",48
"2983","2018-11-05",48.689999
"2984","2018-11-06",49.110001
"2985","2018-11-07",49.369999
"2986","2018-11-08",49.330002
"2987","2018-11-09",49.68
"2988","2018-11-12",49.869999
"2989","2018-11-13",49.860001
"2990","2018-11-14",49.759998
"2991","2018-11-15",49.740002
"2992","2018-11-16",50.169998
"2993","2018-11-19",50.509998
"2994","2018-11-20",49.380001
"2995","2018-11-21",48.73
"2996","2018-11-23",49.02
"2997","2018-11-26",48.869999
"2998","2018-11-27",49.369999
"2999","2018-11-28",49.709999
"3000","2018-11-29",48.98
"3001","2018-11-30",50.400002
"3002","2018-12-03",49.689999
"3003","2018-12-04",49.580002
"3004","2018-12-06",49.380001
"3005","2018-12-07",49.09
"3006","2018-12-10",49.240002
"3007","2018-12-11",49.540001
"3008","2018-12-12",49.220001
"3009","2018-12-13",49.470001
"3010","2018-12-14",49.34
"3011","2018-12-17",48.330002
"3012","2018-12-18",48.32
"3013","2018-12-19",47.900002
"3014","2018-12-20",47.540001
"3015","2018-12-21",47.57
"3016","2018-12-24",45.959999
"3017","2018-12-26",46.939999
"3018","2018-12-27",47.529999
"3019","2018-12-28",47.200001
"3020","2018-12-31",47.349998
"3021","2019-01-02",46.93
"3022","2019-01-03",46.639999
"3023","2019-01-04",47.57
"3024","2019-01-07",46.950001
"3025","2019-01-08",47.48
"3026","2019-01-09",46.57
"3027","2019-01-10",47.07
"3028","2019-01-11",47.34
"3029","2019-01-14",47.150002
"3030","2019-01-15",47.57
"3031","2019-01-16",46.919998
"3032","2019-01-17",47.060001
"3033","2019-01-18",47.610001
"3034","2019-01-22",47.720001
"3035","2019-01-23",48.27
"3036","2019-01-24",47.689999
"3037","2019-01-25",47.369999
"3038","2019-01-28",47.169998
"3039","2019-01-29",47.400002
"3040","2019-01-30",47.860001
"3041","2019-01-31",48.130001
"3042","2019-02-01",48.700001
"3043","2019-02-04",49.25
"3044","2019-02-05",49.259998
"3045","2019-02-06",49.259998
"3046","2019-02-07",49.419998
"3047","2019-02-08",49.5
"3048","2019-02-11",49.610001
"3049","2019-02-12",49.66
"3050","2019-02-13",49.790001
"3051","2019-02-14",45.59
"3052","2019-02-15",45.240002
"3053","2019-02-19",44.830002
"3054","2019-02-20",45.099998
"3055","2019-02-21",45.860001
"3056","2019-02-22",45.279999
"3057","2019-02-25",44.939999
"3058","2019-02-26",44.689999
"3059","2019-02-27",44.939999
"3060","2019-02-28",45.34
"3061","2019-03-01",45.380001
"3062","2019-03-04",45.650002
"3063","2019-03-05",45.599998
"3064","2019-03-06",45.450001
"3065","2019-03-07",45.279999
"3066","2019-03-08",44.84
"3067","2019-03-11",46.18
"3068","2019-03-12",46.049999
"3069","2019-03-13",46.220001
"3070","2019-03-14",45.700001
"3071","2019-03-15",45.299999
"3072","2019-03-18",45.41
"3073","2019-03-19",45.560001
"3074","2019-03-20",45.529999
"3075","2019-03-21",45.509998
"3076","2019-03-22",45.93
"3077","2019-03-25",46.029999
"3078","2019-03-26",46.639999
"3079","2019-03-27",46.610001
"3080","2019-03-28",46.580002
"3081","2019-03-29",46.860001
"3082","2019-04-01",46.720001
"3083","2019-04-02",46.57
"3084","2019-04-03",46.18
"3085","2019-04-04",46.48
"3086","2019-04-05",46.470001
"3087","2019-04-08",46.549999
"3088","2019-04-09",46.669998
"3089","2019-04-10",46.639999
"3090","2019-04-11",46.709999
"3091","2019-04-12",46.740002
"3092","2019-04-15",47
"3093","2019-04-16",46.950001
"3094","2019-04-17",47.279999
"3095","2019-04-18",47.48
"3096","2019-04-22",47.400002
"3097","2019-04-23",48.209999
"3098","2019-04-24",47.98
"3099","2019-04-25",47.84
"3100","2019-04-26",48.259998
"3101","2019-04-29",48.419998
"3102","2019-04-30",49.060001
"3103","2019-05-01",48.59
"3104","2019-05-02",48.389999
"3105","2019-05-03",48.720001
"3106","2019-05-06",48.470001
"3107","2019-05-07",48
"3108","2019-05-08",47.849998
"3109","2019-05-09",47.400002
"3110","2019-05-10",48.189999
"3111","2019-05-13",48.049999
"3112","2019-05-14",48.689999
"3113","2019-05-15",49.18
"3114","2019-05-16",49.580002
"3115","2019-05-17",49.200001
"3116","2019-05-20",48.849998
"3117","2019-05-21",48.599998
"3118","2019-05-22",49.650002
"3119","2019-05-23",49.849998
"3120","2019-05-24",49.610001
"3121","2019-05-28",49.099998
"3122","2019-05-29",48.610001
"3123","2019-05-30",49.25
"3124","2019-05-31",49.130001
"3125","2019-06-03",49.98
"3126","2019-06-04",50
"3127","2019-06-05",50.779999
"3128","2019-06-06",51.400002
"3129","2019-06-07",51.490002
"3130","2019-06-10",51.380001
"3131","2019-06-11",51.330002
"3132","2019-06-12",51.639999
"3133","2019-06-13",51.130001
"3134","2019-06-14",51.310001
"3135","2019-06-17",50.869999
"3136","2019-06-18",50.639999
"3137","2019-06-19",51.119999
"3138","2019-06-20",51.66
"3139","2019-06-21",51.549999
"3140","2019-06-24",51.919998
"3141","2019-06-25",51.759998
"3142","2019-06-26",51.119999
"3143","2019-06-27",51.080002
"3144","2019-06-28",50.919998
"3145","2019-07-01",51.599998
"3146","2019-07-02",51.98
"3147","2019-07-03",52.099998
"3148","2019-07-05",52.110001
"3149","2019-07-08",52
"3150","2019-07-09",51.59
"3151","2019-07-10",51.82
"3152","2019-07-11",52.040001
"3153","2019-07-12",52.119999
"3154","2019-07-15",52.130001
"3155","2019-07-16",52.139999
"3156","2019-07-17",52.18
"3157","2019-07-18",52.029999
"3158","2019-07-19",51.389999
"3159","2019-07-22",51.220001
"3160","2019-07-23",54.330002
"3161","2019-07-24",53.779999
"3162","2019-07-25",53.07
"3163","2019-07-26",54.169998
"3164","2019-07-29",53.990002
"3165","2019-07-30",53.720001
"3166","2019-07-31",52.630001
"3167","2019-08-01",52.029999
"3168","2019-08-02",52.330002
"3169","2019-08-05",51.650002
"3170","2019-08-06",52.27
"3171","2019-08-07",53.18
"3172","2019-08-08",53.689999
"3173","2019-08-09",53.419998
"3174","2019-08-12",53.200001
"3175","2019-08-13",53.5
"3176","2019-08-14",52.990002
"3177","2019-08-15",53.869999
"3178","2019-08-16",54.41
"3179","2019-08-19",54.689999
"3180","2019-08-20",53.880001
"3181","2019-08-21",54.099998
"3182","2019-08-22",54.490002
"3183","2019-08-23",53.740002
"3184","2019-08-26",54.540001
"3185","2019-08-27",54.720001
"3186","2019-08-28",55.110001
"3187","2019-08-29",55.049999
"3188","2019-08-30",55.040001
"3189","2019-09-03",55.299999
"3190","2019-09-04",55.77
"3191","2019-09-05",55.119999
"3192","2019-09-06",55.23
"3193","2019-09-09",54.52
"3194","2019-09-10",54.400002
"3195","2019-09-11",54.77
"3196","2019-09-12",55.110001
"3197","2019-09-13",54.259998
"3198","2019-09-16",53.959999
"3199","2019-09-17",54.240002
"3200","2019-09-18",54.23
"3201","2019-09-19",54.52
"3202","2019-09-20",53.91
"3203","2019-09-23",54.139999
"3204","2019-09-24",54.299999
"3205","2019-09-25",54.169998
"3206","2019-09-26",54.389999
"3207","2019-09-27",54.310001
"3208","2019-09-30",54.439999
"3209","2019-10-01",54.650002
"3210","2019-10-02",53.080002
"3211","2019-10-03",53.84
"3212","2019-10-04",54.540001
"3213","2019-10-07",53.869999
"3214","2019-10-08",53.580002
"3215","2019-10-09",53.830002
"3216","2019-10-10",53.66
"3217","2019-10-11",53.299999
"3218","2019-10-14",53.299999
"3219","2019-10-15",53.509998
"3220","2019-10-16",53.490002
"3221","2019-10-17",53.790001
"3222","2019-10-18",54.779999
"3223","2019-10-21",54.23
"3224","2019-10-22",53.849998
"3225","2019-10-23",54.639999
"3226","2019-10-24",54.610001
"3227","2019-10-25",53.75
"3228","2019-10-28",53.57
"3229","2019-10-29",53.41
"3230","2019-10-30",53.939999
"3231","2019-10-31",54.43
"3232","2019-11-01",53.900002
"3233","2019-11-04",53.139999
"3234","2019-11-05",52.419998
"3235","2019-11-06",52.799999
"3236","2019-11-07",52.290001
"3237","2019-11-08",52.209999
"3238","2019-11-11",51.84
"3239","2019-11-12",51.709999
"3240","2019-11-13",52.41
"3241","2019-11-14",52.630001
"3242","2019-11-15",52.669998
"3243","2019-11-18",53.029999
"3244","2019-11-19",53.080002
"3245","2019-11-20",53.220001
"3246","2019-11-21",52.959999
"3247","2019-11-22",53.029999
"3248","2019-11-25",53.220001
"3249","2019-11-26",53.900002
"3250","2019-11-27",53.950001
"3251","2019-11-29",53.400002
"3252","2019-12-02",53.75
"3253","2019-12-03",53.799999
"3254","2019-12-04",54.290001
"3255","2019-12-05",54.189999
"3256","2019-12-06",54.419998
"3257","2019-12-09",54.07
"3258","2019-12-10",53.77
"3259","2019-12-11",53.950001
"3260","2019-12-12",54.139999
"3261","2019-12-13",54.419998
"3262","2019-12-16",54.419998
"3263","2019-12-17",54.419998
"3264","2019-12-18",53.91
"3265","2019-12-19",54.32
"3266","2019-12-20",54.970001
"3267","2019-12-23",54.91
"3268","2019-12-24",54.709999
"3269","2019-12-26",55.02
"3270","2019-12-27",55.349998
"3271","2019-12-30",55.27
"3272","2019-12-31",55.349998
"3273","2020-01-02",54.990002
"3274","2020-01-03",54.689999
"3275","2020-01-06",54.669998
"3276","2020-01-07",54.25
"3277","2020-01-08",54.349998
"3278","2020-01-09",55.34
"3279","2020-01-10",55.529999
"3280","2020-01-13",56.130001
"3281","2020-01-14",56
"3282","2020-01-15",56.700001
"3283","2020-01-16",56.82
"3284","2020-01-17",56.939999
"3285","2020-01-21",57.169998
"3286","2020-01-22",57.610001
"3287","2020-01-23",57.830002
"3288","2020-01-24",57.68
"3289","2020-01-27",57.48
"3290","2020-01-28",57.009998
"3291","2020-01-29",57.009998
"3292","2020-01-30",58.860001
"3293","2020-01-31",58.400002
"3294","2020-02-03",58.580002
"3295","2020-02-04",58.84
"3296","2020-02-05",58.849998
"3297","2020-02-06",58.990002
"3298","2020-02-07",59.189999
"3299","2020-02-10",59.75
"3300","2020-02-11",59.59
"3301","2020-02-12",59.41
"3302","2020-02-13",59.610001
"3303","2020-02-14",59.950001
"3304","2020-02-18",59.529999
"3305","2020-02-19",59.77
"3306","2020-02-20",59.720001
"3307","2020-02-21",60.130001
"3308","2020-02-24",58.650002
"3309","2020-02-25",57.82
"3310","2020-02-26",57.599998
"3311","2020-02-27",54.93
"3312","2020-02-28",53.490002
"3313","2020-03-02",55.919998
"3314","2020-03-03",56.060001
"3315","2020-03-04",58.919998
"3316","2020-03-05",56.740002
"3317","2020-03-06",55.259998
"3318","2020-03-09",51.860001
"3319","2020-03-10",53.66
"3320","2020-03-11",52.209999
"3321","2020-03-12",47.16
"3322","2020-03-13",48.470001
"3323","2020-03-16",45.259998
"3324","2020-03-17",47.18
"3325","2020-03-18",44.849998
"3326","2020-03-19",41.830002
"3327","2020-03-20",38.299999
"3328","2020-03-23",37.560001
"3329","2020-03-24",39.450001
"3330","2020-03-25",41.610001
"3331","2020-03-26",44.290001
"3332","2020-03-27",42.810001
"3333","2020-03-30",45
"3334","2020-03-31",44.25
"3335","2020-04-01",42.119999
"3336","2020-04-02",43.950001
"3337","2020-04-03",43.830002
"3338","2020-04-06",46.669998
"3339","2020-04-07",46.509998
"3340","2020-04-08",47.82
"3341","2020-04-09",49
"3342","2020-04-13",46.93
"3343","2020-04-14",48.919998
"3344","2020-04-15",47.610001
"3345","2020-04-16",47.099998
"3346","2020-04-17",48.060001
"3347","2020-04-20",46.529999
"3348","2020-04-21",45.380001
"3349","2020-04-22",45.68
"3350","2020-04-23",45.07
"3351","2020-04-24",45.43
"3352","2020-04-27",46.779999
"3353","2020-04-28",46.740002
"3354","2020-04-29",47.119999
"3355","2020-04-30",45.889999
"3356","2020-05-01",45.599998
"3357","2020-05-04",45.139999
"3358","2020-05-05",45.400002
"3359","2020-05-06",44.75
"3360","2020-05-07",44.599998
"3361","2020-05-08",46.110001
"3362","2020-05-11",45.540001
"3363","2020-05-12",44.82
"3364","2020-05-13",43.939999
"3365","2020-05-14",43.700001
"3366","2020-05-15",43.259998
"3367","2020-05-18",44.970001
"3368","2020-05-19",44.540001
"3369","2020-05-20",45.889999
"3370","2020-05-21",45.169998
"3371","2020-05-22",45.029999
"3372","2020-05-26",46.09
"3373","2020-05-27",46.73
"3374","2020-05-28",47.09
"3375","2020-05-29",46.68
"3376","2020-06-01",46.990002
"3377","2020-06-02",46.900002
"3378","2020-06-03",47.900002
"3379","2020-06-04",47.919998
"3380","2020-06-05",49.09
"3381","2020-06-08",49.849998
"3382","2020-06-09",49
"3383","2020-06-10",48.619999
"3384","2020-06-11",45.540001
"3385","2020-06-12",45.599998
"3386","2020-06-15",46.299999
"3387","2020-06-16",46.77
"3388","2020-06-17",46.580002
"3389","2020-06-18",46.990002
"3390","2020-06-19",46.02
"3391","2020-06-22",45.740002
"3392","2020-06-23",45.639999
"3393","2020-06-24",44.650002
"3394","2020-06-25",44.93
"3395","2020-06-26",43.57
"3396","2020-06-29",44.360001
"3397","2020-06-30",44.68
"3398","2020-07-01",44.82
"3399","2020-07-02",44.880001
"3400","2020-07-06",45.23
"3401","2020-07-07",45.209999
"3402","2020-07-08",45.07
"3403","2020-07-09",43.91
"3404","2020-07-10",45.150002
"3405","2020-07-13",45.25
"3406","2020-07-14",45.869999
"3407","2020-07-15",46.400002
"3408","2020-07-16",46.150002
"3409","2020-07-17",46.82
"3410","2020-07-20",46.119999
"3411","2020-07-21",47.200001
"3412","2020-07-22",48.48
"3413","2020-07-23",48.279999
"3414","2020-07-24",48.490002
"3415","2020-07-27",48.48
"3416","2020-07-28",48.18
"3417","2020-07-29",48.02
"3418","2020-07-30",47.689999
"3419","2020-07-31",47.240002
"3420","2020-08-03",46.299999
"3421","2020-08-04",46.689999
"3422","2020-08-05",47.220001
"3423","2020-08-06",47.48
"3424","2020-08-07",47.799999
"3425","2020-08-10",47.720001
"3426","2020-08-11",47.93
"3427","2020-08-12",48.43
"3428","2020-08-13",48.380001
"3429","2020-08-14",48.450001
"3430","2020-08-17",48.209999
"3431","2020-08-18",48.419998
"3432","2020-08-19",47.369999
"3433","2020-08-20",47.349998
"3434","2020-08-21",47.279999
"3435","2020-08-24",47.970001
"3436","2020-08-25",47.91
"3437","2020-08-26",48.16
"3438","2020-08-27",48.23
"3439","2020-08-28",49.830002
"3440","2020-08-31",49.529999
"3441","2020-09-01",49.119999
"3442","2020-09-02",51.189999
"3443","2020-09-03",50.48
"3444","2020-09-04",51.040001
"3445","2020-09-08",49.810001
"3446","2020-09-09",50.189999
"3447","2020-09-10",50
"3448","2020-09-11",51.060001
"3449","2020-09-14",50.709999
"3450","2020-09-15",51.049999
"3451","2020-09-16",50.790001
"3452","2020-09-17",50.549999
"3453","2020-09-18",50.450001
"3454","2020-09-21",49.09
"3455","2020-09-22",49.66
"3456","2020-09-23",48.209999
"3457","2020-09-24",48.700001
"3458","2020-09-25",48.720001
"3459","2020-09-28",49.279999
"3460","2020-09-29",48.919998
"3461","2020-09-30",49.369999
"3462","2020-10-01",49.18
"3463","2020-10-02",49.360001
"3464","2020-10-05",49.380001
"3465","2020-10-06",48.939999
"3466","2020-10-07",49.560001
"3467","2020-10-08",50.459999
"3468","2020-10-09",50.810001
"3469","2020-10-12",51.09
"3470","2020-10-13",50.220001
"3471","2020-10-14",50.119999
"3472","2020-10-15",49.990002
"3473","2020-10-16",50.029999
"3474","2020-10-19",49.619999
"3475","2020-10-20",50.25
"3476","2020-10-21",49.990002
"3477","2020-10-22",50.68
"3478","2020-10-23",50.52
"3479","2020-10-26",49.799999
"3480","2020-10-27",49.900002
"3481","2020-10-28",47.959999
"3482","2020-10-29",48.02
"3483","2020-10-30",48.060001
"3484","2020-11-02",48.619999
"3485","2020-11-03",49.349998
"3486","2020-11-04",49.169998
"3487","2020-11-05",49.439999
"3488","2020-11-06",49.450001
"3489","2020-11-09",52.57
"3490","2020-11-10",53.98
"3491","2020-11-11",53.580002
"3492","2020-11-12",53.009998
"3493","2020-11-13",53.450001
"3494","2020-11-16",53.849998
"3495","2020-11-17",53.68
"3496","2020-11-18",52.610001
"3497","2020-11-19",53.130001
"3498","2020-11-20",52.669998
"3499","2020-11-23",52.68
"3500","2020-11-24",53.220001
"3501","2020-11-25",52.93
"3502","2020-11-27",52.700001
