"","date","KTCC"
"1","2007-01-03",4.84
"2","2007-01-04",4.7
"3","2007-01-05",4.67
"4","2007-01-08",4.67
"5","2007-01-09",4.69
"6","2007-01-10",4.68
"7","2007-01-11",4.67
"8","2007-01-12",4.68
"9","2007-01-16",4.65
"10","2007-01-17",4.8
"11","2007-01-18",4.8
"12","2007-01-19",4.81
"13","2007-01-22",4.8
"14","2007-01-23",4.82
"15","2007-01-24",4.81
"16","2007-01-25",4.8
"17","2007-01-26",4.78
"18","2007-01-29",4.83
"19","2007-01-30",4.91
"20","2007-01-31",4
"21","2007-02-01",4
"22","2007-02-02",4
"23","2007-02-05",3.99
"24","2007-02-06",3.98
"25","2007-02-07",3.99
"26","2007-02-08",3.93
"27","2007-02-09",3.94
"28","2007-02-12",3.89
"29","2007-02-13",3.88
"30","2007-02-14",3.9
"31","2007-02-15",3.9
"32","2007-02-16",4.05
"33","2007-02-20",4.08
"34","2007-02-21",4.08
"35","2007-02-22",4.07
"36","2007-02-23",4.02
"37","2007-02-26",4.02
"38","2007-02-27",3.99
"39","2007-02-28",4.08
"40","2007-03-01",4.12
"41","2007-03-02",4.22
"42","2007-03-05",4.32
"43","2007-03-06",4.29
"44","2007-03-07",4.2
"45","2007-03-08",4.09
"46","2007-03-09",4
"47","2007-03-12",4.13
"48","2007-03-13",4.1
"49","2007-03-14",4.02
"50","2007-03-15",3.98
"51","2007-03-16",3.97
"52","2007-03-19",3.99
"53","2007-03-20",3.98
"54","2007-03-21",3.99
"55","2007-03-22",3.98
"56","2007-03-23",3.96
"57","2007-03-26",3.96
"58","2007-03-27",3.92
"59","2007-03-28",3.91
"60","2007-03-29",3.92
"61","2007-03-30",4.1
"62","2007-04-02",3.97
"63","2007-04-03",3.94
"64","2007-04-04",3.95
"65","2007-04-05",3.94
"66","2007-04-09",3.96
"67","2007-04-10",3.97
"68","2007-04-11",4
"69","2007-04-12",3.95
"70","2007-04-13",3.98
"71","2007-04-16",3.99
"72","2007-04-17",4
"73","2007-04-18",4.03
"74","2007-04-19",4
"75","2007-04-20",4
"76","2007-04-23",4.01
"77","2007-04-24",4.03
"78","2007-04-25",4.02
"79","2007-04-26",4.02
"80","2007-04-27",4.01
"81","2007-04-30",3.98
"82","2007-05-01",4.15
"83","2007-05-02",4.7
"84","2007-05-03",4.58
"85","2007-05-04",4.52
"86","2007-05-07",4.77
"87","2007-05-08",5.16
"88","2007-05-09",4.94
"89","2007-05-10",4.88
"90","2007-05-11",4.77
"91","2007-05-14",4.75
"92","2007-05-15",4.74
"93","2007-05-16",4.56
"94","2007-05-17",4.55
"95","2007-05-18",4.36
"96","2007-05-21",4.41
"97","2007-05-22",4.45
"98","2007-05-23",4.57
"99","2007-05-24",4.56
"100","2007-05-25",4.52
"101","2007-05-29",4.63
"102","2007-05-30",4.56
"103","2007-05-31",4.5
"104","2007-06-01",4.5
"105","2007-06-04",4.47
"106","2007-06-05",4.53
"107","2007-06-06",4.57
"108","2007-06-07",4.59
"109","2007-06-08",4.72
"110","2007-06-11",4.56
"111","2007-06-12",4.56
"112","2007-06-13",4.7
"113","2007-06-14",4.62
"114","2007-06-15",4.62
"115","2007-06-18",4.7
"116","2007-06-19",4.72
"117","2007-06-20",4.75
"118","2007-06-21",5.55
"119","2007-06-22",5.5
"120","2007-06-25",5.05
"121","2007-06-26",5.12
"122","2007-06-27",5.06
"123","2007-06-28",5.1
"124","2007-06-29",5.09
"125","2007-07-02",5.12
"126","2007-07-03",5.16
"127","2007-07-05",5.16
"128","2007-07-06",5.15
"129","2007-07-09",5.3
"130","2007-07-10",5.29
"131","2007-07-11",5.27
"132","2007-07-12",5.27
"133","2007-07-13",5.31
"134","2007-07-16",5.31
"135","2007-07-17",5.43
"136","2007-07-18",5.5
"137","2007-07-19",5.4
"138","2007-07-20",5.35
"139","2007-07-23",5.37
"140","2007-07-24",5.26
"141","2007-07-25",5.23
"142","2007-07-26",5.08
"143","2007-07-27",5.08
"144","2007-07-30",5.01
"145","2007-07-31",5.09
"146","2007-08-01",4.96
"147","2007-08-02",5.01
"148","2007-08-03",4.99
"149","2007-08-06",4.93
"150","2007-08-07",4.96
"151","2007-08-08",4.94
"152","2007-08-09",4.9
"153","2007-08-10",4.91
"154","2007-08-13",4.91
"155","2007-08-14",4.95
"156","2007-08-15",4.97
"157","2007-08-16",4.97
"158","2007-08-17",4.99
"159","2007-08-20",4.87
"160","2007-08-21",4.87
"161","2007-08-22",4.3
"162","2007-08-23",4.38
"163","2007-08-24",4.48
"164","2007-08-27",4.54
"165","2007-08-28",4.5
"166","2007-08-29",4.47
"167","2007-08-30",4.41
"168","2007-08-31",4.52
"169","2007-09-04",4.41
"170","2007-09-05",4.41
"171","2007-09-06",4.52
"172","2007-09-07",4.4
"173","2007-09-10",4.35
"174","2007-09-11",4.38
"175","2007-09-12",4.47
"176","2007-09-13",4.41
"177","2007-09-14",4.52
"178","2007-09-17",4.5
"179","2007-09-18",4.48
"180","2007-09-19",4.58
"181","2007-09-20",4.63
"182","2007-09-21",4.62
"183","2007-09-24",4.64
"184","2007-09-25",4.56
"185","2007-09-26",4.74
"186","2007-09-27",4.65
"187","2007-09-28",4.66
"188","2007-10-01",4.74
"189","2007-10-02",4.65
"190","2007-10-03",4.89
"191","2007-10-04",4.71
"192","2007-10-05",4.72
"193","2007-10-08",4.81
"194","2007-10-09",4.79
"195","2007-10-10",4.5
"196","2007-10-11",4.57
"197","2007-10-12",4.68
"198","2007-10-15",4.6
"199","2007-10-16",4.85
"200","2007-10-17",4.77
"201","2007-10-18",4.7
"202","2007-10-19",4.68
"203","2007-10-22",4.65
"204","2007-10-23",4.68
"205","2007-10-24",4.68
"206","2007-10-25",4.61
"207","2007-10-26",4.66
"208","2007-10-29",4.63
"209","2007-10-30",4.79
"210","2007-10-31",4.47
"211","2007-11-01",4.55
"212","2007-11-02",4.45
"213","2007-11-05",4.44
"214","2007-11-06",4.31
"215","2007-11-07",4.23
"216","2007-11-08",4.35
"217","2007-11-09",4.32
"218","2007-11-12",4.16
"219","2007-11-13",4.17
"220","2007-11-14",4.2
"221","2007-11-15",4.16
"222","2007-11-16",4.23
"223","2007-11-19",4.21
"224","2007-11-20",4.2
"225","2007-11-21",4.2
"226","2007-11-23",4.2
"227","2007-11-26",4.31
"228","2007-11-27",4.18
"229","2007-11-28",4.21
"230","2007-11-29",4.17
"231","2007-11-30",4.23
"232","2007-12-03",4.39
"233","2007-12-04",4.32
"234","2007-12-05",4.28
"235","2007-12-06",4.19
"236","2007-12-07",4.18
"237","2007-12-10",4.28
"238","2007-12-11",4.23
"239","2007-12-12",4.25
"240","2007-12-13",4.25
"241","2007-12-14",4.24
"242","2007-12-17",4.25
"243","2007-12-18",4.11
"244","2007-12-19",4.15
"245","2007-12-20",4.19
"246","2007-12-21",4.16
"247","2007-12-24",4.16
"248","2007-12-26",4.17
"249","2007-12-27",4.14
"250","2007-12-28",4.13
"251","2007-12-31",4.18
"252","2008-01-02",4.29
"253","2008-01-03",3.83
"254","2008-01-04",3.98
"255","2008-01-07",3.96
"256","2008-01-08",3.86
"257","2008-01-09",4.09
"258","2008-01-10",3.92
"259","2008-01-11",3.85
"260","2008-01-14",3.86
"261","2008-01-15",3.85
"262","2008-01-16",3.74
"263","2008-01-17",3.79
"264","2008-01-18",3.67
"265","2008-01-22",3.25
"266","2008-01-23",3.16
"267","2008-01-24",3.54
"268","2008-01-25",3.42
"269","2008-01-28",3.47
"270","2008-01-29",3.57
"271","2008-01-30",3.58
"272","2008-01-31",3.35
"273","2008-02-01",3.57
"274","2008-02-04",3.4
"275","2008-02-05",3.31
"276","2008-02-06",3.3
"277","2008-02-07",3.22
"278","2008-02-08",3.31
"279","2008-02-11",3.32
"280","2008-02-12",3.43
"281","2008-02-13",3.41
"282","2008-02-14",3.45
"283","2008-02-15",3.45
"284","2008-02-19",3.38
"285","2008-02-20",3.33
"286","2008-02-21",3.4
"287","2008-02-22",3.32
"288","2008-02-25",3.35
"289","2008-02-26",3.2
"290","2008-02-27",3.2
"291","2008-02-28",3.22
"292","2008-02-29",3.17
"293","2008-03-03",3.05
"294","2008-03-04",3.11
"295","2008-03-05",3.14
"296","2008-03-06",3.15
"297","2008-03-07",3.12
"298","2008-03-10",2.94
"299","2008-03-11",2.9
"300","2008-03-12",2.85
"301","2008-03-13",2.97
"302","2008-03-14",2.92
"303","2008-03-17",2.87
"304","2008-03-18",2.93
"305","2008-03-19",2.7
"306","2008-03-20",2.66
"307","2008-03-24",2.7
"308","2008-03-25",2.58
"309","2008-03-26",2.46
"310","2008-03-27",2.63
"311","2008-03-28",2.6
"312","2008-03-31",2.59
"313","2008-04-01",2.63
"314","2008-04-02",2.63
"315","2008-04-03",2.44
"316","2008-04-04",2.45
"317","2008-04-07",2.5
"318","2008-04-08",2.43
"319","2008-04-09",2.51
"320","2008-04-10",2.45
"321","2008-04-11",2.58
"322","2008-04-14",2.58
"323","2008-04-15",2.6
"324","2008-04-16",2.57
"325","2008-04-17",2.52
"326","2008-04-18",2.56
"327","2008-04-21",2.62
"328","2008-04-22",2.55
"329","2008-04-23",2.56
"330","2008-04-24",2.59
"331","2008-04-25",2.56
"332","2008-04-28",2.6
"333","2008-04-29",2.6
"334","2008-04-30",3.67
"335","2008-05-01",3.6
"336","2008-05-02",3.58
"337","2008-05-05",3.53
"338","2008-05-06",3.54
"339","2008-05-07",3.59
"340","2008-05-08",3.51
"341","2008-05-09",3.75
"342","2008-05-12",3.63
"343","2008-05-13",3.63
"344","2008-05-14",3.69
"345","2008-05-15",3.7
"346","2008-05-16",3.63
"347","2008-05-19",3.52
"348","2008-05-20",3.53
"349","2008-05-21",3.52
"350","2008-05-22",3.57
"351","2008-05-23",3.6
"352","2008-05-27",3.6
"353","2008-05-28",3.7
"354","2008-05-29",3.52
"355","2008-05-30",3.6
"356","2008-06-02",3.57
"357","2008-06-03",3.54
"358","2008-06-04",3.53
"359","2008-06-05",3.59
"360","2008-06-06",3.61
"361","2008-06-09",3.54
"362","2008-06-10",3.55
"363","2008-06-11",3.57
"364","2008-06-12",3.55
"365","2008-06-13",3.61
"366","2008-06-16",3.67
"367","2008-06-17",3.57
"368","2008-06-18",3.65
"369","2008-06-19",3.57
"370","2008-06-20",3.56
"371","2008-06-23",3.5
"372","2008-06-24",3.6
"373","2008-06-25",3.7
"374","2008-06-26",3.53
"375","2008-06-27",3.54
"376","2008-06-30",3.51
"377","2008-07-01",3.46
"378","2008-07-02",3.63
"379","2008-07-03",3.52
"380","2008-07-07",3.75
"381","2008-07-08",3.78
"382","2008-07-09",3.72
"383","2008-07-10",3.78
"384","2008-07-11",3.6
"385","2008-07-14",3.53
"386","2008-07-15",3.68
"387","2008-07-16",3.53
"388","2008-07-17",3.57
"389","2008-07-18",3.56
"390","2008-07-21",3.72
"391","2008-07-22",3.73
"392","2008-07-23",3.57
"393","2008-07-24",3.57
"394","2008-07-25",3.55
"395","2008-07-28",3.55
"396","2008-07-29",3.71
"397","2008-07-30",3.56
"398","2008-07-31",3.53
"399","2008-08-01",3.5
"400","2008-08-04",3.53
"401","2008-08-05",3.53
"402","2008-08-06",3.65
"403","2008-08-07",3.66
"404","2008-08-08",3.58
"405","2008-08-11",3.56
"406","2008-08-12",3.63
"407","2008-08-13",3.6
"408","2008-08-14",3.81
"409","2008-08-15",3.84
"410","2008-08-18",3.76
"411","2008-08-19",3.73
"412","2008-08-20",3.31
"413","2008-08-21",3.24
"414","2008-08-22",3.39
"415","2008-08-25",3.31
"416","2008-08-26",3.31
"417","2008-08-27",3.35
"418","2008-08-28",3.31
"419","2008-08-29",3.36
"420","2008-09-02",3.39
"421","2008-09-03",3.39
"422","2008-09-04",3.18
"423","2008-09-05",3.25
"424","2008-09-08",3.23
"425","2008-09-09",3.24
"426","2008-09-10",3.55
"427","2008-09-11",3.41
"428","2008-09-12",3.33
"429","2008-09-15",3.22
"430","2008-09-16",3.24
"431","2008-09-17",3.02
"432","2008-09-18",2.91
"433","2008-09-19",2.8
"434","2008-09-22",2.7
"435","2008-09-23",2.76
"436","2008-09-24",2.62
"437","2008-09-25",2.47
"438","2008-09-26",2.48
"439","2008-09-29",2.4
"440","2008-09-30",2.28
"441","2008-10-01",2.56
"442","2008-10-02",2.4
"443","2008-10-03",2.41
"444","2008-10-06",2.12
"445","2008-10-07",1.87
"446","2008-10-08",1.74
"447","2008-10-09",1.71
"448","2008-10-10",1.48
"449","2008-10-13",1.66
"450","2008-10-14",1.71
"451","2008-10-15",1.68
"452","2008-10-16",1.64
"453","2008-10-17",1.73
"454","2008-10-20",1.67
"455","2008-10-21",1.68
"456","2008-10-22",1.67
"457","2008-10-23",1.45
"458","2008-10-24",1.4
"459","2008-10-27",1.38
"460","2008-10-28",1.41
"461","2008-10-29",1.4
"462","2008-10-30",1.51
"463","2008-10-31",1.58
"464","2008-11-03",1.66
"465","2008-11-04",1.68
"466","2008-11-05",1.57
"467","2008-11-06",1.47
"468","2008-11-07",1.5
"469","2008-11-10",1.43
"470","2008-11-11",1.5
"471","2008-11-12",1.27
"472","2008-11-13",1.33
"473","2008-11-14",1.28
"474","2008-11-17",1.32
"475","2008-11-18",1.03
"476","2008-11-19",1.1
"477","2008-11-20",1
"478","2008-11-21",0.99
"479","2008-11-24",1.02
"480","2008-11-25",1
"481","2008-11-26",0.97
"482","2008-11-28",1.16
"483","2008-12-01",1.1
"484","2008-12-02",1.01
"485","2008-12-03",1.1
"486","2008-12-04",1.03
"487","2008-12-05",1.04
"488","2008-12-08",1.07
"489","2008-12-09",1.21
"490","2008-12-10",1.06
"491","2008-12-11",0.97
"492","2008-12-12",1.06
"493","2008-12-15",1.03
"494","2008-12-16",1.07
"495","2008-12-17",1.04
"496","2008-12-18",1.08
"497","2008-12-19",1.02
"498","2008-12-22",1.09
"499","2008-12-23",1.03
"500","2008-12-24",1
"501","2008-12-26",1
"502","2008-12-29",0.94
"503","2008-12-30",0.91
"504","2008-12-31",0.97
"505","2009-01-02",1.19
"506","2009-01-05",1.2
"507","2009-01-06",1.2
"508","2009-01-07",1.2
"509","2009-01-08",1.18
"510","2009-01-09",1.18
"511","2009-01-12",1.08
"512","2009-01-13",1.08
"513","2009-01-14",1.1
"514","2009-01-15",1.05
"515","2009-01-16",1.05
"516","2009-01-20",0.99
"517","2009-01-21",1.02
"518","2009-01-22",1.02
"519","2009-01-23",1.01
"520","2009-01-26",1
"521","2009-01-27",1.04
"522","2009-01-28",1.04
"523","2009-01-29",1.03
"524","2009-01-30",1.16
"525","2009-02-02",1.19
"526","2009-02-03",1.22
"527","2009-02-04",1.2
"528","2009-02-05",1.18
"529","2009-02-06",1.18
"530","2009-02-09",1.15
"531","2009-02-10",1.13
"532","2009-02-11",1.15
"533","2009-02-12",1.16
"534","2009-02-13",1.2
"535","2009-02-17",1.15
"536","2009-02-18",1.15
"537","2009-02-19",1.11
"538","2009-02-20",1.01
"539","2009-02-23",1.03
"540","2009-02-24",1.03
"541","2009-02-25",1.03
"542","2009-02-26",1.04
"543","2009-02-27",1
"544","2009-03-02",0.94
"545","2009-03-03",0.91
"546","2009-03-04",0.91
"547","2009-03-05",0.91
"548","2009-03-06",0.9
"549","2009-03-09",0.9
"550","2009-03-10",0.86
"551","2009-03-11",0.88
"552","2009-03-12",0.9
"553","2009-03-13",0.9
"554","2009-03-16",0.92
"555","2009-03-17",0.96
"556","2009-03-18",0.97
"557","2009-03-19",0.98
"558","2009-03-20",0.96
"559","2009-03-23",1.02
"560","2009-03-24",1.02
"561","2009-03-25",1.08
"562","2009-03-26",1.09
"563","2009-03-27",1.01
"564","2009-03-30",1
"565","2009-03-31",0.94
"566","2009-04-01",0.91
"567","2009-04-02",0.95
"568","2009-04-03",0.97
"569","2009-04-06",1.03
"570","2009-04-07",1
"571","2009-04-08",0.98
"572","2009-04-09",1
"573","2009-04-13",1.04
"574","2009-04-14",1
"575","2009-04-15",1.03
"576","2009-04-16",1.14
"577","2009-04-17",1.09
"578","2009-04-20",1.12
"579","2009-04-21",1.06
"580","2009-04-22",1.14
"581","2009-04-23",1.19
"582","2009-04-24",1.13
"583","2009-04-27",1.15
"584","2009-04-28",1.11
"585","2009-04-29",1.45
"586","2009-04-30",1.45
"587","2009-05-01",1.46
"588","2009-05-04",1.4
"589","2009-05-05",1.34
"590","2009-05-06",1.49
"591","2009-05-07",1.45
"592","2009-05-08",1.55
"593","2009-05-11",1.94
"594","2009-05-12",1.87
"595","2009-05-13",1.6
"596","2009-05-14",1.7
"597","2009-05-15",1.6
"598","2009-05-18",1.45
"599","2009-05-19",1.63
"600","2009-05-20",1.72
"601","2009-05-21",1.63
"602","2009-05-22",1.67
"603","2009-05-26",1.68
"604","2009-05-27",1.75
"605","2009-05-28",1.65
"606","2009-05-29",1.65
"607","2009-06-01",1.72
"608","2009-06-02",1.68
"609","2009-06-03",1.65
"610","2009-06-04",1.74
"611","2009-06-05",1.66
"612","2009-06-08",1.63
"613","2009-06-09",1.66
"614","2009-06-10",1.67
"615","2009-06-11",1.58
"616","2009-06-12",1.85
"617","2009-06-15",1.68
"618","2009-06-16",1.75
"619","2009-06-17",1.6
"620","2009-06-18",1.65
"621","2009-06-19",1.64
"622","2009-06-22",1.58
"623","2009-06-23",1.58
"624","2009-06-24",1.6
"625","2009-06-25",1.67
"626","2009-06-26",1.65
"627","2009-06-29",1.73
"628","2009-06-30",1.6
"629","2009-07-01",1.72
"630","2009-07-02",1.74
"631","2009-07-06",1.77
"632","2009-07-07",1.72
"633","2009-07-08",1.7
"634","2009-07-09",1.7
"635","2009-07-10",1.76
"636","2009-07-13",1.81
"637","2009-07-14",1.72
"638","2009-07-15",1.67
"639","2009-07-16",1.76
"640","2009-07-17",1.77
"641","2009-07-20",1.67
"642","2009-07-21",1.76
"643","2009-07-22",1.75
"644","2009-07-23",1.76
"645","2009-07-24",1.72
"646","2009-07-27",1.8
"647","2009-07-28",1.75
"648","2009-07-29",1.75
"649","2009-07-30",1.76
"650","2009-07-31",1.78
"651","2009-08-03",1.93
"652","2009-08-04",1.89
"653","2009-08-05",1.92
"654","2009-08-06",1.94
"655","2009-08-07",1.95
"656","2009-08-10",2.1
"657","2009-08-11",2.05
"658","2009-08-12",2.13
"659","2009-08-13",2.09
"660","2009-08-14",2.08
"661","2009-08-17",2.05
"662","2009-08-18",1.91
"663","2009-08-19",2.05
"664","2009-08-20",2.01
"665","2009-08-21",2.08
"666","2009-08-24",2.04
"667","2009-08-25",1.99
"668","2009-08-26",2.14
"669","2009-08-27",2.04
"670","2009-08-28",2.05
"671","2009-08-31",2.19
"672","2009-09-01",2.16
"673","2009-09-02",2.17
"674","2009-09-03",2.17
"675","2009-09-04",2.13
"676","2009-09-08",2.06
"677","2009-09-09",2.14
"678","2009-09-10",2.2
"679","2009-09-11",2.07
"680","2009-09-14",2.04
"681","2009-09-15",2.05
"682","2009-09-16",2.1
"683","2009-09-17",2.11
"684","2009-09-18",2
"685","2009-09-21",2.2
"686","2009-09-22",2.29
"687","2009-09-23",2.4
"688","2009-09-24",2.28
"689","2009-09-25",2.25
"690","2009-09-28",2.37
"691","2009-09-29",2.39
"692","2009-09-30",2.35
"693","2009-10-01",2.39
"694","2009-10-02",2.38
"695","2009-10-05",2.44
"696","2009-10-06",2.41
"697","2009-10-07",2.49
"698","2009-10-08",2.44
"699","2009-10-09",2.51
"700","2009-10-12",2.53
"701","2009-10-13",2.51
"702","2009-10-14",2.38
"703","2009-10-15",2.4
"704","2009-10-16",2.38
"705","2009-10-19",2.42
"706","2009-10-20",2.38
"707","2009-10-21",2.42
"708","2009-10-22",2.4
"709","2009-10-23",2.4
"710","2009-10-26",2.42
"711","2009-10-27",2.41
"712","2009-10-28",2.29
"713","2009-10-29",2.3
"714","2009-10-30",2.26
"715","2009-11-02",2.33
"716","2009-11-03",2.38
"717","2009-11-04",2.39
"718","2009-11-05",2.42
"719","2009-11-06",2.53
"720","2009-11-09",2.74
"721","2009-11-10",2.67
"722","2009-11-11",2.77
"723","2009-11-12",2.78
"724","2009-11-13",2.71
"725","2009-11-16",2.74
"726","2009-11-17",2.75
"727","2009-11-18",2.73
"728","2009-11-19",2.65
"729","2009-11-20",2.65
"730","2009-11-23",2.65
"731","2009-11-24",2.62
"732","2009-11-25",2.6
"733","2009-11-27",2.67
"734","2009-11-30",2.64
"735","2009-12-01",2.66
"736","2009-12-02",2.66
"737","2009-12-03",3.34
"738","2009-12-04",3.4
"739","2009-12-07",3.44
"740","2009-12-08",3.31
"741","2009-12-09",3.36
"742","2009-12-10",3.3
"743","2009-12-11",3.24
"744","2009-12-14",3.26
"745","2009-12-15",3.29
"746","2009-12-16",3.29
"747","2009-12-17",3.25
"748","2009-12-18",3.28
"749","2009-12-21",3.47
"750","2009-12-22",3.59
"751","2009-12-23",3.6
"752","2009-12-24",3.55
"753","2009-12-28",3.7
"754","2009-12-29",3.69
"755","2009-12-30",3.69
"756","2009-12-31",3.85
"757","2010-01-04",3.9
"758","2010-01-05",3.96
"759","2010-01-06",3.88
"760","2010-01-07",3.9
"761","2010-01-08",3.9
"762","2010-01-11",3.9
"763","2010-01-12",3.9
"764","2010-01-13",3.82
"765","2010-01-14",3.95
"766","2010-01-15",3.89
"767","2010-01-19",3.9
"768","2010-01-20",3.85
"769","2010-01-21",3.8
"770","2010-01-22",3.78
"771","2010-01-25",3.86
"772","2010-01-26",3.95
"773","2010-01-27",4.78
"774","2010-01-28",5
"775","2010-01-29",4.86
"776","2010-02-01",4.89
"777","2010-02-02",5.01
"778","2010-02-03",5.05
"779","2010-02-04",4.95
"780","2010-02-05",5.02
"781","2010-02-08",5.18
"782","2010-02-09",5.15
"783","2010-02-10",5.25
"784","2010-02-11",5.42
"785","2010-02-12",5.49
"786","2010-02-16",5.41
"787","2010-02-17",5.62
"788","2010-02-18",5.85
"789","2010-02-19",5.55
"790","2010-02-22",5.7
"791","2010-02-23",5.33
"792","2010-02-24",5.18
"793","2010-02-25",5.37
"794","2010-02-26",5.27
"795","2010-03-01",5.35
"796","2010-03-02",5.59
"797","2010-03-03",5.7
"798","2010-03-04",5.56
"799","2010-03-05",5.73
"800","2010-03-08",5.73
"801","2010-03-09",5.87
"802","2010-03-10",6.02
"803","2010-03-11",5.84
"804","2010-03-12",5.73
"805","2010-03-15",5.77
"806","2010-03-16",5.5
"807","2010-03-17",5.39
"808","2010-03-18",5.24
"809","2010-03-19",5.24
"810","2010-03-22",5.38
"811","2010-03-23",5.46
"812","2010-03-24",5.46
"813","2010-03-25",5.62
"814","2010-03-26",5.32
"815","2010-03-29",5.54
"816","2010-03-30",5.22
"817","2010-03-31",5.15
"818","2010-04-01",5.23
"819","2010-04-05",5.31
"820","2010-04-06",5.19
"821","2010-04-07",5.46
"822","2010-04-08",5.46
"823","2010-04-09",5.67
"824","2010-04-12",5.82
"825","2010-04-13",5.72
"826","2010-04-14",5.86
"827","2010-04-15",5.72
"828","2010-04-16",5.54
"829","2010-04-19",5.8
"830","2010-04-20",5.66
"831","2010-04-21",5.71
"832","2010-04-22",5.64
"833","2010-04-23",5.7
"834","2010-04-26",5.77
"835","2010-04-27",5.81
"836","2010-04-28",6.61
"837","2010-04-29",6.54
"838","2010-04-30",6.35
"839","2010-05-03",6.41
"840","2010-05-04",6.14
"841","2010-05-05",6.06
"842","2010-05-06",5.76
"843","2010-05-07",5.71
"844","2010-05-10",5.99
"845","2010-05-11",6
"846","2010-05-12",6.2
"847","2010-05-13",6.19
"848","2010-05-14",5.89
"849","2010-05-17",5.81
"850","2010-05-18",5.75
"851","2010-05-19",5.59
"852","2010-05-20",5.18
"853","2010-05-21",5.18
"854","2010-05-24",5.17
"855","2010-05-25",5.11
"856","2010-05-26",5.41
"857","2010-05-27",5.56
"858","2010-05-28",5.56
"859","2010-06-01",5.41
"860","2010-06-02",5.45
"861","2010-06-03",5.92
"862","2010-06-04",5.5
"863","2010-06-07",5.2
"864","2010-06-08",5.19
"865","2010-06-09",5.23
"866","2010-06-10",5.3
"867","2010-06-11",5.27
"868","2010-06-14",5.3
"869","2010-06-15",5.5
"870","2010-06-16",5.41
"871","2010-06-17",5.44
"872","2010-06-18",5.32
"873","2010-06-21",5.4
"874","2010-06-22",5.3
"875","2010-06-23",5.42
"876","2010-06-24",5.33
"877","2010-06-25",5.47
"878","2010-06-28",5.36
"879","2010-06-29",5.24
"880","2010-06-30",5.15
"881","2010-07-01",4.91
"882","2010-07-02",4.88
"883","2010-07-06",4.81
"884","2010-07-07",5.09
"885","2010-07-08",5.22
"886","2010-07-09",5.36
"887","2010-07-12",5.31
"888","2010-07-13",5.51
"889","2010-07-14",5.64
"890","2010-07-15",5.63
"891","2010-07-16",5.61
"892","2010-07-19",5.59
"893","2010-07-20",5.5
"894","2010-07-21",5.48
"895","2010-07-22",5.55
"896","2010-07-23",5.51
"897","2010-07-26",5.63
"898","2010-07-27",5.35
"899","2010-07-28",5.4
"900","2010-07-29",5.31
"901","2010-07-30",5.25
"902","2010-08-02",5.23
"903","2010-08-03",5.2
"904","2010-08-04",5.16
"905","2010-08-05",5.15
"906","2010-08-06",5.16
"907","2010-08-09",5.25
"908","2010-08-10",5.26
"909","2010-08-11",5.05
"910","2010-08-12",4.74
"911","2010-08-13",4.69
"912","2010-08-16",4.72
"913","2010-08-17",4.86
"914","2010-08-18",5.27
"915","2010-08-19",5.06
"916","2010-08-20",4.96
"917","2010-08-23",5.06
"918","2010-08-24",5.03
"919","2010-08-25",5.11
"920","2010-08-26",5.02
"921","2010-08-27",5.06
"922","2010-08-30",5.2
"923","2010-08-31",5.22
"924","2010-09-01",5.13
"925","2010-09-02",5.16
"926","2010-09-03",5.25
"927","2010-09-07",5.33
"928","2010-09-08",5.33
"929","2010-09-09",5.3
"930","2010-09-10",5.21
"931","2010-09-13",5.23
"932","2010-09-14",5.26
"933","2010-09-15",5.31
"934","2010-09-16",5.31
"935","2010-09-17",5.45
"936","2010-09-20",5.84
"937","2010-09-21",5.96
"938","2010-09-22",5.89
"939","2010-09-23",5.93
"940","2010-09-24",5.88
"941","2010-09-27",5.7
"942","2010-09-28",5.87
"943","2010-09-29",6
"944","2010-09-30",5.95
"945","2010-10-01",6.03
"946","2010-10-04",6.08
"947","2010-10-05",6.32
"948","2010-10-06",6.41
"949","2010-10-07",6.36
"950","2010-10-08",6.42
"951","2010-10-11",6.2
"952","2010-10-12",6.03
"953","2010-10-13",6.03
"954","2010-10-14",5.95
"955","2010-10-15",5.93
"956","2010-10-18",5.97
"957","2010-10-19",5.96
"958","2010-10-20",5.96
"959","2010-10-21",5.92
"960","2010-10-22",5.94
"961","2010-10-25",6.05
"962","2010-10-26",6.18
"963","2010-10-27",6.5
"964","2010-10-28",6.3
"965","2010-10-29",6.4
"966","2010-11-01",6.12
"967","2010-11-02",6.22
"968","2010-11-03",6.41
"969","2010-11-04",6.3
"970","2010-11-05",6.29
"971","2010-11-08",6.45
"972","2010-11-09",6.39
"973","2010-11-10",6.29
"974","2010-11-11",6.22
"975","2010-11-12",5.94
"976","2010-11-15",5.82
"977","2010-11-16",5.69
"978","2010-11-17",5.61
"979","2010-11-18",5.6
"980","2010-11-19",5.61
"981","2010-11-22",5.59
"982","2010-11-23",5.79
"983","2010-11-24",5.69
"984","2010-11-26",5.66
"985","2010-11-29",5.57
"986","2010-11-30",5.46
"987","2010-12-01",5.54
"988","2010-12-02",5.53
"989","2010-12-03",5.5
"990","2010-12-06",5.31
"991","2010-12-07",5.25
"992","2010-12-08",5.08
"993","2010-12-09",5.12
"994","2010-12-10",5.14
"995","2010-12-13",5.27
"996","2010-12-14",5.26
"997","2010-12-15",5.14
"998","2010-12-16",5.27
"999","2010-12-17",5.2
"1000","2010-12-20",5.11
"1001","2010-12-21",5.2
"1002","2010-12-22",5.22
"1003","2010-12-23",5.15
"1004","2010-12-27",5.06
"1005","2010-12-28",5.18
"1006","2010-12-29",5.16
"1007","2010-12-30",5.14
"1008","2010-12-31",5.22
"1009","2011-01-03",5.34
"1010","2011-01-04",5.39
"1011","2011-01-05",5.56
"1012","2011-01-06",5.72
"1013","2011-01-07",5.62
"1014","2011-01-10",5.59
"1015","2011-01-11",5.63
"1016","2011-01-12",5.67
"1017","2011-01-13",5.86
"1018","2011-01-14",6.01
"1019","2011-01-18",6
"1020","2011-01-19",5.72
"1021","2011-01-20",5.68
"1022","2011-01-21",5.74
"1023","2011-01-24",5.75
"1024","2011-01-25",5.68
"1025","2011-01-26",5.88
"1026","2011-01-27",5.81
"1027","2011-01-28",5.6
"1028","2011-01-31",5.87
"1029","2011-02-01",6
"1030","2011-02-02",4.75
"1031","2011-02-03",4.65
"1032","2011-02-04",4.69
"1033","2011-02-07",4.81
"1034","2011-02-08",4.79
"1035","2011-02-09",4.75
"1036","2011-02-10",4.7
"1037","2011-02-11",4.73
"1038","2011-02-14",4.69
"1039","2011-02-15",4.72
"1040","2011-02-16",4.71
"1041","2011-02-17",4.81
"1042","2011-02-18",4.8
"1043","2011-02-22",4.69
"1044","2011-02-23",4.63
"1045","2011-02-24",4.61
"1046","2011-02-25",4.62
"1047","2011-02-28",4.74
"1048","2011-03-01",4.67
"1049","2011-03-02",4.66
"1050","2011-03-03",4.61
"1051","2011-03-04",4.58
"1052","2011-03-07",4.57
"1053","2011-03-08",4.49
"1054","2011-03-09",4.47
"1055","2011-03-10",4.4
"1056","2011-03-11",4.53
"1057","2011-03-14",4.48
"1058","2011-03-15",4.46
"1059","2011-03-16",4.54
"1060","2011-03-17",4.58
"1061","2011-03-18",4.75
"1062","2011-03-21",4.91
"1063","2011-03-22",4.9
"1064","2011-03-23",4.83
"1065","2011-03-24",4.98
"1066","2011-03-25",5
"1067","2011-03-28",5.02
"1068","2011-03-29",5
"1069","2011-03-30",5.05
"1070","2011-03-31",5.01
"1071","2011-04-01",5.04
"1072","2011-04-04",5.15
"1073","2011-04-05",5.14
"1074","2011-04-06",4.98
"1075","2011-04-07",5.05
"1076","2011-04-08",5.1
"1077","2011-04-11",5.09
"1078","2011-04-12",5.11
"1079","2011-04-13",5.12
"1080","2011-04-14",5.2
"1081","2011-04-15",5.29
"1082","2011-04-18",5.32
"1083","2011-04-19",5.28
"1084","2011-04-20",5.33
"1085","2011-04-21",5.37
"1086","2011-04-25",5.33
"1087","2011-04-26",5.31
"1088","2011-04-27",5.34
"1089","2011-04-28",5.34
"1090","2011-04-29",5.25
"1091","2011-05-02",5.21
"1092","2011-05-03",5.12
"1093","2011-05-04",4.6
"1094","2011-05-05",4.59
"1095","2011-05-06",4.63
"1096","2011-05-09",4.56
"1097","2011-05-10",4.74
"1098","2011-05-11",4.66
"1099","2011-05-12",4.63
"1100","2011-05-13",4.56
"1101","2011-05-16",4.56
"1102","2011-05-17",4.54
"1103","2011-05-18",4.56
"1104","2011-05-19",4.54
"1105","2011-05-20",4.5
"1106","2011-05-23",4.46
"1107","2011-05-24",4.41
"1108","2011-05-25",4.39
"1109","2011-05-26",4.47
"1110","2011-05-27",4.42
"1111","2011-05-31",4.5
"1112","2011-06-01",4.53
"1113","2011-06-02",4.51
"1114","2011-06-03",4.51
"1115","2011-06-06",4.42
"1116","2011-06-07",4.44
"1117","2011-06-08",4.35
"1118","2011-06-09",4.41
"1119","2011-06-10",4.43
"1120","2011-06-13",4.38
"1121","2011-06-14",4.37
"1122","2011-06-15",4.34
"1123","2011-06-16",4.16
"1124","2011-06-17",4.21
"1125","2011-06-20",4.18
"1126","2011-06-21",4.25
"1127","2011-06-22",4.28
"1128","2011-06-23",4.21
"1129","2011-06-24",4.25
"1130","2011-06-27",4.28
"1131","2011-06-28",4.27
"1132","2011-06-29",4.41
"1133","2011-06-30",4.56
"1134","2011-07-01",4.52
"1135","2011-07-05",4.59
"1136","2011-07-06",4.57
"1137","2011-07-07",4.64
"1138","2011-07-08",4.64
"1139","2011-07-11",4.69
"1140","2011-07-12",4.63
"1141","2011-07-13",4.67
"1142","2011-07-14",4.65
"1143","2011-07-15",4.61
"1144","2011-07-18",4.65
"1145","2011-07-19",4.52
"1146","2011-07-20",4.5
"1147","2011-07-21",4.47
"1148","2011-07-22",4.3
"1149","2011-07-25",4.27
"1150","2011-07-26",4.37
"1151","2011-07-27",4.4
"1152","2011-07-28",4.42
"1153","2011-07-29",4.44
"1154","2011-08-01",4.45
"1155","2011-08-02",4.44
"1156","2011-08-03",4.39
"1157","2011-08-04",4.28
"1158","2011-08-05",4.19
"1159","2011-08-08",4
"1160","2011-08-09",4.04
"1161","2011-08-10",3.82
"1162","2011-08-11",3.88
"1163","2011-08-12",3.8
"1164","2011-08-15",3.78
"1165","2011-08-16",3.7
"1166","2011-08-17",3.6
"1167","2011-08-18",3.5
"1168","2011-08-19",3.46
"1169","2011-08-22",3.45
"1170","2011-08-23",3.65
"1171","2011-08-24",3.97
"1172","2011-08-25",3.93
"1173","2011-08-26",3.88
"1174","2011-08-29",4.1
"1175","2011-08-30",3.97
"1176","2011-08-31",3.96
"1177","2011-09-01",3.97
"1178","2011-09-02",3.95
"1179","2011-09-06",3.83
"1180","2011-09-07",3.89
"1181","2011-09-08",3.73
"1182","2011-09-09",3.68
"1183","2011-09-12",3.66
"1184","2011-09-13",3.59
"1185","2011-09-14",3.6
"1186","2011-09-15",3.6
"1187","2011-09-16",3.68
"1188","2011-09-19",3.58
"1189","2011-09-20",3.6
"1190","2011-09-21",3.51
"1191","2011-09-22",3.46
"1192","2011-09-23",3.32
"1193","2011-09-26",3.35
"1194","2011-09-27",3.42
"1195","2011-09-28",3.44
"1196","2011-09-29",3.4
"1197","2011-09-30",3.46
"1198","2011-10-03",3.31
"1199","2011-10-04",3.41
"1200","2011-10-05",3.4
"1201","2011-10-06",3.4
"1202","2011-10-07",3.42
"1203","2011-10-10",3.58
"1204","2011-10-11",3.66
"1205","2011-10-12",3.64
"1206","2011-10-13",3.58
"1207","2011-10-14",3.67
"1208","2011-10-17",3.79
"1209","2011-10-18",3.92
"1210","2011-10-19",3.85
"1211","2011-10-20",3.92
"1212","2011-10-21",3.9
"1213","2011-10-24",4.04
"1214","2011-10-25",3.84
"1215","2011-10-26",4.03
"1216","2011-10-27",4.01
"1217","2011-10-28",4.03
"1218","2011-10-31",4.17
"1219","2011-11-01",4.1
"1220","2011-11-02",4.32
"1221","2011-11-03",4.37
"1222","2011-11-04",4.43
"1223","2011-11-07",4.48
"1224","2011-11-08",4.58
"1225","2011-11-09",4.61
"1226","2011-11-10",4.59
"1227","2011-11-11",4.61
"1228","2011-11-14",4.6
"1229","2011-11-15",4.58
"1230","2011-11-16",4.63
"1231","2011-11-17",4.78
"1232","2011-11-18",4.77
"1233","2011-11-21",4.88
"1234","2011-11-22",4.81
"1235","2011-11-23",4.8
"1236","2011-11-25",4.94
"1237","2011-11-28",4.92
"1238","2011-11-29",4.8
"1239","2011-11-30",4.8
"1240","2011-12-01",4.75
"1241","2011-12-02",4.82
"1242","2011-12-05",4.85
"1243","2011-12-06",4.85
"1244","2011-12-07",4.8
"1245","2011-12-08",4.72
"1246","2011-12-09",4.73
"1247","2011-12-12",4.62
"1248","2011-12-13",4.58
"1249","2011-12-14",4.5
"1250","2011-12-15",4.49
"1251","2011-12-16",4.55
"1252","2011-12-19",4.59
"1253","2011-12-20",4.55
"1254","2011-12-21",4.54
"1255","2011-12-22",4.56
"1256","2011-12-23",4.58
"1257","2011-12-27",4.63
"1258","2011-12-28",4.59
"1259","2011-12-29",4.63
"1260","2011-12-30",4.69
"1261","2012-01-03",4.72
"1262","2012-01-04",4.85
"1263","2012-01-05",4.96
"1264","2012-01-06",5.21
"1265","2012-01-09",5.49
"1266","2012-01-10",5.45
"1267","2012-01-11",5.3
"1268","2012-01-12",5.25
"1269","2012-01-13",5.49
"1270","2012-01-17",5.25
"1271","2012-01-18",5.78
"1272","2012-01-19",5.86
"1273","2012-01-20",5.86
"1274","2012-01-23",5.88
"1275","2012-01-24",5.95
"1276","2012-01-25",5.97
"1277","2012-01-26",6.3
"1278","2012-01-27",6.25
"1279","2012-01-30",6.21
"1280","2012-01-31",6.24
"1281","2012-02-01",8.95
"1282","2012-02-02",9
"1283","2012-02-03",9
"1284","2012-02-06",9.2
"1285","2012-02-07",10.2
"1286","2012-02-08",9.99
"1287","2012-02-09",9.97
"1288","2012-02-10",9.92
"1289","2012-02-13",10.41
"1290","2012-02-14",10.16
"1291","2012-02-15",9.79
"1292","2012-02-16",9.66
"1293","2012-02-17",9.98
"1294","2012-02-21",10.48
"1295","2012-02-22",10.5
"1296","2012-02-23",10.68
"1297","2012-02-24",10.39
"1298","2012-02-27",10.4
"1299","2012-02-28",11.4
"1300","2012-02-29",10.84
"1301","2012-03-01",10.51
"1302","2012-03-02",10.27
"1303","2012-03-05",11.02
"1304","2012-03-06",10.62
"1305","2012-03-07",10.53
"1306","2012-03-08",10.52
"1307","2012-03-09",10.6
"1308","2012-03-12",10.14
"1309","2012-03-13",9.59
"1310","2012-03-14",10.18
"1311","2012-03-15",10.17
"1312","2012-03-16",10.02
"1313","2012-03-19",9.58
"1314","2012-03-20",9.91
"1315","2012-03-21",9.73
"1316","2012-03-22",9.51
"1317","2012-03-23",9.5
"1318","2012-03-26",9.25
"1319","2012-03-27",9.6
"1320","2012-03-28",9.32
"1321","2012-03-29",9.56
"1322","2012-03-30",9.47
"1323","2012-04-02",9.46
"1324","2012-04-03",9.22
"1325","2012-04-04",9.01
"1326","2012-04-05",9.52
"1327","2012-04-09",9.53
"1328","2012-04-10",9.22
"1329","2012-04-11",9.62
"1330","2012-04-12",10.74
"1331","2012-04-13",11.38
"1332","2012-04-16",11.31
"1333","2012-04-17",11.89
"1334","2012-04-18",11.74
"1335","2012-04-19",11.29
"1336","2012-04-20",11.3
"1337","2012-04-23",11
"1338","2012-04-24",10.93
"1339","2012-04-25",11.16
"1340","2012-04-26",11.04
"1341","2012-04-27",11.55
"1342","2012-04-30",11.55
"1343","2012-05-01",11.33
"1344","2012-05-02",13.1
"1345","2012-05-03",12.72
"1346","2012-05-04",12.22
"1347","2012-05-07",12.32
"1348","2012-05-08",12.24
"1349","2012-05-09",11.75
"1350","2012-05-10",12.28
"1351","2012-05-11",12.1
"1352","2012-05-14",11.9
"1353","2012-05-15",11.93
"1354","2012-05-16",10.94
"1355","2012-05-17",10.19
"1356","2012-05-18",9.68
"1357","2012-05-21",9.95
"1358","2012-05-22",10.39
"1359","2012-05-23",10.52
"1360","2012-05-24",10.53
"1361","2012-05-25",10.54
"1362","2012-05-29",10.72
"1363","2012-05-30",10.26
"1364","2012-05-31",9.69
"1365","2012-06-01",9.16
"1366","2012-06-04",9
"1367","2012-06-05",9.04
"1368","2012-06-06",9
"1369","2012-06-07",8.53
"1370","2012-06-08",8.47
"1371","2012-06-11",8.38
"1372","2012-06-12",8.8
"1373","2012-06-13",8.37
"1374","2012-06-14",8.68
"1375","2012-06-15",8.44
"1376","2012-06-18",8.59
"1377","2012-06-19",8.79
"1378","2012-06-20",8.93
"1379","2012-06-21",8.43
"1380","2012-06-22",8.27
"1381","2012-06-25",7.9
"1382","2012-06-26",7.69
"1383","2012-06-27",7.71
"1384","2012-06-28",7.8
"1385","2012-06-29",8.24
"1386","2012-07-02",8.21
"1387","2012-07-03",8.54
"1388","2012-07-05",8.51
"1389","2012-07-06",8.5
"1390","2012-07-09",8.5
"1391","2012-07-10",8.4
"1392","2012-07-11",8.58
"1393","2012-07-12",8.41
"1394","2012-07-13",8.14
"1395","2012-07-16",7.8
"1396","2012-07-17",7.76
"1397","2012-07-18",7.91
"1398","2012-07-19",7.87
"1399","2012-07-20",7.76
"1400","2012-07-23",7.65
"1401","2012-07-24",7.42
"1402","2012-07-25",7.44
"1403","2012-07-26",7.45
"1404","2012-07-27",7.7
"1405","2012-07-30",7.51
"1406","2012-07-31",7.42
"1407","2012-08-01",7.29
"1408","2012-08-02",7.18
"1409","2012-08-03",7.29
"1410","2012-08-06",7.35
"1411","2012-08-07",7.69
"1412","2012-08-08",7.63
"1413","2012-08-09",7.63
"1414","2012-08-10",7.56
"1415","2012-08-13",7.41
"1416","2012-08-14",7.4
"1417","2012-08-15",7.44
"1418","2012-08-16",7.64
"1419","2012-08-17",7.88
"1420","2012-08-20",7.88
"1421","2012-08-21",8
"1422","2012-08-22",9.94
"1423","2012-08-23",10.05
"1424","2012-08-24",10.45
"1425","2012-08-27",10.63
"1426","2012-08-28",10.56
"1427","2012-08-29",10.71
"1428","2012-08-30",10.63
"1429","2012-08-31",10.84
"1430","2012-09-04",10.49
"1431","2012-09-05",10.28
"1432","2012-09-06",10.4
"1433","2012-09-07",10.62
"1434","2012-09-10",10.81
"1435","2012-09-11",11.14
"1436","2012-09-12",11.14
"1437","2012-09-13",10.97
"1438","2012-09-14",10.78
"1439","2012-09-17",10.93
"1440","2012-09-18",10.54
"1441","2012-09-19",10.32
"1442","2012-09-20",10.51
"1443","2012-09-21",10.62
"1444","2012-09-24",10.27
"1445","2012-09-25",10.21
"1446","2012-09-26",9.9
"1447","2012-09-27",10.07
"1448","2012-09-28",9.92
"1449","2012-10-01",10.01
"1450","2012-10-02",10.12
"1451","2012-10-03",10.16
"1452","2012-10-04",10.19
"1453","2012-10-05",10.01
"1454","2012-10-08",9.92
"1455","2012-10-09",9.96
"1456","2012-10-10",10.09
"1457","2012-10-11",10.19
"1458","2012-10-12",10.31
"1459","2012-10-15",10.5
"1460","2012-10-16",10.79
"1461","2012-10-17",11.45
"1462","2012-10-18",11.26
"1463","2012-10-19",10.68
"1464","2012-10-22",10.46
"1465","2012-10-23",10.27
"1466","2012-10-24",10.66
"1467","2012-10-25",10.35
"1468","2012-10-26",10.45
"1469","2012-10-31",11.35
"1470","2012-11-01",10.83
"1471","2012-11-02",10.74
"1472","2012-11-05",10.88
"1473","2012-11-06",10.98
"1474","2012-11-07",10.73
"1475","2012-11-08",10.25
"1476","2012-11-09",9.97
"1477","2012-11-12",9.53
"1478","2012-11-13",9.58
"1479","2012-11-14",9.26
"1480","2012-11-15",8.92
"1481","2012-11-16",9.37
"1482","2012-11-19",9.6
"1483","2012-11-20",9.5
"1484","2012-11-21",10.07
"1485","2012-11-23",10.02
"1486","2012-11-26",9.8
"1487","2012-11-27",9.99
"1488","2012-11-28",9.97
"1489","2012-11-29",10.05
"1490","2012-11-30",10.14
"1491","2012-12-03",10.13
"1492","2012-12-04",10.11
"1493","2012-12-05",10
"1494","2012-12-06",9.9
"1495","2012-12-07",9.87
"1496","2012-12-10",9.59
"1497","2012-12-11",9.58
"1498","2012-12-12",9.71
"1499","2012-12-13",9.38
"1500","2012-12-14",9.21
"1501","2012-12-17",9.33
"1502","2012-12-18",9.48
"1503","2012-12-19",9.71
"1504","2012-12-20",9.88
"1505","2012-12-21",9.68
"1506","2012-12-24",9.9
"1507","2012-12-26",9.99
"1508","2012-12-27",9.72
"1509","2012-12-28",9.8
"1510","2012-12-31",10.24
"1511","2013-01-02",10.63
"1512","2013-01-03",10.39
"1513","2013-01-04",10.46
"1514","2013-01-07",9.89
"1515","2013-01-08",10.26
"1516","2013-01-09",10.33
"1517","2013-01-10",10.62
"1518","2013-01-11",10.67
"1519","2013-01-14",10.72
"1520","2013-01-15",10.88
"1521","2013-01-16",10.82
"1522","2013-01-17",11.08
"1523","2013-01-18",10.97
"1524","2013-01-22",11.06
"1525","2013-01-23",11.48
"1526","2013-01-24",11.43
"1527","2013-01-25",11.5
"1528","2013-01-28",11.94
"1529","2013-01-29",11.91
"1530","2013-01-30",9.72
"1531","2013-01-31",9.63
"1532","2013-02-01",9.68
"1533","2013-02-04",9.57
"1534","2013-02-05",9.68
"1535","2013-02-06",9.78
"1536","2013-02-07",9.75
"1537","2013-02-08",9.88
"1538","2013-02-11",10.37
"1539","2013-02-12",10.52
"1540","2013-02-13",10.61
"1541","2013-02-14",10.63
"1542","2013-02-15",10.65
"1543","2013-02-19",10.64
"1544","2013-02-20",10.32
"1545","2013-02-21",10
"1546","2013-02-22",10.21
"1547","2013-02-25",9.98
"1548","2013-02-26",10.5
"1549","2013-02-27",10.46
"1550","2013-02-28",10.63
"1551","2013-03-01",10.7
"1552","2013-03-04",10.88
"1553","2013-03-05",10.86
"1554","2013-03-06",10.81
"1555","2013-03-07",10.76
"1556","2013-03-08",10.86
"1557","2013-03-11",10.77
"1558","2013-03-12",10.81
"1559","2013-03-13",10.88
"1560","2013-03-14",10.9
"1561","2013-03-15",10.87
"1562","2013-03-18",10.9
"1563","2013-03-19",10.99
"1564","2013-03-20",11.25
"1565","2013-03-21",11.24
"1566","2013-03-22",11.28
"1567","2013-03-25",11.25
"1568","2013-03-26",11.41
"1569","2013-03-27",11.42
"1570","2013-03-28",11.46
"1571","2013-04-01",11.31
"1572","2013-04-02",11.52
"1573","2013-04-03",11.55
"1574","2013-04-04",11.74
"1575","2013-04-05",11.53
"1576","2013-04-08",11.5
"1577","2013-04-09",11.44
"1578","2013-04-10",11.48
"1579","2013-04-11",11.45
"1580","2013-04-12",11.33
"1581","2013-04-15",10.73
"1582","2013-04-16",11
"1583","2013-04-17",10.52
"1584","2013-04-18",10.41
"1585","2013-04-19",10.75
"1586","2013-04-22",10.9
"1587","2013-04-23",11.46
"1588","2013-04-24",11.35
"1589","2013-04-25",11.37
"1590","2013-04-26",11.35
"1591","2013-04-29",11.33
"1592","2013-04-30",11.3
"1593","2013-05-01",10.28
"1594","2013-05-02",10.37
"1595","2013-05-03",10.7
"1596","2013-05-06",10.7
"1597","2013-05-07",10.67
"1598","2013-05-08",10.57
"1599","2013-05-09",10.6
"1600","2013-05-10",10.61
"1601","2013-05-13",10.73
"1602","2013-05-14",10.75
"1603","2013-05-15",10.82
"1604","2013-05-16",10.89
"1605","2013-05-17",11.09
"1606","2013-05-20",11.05
"1607","2013-05-21",11.02
"1608","2013-05-22",10.84
"1609","2013-05-23",11.05
"1610","2013-05-24",10.91
"1611","2013-05-28",11.22
"1612","2013-05-29",11.21
"1613","2013-05-30",11.47
"1614","2013-05-31",11.36
"1615","2013-06-03",11.71
"1616","2013-06-04",11.65
"1617","2013-06-05",11.16
"1618","2013-06-06",11.12
"1619","2013-06-07",11.1
"1620","2013-06-10",11.3
"1621","2013-06-11",11
"1622","2013-06-12",10.99
"1623","2013-06-13",11.28
"1624","2013-06-14",11.12
"1625","2013-06-17",11.33
"1626","2013-06-18",11.24
"1627","2013-06-19",11.08
"1628","2013-06-20",10.66
"1629","2013-06-21",10.85
"1630","2013-06-24",10.65
"1631","2013-06-25",10.53
"1632","2013-06-26",10.69
"1633","2013-06-27",10.73
"1634","2013-06-28",10.35
"1635","2013-07-01",11.19
"1636","2013-07-02",11.36
"1637","2013-07-03",11.64
"1638","2013-07-05",11.74
"1639","2013-07-08",11.59
"1640","2013-07-09",11.15
"1641","2013-07-10",10.9
"1642","2013-07-11",11.22
"1643","2013-07-12",11.59
"1644","2013-07-15",11.3
"1645","2013-07-16",11.44
"1646","2013-07-17",11.53
"1647","2013-07-18",11.42
"1648","2013-07-19",11.25
"1649","2013-07-22",10.98
"1650","2013-07-23",10.85
"1651","2013-07-24",10.93
"1652","2013-07-25",11.51
"1653","2013-07-26",11.61
"1654","2013-07-29",11.41
"1655","2013-07-30",11.28
"1656","2013-07-31",11.34
"1657","2013-08-01",11.38
"1658","2013-08-02",11.44
"1659","2013-08-05",11.64
"1660","2013-08-06",11.7
"1661","2013-08-07",11.76
"1662","2013-08-08",11.5
"1663","2013-08-09",11.31
"1664","2013-08-12",11.19
"1665","2013-08-13",11.37
"1666","2013-08-14",11.37
"1667","2013-08-15",11.2
"1668","2013-08-16",11.17
"1669","2013-08-19",11.56
"1670","2013-08-20",11.79
"1671","2013-08-21",10.19
"1672","2013-08-22",10.17
"1673","2013-08-23",10.01
"1674","2013-08-26",9.8
"1675","2013-08-27",9.92
"1676","2013-08-28",9.86
"1677","2013-08-29",9.99
"1678","2013-08-30",9.91
"1679","2013-09-03",9.86
"1680","2013-09-04",9.82
"1681","2013-09-05",9.8
"1682","2013-09-06",9.79
"1683","2013-09-09",9.71
"1684","2013-09-10",9.67
"1685","2013-09-11",9.69
"1686","2013-09-12",9.64
"1687","2013-09-13",9.82
"1688","2013-09-16",10.07
"1689","2013-09-17",10.29
"1690","2013-09-18",10.3
"1691","2013-09-19",10.24
"1692","2013-09-20",10.15
"1693","2013-09-23",10.35
"1694","2013-09-24",10.24
"1695","2013-09-25",10.27
"1696","2013-09-26",10.42
"1697","2013-09-27",10.46
"1698","2013-09-30",10.29
"1699","2013-10-01",10.35
"1700","2013-10-02",10.28
"1701","2013-10-03",10.15
"1702","2013-10-04",9.99
"1703","2013-10-07",10
"1704","2013-10-08",9.89
"1705","2013-10-09",10.08
"1706","2013-10-10",10.39
"1707","2013-10-11",10.39
"1708","2013-10-14",10.55
"1709","2013-10-15",10.59
"1710","2013-10-16",10.59
"1711","2013-10-17",10.85
"1712","2013-10-18",11.06
"1713","2013-10-21",11.16
"1714","2013-10-22",11.03
"1715","2013-10-23",10.97
"1716","2013-10-24",10.95
"1717","2013-10-25",10.98
"1718","2013-10-28",11.19
"1719","2013-10-29",10.97
"1720","2013-10-30",11.03
"1721","2013-10-31",10.85
"1722","2013-11-01",10.82
"1723","2013-11-04",10.86
"1724","2013-11-05",10.76
"1725","2013-11-06",10.72
"1726","2013-11-07",10.6
"1727","2013-11-08",10.59
"1728","2013-11-11",10.51
"1729","2013-11-12",10.41
"1730","2013-11-13",10.32
"1731","2013-11-14",10.61
"1732","2013-11-15",10.44
"1733","2013-11-18",10.3
"1734","2013-11-19",10.39
"1735","2013-11-20",10.61
"1736","2013-11-21",10.62
"1737","2013-11-22",10.62
"1738","2013-11-25",10.7
"1739","2013-11-26",10.7
"1740","2013-11-27",10.74
"1741","2013-11-29",10.52
"1742","2013-12-02",10.6
"1743","2013-12-03",10.55
"1744","2013-12-04",10.63
"1745","2013-12-05",10.58
"1746","2013-12-06",10.57
"1747","2013-12-09",10.46
"1748","2013-12-10",10.45
"1749","2013-12-11",10.5
"1750","2013-12-12",10.41
"1751","2013-12-13",10.5
"1752","2013-12-16",10.54
"1753","2013-12-17",10.73
"1754","2013-12-18",10.95
"1755","2013-12-19",11.06
"1756","2013-12-20",10.97
"1757","2013-12-23",11.04
"1758","2013-12-24",11.14
"1759","2013-12-26",11
"1760","2013-12-27",11.08
"1761","2013-12-30",11.09
"1762","2013-12-31",11.02
"1763","2014-01-02",11.08
"1764","2014-01-03",11.09
"1765","2014-01-06",11.08
"1766","2014-01-07",11.09
"1767","2014-01-08",11.11
"1768","2014-01-09",11.16
"1769","2014-01-10",11.11
"1770","2014-01-13",11.06
"1771","2014-01-14",10.96
"1772","2014-01-15",11.09
"1773","2014-01-16",11.1
"1774","2014-01-17",11.2
"1775","2014-01-21",11.13
"1776","2014-01-22",11.22
"1777","2014-01-23",11.25
"1778","2014-01-24",11.2
"1779","2014-01-27",11.27
"1780","2014-01-28",11.38
"1781","2014-01-29",10.59
"1782","2014-01-30",10.69
"1783","2014-01-31",10.5
"1784","2014-02-03",10.37
"1785","2014-02-04",10.18
"1786","2014-02-05",10.03
"1787","2014-02-06",10.1
"1788","2014-02-07",9.93
"1789","2014-02-10",9.86
"1790","2014-02-11",9.93
"1791","2014-02-12",10.02
"1792","2014-02-13",10.17
"1793","2014-02-14",10.04
"1794","2014-02-18",10.11
"1795","2014-02-19",10.13
"1796","2014-02-20",10.14
"1797","2014-02-21",10.08
"1798","2014-02-24",10.13
"1799","2014-02-25",10.23
"1800","2014-02-26",10.22
"1801","2014-02-27",10.26
"1802","2014-02-28",10.35
"1803","2014-03-03",10.52
"1804","2014-03-04",10.69
"1805","2014-03-05",10.85
"1806","2014-03-06",10.79
"1807","2014-03-07",10.74
"1808","2014-03-10",10.8
"1809","2014-03-11",10.42
"1810","2014-03-12",10.39
"1811","2014-03-13",10.34
"1812","2014-03-14",10.37
"1813","2014-03-17",10.38
"1814","2014-03-18",10.57
"1815","2014-03-19",10.45
"1816","2014-03-20",10.48
"1817","2014-03-21",10.53
"1818","2014-03-24",10.37
"1819","2014-03-25",10.34
"1820","2014-03-26",10.32
"1821","2014-03-27",10.2
"1822","2014-03-28",10.18
"1823","2014-03-31",10.42
"1824","2014-04-01",10.91
"1825","2014-04-02",10.72
"1826","2014-04-03",10.66
"1827","2014-04-04",10.37
"1828","2014-04-07",10.26
"1829","2014-04-08",10.23
"1830","2014-04-09",10.21
"1831","2014-04-10",10.28
"1832","2014-04-11",10.28
"1833","2014-04-14",10.18
"1834","2014-04-15",10.14
"1835","2014-04-16",10.2
"1836","2014-04-17",10.19
"1837","2014-04-21",10.19
"1838","2014-04-22",10.2
"1839","2014-04-23",10.24
"1840","2014-04-24",10.17
"1841","2014-04-25",10.06
"1842","2014-04-28",10.23
"1843","2014-04-29",10.23
"1844","2014-04-30",10.48
"1845","2014-05-01",10.62
"1846","2014-05-02",10.74
"1847","2014-05-05",10.72
"1848","2014-05-06",10.7
"1849","2014-05-07",10.62
"1850","2014-05-08",10.49
"1851","2014-05-09",10.49
"1852","2014-05-12",10.6
"1853","2014-05-13",10.65
"1854","2014-05-14",10.5
"1855","2014-05-15",10.47
"1856","2014-05-16",10.57
"1857","2014-05-19",10.56
"1858","2014-05-20",10.6
"1859","2014-05-21",10.64
"1860","2014-05-22",10.58
"1861","2014-05-23",10.55
"1862","2014-05-27",10.55
"1863","2014-05-28",10.54
"1864","2014-05-29",10.62
"1865","2014-05-30",10.61
"1866","2014-06-02",10.55
"1867","2014-06-03",10.51
"1868","2014-06-04",10.55
"1869","2014-06-05",10.54
"1870","2014-06-06",10.57
"1871","2014-06-09",10.55
"1872","2014-06-10",10.5
"1873","2014-06-11",10.49
"1874","2014-06-12",10.65
"1875","2014-06-13",10.73
"1876","2014-06-16",10.78
"1877","2014-06-17",10.78
"1878","2014-06-18",10.8
"1879","2014-06-19",10.75
"1880","2014-06-20",10.79
"1881","2014-06-23",10.71
"1882","2014-06-24",10.57
"1883","2014-06-25",10.74
"1884","2014-06-26",10.61
"1885","2014-06-27",10.73
"1886","2014-06-30",10.48
"1887","2014-07-01",10.62
"1888","2014-07-02",10.64
"1889","2014-07-03",10.66
"1890","2014-07-07",10.59
"1891","2014-07-08",10.58
"1892","2014-07-09",10.57
"1893","2014-07-10",10.64
"1894","2014-07-11",10.58
"1895","2014-07-14",10.6
"1896","2014-07-15",10.58
"1897","2014-07-16",10.67
"1898","2014-07-17",10.62
"1899","2014-07-18",10.55
"1900","2014-07-21",10.43
"1901","2014-07-22",10.57
"1902","2014-07-23",10.52
"1903","2014-07-24",10.49
"1904","2014-07-25",10.58
"1905","2014-07-28",10.48
"1906","2014-07-29",10.62
"1907","2014-07-30",10.57
"1908","2014-07-31",10.58
"1909","2014-08-01",10.12
"1910","2014-08-04",10.18
"1911","2014-08-05",10.02
"1912","2014-08-06",10.16
"1913","2014-08-07",10.33
"1914","2014-08-08",10.2
"1915","2014-08-11",10.37
"1916","2014-08-12",10.5
"1917","2014-08-13",10.51
"1918","2014-08-14",10.54
"1919","2014-08-15",10.54
"1920","2014-08-18",10.28
"1921","2014-08-19",10.79
"1922","2014-08-20",11.38
"1923","2014-08-21",11.17
"1924","2014-08-22",11.11
"1925","2014-08-25",11.24
"1926","2014-08-26",10.92
"1927","2014-08-27",11.07
"1928","2014-08-28",10.91
"1929","2014-08-29",10.97
"1930","2014-09-02",10.77
"1931","2014-09-03",10.54
"1932","2014-09-04",10.7
"1933","2014-09-05",10.65
"1934","2014-09-08",10.54
"1935","2014-09-09",10.59
"1936","2014-09-10",10.61
"1937","2014-09-11",10.62
"1938","2014-09-12",10.5
"1939","2014-09-15",10.57
"1940","2014-09-16",10.61
"1941","2014-09-17",10.57
"1942","2014-09-18",10.44
"1943","2014-09-19",10.59
"1944","2014-09-22",10.53
"1945","2014-09-23",10.5
"1946","2014-09-24",10.52
"1947","2014-09-25",10.46
"1948","2014-09-26",10.61
"1949","2014-09-29",10.56
"1950","2014-09-30",10.57
"1951","2014-10-01",10.41
"1952","2014-10-02",10.4
"1953","2014-10-03",10.58
"1954","2014-10-06",10.42
"1955","2014-10-07",10.4
"1956","2014-10-08",10.5
"1957","2014-10-09",10.3
"1958","2014-10-10",10.26
"1959","2014-10-13",10.3
"1960","2014-10-14",10.1
"1961","2014-10-15",8.46
"1962","2014-10-16",8.48
"1963","2014-10-17",8.46
"1964","2014-10-20",8.43
"1965","2014-10-21",8.13
"1966","2014-10-22",8.14
"1967","2014-10-23",8.23
"1968","2014-10-24",8.29
"1969","2014-10-27",7.92
"1970","2014-10-28",7.96
"1971","2014-10-29",7.87
"1972","2014-10-30",7.94
"1973","2014-10-31",8.22
"1974","2014-11-03",8.72
"1975","2014-11-04",8.62
"1976","2014-11-05",8.84
"1977","2014-11-06",8.83
"1978","2014-11-07",8.63
"1979","2014-11-10",8.75
"1980","2014-11-11",8.68
"1981","2014-11-12",8.54
"1982","2014-11-13",8.56
"1983","2014-11-14",8.56
"1984","2014-11-17",8.59
"1985","2014-11-18",8.29
"1986","2014-11-19",8.09
"1987","2014-11-20",8.16
"1988","2014-11-21",8.3
"1989","2014-11-24",8.2
"1990","2014-11-25",8.16
"1991","2014-11-26",8.19
"1992","2014-11-28",8.19
"1993","2014-12-01",8.01
"1994","2014-12-02",8
"1995","2014-12-03",8
"1996","2014-12-04",8.09
"1997","2014-12-05",7.95
"1998","2014-12-08",7.99
"1999","2014-12-09",8.05
"2000","2014-12-10",8.02
"2001","2014-12-11",8.1
"2002","2014-12-12",7.98
"2003","2014-12-15",8.01
"2004","2014-12-16",8
"2005","2014-12-17",8.06
"2006","2014-12-18",8.02
"2007","2014-12-19",7.97
"2008","2014-12-22",8.01
"2009","2014-12-23",7.99
"2010","2014-12-24",7.99
"2011","2014-12-26",8.07
"2012","2014-12-29",8.12
"2013","2014-12-30",8.12
"2014","2014-12-31",7.94
"2015","2015-01-02",8.4
"2016","2015-01-05",8.05
"2017","2015-01-06",8.05
"2018","2015-01-07",8.04
"2019","2015-01-08",8.39
"2020","2015-01-09",8.52
"2021","2015-01-12",8.44
"2022","2015-01-13",8.54
"2023","2015-01-14",8.31
"2024","2015-01-15",8.16
"2025","2015-01-16",8.19
"2026","2015-01-20",8.01
"2027","2015-01-21",8.03
"2028","2015-01-22",8.29
"2029","2015-01-23",8.47
"2030","2015-01-26",8.46
"2031","2015-01-27",8.61
"2032","2015-01-28",9.2
"2033","2015-01-29",9.22
"2034","2015-01-30",9.22
"2035","2015-02-02",9.25
"2036","2015-02-03",9.26
"2037","2015-02-04",9.57
"2038","2015-02-05",9.63
"2039","2015-02-06",9.66
"2040","2015-02-09",9.61
"2041","2015-02-10",9.62
"2042","2015-02-11",9.6
"2043","2015-02-12",9.75
"2044","2015-02-13",9.7
"2045","2015-02-17",9.61
"2046","2015-02-18",9.67
"2047","2015-02-19",9.75
"2048","2015-02-20",9.79
"2049","2015-02-23",9.76
"2050","2015-02-24",9.73
"2051","2015-02-25",9.74
"2052","2015-02-26",10.03
"2053","2015-02-27",10.29
"2054","2015-03-02",10.17
"2055","2015-03-03",10.18
"2056","2015-03-04",10.17
"2057","2015-03-05",10.19
"2058","2015-03-06",10.23
"2059","2015-03-09",10.05
"2060","2015-03-10",10.1
"2061","2015-03-11",10.17
"2062","2015-03-12",10.22
"2063","2015-03-13",10.21
"2064","2015-03-16",10.27
"2065","2015-03-17",10.24
"2066","2015-03-18",10.2
"2067","2015-03-19",10.19
"2068","2015-03-20",9.76
"2069","2015-03-23",10.18
"2070","2015-03-24",10.16
"2071","2015-03-25",10.34
"2072","2015-03-26",10.36
"2073","2015-03-27",10.75
"2074","2015-03-30",10.77
"2075","2015-03-31",10.76
"2076","2015-04-01",11.07
"2077","2015-04-02",11.08
"2078","2015-04-06",11.11
"2079","2015-04-07",11
"2080","2015-04-08",11
"2081","2015-04-09",11.03
"2082","2015-04-10",11.12
"2083","2015-04-13",11.12
"2084","2015-04-14",11.05
"2085","2015-04-15",11.22
"2086","2015-04-16",11.15
"2087","2015-04-17",11.13
"2088","2015-04-20",11.07
"2089","2015-04-21",11.14
"2090","2015-04-22",11.13
"2091","2015-04-23",11.11
"2092","2015-04-24",11.16
"2093","2015-04-27",11.32
"2094","2015-04-28",11.34
"2095","2015-04-29",12.07
"2096","2015-04-30",11.95
"2097","2015-05-01",11.9
"2098","2015-05-04",11.93
"2099","2015-05-05",11.88
"2100","2015-05-06",11.7
"2101","2015-05-07",11.81
"2102","2015-05-08",11.92
"2103","2015-05-11",11.91
"2104","2015-05-12",11.95
"2105","2015-05-13",11.76
"2106","2015-05-14",11.73
"2107","2015-05-15",11.86
"2108","2015-05-18",11.73
"2109","2015-05-19",11.78
"2110","2015-05-20",11.7
"2111","2015-05-21",11.67
"2112","2015-05-22",11.67
"2113","2015-05-26",11.47
"2114","2015-05-27",11.33
"2115","2015-05-28",11.3
"2116","2015-05-29",11.41
"2117","2015-06-01",11.23
"2118","2015-06-02",11.13
"2119","2015-06-03",10.93
"2120","2015-06-04",10.84
"2121","2015-06-05",10.94
"2122","2015-06-08",10.92
"2123","2015-06-09",10.93
"2124","2015-06-10",10.92
"2125","2015-06-11",10.9
"2126","2015-06-12",10.77
"2127","2015-06-15",10.7
"2128","2015-06-16",10.5
"2129","2015-06-17",10.5
"2130","2015-06-18",10.67
"2131","2015-06-19",10.67
"2132","2015-06-22",10.89
"2133","2015-06-23",11.02
"2134","2015-06-24",11.03
"2135","2015-06-25",11
"2136","2015-06-26",10.66
"2137","2015-06-29",10.76
"2138","2015-06-30",10.87
"2139","2015-07-01",10.93
"2140","2015-07-02",10.85
"2141","2015-07-06",10.68
"2142","2015-07-07",10.68
"2143","2015-07-08",10.46
"2144","2015-07-09",10.43
"2145","2015-07-10",10.44
"2146","2015-07-13",10.3
"2147","2015-07-14",10.44
"2148","2015-07-15",10.41
"2149","2015-07-16",10.4
"2150","2015-07-17",10.44
"2151","2015-07-20",10.36
"2152","2015-07-21",10.48
"2153","2015-07-22",10.35
"2154","2015-07-23",10.47
"2155","2015-07-24",10.47
"2156","2015-07-27",10.49
"2157","2015-07-28",10.44
"2158","2015-07-29",10.26
"2159","2015-07-30",10.16
"2160","2015-07-31",10.01
"2161","2015-08-03",9.8
"2162","2015-08-04",9.98
"2163","2015-08-05",10.37
"2164","2015-08-06",10.1
"2165","2015-08-07",10.09
"2166","2015-08-10",10
"2167","2015-08-11",9.95
"2168","2015-08-12",9.92
"2169","2015-08-13",9.9
"2170","2015-08-14",9.96
"2171","2015-08-17",10.12
"2172","2015-08-18",10.26
"2173","2015-08-19",10.65
"2174","2015-08-20",10.47
"2175","2015-08-21",10.3
"2176","2015-08-24",10.03
"2177","2015-08-25",9.99
"2178","2015-08-26",10.07
"2179","2015-08-27",10.02
"2180","2015-08-28",10.42
"2181","2015-08-31",10.4
"2182","2015-09-01",10.34
"2183","2015-09-02",10.33
"2184","2015-09-03",10.24
"2185","2015-09-04",10
"2186","2015-09-08",10.38
"2187","2015-09-09",10.13
"2188","2015-09-10",10.18
"2189","2015-09-11",10.1
"2190","2015-09-14",10.11
"2191","2015-09-15",10.08
"2192","2015-09-16",10.08
"2193","2015-09-17",10.18
"2194","2015-09-18",10.06
"2195","2015-09-21",10.06
"2196","2015-09-22",10.02
"2197","2015-09-23",9.91
"2198","2015-09-24",9.98
"2199","2015-09-25",10.08
"2200","2015-09-28",10.25
"2201","2015-09-29",9.99
"2202","2015-09-30",10.02
"2203","2015-10-01",9.93
"2204","2015-10-02",9.96
"2205","2015-10-05",9.92
"2206","2015-10-06",10
"2207","2015-10-07",9.98
"2208","2015-10-08",9.98
"2209","2015-10-09",9.97
"2210","2015-10-12",8.73
"2211","2015-10-13",8.61
"2212","2015-10-14",8.43
"2213","2015-10-15",8.3
"2214","2015-10-16",8.3
"2215","2015-10-19",8.06
"2216","2015-10-20",8.28
"2217","2015-10-21",8.19
"2218","2015-10-22",8.02
"2219","2015-10-23",8.01
"2220","2015-10-26",7.96
"2221","2015-10-27",7.96
"2222","2015-10-28",7.94
"2223","2015-10-29",7.95
"2224","2015-10-30",8.33
"2225","2015-11-02",8.34
"2226","2015-11-03",8.27
"2227","2015-11-04",8.24
"2228","2015-11-05",8.18
"2229","2015-11-06",8.03
"2230","2015-11-09",7.89
"2231","2015-11-10",7.9
"2232","2015-11-11",7.79
"2233","2015-11-12",7.75
"2234","2015-11-13",7.7
"2235","2015-11-16",7.67
"2236","2015-11-17",7.69
"2237","2015-11-18",7.71
"2238","2015-11-19",7.71
"2239","2015-11-20",7.8
"2240","2015-11-23",7.8
"2241","2015-11-24",7.8
"2242","2015-11-25",7.92
"2243","2015-11-27",7.86
"2244","2015-11-30",7.86
"2245","2015-12-01",7.96
"2246","2015-12-02",7.93
"2247","2015-12-03",7.81
"2248","2015-12-04",7.82
"2249","2015-12-07",7.77
"2250","2015-12-08",7.68
"2251","2015-12-09",7.68
"2252","2015-12-10",7.67
"2253","2015-12-11",7.62
"2254","2015-12-14",7.74
"2255","2015-12-15",7.61
"2256","2015-12-16",7.62
"2257","2015-12-17",7.59
"2258","2015-12-18",7.52
"2259","2015-12-21",7.5
"2260","2015-12-22",7.68
"2261","2015-12-23",7.81
"2262","2015-12-24",7.78
"2263","2015-12-28",7.69
"2264","2015-12-29",7.68
"2265","2015-12-30",7.6
"2266","2015-12-31",7.6
"2267","2016-01-04",7.76
"2268","2016-01-05",7.53
"2269","2016-01-06",7.54
"2270","2016-01-07",7.26
"2271","2016-01-08",6.92
"2272","2016-01-11",7.06
"2273","2016-01-12",7.29
"2274","2016-01-13",7.05
"2275","2016-01-14",7.13
"2276","2016-01-15",6.96
"2277","2016-01-19",6.55
"2278","2016-01-20",6.47
"2279","2016-01-21",6.5
"2280","2016-01-22",6.63
"2281","2016-01-25",6.45
"2282","2016-01-26",6.56
"2283","2016-01-27",7.56
"2284","2016-01-28",7.48
"2285","2016-01-29",7.58
"2286","2016-02-01",7.97
"2287","2016-02-02",7.92
"2288","2016-02-03",7.79
"2289","2016-02-04",7.97
"2290","2016-02-05",7.53
"2291","2016-02-08",7.57
"2292","2016-02-09",7.57
"2293","2016-02-10",7.4
"2294","2016-02-11",7.28
"2295","2016-02-12",7.45
"2296","2016-02-16",7.5
"2297","2016-02-17",7.68
"2298","2016-02-18",7.8
"2299","2016-02-19",7.94
"2300","2016-02-22",8.35
"2301","2016-02-23",8.05
"2302","2016-02-24",8
"2303","2016-02-25",7.87
"2304","2016-02-26",7.7
"2305","2016-02-29",7.18
"2306","2016-03-01",7.39
"2307","2016-03-02",7.33
"2308","2016-03-03",7.31
"2309","2016-03-04",7.36
"2310","2016-03-07",7.41
"2311","2016-03-08",7.27
"2312","2016-03-09",7.16
"2313","2016-03-10",7.13
"2314","2016-03-11",7.14
"2315","2016-03-14",7.13
"2316","2016-03-15",7.01
"2317","2016-03-16",7.02
"2318","2016-03-17",7.25
"2319","2016-03-18",7.13
"2320","2016-03-21",7.05
"2321","2016-03-22",7
"2322","2016-03-23",6.97
"2323","2016-03-24",6.97
"2324","2016-03-28",6.91
"2325","2016-03-29",7.03
"2326","2016-03-30",7.07
"2327","2016-03-31",7.15
"2328","2016-04-01",7.14
"2329","2016-04-04",7.02
"2330","2016-04-05",7
"2331","2016-04-06",7.01
"2332","2016-04-07",7.11
"2333","2016-04-08",7.27
"2334","2016-04-11",7.25
"2335","2016-04-12",7.27
"2336","2016-04-13",7.42
"2337","2016-04-14",7.46
"2338","2016-04-15",7.45
"2339","2016-04-18",7.49
"2340","2016-04-19",7.55
"2341","2016-04-20",7.57
"2342","2016-04-21",7.36
"2343","2016-04-22",7.36
"2344","2016-04-25",7.24
"2345","2016-04-26",7.19
"2346","2016-04-27",7.17
"2347","2016-04-28",7.15
"2348","2016-04-29",7.13
"2349","2016-05-02",7.12
"2350","2016-05-03",7.08
"2351","2016-05-04",7.07
"2352","2016-05-05",7.04
"2353","2016-05-06",7.03
"2354","2016-05-09",7.02
"2355","2016-05-10",7
"2356","2016-05-11",7.63
"2357","2016-05-12",7.6
"2358","2016-05-13",7.5
"2359","2016-05-16",7.49
"2360","2016-05-17",7.39
"2361","2016-05-18",7.41
"2362","2016-05-19",7.44
"2363","2016-05-20",7.49
"2364","2016-05-23",7.62
"2365","2016-05-24",7.51
"2366","2016-05-25",7.59
"2367","2016-05-26",7.62
"2368","2016-05-27",7.91
"2369","2016-05-31",8.91
"2370","2016-06-01",8.31
"2371","2016-06-02",8.51
"2372","2016-06-03",8.36
"2373","2016-06-06",8.82
"2374","2016-06-07",8.45
"2375","2016-06-08",8.3
"2376","2016-06-09",8.18
"2377","2016-06-10",7.96
"2378","2016-06-13",7.58
"2379","2016-06-14",7.43
"2380","2016-06-15",7.46
"2381","2016-06-16",7.46
"2382","2016-06-17",7.34
"2383","2016-06-20",7.39
"2384","2016-06-21",7.4
"2385","2016-06-22",7.41
"2386","2016-06-23",7.51
"2387","2016-06-24",7.37
"2388","2016-06-27",7.12
"2389","2016-06-28",7.19
"2390","2016-06-29",7.28
"2391","2016-06-30",7.53
"2392","2016-07-01",7.39
"2393","2016-07-05",7.32
"2394","2016-07-06",7.3
"2395","2016-07-07",7.37
"2396","2016-07-08",7.44
"2397","2016-07-11",7.46
"2398","2016-07-12",7.45
"2399","2016-07-13",7.43
"2400","2016-07-14",7.39
"2401","2016-07-15",7.46
"2402","2016-07-18",7.47
"2403","2016-07-19",7.5
"2404","2016-07-20",7.62
"2405","2016-07-21",7.71
"2406","2016-07-22",7.89
"2407","2016-07-25",8.17
"2408","2016-07-26",8.18
"2409","2016-07-27",7.95
"2410","2016-07-28",7.72
"2411","2016-07-29",7.54
"2412","2016-08-01",7.55
"2413","2016-08-02",7.51
"2414","2016-08-03",7.55
"2415","2016-08-04",7.57
"2416","2016-08-05",7.55
"2417","2016-08-08",7.69
"2418","2016-08-09",7.61
"2419","2016-08-10",7.56
"2420","2016-08-11",7.47
"2421","2016-08-12",7.43
"2422","2016-08-15",7.46
"2423","2016-08-16",7.49
"2424","2016-08-17",7.56
"2425","2016-08-18",7.8
"2426","2016-08-19",7.73
"2427","2016-08-22",7.57
"2428","2016-08-23",7.55
"2429","2016-08-24",7.59
"2430","2016-08-25",7.54
"2431","2016-08-26",7.53
"2432","2016-08-29",7.5
"2433","2016-08-30",7.57
"2434","2016-08-31",7.51
"2435","2016-09-01",7.6
"2436","2016-09-02",7.8
"2437","2016-09-06",7.73
"2438","2016-09-07",7.68
"2439","2016-09-08",7.54
"2440","2016-09-09",7.32
"2441","2016-09-12",7.44
"2442","2016-09-13",7.46
"2443","2016-09-14",7.35
"2444","2016-09-15",7.34
"2445","2016-09-16",7.4
"2446","2016-09-19",7.4
"2447","2016-09-20",7.35
"2448","2016-09-21",7.38
"2449","2016-09-22",7.41
"2450","2016-09-23",7.42
"2451","2016-09-26",7.35
"2452","2016-09-27",7.35
"2453","2016-09-28",7.4
"2454","2016-09-29",7.46
"2455","2016-09-30",7.45
"2456","2016-10-03",7.61
"2457","2016-10-04",7.69
"2458","2016-10-05",7.79
"2459","2016-10-06",7.74
"2460","2016-10-07",7.78
"2461","2016-10-10",7.78
"2462","2016-10-11",7.74
"2463","2016-10-12",7.74
"2464","2016-10-13",7.69
"2465","2016-10-14",7.7
"2466","2016-10-17",7.72
"2467","2016-10-18",7.71
"2468","2016-10-19",7.75
"2469","2016-10-20",7.74
"2470","2016-10-21",7.82
"2471","2016-10-24",7.99
"2472","2016-10-25",8.04
"2473","2016-10-26",8.03
"2474","2016-10-27",8.12
"2475","2016-10-28",8.04
"2476","2016-10-31",7.72
"2477","2016-11-01",7.74
"2478","2016-11-02",7.23
"2479","2016-11-03",7.23
"2480","2016-11-04",7.26
"2481","2016-11-07",7.27
"2482","2016-11-08",7.23
"2483","2016-11-09",7.23
"2484","2016-11-10",7.24
"2485","2016-11-11",7.69
"2486","2016-11-14",7.58
"2487","2016-11-15",7.62
"2488","2016-11-16",7.6
"2489","2016-11-17",7.63
"2490","2016-11-18",7.6
"2491","2016-11-21",7.59
"2492","2016-11-22",7.54
"2493","2016-11-23",7.57
"2494","2016-11-25",7.59
"2495","2016-11-28",7.6
"2496","2016-11-29",7.67
"2497","2016-11-30",7.73
"2498","2016-12-01",7.77
"2499","2016-12-02",7.8
"2500","2016-12-05",7.76
"2501","2016-12-06",7.86
"2502","2016-12-07",8
"2503","2016-12-08",8.04
"2504","2016-12-09",8.02
"2505","2016-12-12",7.96
"2506","2016-12-13",7.85
"2507","2016-12-14",7.77
"2508","2016-12-15",7.71
"2509","2016-12-16",7.7
"2510","2016-12-19",7.71
"2511","2016-12-20",7.9
"2512","2016-12-21",7.86
"2513","2016-12-22",7.76
"2514","2016-12-23",7.82
"2515","2016-12-27",7.8
"2516","2016-12-28",7.76
"2517","2016-12-29",7.85
"2518","2016-12-30",7.82
"2519","2017-01-03",7.82
"2520","2017-01-04",8.05
"2521","2017-01-05",8.06
"2522","2017-01-06",8.14
"2523","2017-01-09",8.15
"2524","2017-01-10",8.16
"2525","2017-01-11",8.1
"2526","2017-01-12",8.17
"2527","2017-01-13",8.11
"2528","2017-01-17",8.16
"2529","2017-01-18",8.1
"2530","2017-01-19",8.1
"2531","2017-01-20",8.1
"2532","2017-01-23",8.02
"2533","2017-01-24",8.05
"2534","2017-01-25",8.14
"2535","2017-01-26",8.1
"2536","2017-01-27",8.04
"2537","2017-01-30",7.88
"2538","2017-01-31",7.94
"2539","2017-02-01",7.48
"2540","2017-02-02",7.53
"2541","2017-02-03",7.6
"2542","2017-02-06",7.68
"2543","2017-02-07",7.68
"2544","2017-02-08",7.68
"2545","2017-02-09",7.71
"2546","2017-02-10",7.73
"2547","2017-02-13",7.73
"2548","2017-02-14",7.56
"2549","2017-02-15",7.42
"2550","2017-02-16",7.36
"2551","2017-02-17",7.33
"2552","2017-02-21",7.36
"2553","2017-02-22",7.26
"2554","2017-02-23",7.26
"2555","2017-02-24",7.26
"2556","2017-02-27",7.27
"2557","2017-02-28",7.25
"2558","2017-03-01",7.24
"2559","2017-03-02",7.25
"2560","2017-03-03",7.25
"2561","2017-03-06",7.24
"2562","2017-03-07",7.21
"2563","2017-03-08",7.15
"2564","2017-03-09",7.1
"2565","2017-03-10",7.09
"2566","2017-03-13",7.11
"2567","2017-03-14",7.09
"2568","2017-03-15",7.16
"2569","2017-03-16",7.29
"2570","2017-03-17",7.26
"2571","2017-03-20",7.24
"2572","2017-03-21",7.18
"2573","2017-03-22",7.1
"2574","2017-03-23",7.21
"2575","2017-03-24",7.21
"2576","2017-03-27",7.21
"2577","2017-03-28",7.27
"2578","2017-03-29",7.32
"2579","2017-03-30",7.22
"2580","2017-03-31",7.34
"2581","2017-04-03",7.26
"2582","2017-04-04",7.17
"2583","2017-04-05",7.21
"2584","2017-04-06",7.24
"2585","2017-04-07",7.19
"2586","2017-04-10",7.25
"2587","2017-04-11",7.26
"2588","2017-04-12",7.26
"2589","2017-04-13",7.17
"2590","2017-04-17",7.4
"2591","2017-04-18",7.43
"2592","2017-04-19",7.25
"2593","2017-04-20",7.3
"2594","2017-04-21",7.11
"2595","2017-04-24",7.17
"2596","2017-04-25",7.22
"2597","2017-04-26",7.26
"2598","2017-04-27",7.33
"2599","2017-04-28",7.87
"2600","2017-05-01",7.85
"2601","2017-05-02",7.75
"2602","2017-05-03",6.93
"2603","2017-05-04",6.94
"2604","2017-05-05",6.86
"2605","2017-05-08",6.89
"2606","2017-05-09",6.89
"2607","2017-05-10",6.88
"2608","2017-05-11",6.87
"2609","2017-05-12",6.88
"2610","2017-05-15",6.84
"2611","2017-05-16",6.85
"2612","2017-05-17",6.83
"2613","2017-05-18",6.8
"2614","2017-05-19",6.81
"2615","2017-05-22",6.79
"2616","2017-05-23",6.74
"2617","2017-05-24",6.73
"2618","2017-05-25",6.78
"2619","2017-05-26",6.74
"2620","2017-05-30",6.84
"2621","2017-05-31",6.78
"2622","2017-06-01",6.77
"2623","2017-06-02",6.73
"2624","2017-06-05",6.76
"2625","2017-06-06",6.75
"2626","2017-06-07",6.74
"2627","2017-06-08",6.78
"2628","2017-06-09",6.74
"2629","2017-06-12",6.77
"2630","2017-06-13",6.83
"2631","2017-06-14",6.86
"2632","2017-06-15",6.81
"2633","2017-06-16",6.8
"2634","2017-06-19",6.75
"2635","2017-06-20",6.74
"2636","2017-06-21",6.75
"2637","2017-06-22",6.77
"2638","2017-06-23",6.87
"2639","2017-06-26",6.86
"2640","2017-06-27",7.04
"2641","2017-06-28",7.22
"2642","2017-06-29",7.17
"2643","2017-06-30",7.09
"2644","2017-07-03",7
"2645","2017-07-05",7.01
"2646","2017-07-06",7
"2647","2017-07-07",7.16
"2648","2017-07-10",7.19
"2649","2017-07-11",7.13
"2650","2017-07-12",7.1
"2651","2017-07-13",7.1
"2652","2017-07-14",7.17
"2653","2017-07-17",7.16
"2654","2017-07-18",7.25
"2655","2017-07-19",7.28
"2656","2017-07-20",7.27
"2657","2017-07-21",7.26
"2658","2017-07-24",7.26
"2659","2017-07-25",7.25
"2660","2017-07-26",7.28
"2661","2017-07-27",7.3
"2662","2017-07-28",7.26
"2663","2017-07-31",7.32
"2664","2017-08-01",7.35
"2665","2017-08-02",7.35
"2666","2017-08-03",7.2
"2667","2017-08-04",7.14
"2668","2017-08-07",6.99
"2669","2017-08-08",7.01
"2670","2017-08-09",6.92
"2671","2017-08-10",6.89
"2672","2017-08-11",6.9
"2673","2017-08-14",6.87
"2674","2017-08-15",6.83
"2675","2017-08-16",6.77
"2676","2017-08-17",6.7
"2677","2017-08-18",6.74
"2678","2017-08-21",6.71
"2679","2017-08-22",6.71
"2680","2017-08-23",6.74
"2681","2017-08-24",6.86
"2682","2017-08-25",6.94
"2683","2017-08-28",7.08
"2684","2017-08-29",7.08
"2685","2017-08-30",7.01
"2686","2017-08-31",7.11
"2687","2017-09-01",7.01
"2688","2017-09-05",7.01
"2689","2017-09-06",6.81
"2690","2017-09-07",6.86
"2691","2017-09-08",6.87
"2692","2017-09-11",6.87
"2693","2017-09-12",6.83
"2694","2017-09-13",6.8
"2695","2017-09-14",6.82
"2696","2017-09-15",6.94
"2697","2017-09-18",6.88
"2698","2017-09-19",6.86
"2699","2017-09-20",6.86
"2700","2017-09-21",6.84
"2701","2017-09-22",6.98
"2702","2017-09-25",6.9
"2703","2017-09-26",6.95
"2704","2017-09-27",7.02
"2705","2017-09-28",7.01
"2706","2017-09-29",7.21
"2707","2017-10-02",7.1
"2708","2017-10-03",7.04
"2709","2017-10-04",7
"2710","2017-10-05",6.93
"2711","2017-10-06",6.87
"2712","2017-10-09",6.93
"2713","2017-10-10",6.87
"2714","2017-10-11",6.91
"2715","2017-10-12",6.9
"2716","2017-10-13",6.94
"2717","2017-10-16",6.87
"2718","2017-10-17",6.9
"2719","2017-10-18",6.79
"2720","2017-10-19",6.91
"2721","2017-10-20",6.91
"2722","2017-10-23",7.16
"2723","2017-10-24",7.15
"2724","2017-10-25",6.97
"2725","2017-10-26",6.97
"2726","2017-10-27",7.09
"2727","2017-10-30",7.06
"2728","2017-10-31",7.58
"2729","2017-11-01",7.8
"2730","2017-11-02",7.52
"2731","2017-11-03",7.42
"2732","2017-11-06",7.37
"2733","2017-11-07",7.39
"2734","2017-11-08",7.46
"2735","2017-11-09",7.54
"2736","2017-11-10",7.54
"2737","2017-11-13",7.66
"2738","2017-11-14",7.68
"2739","2017-11-15",7.65
"2740","2017-11-16",7.78
"2741","2017-11-17",7.76
"2742","2017-11-20",7.79
"2743","2017-11-21",7.78
"2744","2017-11-22",7.93
"2745","2017-11-24",7.93
"2746","2017-11-27",7.74
"2747","2017-11-28",7.67
"2748","2017-11-29",7.59
"2749","2017-11-30",7.58
"2750","2017-12-01",7.59
"2751","2017-12-04",7.05
"2752","2017-12-05",6.89
"2753","2017-12-06",6.94
"2754","2017-12-07",6.99
"2755","2017-12-08",6.94
"2756","2017-12-11",6.98
"2757","2017-12-12",7
"2758","2017-12-13",6.98
"2759","2017-12-14",6.97
"2760","2017-12-15",6.92
"2761","2017-12-18",6.98
"2762","2017-12-19",6.92
"2763","2017-12-20",6.82
"2764","2017-12-21",6.81
"2765","2017-12-22",6.83
"2766","2017-12-26",6.81
"2767","2017-12-27",6.99
"2768","2017-12-28",6.97
"2769","2017-12-29",6.82
"2770","2018-01-02",6.89
"2771","2018-01-03",6.87
"2772","2018-01-04",6.89
"2773","2018-01-05",6.91
"2774","2018-01-08",6.96
"2775","2018-01-09",6.93
"2776","2018-01-10",6.91
"2777","2018-01-11",7.13
"2778","2018-01-12",7.2
"2779","2018-01-16",7.24
"2780","2018-01-17",7.2
"2781","2018-01-18",7.16
"2782","2018-01-19",7.14
"2783","2018-01-22",7.11
"2784","2018-01-23",7.08
"2785","2018-01-24",7.15
"2786","2018-01-25",7.06
"2787","2018-01-26",7.07
"2788","2018-01-29",7.02
"2789","2018-01-30",6.97
"2790","2018-01-31",7.17
"2791","2018-02-01",7.21
"2792","2018-02-02",7.24
"2793","2018-02-05",7.06
"2794","2018-02-06",7.05
"2795","2018-02-07",7.15
"2796","2018-02-08",7.13
"2797","2018-02-09",7.16
"2798","2018-02-12",7.11
"2799","2018-02-13",7.11
"2800","2018-02-14",7.13
"2801","2018-02-15",7.2
"2802","2018-02-16",7.23
"2803","2018-02-20",7.15
"2804","2018-02-21",7.13
"2805","2018-02-22",7.18
"2806","2018-02-23",7.21
"2807","2018-02-26",7.25
"2808","2018-02-27",7.2
"2809","2018-02-28",7.18
"2810","2018-03-01",7.03
"2811","2018-03-02",7.18
"2812","2018-03-05",7.17
"2813","2018-03-06",7.07
"2814","2018-03-07",7.11
"2815","2018-03-08",7.06
"2816","2018-03-09",7.12
"2817","2018-03-12",7.07
"2818","2018-03-13",7.08
"2819","2018-03-14",7.09
"2820","2018-03-15",7.13
"2821","2018-03-16",7.21
"2822","2018-03-19",7.18
"2823","2018-03-20",7.12
"2824","2018-03-21",7.05
"2825","2018-03-22",6.97
"2826","2018-03-23",6.99
"2827","2018-03-26",6.92
"2828","2018-03-27",6.86
"2829","2018-03-28",6.83
"2830","2018-03-29",6.96
"2831","2018-04-02",6.97
"2832","2018-04-03",6.87
"2833","2018-04-04",6.95
"2834","2018-04-05",6.96
"2835","2018-04-06",6.9
"2836","2018-04-09",6.88
"2837","2018-04-10",6.9
"2838","2018-04-11",6.92
"2839","2018-04-12",6.93
"2840","2018-04-13",7.18
"2841","2018-04-16",7.11
"2842","2018-04-17",7.13
"2843","2018-04-18",7.11
"2844","2018-04-19",7.11
"2845","2018-04-20",7.14
"2846","2018-04-23",7.08
"2847","2018-04-24",7.1
"2848","2018-04-25",7.11
"2849","2018-04-26",7.02
"2850","2018-04-27",7.09
"2851","2018-04-30",7.03
"2852","2018-05-01",7.08
"2853","2018-05-02",7.43
"2854","2018-05-03",7.49
"2855","2018-05-04",7.84
"2856","2018-05-07",7.89
"2857","2018-05-08",8.05
"2858","2018-05-09",8.32
"2859","2018-05-10",8.26
"2860","2018-05-11",8.25
"2861","2018-05-14",8.38
"2862","2018-05-15",8.24
"2863","2018-05-16",8.26
"2864","2018-05-17",8.16
"2865","2018-05-18",8.29
"2866","2018-05-21",8.23
"2867","2018-05-22",8.17
"2868","2018-05-23",8.2
"2869","2018-05-24",8.23
"2870","2018-05-25",8.33
"2871","2018-05-29",8.58
"2872","2018-05-30",8.58
"2873","2018-05-31",8.41
"2874","2018-06-01",8.49
"2875","2018-06-04",8.47
"2876","2018-06-05",8.4
"2877","2018-06-06",8.36
"2878","2018-06-07",8.36
"2879","2018-06-08",8.38
"2880","2018-06-11",8.21
"2881","2018-06-12",8.26
"2882","2018-06-13",8.4
"2883","2018-06-14",8.3
"2884","2018-06-15",8.43
"2885","2018-06-18",8.39
"2886","2018-06-19",8.31
"2887","2018-06-20",8.33
"2888","2018-06-21",8.25
"2889","2018-06-22",8.2
"2890","2018-06-25",7.79
"2891","2018-06-26",7.74
"2892","2018-06-27",7.55
"2893","2018-06-28",7.51
"2894","2018-06-29",7.58
"2895","2018-07-02",7.43
"2896","2018-07-03",7.54
"2897","2018-07-05",7.58
"2898","2018-07-06",7.55
"2899","2018-07-09",7.59
"2900","2018-07-10",7.69
"2901","2018-07-11",7.65
"2902","2018-07-12",7.44
"2903","2018-07-13",7.42
"2904","2018-07-16",7.56
"2905","2018-07-17",7.83
"2906","2018-07-18",7.77
"2907","2018-07-19",8.21
"2908","2018-07-20",8.23
"2909","2018-07-23",8.02
"2910","2018-07-24",7.77
"2911","2018-07-25",7.85
"2912","2018-07-26",7.97
"2913","2018-07-27",8.17
"2914","2018-07-30",8.2
"2915","2018-07-31",8.08
"2916","2018-08-01",8.09
"2917","2018-08-02",7.83
"2918","2018-08-03",7.9
"2919","2018-08-06",7.94
"2920","2018-08-07",7.8
"2921","2018-08-08",7.75
"2922","2018-08-09",7.8
"2923","2018-08-10",7.9
"2924","2018-08-13",7.89
"2925","2018-08-14",7.86
"2926","2018-08-15",7.78
"2927","2018-08-16",7.78
"2928","2018-08-17",7.71
"2929","2018-08-20",7.74
"2930","2018-08-21",7.72
"2931","2018-08-22",7.69
"2932","2018-08-23",7.72
"2933","2018-08-24",7.66
"2934","2018-08-27",7.78
"2935","2018-08-28",7.95
"2936","2018-08-29",7.95
"2937","2018-08-30",7.88
"2938","2018-08-31",8
"2939","2018-09-04",7.93
"2940","2018-09-05",7.9
"2941","2018-09-06",7.86
"2942","2018-09-07",7.73
"2943","2018-09-10",7.66
"2944","2018-09-11",7.52
"2945","2018-09-12",7.46
"2946","2018-09-13",7.55
"2947","2018-09-14",7.55
"2948","2018-09-17",7.55
"2949","2018-09-18",7.82
"2950","2018-09-19",7.74
"2951","2018-09-20",7.81
"2952","2018-09-21",7.8
"2953","2018-09-24",7.9
"2954","2018-09-25",7.55
"2955","2018-09-26",7.47
"2956","2018-09-27",7.55
"2957","2018-09-28",7.65
"2958","2018-10-01",7.53
"2959","2018-10-02",7.51
"2960","2018-10-03",7.5
"2961","2018-10-04",7.58
"2962","2018-10-05",7.57
"2963","2018-10-08",7.27
"2964","2018-10-09",7.27
"2965","2018-10-10",7.2
"2966","2018-10-11",7.22
"2967","2018-10-12",7.31
"2968","2018-10-15",7.26
"2969","2018-10-16",7.33
"2970","2018-10-17",7.27
"2971","2018-10-18",7.3
"2972","2018-10-19",7.24
"2973","2018-10-22",7.08
"2974","2018-10-23",7.1
"2975","2018-10-24",6.98
"2976","2018-10-25",7
"2977","2018-10-26",6.99
"2978","2018-10-29",7
"2979","2018-10-30",7.04
"2980","2018-10-31",7.31
"2981","2018-11-01",7.34
"2982","2018-11-02",7.26
"2983","2018-11-05",7.26
"2984","2018-11-06",7.26
"2985","2018-11-07",7.29
"2986","2018-11-08",7.29
"2987","2018-11-09",7.19
"2988","2018-11-12",7.13
"2989","2018-11-13",7.13
"2990","2018-11-14",6.9
"2991","2018-11-15",6.96
"2992","2018-11-16",6.84
"2993","2018-11-19",6.84
"2994","2018-11-20",6.81
"2995","2018-11-21",6.86
"2996","2018-11-23",7.13
"2997","2018-11-26",6.85
"2998","2018-11-27",6.8
"2999","2018-11-28",6.8
"3000","2018-11-29",6.78
"3001","2018-11-30",6.8
"3002","2018-12-03",6.79
"3003","2018-12-04",6.73
"3004","2018-12-06",6.54
"3005","2018-12-07",6.45
"3006","2018-12-10",6.38
"3007","2018-12-11",6.54
"3008","2018-12-12",6.42
"3009","2018-12-13",6.4
"3010","2018-12-14",6.3
"3011","2018-12-17",6.28
"3012","2018-12-18",6.15
"3013","2018-12-19",6.2
"3014","2018-12-20",6.07
"3015","2018-12-21",5.9
"3016","2018-12-24",5.86
"3017","2018-12-26",5.9
"3018","2018-12-27",5.74
"3019","2018-12-28",5.74
"3020","2018-12-31",5.65
"3021","2019-01-02",5.73
"3022","2019-01-03",5.69
"3023","2019-01-04",5.81
"3024","2019-01-07",5.94
"3025","2019-01-08",6.11
"3026","2019-01-09",6.17
"3027","2019-01-10",6.04
"3028","2019-01-11",6.04
"3029","2019-01-14",6.24
"3030","2019-01-15",6.28
"3031","2019-01-16",6.25
"3032","2019-01-17",6.29
"3033","2019-01-18",6.28
"3034","2019-01-22",6.1
"3035","2019-01-23",6.16
"3036","2019-01-24",6.34
"3037","2019-01-25",6.3
"3038","2019-01-28",6.29
"3039","2019-01-29",6.62
"3040","2019-01-30",7.2
"3041","2019-01-31",7.2
"3042","2019-02-01",7.06
"3043","2019-02-04",7.06
"3044","2019-02-05",7.02
"3045","2019-02-06",7.1
"3046","2019-02-07",7.26
"3047","2019-02-08",7
"3048","2019-02-11",6.71
"3049","2019-02-12",6.7
"3050","2019-02-13",6.73
"3051","2019-02-14",6.54
"3052","2019-02-15",6.71
"3053","2019-02-19",6.68
"3054","2019-02-20",6.49
"3055","2019-02-21",6.5
"3056","2019-02-22",6.49
"3057","2019-02-25",6.65
"3058","2019-02-26",6.47
"3059","2019-02-27",6.41
"3060","2019-02-28",6.52
"3061","2019-03-01",6.5
"3062","2019-03-04",6.51
"3063","2019-03-05",6.46
"3064","2019-03-06",6.44
"3065","2019-03-07",6.51
"3066","2019-03-08",6.4
"3067","2019-03-11",6.4
"3068","2019-03-12",6.2
"3069","2019-03-13",6.44
"3070","2019-03-14",6.44
"3071","2019-03-15",6.25
"3072","2019-03-18",6.24
"3073","2019-03-19",6.21
"3074","2019-03-20",6.25
"3075","2019-03-21",6.21
"3076","2019-03-22",6.21
"3077","2019-03-25",6.21
"3078","2019-03-26",6.15
"3079","2019-03-27",6.15
"3080","2019-03-28",6.15
"3081","2019-03-29",6.17
"3082","2019-04-01",6.16
"3083","2019-04-02",6.18
"3084","2019-04-03",6.14
"3085","2019-04-04",6.04
"3086","2019-04-05",6.01
"3087","2019-04-08",6
"3088","2019-04-09",6.09
"3089","2019-04-10",6.03
"3090","2019-04-11",5.49
"3091","2019-04-12",5.44
"3092","2019-04-15",5.48
"3093","2019-04-16",5.4
"3094","2019-04-17",5.39
"3095","2019-04-18",5.41
"3096","2019-04-22",5.42
"3097","2019-04-23",5.49
"3098","2019-04-24",5.53
"3099","2019-04-25",5.46
"3100","2019-04-26",5.41
"3101","2019-04-29",5.42
"3102","2019-04-30",5.53
"3103","2019-05-01",5.72
"3104","2019-05-02",5.75
"3105","2019-05-03",5.73
"3106","2019-05-06",5.74
"3107","2019-05-07",5.57
"3108","2019-05-08",5.61
"3109","2019-05-09",5.54
"3110","2019-05-10",5.45
"3111","2019-05-13",5.43
"3112","2019-05-14",5.45
"3113","2019-05-15",5.44
"3114","2019-05-16",5.42
"3115","2019-05-17",5.36
"3116","2019-05-20",5.19
"3117","2019-05-21",5.2
"3118","2019-05-22",5.19
"3119","2019-05-23",5.22
"3120","2019-05-24",5.23
"3121","2019-05-28",5.21
"3122","2019-05-29",5.13
"3123","2019-05-30",5.12
"3124","2019-05-31",5.16
"3125","2019-06-03",5.16
"3126","2019-06-04",5.2
"3127","2019-06-05",5.2
"3128","2019-06-06",5.1
"3129","2019-06-07",5.2
"3130","2019-06-10",5.13
"3131","2019-06-11",5.1
"3132","2019-06-12",5.12
"3133","2019-06-13",5.07
"3134","2019-06-14",5.08
"3135","2019-06-17",5.05
"3136","2019-06-18",5.03
"3137","2019-06-19",5
"3138","2019-06-20",5.02
"3139","2019-06-21",4.98
"3140","2019-06-24",5.01
"3141","2019-06-25",5
"3142","2019-06-26",4.98
"3143","2019-06-27",4.99
"3144","2019-06-28",4.98
"3145","2019-07-01",5.06
"3146","2019-07-02",5.04
"3147","2019-07-03",5.02
"3148","2019-07-05",5.09
"3149","2019-07-08",5.04
"3150","2019-07-09",4.99
"3151","2019-07-10",5.06
"3152","2019-07-11",5.04
"3153","2019-07-12",4.98
"3154","2019-07-15",4.96
"3155","2019-07-16",4.93
"3156","2019-07-17",4.96
"3157","2019-07-18",4.98
"3158","2019-07-19",4.98
"3159","2019-07-22",4.98
"3160","2019-07-23",4.98
"3161","2019-07-24",4.97
"3162","2019-07-25",4.97
"3163","2019-07-26",4.93
"3164","2019-07-29",4.94
"3165","2019-07-30",4.93
"3166","2019-07-31",4.93
"3167","2019-08-01",4.93
"3168","2019-08-02",4.98
"3169","2019-08-05",4.91
"3170","2019-08-06",4.9
"3171","2019-08-07",5.59
"3172","2019-08-08",5.55
"3173","2019-08-09",5.63
"3174","2019-08-12",5.52
"3175","2019-08-13",5.35
"3176","2019-08-14",5.31
"3177","2019-08-15",5.19
"3178","2019-08-16",5.27
"3179","2019-08-19",5.26
"3180","2019-08-20",5.15
"3181","2019-08-21",5.24
"3182","2019-08-22",5.23
"3183","2019-08-23",5.23
"3184","2019-08-26",5.4
"3185","2019-08-27",5.09
"3186","2019-08-28",5.02
"3187","2019-08-29",5.05
"3188","2019-08-30",5.1
"3189","2019-09-03",5.06
"3190","2019-09-04",5.11
"3191","2019-09-05",5.1
"3192","2019-09-06",5.34
"3193","2019-09-09",5.62
"3194","2019-09-10",5.61
"3195","2019-09-11",5.76
"3196","2019-09-12",5.71
"3197","2019-09-13",5.67
"3198","2019-09-16",5.7
"3199","2019-09-17",5.8
"3200","2019-09-18",5.7
"3201","2019-09-19",5.85
"3202","2019-09-20",5.63
"3203","2019-09-23",5.73
"3204","2019-09-24",5.7
"3205","2019-09-25",5.79
"3206","2019-09-26",5.94
"3207","2019-09-27",6.02
"3208","2019-09-30",6.35
"3209","2019-10-01",6.08
"3210","2019-10-02",5.99
"3211","2019-10-03",6.09
"3212","2019-10-04",6
"3213","2019-10-07",5.99
"3214","2019-10-08",5.97
"3215","2019-10-09",5.94
"3216","2019-10-10",5.85
"3217","2019-10-11",5.89
"3218","2019-10-14",5.9
"3219","2019-10-15",6
"3220","2019-10-16",6.04
"3221","2019-10-17",6.03
"3222","2019-10-18",5.98
"3223","2019-10-21",5.98
"3224","2019-10-22",5.98
"3225","2019-10-23",5.99
"3226","2019-10-24",6.09
"3227","2019-10-25",6.1
"3228","2019-10-28",6.29
"3229","2019-10-29",6.12
"3230","2019-10-30",6.02
"3231","2019-10-31",5.99
"3232","2019-11-01",5.97
"3233","2019-11-04",6.1
"3234","2019-11-05",6.23
"3235","2019-11-06",6.21
"3236","2019-11-07",6.24
"3237","2019-11-08",6.23
"3238","2019-11-11",6.23
"3239","2019-11-12",6.22
"3240","2019-11-13",6.16
"3241","2019-11-14",6.12
"3242","2019-11-15",5.96
"3243","2019-11-18",5.85
"3244","2019-11-19",5.98
"3245","2019-11-20",5.87
"3246","2019-11-21",5.81
"3247","2019-11-22",5.52
"3248","2019-11-25",5.61
"3249","2019-11-26",5.56
"3250","2019-11-27",5.58
"3251","2019-11-29",5.59
"3252","2019-12-02",5.58
"3253","2019-12-03",5.6
"3254","2019-12-04",5.55
"3255","2019-12-05",5.41
"3256","2019-12-06",5.41
"3257","2019-12-09",5.32
"3258","2019-12-10",5.34
"3259","2019-12-11",5.32
"3260","2019-12-12",5.3
"3261","2019-12-13",5.38
"3262","2019-12-16",5.4
"3263","2019-12-17",5.58
"3264","2019-12-18",5.44
"3265","2019-12-19",5.4
"3266","2019-12-20",5.55
"3267","2019-12-23",5.52
"3268","2019-12-24",5.51
"3269","2019-12-26",5.55
"3270","2019-12-27",5.45
"3271","2019-12-30",5.44
"3272","2019-12-31",5.44
"3273","2020-01-02",5.72
"3274","2020-01-03",6.05
"3275","2020-01-06",6.18
"3276","2020-01-07",6.21
"3277","2020-01-08",6.31
"3278","2020-01-09",6.38
"3279","2020-01-10",6.43
"3280","2020-01-13",6.5
"3281","2020-01-14",6.41
"3282","2020-01-15",6.36
"3283","2020-01-16",6.71
"3284","2020-01-17",6.68
"3285","2020-01-21",6.21
"3286","2020-01-22",6.17
"3287","2020-01-23",6.17
"3288","2020-01-24",6.17
"3289","2020-01-27",6.06
"3290","2020-01-28",6.1
"3291","2020-01-29",6.1
"3292","2020-01-30",5.96
"3293","2020-01-31",5.81
"3294","2020-02-03",5.62
"3295","2020-02-04",5.6
"3296","2020-02-05",5.89
"3297","2020-02-06",5.9
"3298","2020-02-07",5.73
"3299","2020-02-10",6.06
"3300","2020-02-11",6.01
"3301","2020-02-12",6.02
"3302","2020-02-13",5.97
"3303","2020-02-14",5.97
"3304","2020-02-18",5.85
"3305","2020-02-19",5.7
"3306","2020-02-20",5.32
"3307","2020-02-21",5.43
"3308","2020-02-24",5.17
"3309","2020-02-25",5.05
"3310","2020-02-26",5.05
"3311","2020-02-27",5.07
"3312","2020-02-28",4.67
"3313","2020-03-02",4.53
"3314","2020-03-03",4.37
"3315","2020-03-04",4.31
"3316","2020-03-05",4.28
"3317","2020-03-06",4.38
"3318","2020-03-09",4.21
"3319","2020-03-10",4.65
"3320","2020-03-11",4.36
"3321","2020-03-12",4.12
"3322","2020-03-13",4.09
"3323","2020-03-16",3.53
"3324","2020-03-17",3.15
"3325","2020-03-18",3.35
"3326","2020-03-19",2.88
"3327","2020-03-20",2.75
"3328","2020-03-23",2.7
"3329","2020-03-24",2.6
"3330","2020-03-25",2.59
"3331","2020-03-26",2.77
"3332","2020-03-27",2.77
"3333","2020-03-30",2.79
"3334","2020-03-31",2.91
"3335","2020-04-01",3.13
"3336","2020-04-02",3.09
"3337","2020-04-03",2.81
"3338","2020-04-06",2.95
"3339","2020-04-07",2.85
"3340","2020-04-08",3.02
"3341","2020-04-09",4.4
"3342","2020-04-13",4.04
"3343","2020-04-14",3.95
"3344","2020-04-15",3.97
"3345","2020-04-16",3.82
"3346","2020-04-17",3.99
"3347","2020-04-20",3.98
"3348","2020-04-21",3.93
"3349","2020-04-22",4
"3350","2020-04-23",3.36
"3351","2020-04-24",3.56
"3352","2020-04-27",3.59
"3353","2020-04-28",4
"3354","2020-04-29",4.9
"3355","2020-04-30",4.63
"3356","2020-05-01",4.4
"3357","2020-05-04",4.26
"3358","2020-05-05",4.23
"3359","2020-05-06",4.35
"3360","2020-05-07",4.35
"3361","2020-05-08",4.35
"3362","2020-05-11",4.26
"3363","2020-05-12",4.38
"3364","2020-05-13",4.4
"3365","2020-05-14",4.29
"3366","2020-05-15",4.21
"3367","2020-05-18",4.31
"3368","2020-05-19",4.3
"3369","2020-05-20",4.5
"3370","2020-05-21",4.3
"3371","2020-05-22",4.34
"3372","2020-05-26",4
"3373","2020-05-27",4.15
"3374","2020-05-28",4.15
"3375","2020-05-29",4.09
"3376","2020-06-01",4.07
"3377","2020-06-02",4.22
"3378","2020-06-03",4.25
"3379","2020-06-04",4.35
"3380","2020-06-05",4.47
"3381","2020-06-08",4.54
"3382","2020-06-09",4.56
"3383","2020-06-10",4.6
"3384","2020-06-11",4.74
"3385","2020-06-12",4.94
"3386","2020-06-15",4.71
"3387","2020-06-16",4.95
"3388","2020-06-17",4.75
"3389","2020-06-18",4.64
"3390","2020-06-19",4.75
"3391","2020-06-22",4.69
"3392","2020-06-23",4.82
"3393","2020-06-24",4.75
"3394","2020-06-25",5.01
"3395","2020-06-26",5.26
"3396","2020-06-29",5.31
"3397","2020-06-30",5.3
"3398","2020-07-01",5.62
"3399","2020-07-02",5.93
"3400","2020-07-06",5.99
"3401","2020-07-07",5.38
"3402","2020-07-08",5.73
"3403","2020-07-09",5.88
"3404","2020-07-10",5.91
"3405","2020-07-13",5.87
"3406","2020-07-14",6
"3407","2020-07-15",7.24
"3408","2020-07-16",7.15
"3409","2020-07-17",7.31
"3410","2020-07-20",7.29
"3411","2020-07-21",7.15
"3412","2020-07-22",6.97
"3413","2020-07-23",6.94
"3414","2020-07-24",6.92
"3415","2020-07-27",6.81
"3416","2020-07-28",6.9
"3417","2020-07-29",6.76
"3418","2020-07-30",6.76
"3419","2020-07-31",6.77
"3420","2020-08-03",6.8
"3421","2020-08-04",7.2
"3422","2020-08-05",9.15
"3423","2020-08-06",9.2
"3424","2020-08-07",8.13
"3425","2020-08-10",7.72
"3426","2020-08-11",7.98
"3427","2020-08-12",8.18
"3428","2020-08-13",8.2
"3429","2020-08-14",8.21
"3430","2020-08-17",8.26
"3431","2020-08-18",8.73
"3432","2020-08-19",8.57
"3433","2020-08-20",8.36
"3434","2020-08-21",8.22
"3435","2020-08-24",8.19
"3436","2020-08-25",8.27
"3437","2020-08-26",8.12
"3438","2020-08-27",8.19
"3439","2020-08-28",8.25
"3440","2020-08-31",8.22
"3441","2020-09-01",8.22
"3442","2020-09-02",8.37
"3443","2020-09-03",8.29
"3444","2020-09-04",8.23
"3445","2020-09-08",8.07
"3446","2020-09-09",7.91
"3447","2020-09-10",7.93
"3448","2020-09-11",7.79
"3449","2020-09-14",7.91
"3450","2020-09-15",7.99
"3451","2020-09-16",8.64
"3452","2020-09-17",9.01
"3453","2020-09-18",9
"3454","2020-09-21",8.83
"3455","2020-09-22",8.91
"3456","2020-09-23",8.87
"3457","2020-09-24",8.74
"3458","2020-09-25",8.86
"3459","2020-09-28",9.58
"3460","2020-09-29",9.91
"3461","2020-09-30",9.85
"3462","2020-10-01",9.91
"3463","2020-10-02",9.77
"3464","2020-10-05",10.04
"3465","2020-10-06",9.9
"3466","2020-10-07",9.45
"3467","2020-10-08",9.29
"3468","2020-10-09",9.59
"3469","2020-10-12",9.36
"3470","2020-10-13",9.16
"3471","2020-10-14",9.03
"3472","2020-10-15",9.05
"3473","2020-10-16",9.14
"3474","2020-10-19",9.1
"3475","2020-10-20",9.08
"3476","2020-10-21",8.94
"3477","2020-10-22",8.96
"3478","2020-10-23",9.06
"3479","2020-10-26",9.04
"3480","2020-10-27",9.52
"3481","2020-10-28",8.09
"3482","2020-10-29",7.94
"3483","2020-10-30",7.64
"3484","2020-11-02",7.6
"3485","2020-11-03",7.65
"3486","2020-11-04",7.4
"3487","2020-11-05",7.43
"3488","2020-11-06",7.4
"3489","2020-11-09",7.47
"3490","2020-11-10",7.51
"3491","2020-11-11",7.68
"3492","2020-11-12",7.67
"3493","2020-11-13",7.71
"3494","2020-11-16",7.91
"3495","2020-11-17",7.97
"3496","2020-11-18",7.69
"3497","2020-11-19",7.65
"3498","2020-11-20",7.4
"3499","2020-11-23",7.23
"3500","2020-11-24",7.44
"3501","2020-11-25",7.6
"3502","2020-11-27",7.89
