"","date","LL"
"1","2007-11-09",9.76
"2","2007-11-12",9.25
"3","2007-11-13",9.6
"4","2007-11-14",9
"5","2007-11-15",9.01
"6","2007-11-16",8.95
"7","2007-11-19",8.95
"8","2007-11-20",9.04
"9","2007-11-21",9.07
"10","2007-11-23",8.98
"11","2007-11-26",8.6
"12","2007-11-27",7.83
"13","2007-11-28",8.51
"14","2007-11-29",8.6
"15","2007-11-30",8.97
"16","2007-12-03",9.61
"17","2007-12-04",9.4
"18","2007-12-05",9.47
"19","2007-12-06",9.1
"20","2007-12-07",9.3
"21","2007-12-10",9.47
"22","2007-12-11",9.5
"23","2007-12-12",9.34
"24","2007-12-13",9.13
"25","2007-12-14",9.07
"26","2007-12-17",8.55
"27","2007-12-18",8.26
"28","2007-12-19",8.99
"29","2007-12-20",8.8
"30","2007-12-21",8.61
"31","2007-12-24",8.99
"32","2007-12-26",8.9
"33","2007-12-27",9.01
"34","2007-12-28",9.03
"35","2007-12-31",8.99
"36","2008-01-02",9.1
"37","2008-01-03",9.13
"38","2008-01-04",9.03
"39","2008-01-07",8.71
"40","2008-01-08",8.39
"41","2008-01-09",8.11
"42","2008-01-10",8.14
"43","2008-01-11",7.45
"44","2008-01-14",7.42
"45","2008-01-15",7.25
"46","2008-01-16",6.75
"47","2008-01-17",6.28
"48","2008-01-18",6.07
"49","2008-01-22",6.5
"50","2008-01-23",6.5
"51","2008-01-24",6.5
"52","2008-01-25",6.61
"53","2008-01-28",7.65
"54","2008-01-29",8.15
"55","2008-01-30",8.26
"56","2008-01-31",8.9
"57","2008-02-01",9.48
"58","2008-02-04",9.4
"59","2008-02-05",9.15
"60","2008-02-06",9.35
"61","2008-02-07",9.24
"62","2008-02-08",9.31
"63","2008-02-11",9.29
"64","2008-02-12",9.42
"65","2008-02-13",9.31
"66","2008-02-14",9.39
"67","2008-02-15",9.58
"68","2008-02-19",9.33
"69","2008-02-20",9.59
"70","2008-02-21",9.55
"71","2008-02-22",9.39
"72","2008-02-25",10.15
"73","2008-02-26",9.99
"74","2008-02-27",9.53
"75","2008-02-28",9
"76","2008-02-29",9.15
"77","2008-03-03",8.81
"78","2008-03-04",8.44
"79","2008-03-05",8.49
"80","2008-03-06",8.28
"81","2008-03-07",8.09
"82","2008-03-10",7.76
"83","2008-03-11",7.63
"84","2008-03-12",8.69
"85","2008-03-13",9.05
"86","2008-03-14",9.32
"87","2008-03-17",9.36
"88","2008-03-18",9.75
"89","2008-03-19",9.65
"90","2008-03-20",10.08
"91","2008-03-24",10.48
"92","2008-03-25",10.98
"93","2008-03-26",11.03
"94","2008-03-27",10.85
"95","2008-03-28",10.69
"96","2008-03-31",10.6
"97","2008-04-01",10.67
"98","2008-04-02",10.68
"99","2008-04-03",10.84
"100","2008-04-04",11.34
"101","2008-04-07",11.1
"102","2008-04-08",11.3
"103","2008-04-09",11.18
"104","2008-04-10",11.92
"105","2008-04-11",12.32
"106","2008-04-14",12.04
"107","2008-04-15",11.91
"108","2008-04-16",11.77
"109","2008-04-17",12.02
"110","2008-04-18",12.26
"111","2008-04-21",13.05
"112","2008-04-22",13.02
"113","2008-04-23",12.94
"114","2008-04-24",13.23
"115","2008-04-25",13.21
"116","2008-04-28",13.4
"117","2008-04-29",13.19
"118","2008-04-30",12.54
"119","2008-05-01",12.06
"120","2008-05-02",12.25
"121","2008-05-05",12.59
"122","2008-05-06",13.35
"123","2008-05-07",13.48
"124","2008-05-08",13.66
"125","2008-05-09",14.44
"126","2008-05-12",14.94
"127","2008-05-13",15.81
"128","2008-05-14",15.84
"129","2008-05-15",16.549999
"130","2008-05-16",16.48
"131","2008-05-19",16.27
"132","2008-05-20",16.24
"133","2008-05-21",15.6
"134","2008-05-22",15.74
"135","2008-05-23",15.07
"136","2008-05-27",15.16
"137","2008-05-28",16.42
"138","2008-05-29",16.129999
"139","2008-05-30",15.88
"140","2008-06-02",15.39
"141","2008-06-03",14.51
"142","2008-06-04",14.21
"143","2008-06-05",14.7
"144","2008-06-06",15.09
"145","2008-06-09",13.74
"146","2008-06-10",12.99
"147","2008-06-11",12.93
"148","2008-06-12",13.35
"149","2008-06-13",14.42
"150","2008-06-16",15.11
"151","2008-06-17",15.49
"152","2008-06-18",14.77
"153","2008-06-19",14.86
"154","2008-06-20",14.96
"155","2008-06-23",14.07
"156","2008-06-24",13.72
"157","2008-06-25",14.47
"158","2008-06-26",14.05
"159","2008-06-27",13.98
"160","2008-06-30",13
"161","2008-07-01",13.61
"162","2008-07-02",13.54
"163","2008-07-03",12.99
"164","2008-07-07",12.72
"165","2008-07-08",14.04
"166","2008-07-09",13.17
"167","2008-07-10",13.15
"168","2008-07-11",13.12
"169","2008-07-14",13.04
"170","2008-07-15",13.21
"171","2008-07-16",13.57
"172","2008-07-17",14.4
"173","2008-07-18",14.1
"174","2008-07-21",13.9
"175","2008-07-22",14.5
"176","2008-07-23",14.69
"177","2008-07-24",14.2
"178","2008-07-25",14.48
"179","2008-07-28",14.4
"180","2008-07-29",14.87
"181","2008-07-30",15.02
"182","2008-07-31",14.98
"183","2008-08-01",15.06
"184","2008-08-04",14.23
"185","2008-08-05",14.25
"186","2008-08-06",14.34
"187","2008-08-07",13.39
"188","2008-08-08",13.76
"189","2008-08-11",13.54
"190","2008-08-12",13.22
"191","2008-08-13",12.49
"192","2008-08-14",12.74
"193","2008-08-15",12.44
"194","2008-08-18",12.32
"195","2008-08-19",11.62
"196","2008-08-20",11.85
"197","2008-08-21",12
"198","2008-08-22",12.78
"199","2008-08-25",12.19
"200","2008-08-26",12.47
"201","2008-08-27",12.96
"202","2008-08-28",12.83
"203","2008-08-29",12.91
"204","2008-09-02",13.57
"205","2008-09-03",14.64
"206","2008-09-04",13.99
"207","2008-09-05",13.89
"208","2008-09-08",15.22
"209","2008-09-09",14.63
"210","2008-09-10",14.34
"211","2008-09-11",15.07
"212","2008-09-12",14.36
"213","2008-09-15",13.43
"214","2008-09-16",13.62
"215","2008-09-17",13.28
"216","2008-09-18",14.05
"217","2008-09-19",14.6
"218","2008-09-22",13.5
"219","2008-09-23",13.96
"220","2008-09-24",13.33
"221","2008-09-25",13.67
"222","2008-09-26",13.16
"223","2008-09-29",12.74
"224","2008-09-30",12.56
"225","2008-10-01",11.96
"226","2008-10-02",11.64
"227","2008-10-03",11.05
"228","2008-10-06",10.4
"229","2008-10-07",10.13
"230","2008-10-08",10.28
"231","2008-10-09",9.7
"232","2008-10-10",9.69
"233","2008-10-13",11
"234","2008-10-14",10.31
"235","2008-10-15",9.36
"236","2008-10-16",9.76
"237","2008-10-17",9.77
"238","2008-10-20",10.03
"239","2008-10-21",9.99
"240","2008-10-22",9.66
"241","2008-10-23",9.33
"242","2008-10-24",9.25
"243","2008-10-27",8.71
"244","2008-10-28",8.97
"245","2008-10-29",8.77
"246","2008-10-30",8.93
"247","2008-10-31",8.33
"248","2008-11-03",8.3
"249","2008-11-04",8.1
"250","2008-11-05",8.3
"251","2008-11-06",9.86
"252","2008-11-07",10.4
"253","2008-11-10",9.79
"254","2008-11-11",10.87
"255","2008-11-12",9.81
"256","2008-11-13",10.4
"257","2008-11-14",9.65
"258","2008-11-17",8.99
"259","2008-11-18",9.19
"260","2008-11-19",8.81
"261","2008-11-20",8.03
"262","2008-11-21",8.25
"263","2008-11-24",8.15
"264","2008-11-25",8.03
"265","2008-11-26",9.45
"266","2008-11-28",9.48
"267","2008-12-01",8.97
"268","2008-12-02",9.78
"269","2008-12-03",9.83
"270","2008-12-04",9.92
"271","2008-12-05",11.17
"272","2008-12-08",11.1
"273","2008-12-09",10.27
"274","2008-12-10",10.78
"275","2008-12-11",9.12
"276","2008-12-12",9.3
"277","2008-12-15",9.39
"278","2008-12-16",10.52
"279","2008-12-17",10.8
"280","2008-12-18",10.52
"281","2008-12-19",10.53
"282","2008-12-22",9.91
"283","2008-12-23",9.01
"284","2008-12-24",9.52
"285","2008-12-26",10.36
"286","2008-12-29",10.11
"287","2008-12-30",10.91
"288","2008-12-31",10.56
"289","2009-01-02",10.6
"290","2009-01-05",9.92
"291","2009-01-06",10.78
"292","2009-01-07",10.35
"293","2009-01-08",9.94
"294","2009-01-09",10.11
"295","2009-01-12",9.4
"296","2009-01-13",9.41
"297","2009-01-14",9.07
"298","2009-01-15",10.03
"299","2009-01-16",10.21
"300","2009-01-20",9.66
"301","2009-01-21",9.87
"302","2009-01-22",9.64
"303","2009-01-23",9.45
"304","2009-01-26",9.37
"305","2009-01-27",9.66
"306","2009-01-28",9.97
"307","2009-01-29",9.45
"308","2009-01-30",8.87
"309","2009-02-02",9.65
"310","2009-02-03",9.69
"311","2009-02-04",9.35
"312","2009-02-05",9.95
"313","2009-02-06",10.22
"314","2009-02-09",10.04
"315","2009-02-10",10
"316","2009-02-11",10
"317","2009-02-12",10.47
"318","2009-02-13",10.38
"319","2009-02-17",9.78
"320","2009-02-18",9.19
"321","2009-02-19",9.58
"322","2009-02-20",9.12
"323","2009-02-23",8.46
"324","2009-02-24",8.93
"325","2009-02-25",8.97
"326","2009-02-26",9.35
"327","2009-02-27",9.58
"328","2009-03-02",9.3
"329","2009-03-03",8.35
"330","2009-03-04",8.2
"331","2009-03-05",7.88
"332","2009-03-06",7.71
"333","2009-03-09",7.03
"334","2009-03-10",7.43
"335","2009-03-11",8.55
"336","2009-03-12",10.69
"337","2009-03-13",10.17
"338","2009-03-16",10.04
"339","2009-03-17",10.74
"340","2009-03-18",11.01
"341","2009-03-19",10.97
"342","2009-03-20",10.41
"343","2009-03-23",10.61
"344","2009-03-24",10.75
"345","2009-03-25",11.61
"346","2009-03-26",12.04
"347","2009-03-27",12.78
"348","2009-03-30",12.03
"349","2009-03-31",12.75
"350","2009-04-01",12.74
"351","2009-04-02",13.43
"352","2009-04-03",13.57
"353","2009-04-06",12.96
"354","2009-04-07",11.92
"355","2009-04-08",12.95
"356","2009-04-09",13.97
"357","2009-04-13",13.31
"358","2009-04-14",13.31
"359","2009-04-15",13.5
"360","2009-04-16",14.01
"361","2009-04-17",14.6
"362","2009-04-20",13.44
"363","2009-04-21",14.41
"364","2009-04-22",14.67
"365","2009-04-23",14.51
"366","2009-04-24",15.35
"367","2009-04-27",14.76
"368","2009-04-28",14.94
"369","2009-04-29",15.97
"370","2009-04-30",14.96
"371","2009-05-01",15
"372","2009-05-04",16.059999
"373","2009-05-05",16.34
"374","2009-05-06",15.16
"375","2009-05-07",15.3
"376","2009-05-08",14.77
"377","2009-05-11",13.51
"378","2009-05-12",13.02
"379","2009-05-13",12.48
"380","2009-05-14",13.18
"381","2009-05-15",13.01
"382","2009-05-18",13.79
"383","2009-05-19",14.36
"384","2009-05-20",14.37
"385","2009-05-21",14.07
"386","2009-05-22",14.1
"387","2009-05-26",15
"388","2009-05-27",14.92
"389","2009-05-28",15
"390","2009-05-29",15.15
"391","2009-06-01",15.87
"392","2009-06-02",15.95
"393","2009-06-03",15.44
"394","2009-06-04",15.15
"395","2009-06-05",15.06
"396","2009-06-08",15.06
"397","2009-06-09",15.53
"398","2009-06-10",15.79
"399","2009-06-11",15.38
"400","2009-06-12",15.4
"401","2009-06-15",15.12
"402","2009-06-16",14.12
"403","2009-06-17",14.27
"404","2009-06-18",14.09
"405","2009-06-19",14.25
"406","2009-06-22",14
"407","2009-06-23",14.12
"408","2009-06-24",14.88
"409","2009-06-25",15.42
"410","2009-06-26",16.52
"411","2009-06-29",15.81
"412","2009-06-30",15.76
"413","2009-07-01",15.89
"414","2009-07-02",15.4
"415","2009-07-06",15.4
"416","2009-07-07",15.2
"417","2009-07-08",15.48
"418","2009-07-09",15.78
"419","2009-07-10",16.32
"420","2009-07-13",16.889999
"421","2009-07-14",17.030001
"422","2009-07-15",17.23
"423","2009-07-16",16.860001
"424","2009-07-17",16.49
"425","2009-07-20",16.52
"426","2009-07-21",16.309999
"427","2009-07-22",16.82
"428","2009-07-23",17.67
"429","2009-07-24",17
"430","2009-07-27",16.9
"431","2009-07-28",16.75
"432","2009-07-29",16.440001
"433","2009-07-30",16.459999
"434","2009-07-31",16.42
"435","2009-08-03",16.959999
"436","2009-08-04",17.18
"437","2009-08-05",20.1
"438","2009-08-06",19.719999
"439","2009-08-07",20.66
"440","2009-08-10",20.469999
"441","2009-08-11",20.379999
"442","2009-08-12",20.68
"443","2009-08-13",20.77
"444","2009-08-14",20.200001
"445","2009-08-17",19.92
"446","2009-08-18",20.309999
"447","2009-08-19",20.76
"448","2009-08-20",20.57
"449","2009-08-21",21.27
"450","2009-08-24",22.049999
"451","2009-08-25",21.91
"452","2009-08-26",22.07
"453","2009-08-27",22.379999
"454","2009-08-28",22.15
"455","2009-08-31",22
"456","2009-09-01",20.59
"457","2009-09-02",20.6
"458","2009-09-03",20.33
"459","2009-09-04",20.51
"460","2009-09-08",20.620001
"461","2009-09-09",21.5
"462","2009-09-10",22.07
"463","2009-09-11",22.299999
"464","2009-09-14",22.42
"465","2009-09-15",22.030001
"466","2009-09-16",22.5
"467","2009-09-17",22.280001
"468","2009-09-18",21.780001
"469","2009-09-21",21.17
"470","2009-09-22",21.549999
"471","2009-09-23",21.299999
"472","2009-09-24",20.51
"473","2009-09-25",20.450001
"474","2009-09-28",21
"475","2009-09-29",21.299999
"476","2009-09-30",21.690001
"477","2009-10-01",21.5
"478","2009-10-02",21.110001
"479","2009-10-05",21.66
"480","2009-10-06",23.01
"481","2009-10-07",23.870001
"482","2009-10-08",23.469999
"483","2009-10-09",23.059999
"484","2009-10-12",22.5
"485","2009-10-13",22.58
"486","2009-10-14",22.219999
"487","2009-10-15",22.01
"488","2009-10-16",22.5
"489","2009-10-19",23.379999
"490","2009-10-20",23.6
"491","2009-10-21",23.26
"492","2009-10-22",23.030001
"493","2009-10-23",22.639999
"494","2009-10-26",22.18
"495","2009-10-27",21.530001
"496","2009-10-28",20.440001
"497","2009-10-29",20.809999
"498","2009-10-30",21.25
"499","2009-11-02",21.700001
"500","2009-11-03",22.799999
"501","2009-11-04",22.889999
"502","2009-11-05",24.01
"503","2009-11-06",24.950001
"504","2009-11-09",24.98
"505","2009-11-10",24.440001
"506","2009-11-11",24.540001
"507","2009-11-12",24.809999
"508","2009-11-13",25
"509","2009-11-16",24.709999
"510","2009-11-17",24.91
"511","2009-11-18",25.059999
"512","2009-11-19",24.43
"513","2009-11-20",24.620001
"514","2009-11-23",25
"515","2009-11-24",24.17
"516","2009-11-25",24.57
"517","2009-11-27",24.040001
"518","2009-11-30",23.620001
"519","2009-12-01",24.68
"520","2009-12-02",25.77
"521","2009-12-03",26.309999
"522","2009-12-04",26.35
"523","2009-12-07",26.1
"524","2009-12-08",25.82
"525","2009-12-09",25.450001
"526","2009-12-10",26
"527","2009-12-11",26.389999
"528","2009-12-14",27.540001
"529","2009-12-15",27.440001
"530","2009-12-16",28.190001
"531","2009-12-17",27.639999
"532","2009-12-18",27.040001
"533","2009-12-21",27.25
"534","2009-12-22",27.18
"535","2009-12-23",28.25
"536","2009-12-24",28.4
"537","2009-12-28",28.42
"538","2009-12-29",28.190001
"539","2009-12-30",27.200001
"540","2009-12-31",26.799999
"541","2010-01-04",26.18
"542","2010-01-05",26.1
"543","2010-01-06",26.24
"544","2010-01-07",26.85
"545","2010-01-08",27.639999
"546","2010-01-11",26.25
"547","2010-01-12",25.16
"548","2010-01-13",26.1
"549","2010-01-14",25.59
"550","2010-01-15",25.030001
"551","2010-01-19",25.02
"552","2010-01-20",25.07
"553","2010-01-21",24.690001
"554","2010-01-22",23.299999
"555","2010-01-25",22.940001
"556","2010-01-26",23.75
"557","2010-01-27",24.049999
"558","2010-01-28",23.65
"559","2010-01-29",23.68
"560","2010-02-01",24.049999
"561","2010-02-02",24.91
"562","2010-02-03",24.809999
"563","2010-02-04",23.450001
"564","2010-02-05",22.75
"565","2010-02-08",23.32
"566","2010-02-09",24.16
"567","2010-02-10",24.23
"568","2010-02-11",24.93
"569","2010-02-12",25.459999
"570","2010-02-16",25.809999
"571","2010-02-17",25.799999
"572","2010-02-18",22.57
"573","2010-02-19",22.780001
"574","2010-02-22",23.34
"575","2010-02-23",22.940001
"576","2010-02-24",22.51
"577","2010-02-25",22.51
"578","2010-02-26",22.18
"579","2010-03-01",22.860001
"580","2010-03-02",23.07
"581","2010-03-03",23.77
"582","2010-03-04",24.530001
"583","2010-03-05",24.889999
"584","2010-03-08",24.700001
"585","2010-03-09",23.99
"586","2010-03-10",23.799999
"587","2010-03-11",24.190001
"588","2010-03-12",24.16
"589","2010-03-15",24.370001
"590","2010-03-16",25.139999
"591","2010-03-17",25.76
"592","2010-03-18",25.59
"593","2010-03-19",24.92
"594","2010-03-22",26.299999
"595","2010-03-23",26.75
"596","2010-03-24",26.42
"597","2010-03-25",26.700001
"598","2010-03-26",26.42
"599","2010-03-29",26.5
"600","2010-03-30",26.57
"601","2010-03-31",26.67
"602","2010-04-01",26.690001
"603","2010-04-05",27.440001
"604","2010-04-06",27.290001
"605","2010-04-07",26.809999
"606","2010-04-08",27.049999
"607","2010-04-09",27.879999
"608","2010-04-12",28.08
"609","2010-04-13",27.309999
"610","2010-04-14",28.809999
"611","2010-04-15",29.49
"612","2010-04-16",29.32
"613","2010-04-19",28.75
"614","2010-04-20",29.35
"615","2010-04-21",29.940001
"616","2010-04-22",30.629999
"617","2010-04-23",31.99
"618","2010-04-26",31.870001
"619","2010-04-27",30.6
"620","2010-04-28",30.74
"621","2010-04-29",31.23
"622","2010-04-30",30.459999
"623","2010-05-03",31.52
"624","2010-05-04",30.07
"625","2010-05-05",29.68
"626","2010-05-06",28.09
"627","2010-05-07",28.02
"628","2010-05-10",29.469999
"629","2010-05-11",30.139999
"630","2010-05-12",31.25
"631","2010-05-13",30.379999
"632","2010-05-14",29.73
"633","2010-05-17",29.799999
"634","2010-05-18",29.33
"635","2010-05-19",28.629999
"636","2010-05-20",26.9
"637","2010-05-21",28.34
"638","2010-05-24",28.17
"639","2010-05-25",27.92
"640","2010-05-26",28.690001
"641","2010-05-27",29.799999
"642","2010-05-28",29.51
"643","2010-06-01",28.66
"644","2010-06-02",29.25
"645","2010-06-03",30.07
"646","2010-06-04",27.82
"647","2010-06-07",27.83
"648","2010-06-08",27
"649","2010-06-09",26.35
"650","2010-06-10",27.25
"651","2010-06-11",27.42
"652","2010-06-14",27.629999
"653","2010-06-15",27.41
"654","2010-06-16",27.52
"655","2010-06-17",27.17
"656","2010-06-18",27.18
"657","2010-06-21",26.469999
"658","2010-06-22",25.75
"659","2010-06-23",25.450001
"660","2010-06-24",24.01
"661","2010-06-25",24.74
"662","2010-06-28",24.43
"663","2010-06-29",23.440001
"664","2010-06-30",23.33
"665","2010-07-01",23.129999
"666","2010-07-02",22.6
"667","2010-07-06",21.58
"668","2010-07-07",22.73
"669","2010-07-08",22.549999
"670","2010-07-09",23
"671","2010-07-12",22.870001
"672","2010-07-13",23.68
"673","2010-07-14",23.66
"674","2010-07-15",23.51
"675","2010-07-16",21.799999
"676","2010-07-19",21.75
"677","2010-07-20",21.809999
"678","2010-07-21",21.469999
"679","2010-07-22",22.85
"680","2010-07-23",23.24
"681","2010-07-26",24.1
"682","2010-07-27",23.799999
"683","2010-07-28",23.92
"684","2010-07-29",24.76
"685","2010-07-30",24.82
"686","2010-08-02",25.059999
"687","2010-08-03",24.59
"688","2010-08-04",23.33
"689","2010-08-05",23.690001
"690","2010-08-06",23.860001
"691","2010-08-09",23.41
"692","2010-08-10",22.870001
"693","2010-08-11",21.940001
"694","2010-08-12",21.559999
"695","2010-08-13",20.74
"696","2010-08-16",21.209999
"697","2010-08-17",21.559999
"698","2010-08-18",21.4
"699","2010-08-19",20.27
"700","2010-08-20",20.77
"701","2010-08-23",20.450001
"702","2010-08-24",19.68
"703","2010-08-25",20.09
"704","2010-08-26",19.99
"705","2010-08-27",20.700001
"706","2010-08-30",20.26
"707","2010-08-31",20.030001
"708","2010-09-01",21.450001
"709","2010-09-02",22.370001
"710","2010-09-03",23.27
"711","2010-09-07",22.639999
"712","2010-09-08",22.540001
"713","2010-09-09",22.48
"714","2010-09-10",22.65
"715","2010-09-13",22.879999
"716","2010-09-14",23.17
"717","2010-09-15",22.950001
"718","2010-09-16",22.959999
"719","2010-09-17",23.219999
"720","2010-09-20",24.02
"721","2010-09-21",24.08
"722","2010-09-22",24.01
"723","2010-09-23",23.059999
"724","2010-09-24",24.32
"725","2010-09-27",24.73
"726","2010-09-28",24.48
"727","2010-09-29",24.67
"728","2010-09-30",24.57
"729","2010-10-01",24.440001
"730","2010-10-04",24.27
"731","2010-10-05",24.790001
"732","2010-10-06",24.4
"733","2010-10-07",24.299999
"734","2010-10-08",24.799999
"735","2010-10-11",26.299999
"736","2010-10-12",26.889999
"737","2010-10-13",26.51
"738","2010-10-14",26.08
"739","2010-10-15",24.73
"740","2010-10-18",24.700001
"741","2010-10-19",24.059999
"742","2010-10-20",24.139999
"743","2010-10-21",24.110001
"744","2010-10-22",24.469999
"745","2010-10-25",24.66
"746","2010-10-26",24.469999
"747","2010-10-27",24.139999
"748","2010-10-28",23.92
"749","2010-10-29",24.08
"750","2010-11-01",23.360001
"751","2010-11-02",23.950001
"752","2010-11-03",24.889999
"753","2010-11-04",21.51
"754","2010-11-05",21.940001
"755","2010-11-08",21.780001
"756","2010-11-09",21.879999
"757","2010-11-10",22.120001
"758","2010-11-11",22.07
"759","2010-11-12",21.83
"760","2010-11-15",21.620001
"761","2010-11-16",21.190001
"762","2010-11-17",21.58
"763","2010-11-18",22.190001
"764","2010-11-19",21.91
"765","2010-11-22",22.27
"766","2010-11-23",22.559999
"767","2010-11-24",23.620001
"768","2010-11-26",23.42
"769","2010-11-29",23.219999
"770","2010-11-30",23.540001
"771","2010-12-01",24.190001
"772","2010-12-02",24.780001
"773","2010-12-03",25.08
"774","2010-12-06",25.879999
"775","2010-12-07",25.25
"776","2010-12-08",24.200001
"777","2010-12-09",23.99
"778","2010-12-10",23.52
"779","2010-12-13",23.030001
"780","2010-12-14",23.209999
"781","2010-12-15",23.85
"782","2010-12-16",24.17
"783","2010-12-17",24.370001
"784","2010-12-20",24.370001
"785","2010-12-21",24.75
"786","2010-12-22",24.379999
"787","2010-12-23",24.530001
"788","2010-12-27",24.4
"789","2010-12-28",24.440001
"790","2010-12-29",24.58
"791","2010-12-30",24.83
"792","2010-12-31",24.91
"793","2011-01-03",25.07
"794","2011-01-04",24.370001
"795","2011-01-05",26.01
"796","2011-01-06",25.620001
"797","2011-01-07",25.66
"798","2011-01-10",25.75
"799","2011-01-11",26.08
"800","2011-01-12",26.530001
"801","2011-01-13",26.379999
"802","2011-01-14",26.73
"803","2011-01-18",26.709999
"804","2011-01-19",25.790001
"805","2011-01-20",25.860001
"806","2011-01-21",26.110001
"807","2011-01-24",25.98
"808","2011-01-25",26.280001
"809","2011-01-26",27.290001
"810","2011-01-27",28.190001
"811","2011-01-28",27.67
"812","2011-01-31",27.940001
"813","2011-02-01",28.58
"814","2011-02-02",27.5
"815","2011-02-03",27.74
"816","2011-02-04",27.65
"817","2011-02-07",27.91
"818","2011-02-08",27.889999
"819","2011-02-09",28.01
"820","2011-02-10",27.75
"821","2011-02-11",28.32
"822","2011-02-14",28.280001
"823","2011-02-15",28.15
"824","2011-02-16",28.139999
"825","2011-02-17",28.73
"826","2011-02-18",28.66
"827","2011-02-22",27.34
"828","2011-02-23",24.440001
"829","2011-02-24",23.950001
"830","2011-02-25",23.77
"831","2011-02-28",23.280001
"832","2011-03-01",22.809999
"833","2011-03-02",22.969999
"834","2011-03-03",23.49
"835","2011-03-04",23.559999
"836","2011-03-07",22.76
"837","2011-03-08",23.49
"838","2011-03-09",23.43
"839","2011-03-10",23.42
"840","2011-03-11",23.389999
"841","2011-03-14",24.25
"842","2011-03-15",24.52
"843","2011-03-16",24.51
"844","2011-03-17",23.879999
"845","2011-03-18",23.629999
"846","2011-03-21",23.690001
"847","2011-03-22",23.790001
"848","2011-03-23",24.799999
"849","2011-03-24",24.540001
"850","2011-03-25",24.889999
"851","2011-03-28",24.780001
"852","2011-03-29",24.9
"853","2011-03-30",25
"854","2011-03-31",24.99
"855","2011-04-01",24.690001
"856","2011-04-04",24.379999
"857","2011-04-05",24.35
"858","2011-04-06",24.76
"859","2011-04-07",24.709999
"860","2011-04-08",24.280001
"861","2011-04-11",23.9
"862","2011-04-12",23.370001
"863","2011-04-13",23.17
"864","2011-04-14",22.4
"865","2011-04-15",23.93
"866","2011-04-18",23.799999
"867","2011-04-19",23.809999
"868","2011-04-20",24.030001
"869","2011-04-21",24.059999
"870","2011-04-25",23.76
"871","2011-04-26",23.83
"872","2011-04-27",24.469999
"873","2011-04-28",25.059999
"874","2011-04-29",25.950001
"875","2011-05-02",26.040001
"876","2011-05-03",25.690001
"877","2011-05-04",25.309999
"878","2011-05-05",25.379999
"879","2011-05-06",25.49
"880","2011-05-09",25.879999
"881","2011-05-10",26.209999
"882","2011-05-11",26.290001
"883","2011-05-12",26.43
"884","2011-05-13",26.27
"885","2011-05-16",25.52
"886","2011-05-17",25.57
"887","2011-05-18",26.16
"888","2011-05-19",26.120001
"889","2011-05-20",25.92
"890","2011-05-23",25.889999
"891","2011-05-24",25.629999
"892","2011-05-25",26.26
"893","2011-05-26",25.98
"894","2011-05-27",26.23
"895","2011-05-31",26.969999
"896","2011-06-01",26.299999
"897","2011-06-02",25.549999
"898","2011-06-03",24.73
"899","2011-06-06",24.049999
"900","2011-06-07",23.799999
"901","2011-06-08",23.32
"902","2011-06-09",23.309999
"903","2011-06-10",22.6
"904","2011-06-13",23.08
"905","2011-06-14",23.82
"906","2011-06-15",23.559999
"907","2011-06-16",23.459999
"908","2011-06-17",23.43
"909","2011-06-20",23.809999
"910","2011-06-21",24.49
"911","2011-06-22",24.379999
"912","2011-06-23",25.719999
"913","2011-06-24",25.75
"914","2011-06-27",25.85
"915","2011-06-28",25.85
"916","2011-06-29",25.620001
"917","2011-06-30",25.4
"918","2011-07-01",26.059999
"919","2011-07-05",25.77
"920","2011-07-06",25.639999
"921","2011-07-07",18.32
"922","2011-07-08",18.6
"923","2011-07-11",17.959999
"924","2011-07-12",17.799999
"925","2011-07-13",17.73
"926","2011-07-14",17.49
"927","2011-07-15",17.23
"928","2011-07-18",17.02
"929","2011-07-19",17.040001
"930","2011-07-20",16.75
"931","2011-07-21",17.1
"932","2011-07-22",16.92
"933","2011-07-25",17.08
"934","2011-07-26",16.360001
"935","2011-07-27",15.62
"936","2011-07-28",15.56
"937","2011-07-29",15.71
"938","2011-08-01",15.52
"939","2011-08-02",16.049999
"940","2011-08-03",16.040001
"941","2011-08-04",14.83
"942","2011-08-05",15.25
"943","2011-08-08",13.98
"944","2011-08-09",14.92
"945","2011-08-10",14.15
"946","2011-08-11",15.42
"947","2011-08-12",15.07
"948","2011-08-15",15.74
"949","2011-08-16",15.41
"950","2011-08-17",15.32
"951","2011-08-18",14.33
"952","2011-08-19",14.15
"953","2011-08-22",14.36
"954","2011-08-23",14.85
"955","2011-08-24",14.81
"956","2011-08-25",14.27
"957","2011-08-26",14.62
"958","2011-08-29",15.39
"959","2011-08-30",15.59
"960","2011-08-31",15.14
"961","2011-09-01",15.02
"962","2011-09-02",13.87
"963","2011-09-06",13.94
"964","2011-09-07",14.98
"965","2011-09-08",14.64
"966","2011-09-09",14.29
"967","2011-09-12",15.07
"968","2011-09-13",15.37
"969","2011-09-14",15.6
"970","2011-09-15",16.459999
"971","2011-09-16",16.6
"972","2011-09-19",15.96
"973","2011-09-20",15.95
"974","2011-09-21",15.43
"975","2011-09-22",14.95
"976","2011-09-23",15.49
"977","2011-09-26",16.290001
"978","2011-09-27",16.01
"979","2011-09-28",15.54
"980","2011-09-29",15.62
"981","2011-09-30",15.1
"982","2011-10-03",14.44
"983","2011-10-04",14.96
"984","2011-10-05",15.12
"985","2011-10-06",15.44
"986","2011-10-07",15.51
"987","2011-10-10",16.309999
"988","2011-10-11",16.799999
"989","2011-10-12",17
"990","2011-10-13",16.450001
"991","2011-10-14",16.67
"992","2011-10-17",16.379999
"993","2011-10-18",16.799999
"994","2011-10-19",16.690001
"995","2011-10-20",16.379999
"996","2011-10-21",16.85
"997","2011-10-24",17.139999
"998","2011-10-25",16.52
"999","2011-10-26",16.68
"1000","2011-10-27",15.61
"1001","2011-10-28",15.33
"1002","2011-10-31",14.97
"1003","2011-11-01",14.73
"1004","2011-11-02",15.35
"1005","2011-11-03",15.61
"1006","2011-11-04",16.02
"1007","2011-11-07",16.66
"1008","2011-11-08",17.51
"1009","2011-11-09",17.09
"1010","2011-11-10",17.09
"1011","2011-11-11",17.219999
"1012","2011-11-14",16.92
"1013","2011-11-15",16.98
"1014","2011-11-16",16.9
"1015","2011-11-17",16.75
"1016","2011-11-18",16.860001
"1017","2011-11-21",15.85
"1018","2011-11-22",15.45
"1019","2011-11-23",15.29
"1020","2011-11-25",15.26
"1021","2011-11-28",15.83
"1022","2011-11-29",15.96
"1023","2011-11-30",16.940001
"1024","2011-12-01",16.76
"1025","2011-12-02",17
"1026","2011-12-05",17.469999
"1027","2011-12-06",17.17
"1028","2011-12-07",17.34
"1029","2011-12-08",16.559999
"1030","2011-12-09",17.09
"1031","2011-12-12",17.030001
"1032","2011-12-13",16.43
"1033","2011-12-14",15.84
"1034","2011-12-15",16.07
"1035","2011-12-16",15.68
"1036","2011-12-19",15.61
"1037","2011-12-20",17.190001
"1038","2011-12-21",17.52
"1039","2011-12-22",17.639999
"1040","2011-12-23",17.67
"1041","2011-12-27",17.360001
"1042","2011-12-28",17.16
"1043","2011-12-29",17.799999
"1044","2011-12-30",17.66
"1045","2012-01-03",17.379999
"1046","2012-01-04",17.98
"1047","2012-01-05",18.209999
"1048","2012-01-06",18.540001
"1049","2012-01-09",18.67
"1050","2012-01-10",18.780001
"1051","2012-01-11",18.790001
"1052","2012-01-12",19.17
"1053","2012-01-13",18.870001
"1054","2012-01-17",19.940001
"1055","2012-01-18",20.57
"1056","2012-01-19",20.309999
"1057","2012-01-20",20.42
"1058","2012-01-23",20.51
"1059","2012-01-24",21.360001
"1060","2012-01-25",21.84
"1061","2012-01-26",21.870001
"1062","2012-01-27",21.879999
"1063","2012-01-30",21.700001
"1064","2012-01-31",21.360001
"1065","2012-02-01",21.9
"1066","2012-02-02",22.139999
"1067","2012-02-03",22.379999
"1068","2012-02-06",22.440001
"1069","2012-02-07",22.549999
"1070","2012-02-08",22.200001
"1071","2012-02-09",22.5
"1072","2012-02-10",22.1
"1073","2012-02-13",22.15
"1074","2012-02-14",21.16
"1075","2012-02-15",20.879999
"1076","2012-02-16",21.459999
"1077","2012-02-17",21.700001
"1078","2012-02-21",21.530001
"1079","2012-02-22",19.17
"1080","2012-02-23",20.559999
"1081","2012-02-24",21.07
"1082","2012-02-27",21.4
"1083","2012-02-28",21.889999
"1084","2012-02-29",21.889999
"1085","2012-03-01",22.16
"1086","2012-03-02",21.84
"1087","2012-03-05",22.299999
"1088","2012-03-06",21.92
"1089","2012-03-07",23.059999
"1090","2012-03-08",23.459999
"1091","2012-03-09",24.01
"1092","2012-03-12",24.040001
"1093","2012-03-13",24.33
"1094","2012-03-14",23.969999
"1095","2012-03-15",24.41
"1096","2012-03-16",23.959999
"1097","2012-03-19",24.33
"1098","2012-03-20",24.43
"1099","2012-03-21",24.200001
"1100","2012-03-22",24.35
"1101","2012-03-23",24.299999
"1102","2012-03-26",25
"1103","2012-03-27",25.16
"1104","2012-03-28",25.17
"1105","2012-03-29",25.1
"1106","2012-03-30",25.110001
"1107","2012-04-02",24.84
"1108","2012-04-03",24.940001
"1109","2012-04-04",24.74
"1110","2012-04-05",25.01
"1111","2012-04-09",24.73
"1112","2012-04-10",23.620001
"1113","2012-04-11",24
"1114","2012-04-12",24.18
"1115","2012-04-13",24.07
"1116","2012-04-16",23.950001
"1117","2012-04-17",25.639999
"1118","2012-04-18",25.549999
"1119","2012-04-19",25.110001
"1120","2012-04-20",23.93
"1121","2012-04-23",23.58
"1122","2012-04-24",23.469999
"1123","2012-04-25",25.030001
"1124","2012-04-26",27.48
"1125","2012-04-27",28.799999
"1126","2012-04-30",28.93
"1127","2012-05-01",29.17
"1128","2012-05-02",29.200001
"1129","2012-05-03",28.33
"1130","2012-05-04",28.030001
"1131","2012-05-07",28.129999
"1132","2012-05-08",28.16
"1133","2012-05-09",28.540001
"1134","2012-05-10",28.75
"1135","2012-05-11",28.91
"1136","2012-05-14",27.879999
"1137","2012-05-15",28.610001
"1138","2012-05-16",29.549999
"1139","2012-05-17",28.16
"1140","2012-05-18",28.040001
"1141","2012-05-21",28.27
"1142","2012-05-22",28.6
"1143","2012-05-23",28.98
"1144","2012-05-24",29.48
"1145","2012-05-25",29.84
"1146","2012-05-29",29.98
"1147","2012-05-30",29.4
"1148","2012-05-31",29.09
"1149","2012-06-01",27.58
"1150","2012-06-04",27.809999
"1151","2012-06-05",28.139999
"1152","2012-06-06",29.129999
"1153","2012-06-07",29.469999
"1154","2012-06-08",30.26
"1155","2012-06-11",29.530001
"1156","2012-06-12",30.51
"1157","2012-06-13",29.82
"1158","2012-06-14",30.42
"1159","2012-06-15",30.42
"1160","2012-06-18",31.620001
"1161","2012-06-19",33.099998
"1162","2012-06-20",33.330002
"1163","2012-06-21",31.24
"1164","2012-06-22",31.15
"1165","2012-06-25",31.17
"1166","2012-06-26",32.130001
"1167","2012-06-27",32.82
"1168","2012-06-28",32.349998
"1169","2012-06-29",33.790001
"1170","2012-07-02",34.419998
"1171","2012-07-03",32.860001
"1172","2012-07-05",32.869999
"1173","2012-07-06",32.490002
"1174","2012-07-09",32.580002
"1175","2012-07-10",32.799999
"1176","2012-07-11",32.540001
"1177","2012-07-12",33.200001
"1178","2012-07-13",33.740002
"1179","2012-07-16",33.950001
"1180","2012-07-17",33.459999
"1181","2012-07-18",33.700001
"1182","2012-07-19",34.099998
"1183","2012-07-20",34.110001
"1184","2012-07-23",33.639999
"1185","2012-07-24",32.580002
"1186","2012-07-25",41.310001
"1187","2012-07-26",42.549999
"1188","2012-07-27",44.09
"1189","2012-07-30",43.490002
"1190","2012-07-31",42.290001
"1191","2012-08-01",41.939999
"1192","2012-08-02",42.130001
"1193","2012-08-03",42.27
"1194","2012-08-06",42.040001
"1195","2012-08-07",43.130001
"1196","2012-08-08",43.040001
"1197","2012-08-09",44.34
"1198","2012-08-10",43.810001
"1199","2012-08-13",43.830002
"1200","2012-08-14",43.75
"1201","2012-08-15",44.82
"1202","2012-08-16",45.580002
"1203","2012-08-17",47.060001
"1204","2012-08-20",46.099998
"1205","2012-08-21",45.509998
"1206","2012-08-22",44.84
"1207","2012-08-23",44.509998
"1208","2012-08-24",45.799999
"1209","2012-08-27",46.529999
"1210","2012-08-28",46.41
"1211","2012-08-29",47.259998
"1212","2012-08-30",46.91
"1213","2012-08-31",46.66
"1214","2012-09-04",48.73
"1215","2012-09-05",48.810001
"1216","2012-09-06",49.169998
"1217","2012-09-07",49.09
"1218","2012-09-10",48.860001
"1219","2012-09-11",48.130001
"1220","2012-09-12",49.599998
"1221","2012-09-13",50.740002
"1222","2012-09-14",53.73
"1223","2012-09-17",52.709999
"1224","2012-09-18",50.75
"1225","2012-09-19",51.639999
"1226","2012-09-20",51.849998
"1227","2012-09-21",52.98
"1228","2012-09-24",51.84
"1229","2012-09-25",50.880001
"1230","2012-09-26",50.450001
"1231","2012-09-27",50.540001
"1232","2012-09-28",50.68
"1233","2012-10-01",51.200001
"1234","2012-10-02",48.509998
"1235","2012-10-03",49.799999
"1236","2012-10-04",50.740002
"1237","2012-10-05",50.720001
"1238","2012-10-08",51.48
"1239","2012-10-09",49.470001
"1240","2012-10-10",49.139999
"1241","2012-10-11",48.759998
"1242","2012-10-12",48.139999
"1243","2012-10-15",50.099998
"1244","2012-10-16",51.310001
"1245","2012-10-17",51.630001
"1246","2012-10-18",51.279999
"1247","2012-10-19",50.830002
"1248","2012-10-22",50.43
"1249","2012-10-23",50.139999
"1250","2012-10-24",55.810001
"1251","2012-10-25",53.75
"1252","2012-10-26",53.169998
"1253","2012-10-31",55.82
"1254","2012-11-01",57.59
"1255","2012-11-02",56.09
"1256","2012-11-05",56.540001
"1257","2012-11-06",57.470001
"1258","2012-11-07",58.040001
"1259","2012-11-08",56.110001
"1260","2012-11-09",55.209999
"1261","2012-11-12",55.119999
"1262","2012-11-13",53.900002
"1263","2012-11-14",53
"1264","2012-11-15",50.950001
"1265","2012-11-16",53.689999
"1266","2012-11-19",54.34
"1267","2012-11-20",54.57
"1268","2012-11-21",54.650002
"1269","2012-11-23",54.77
"1270","2012-11-26",54.32
"1271","2012-11-27",54.139999
"1272","2012-11-28",53.360001
"1273","2012-11-29",53.860001
"1274","2012-11-30",53.68
"1275","2012-12-03",53.16
"1276","2012-12-04",52.599998
"1277","2012-12-05",51.529999
"1278","2012-12-06",51.799999
"1279","2012-12-07",51.110001
"1280","2012-12-10",50.310001
"1281","2012-12-11",49
"1282","2012-12-12",49.41
"1283","2012-12-13",49.560001
"1284","2012-12-14",48.950001
"1285","2012-12-17",51.080002
"1286","2012-12-18",51.68
"1287","2012-12-19",51.009998
"1288","2012-12-20",51.669998
"1289","2012-12-21",51.459999
"1290","2012-12-24",51.310001
"1291","2012-12-26",51.330002
"1292","2012-12-27",50.779999
"1293","2012-12-28",51.57
"1294","2012-12-31",52.830002
"1295","2013-01-02",53.549999
"1296","2013-01-03",53
"1297","2013-01-04",53.490002
"1298","2013-01-07",53.049999
"1299","2013-01-08",54.759998
"1300","2013-01-09",55.169998
"1301","2013-01-10",56.27
"1302","2013-01-11",56.82
"1303","2013-01-14",55.330002
"1304","2013-01-15",55.200001
"1305","2013-01-16",54.400002
"1306","2013-01-17",56.439999
"1307","2013-01-18",56.080002
"1308","2013-01-22",56.369999
"1309","2013-01-23",56.259998
"1310","2013-01-24",57.48
"1311","2013-01-25",58.599998
"1312","2013-01-28",58.240002
"1313","2013-01-29",58.59
"1314","2013-01-30",59.709999
"1315","2013-01-31",59.18
"1316","2013-02-01",58.939999
"1317","2013-02-04",57.349998
"1318","2013-02-05",59.470001
"1319","2013-02-06",58.860001
"1320","2013-02-07",59.939999
"1321","2013-02-08",60.540001
"1322","2013-02-11",61.119999
"1323","2013-02-12",62.25
"1324","2013-02-13",62.939999
"1325","2013-02-14",63.959999
"1326","2013-02-15",62.189999
"1327","2013-02-19",62.43
"1328","2013-02-20",62.560001
"1329","2013-02-21",58.84
"1330","2013-02-22",58.669998
"1331","2013-02-25",54.75
"1332","2013-02-26",57.75
"1333","2013-02-27",59.240002
"1334","2013-02-28",59.189999
"1335","2013-03-01",60.700001
"1336","2013-03-04",63.380001
"1337","2013-03-05",63.98
"1338","2013-03-06",64.620003
"1339","2013-03-07",64.449997
"1340","2013-03-08",66.529999
"1341","2013-03-11",67.25
"1342","2013-03-12",67.279999
"1343","2013-03-13",67.279999
"1344","2013-03-14",67.559998
"1345","2013-03-15",66.849998
"1346","2013-03-18",66.550003
"1347","2013-03-19",66.459999
"1348","2013-03-20",68.019997
"1349","2013-03-21",66.169998
"1350","2013-03-22",66.949997
"1351","2013-03-25",68.970001
"1352","2013-03-26",69.779999
"1353","2013-03-27",69.470001
"1354","2013-03-28",70.220001
"1355","2013-04-01",68.629997
"1356","2013-04-02",69.419998
"1357","2013-04-03",66.739998
"1358","2013-04-04",67.739998
"1359","2013-04-05",68.050003
"1360","2013-04-08",69.050003
"1361","2013-04-09",68.099998
"1362","2013-04-10",69.059998
"1363","2013-04-11",68.970001
"1364","2013-04-12",68.239998
"1365","2013-04-15",65.010002
"1366","2013-04-16",66.870003
"1367","2013-04-17",66.470001
"1368","2013-04-18",65.860001
"1369","2013-04-19",67.370003
"1370","2013-04-22",69.150002
"1371","2013-04-23",70.489998
"1372","2013-04-24",78.68
"1373","2013-04-25",81.370003
"1374","2013-04-26",82.629997
"1375","2013-04-29",82.269997
"1376","2013-04-30",81.959999
"1377","2013-05-01",79.690002
"1378","2013-05-02",80.489998
"1379","2013-05-03",81.900002
"1380","2013-05-06",83.900002
"1381","2013-05-07",84.199997
"1382","2013-05-08",84.550003
"1383","2013-05-09",85.220001
"1384","2013-05-10",88.980003
"1385","2013-05-13",89.279999
"1386","2013-05-14",89.790001
"1387","2013-05-15",89.110001
"1388","2013-05-16",87.5
"1389","2013-05-17",89.910004
"1390","2013-05-20",88.669998
"1391","2013-05-21",89.050003
"1392","2013-05-22",88.010002
"1393","2013-05-23",86.029999
"1394","2013-05-24",87.400002
"1395","2013-05-28",86.739998
"1396","2013-05-29",83.870003
"1397","2013-05-30",82.309998
"1398","2013-05-31",82.110001
"1399","2013-06-03",80.959999
"1400","2013-06-04",78.510002
"1401","2013-06-05",77.050003
"1402","2013-06-06",81.809998
"1403","2013-06-07",83.400002
"1404","2013-06-10",83.370003
"1405","2013-06-11",82.110001
"1406","2013-06-12",81.940002
"1407","2013-06-13",85.279999
"1408","2013-06-14",85.779999
"1409","2013-06-17",87.379997
"1410","2013-06-18",88.400002
"1411","2013-06-19",86.029999
"1412","2013-06-20",82.160004
"1413","2013-06-21",76.629997
"1414","2013-06-24",76.330002
"1415","2013-06-25",77.489998
"1416","2013-06-26",78.190002
"1417","2013-06-27",80.129997
"1418","2013-06-28",77.870003
"1419","2013-07-01",79.129997
"1420","2013-07-02",78.510002
"1421","2013-07-03",80.379997
"1422","2013-07-05",81.5
"1423","2013-07-08",82.540001
"1424","2013-07-09",85.139999
"1425","2013-07-10",83.760002
"1426","2013-07-11",84.82
"1427","2013-07-12",86.650002
"1428","2013-07-15",86.300003
"1429","2013-07-16",85.269997
"1430","2013-07-17",85.870003
"1431","2013-07-18",87.050003
"1432","2013-07-19",88.110001
"1433","2013-07-22",87.300003
"1434","2013-07-23",86.610001
"1435","2013-07-24",92.610001
"1436","2013-07-25",92.580002
"1437","2013-07-26",93.540001
"1438","2013-07-29",93.68
"1439","2013-07-30",95.410004
"1440","2013-07-31",96.82
"1441","2013-08-01",95.080002
"1442","2013-08-02",96.449997
"1443","2013-08-05",96.360001
"1444","2013-08-06",94.800003
"1445","2013-08-07",92.889999
"1446","2013-08-08",93.290001
"1447","2013-08-09",93.690002
"1448","2013-08-12",95.849998
"1449","2013-08-13",97.029999
"1450","2013-08-14",97.43
"1451","2013-08-15",94.660004
"1452","2013-08-16",95.879997
"1453","2013-08-19",96.150002
"1454","2013-08-20",99.5
"1455","2013-08-21",99.800003
"1456","2013-08-22",102.68
"1457","2013-08-23",99.529999
"1458","2013-08-26",100.019997
"1459","2013-08-27",97.010002
"1460","2013-08-28",99.110001
"1461","2013-08-29",101.550003
"1462","2013-08-30",99.419998
"1463","2013-09-03",99.010002
"1464","2013-09-04",99.559998
"1465","2013-09-05",99.529999
"1466","2013-09-06",99.610001
"1467","2013-09-09",103.029999
"1468","2013-09-10",107.459999
"1469","2013-09-11",108.800003
"1470","2013-09-12",107.449997
"1471","2013-09-13",107.43
"1472","2013-09-16",108.620003
"1473","2013-09-17",110.230003
"1474","2013-09-18",112.809998
"1475","2013-09-19",113.129997
"1476","2013-09-20",113.110001
"1477","2013-09-23",111.779999
"1478","2013-09-24",110.82
"1479","2013-09-25",110.800003
"1480","2013-09-26",112.959999
"1481","2013-09-27",107.129997
"1482","2013-09-30",106.650002
"1483","2013-10-01",108.690002
"1484","2013-10-02",106.239998
"1485","2013-10-03",105.550003
"1486","2013-10-04",107.050003
"1487","2013-10-07",104.68
"1488","2013-10-08",102.5
"1489","2013-10-09",102.529999
"1490","2013-10-10",107.370003
"1491","2013-10-11",108.669998
"1492","2013-10-14",109.410004
"1493","2013-10-15",106.459999
"1494","2013-10-16",107.43
"1495","2013-10-17",107.089996
"1496","2013-10-18",106.669998
"1497","2013-10-21",107.760002
"1498","2013-10-22",108.82
"1499","2013-10-23",113.989998
"1500","2013-10-24",115.68
"1501","2013-10-25",114.040001
"1502","2013-10-28",113.599998
"1503","2013-10-29",117.040001
"1504","2013-10-30",115.279999
"1505","2013-10-31",114.190002
"1506","2013-11-01",111.980003
"1507","2013-11-04",116.139999
"1508","2013-11-05",115.989998
"1509","2013-11-06",114.309998
"1510","2013-11-07",109.82
"1511","2013-11-08",113.330002
"1512","2013-11-11",114.68
"1513","2013-11-12",115.300003
"1514","2013-11-13",116.900002
"1515","2013-11-14",115.599998
"1516","2013-11-15",119.440002
"1517","2013-11-18",116.419998
"1518","2013-11-19",113.580002
"1519","2013-11-20",115.040001
"1520","2013-11-21",115.360001
"1521","2013-11-22",101.809998
"1522","2013-11-25",102.970001
"1523","2013-11-26",103.68
"1524","2013-11-27",101.169998
"1525","2013-11-29",100.690002
"1526","2013-12-02",96.18
"1527","2013-12-03",96.879997
"1528","2013-12-04",96.410004
"1529","2013-12-05",97.559998
"1530","2013-12-06",104.199997
"1531","2013-12-09",103.800003
"1532","2013-12-10",89.620003
"1533","2013-12-11",90.910004
"1534","2013-12-12",90.230003
"1535","2013-12-13",89.489998
"1536","2013-12-16",94.410004
"1537","2013-12-17",93.82
"1538","2013-12-18",99.5
"1539","2013-12-19",102.269997
"1540","2013-12-20",100.889999
"1541","2013-12-23",101.199997
"1542","2013-12-24",101.75
"1543","2013-12-26",101.610001
"1544","2013-12-27",102
"1545","2013-12-30",101.830002
"1546","2013-12-31",102.889999
"1547","2014-01-02",102.900002
"1548","2014-01-03",103.07
"1549","2014-01-06",102.57
"1550","2014-01-07",104.639999
"1551","2014-01-08",103.919998
"1552","2014-01-09",102.080002
"1553","2014-01-10",104.32
"1554","2014-01-13",101.349998
"1555","2014-01-14",101.709999
"1556","2014-01-15",100.349998
"1557","2014-01-16",100.139999
"1558","2014-01-17",100.050003
"1559","2014-01-21",99.550003
"1560","2014-01-22",99.580002
"1561","2014-01-23",98.989998
"1562","2014-01-24",95.029999
"1563","2014-01-27",92.309998
"1564","2014-01-28",91.699997
"1565","2014-01-29",88.739998
"1566","2014-01-30",90.279999
"1567","2014-01-31",88.989998
"1568","2014-02-03",86.879997
"1569","2014-02-04",94.699997
"1570","2014-02-05",92.669998
"1571","2014-02-06",94.830002
"1572","2014-02-07",96.010002
"1573","2014-02-10",96.059998
"1574","2014-02-11",95.800003
"1575","2014-02-12",95.889999
"1576","2014-02-13",96.07
"1577","2014-02-14",95.989998
"1578","2014-02-18",95.599998
"1579","2014-02-19",100.580002
"1580","2014-02-20",103.669998
"1581","2014-02-21",103.760002
"1582","2014-02-24",108.050003
"1583","2014-02-25",108.019997
"1584","2014-02-26",109.230003
"1585","2014-02-27",109.300003
"1586","2014-02-28",107.279999
"1587","2014-03-03",107.75
"1588","2014-03-04",109.040001
"1589","2014-03-05",109.040001
"1590","2014-03-06",105.779999
"1591","2014-03-07",105
"1592","2014-03-10",103.75
"1593","2014-03-11",102.720001
"1594","2014-03-12",103.110001
"1595","2014-03-13",100.949997
"1596","2014-03-14",101.43
"1597","2014-03-17",105.650002
"1598","2014-03-18",105.550003
"1599","2014-03-19",107.440002
"1600","2014-03-20",102.540001
"1601","2014-03-21",98.040001
"1602","2014-03-24",96.739998
"1603","2014-03-25",95.550003
"1604","2014-03-26",92.489998
"1605","2014-03-27",92.459999
"1606","2014-03-28",93.690002
"1607","2014-03-31",93.800003
"1608","2014-04-01",94.529999
"1609","2014-04-02",94.389999
"1610","2014-04-03",94.25
"1611","2014-04-04",93.040001
"1612","2014-04-07",89.18
"1613","2014-04-08",91.389999
"1614","2014-04-09",94.169998
"1615","2014-04-10",88.07
"1616","2014-04-11",85.68
"1617","2014-04-14",84.699997
"1618","2014-04-15",85.639999
"1619","2014-04-16",86.68
"1620","2014-04-17",86.870003
"1621","2014-04-21",87.300003
"1622","2014-04-22",88.25
"1623","2014-04-23",86.959999
"1624","2014-04-24",87.419998
"1625","2014-04-25",84.690002
"1626","2014-04-28",84.75
"1627","2014-04-29",86
"1628","2014-04-30",87.160004
"1629","2014-05-01",89.040001
"1630","2014-05-02",89.07
"1631","2014-05-05",86.879997
"1632","2014-05-06",83.800003
"1633","2014-05-07",81.739998
"1634","2014-05-08",82.080002
"1635","2014-05-09",83.68
"1636","2014-05-12",85.5
"1637","2014-05-13",83.760002
"1638","2014-05-14",81.510002
"1639","2014-05-15",81.419998
"1640","2014-05-16",82.959999
"1641","2014-05-19",81.900002
"1642","2014-05-20",81.059998
"1643","2014-05-21",79.529999
"1644","2014-05-22",80.510002
"1645","2014-05-23",81.050003
"1646","2014-05-27",84.370003
"1647","2014-05-28",82.080002
"1648","2014-05-29",79.120003
"1649","2014-05-30",77.68
"1650","2014-06-02",78.220001
"1651","2014-06-03",79.379997
"1652","2014-06-04",81.339996
"1653","2014-06-05",82.540001
"1654","2014-06-06",80.43
"1655","2014-06-09",79.599998
"1656","2014-06-10",78.800003
"1657","2014-06-11",78.82
"1658","2014-06-12",77.120003
"1659","2014-06-13",77.129997
"1660","2014-06-16",76.809998
"1661","2014-06-17",78.599998
"1662","2014-06-18",79.839996
"1663","2014-06-19",75.709999
"1664","2014-06-20",75.400002
"1665","2014-06-23",75.599998
"1666","2014-06-24",73.739998
"1667","2014-06-25",75.82
"1668","2014-06-26",75.910004
"1669","2014-06-27",75.110001
"1670","2014-06-30",75.949997
"1671","2014-07-01",75.379997
"1672","2014-07-02",75.239998
"1673","2014-07-03",76.050003
"1674","2014-07-07",74.199997
"1675","2014-07-08",76.589996
"1676","2014-07-09",70.419998
"1677","2014-07-10",55.25
"1678","2014-07-11",54.860001
"1679","2014-07-14",55.150002
"1680","2014-07-15",53.849998
"1681","2014-07-16",55
"1682","2014-07-17",54.900002
"1683","2014-07-18",55.619999
"1684","2014-07-21",55.599998
"1685","2014-07-22",55.77
"1686","2014-07-23",56.02
"1687","2014-07-24",55.139999
"1688","2014-07-25",55.220001
"1689","2014-07-28",55.07
"1690","2014-07-29",55.43
"1691","2014-07-30",55.360001
"1692","2014-07-31",54.220001
"1693","2014-08-01",53.34
"1694","2014-08-04",55.09
"1695","2014-08-05",55.919998
"1696","2014-08-06",54.5
"1697","2014-08-07",54.720001
"1698","2014-08-08",55.189999
"1699","2014-08-11",55.849998
"1700","2014-08-12",54.610001
"1701","2014-08-13",55.099998
"1702","2014-08-14",55.580002
"1703","2014-08-15",55.259998
"1704","2014-08-18",57.439999
"1705","2014-08-19",58.630001
"1706","2014-08-20",57.34
"1707","2014-08-21",57.299999
"1708","2014-08-22",57.450001
"1709","2014-08-25",58.009998
"1710","2014-08-26",57.970001
"1711","2014-08-27",58.459999
"1712","2014-08-28",57.470001
"1713","2014-08-29",57.220001
"1714","2014-09-02",55.330002
"1715","2014-09-03",59.279999
"1716","2014-09-04",58.080002
"1717","2014-09-05",57.790001
"1718","2014-09-08",57.029999
"1719","2014-09-09",57.310001
"1720","2014-09-10",56.419998
"1721","2014-09-11",58.700001
"1722","2014-09-12",57.82
"1723","2014-09-15",58.639999
"1724","2014-09-16",58.970001
"1725","2014-09-17",59.990002
"1726","2014-09-18",60.799999
"1727","2014-09-19",58
"1728","2014-09-22",56.099998
"1729","2014-09-23",55.07
"1730","2014-09-24",56.57
"1731","2014-09-25",56.27
"1732","2014-09-26",57.07
"1733","2014-09-29",59.080002
"1734","2014-09-30",57.380001
"1735","2014-10-01",55.82
"1736","2014-10-02",55.450001
"1737","2014-10-03",55.509998
"1738","2014-10-06",55.119999
"1739","2014-10-07",54.93
"1740","2014-10-08",55.849998
"1741","2014-10-09",53.470001
"1742","2014-10-10",54.290001
"1743","2014-10-13",54.439999
"1744","2014-10-14",55.619999
"1745","2014-10-15",57.830002
"1746","2014-10-16",58.369999
"1747","2014-10-17",58.779999
"1748","2014-10-20",59.049999
"1749","2014-10-21",57.630001
"1750","2014-10-22",52.360001
"1751","2014-10-23",49.150002
"1752","2014-10-24",48.939999
"1753","2014-10-27",48.279999
"1754","2014-10-28",49.459999
"1755","2014-10-29",48.98
"1756","2014-10-30",52.5
"1757","2014-10-31",53.77
"1758","2014-11-03",54.299999
"1759","2014-11-04",54.240002
"1760","2014-11-05",53.799999
"1761","2014-11-06",58.049999
"1762","2014-11-07",56.57
"1763","2014-11-10",55.849998
"1764","2014-11-11",55.5
"1765","2014-11-12",54.599998
"1766","2014-11-13",54.27
"1767","2014-11-14",55.209999
"1768","2014-11-17",53.52
"1769","2014-11-18",53.77
"1770","2014-11-19",55.119999
"1771","2014-11-20",58.740002
"1772","2014-11-21",60.509998
"1773","2014-11-24",63.330002
"1774","2014-11-25",62.560001
"1775","2014-11-26",62.5
"1776","2014-11-28",63.59
"1777","2014-12-01",62.59
"1778","2014-12-02",62.93
"1779","2014-12-03",62.599998
"1780","2014-12-04",61.23
"1781","2014-12-05",61.93
"1782","2014-12-08",61.439999
"1783","2014-12-09",61.549999
"1784","2014-12-10",59.98
"1785","2014-12-11",59.23
"1786","2014-12-12",58.880001
"1787","2014-12-15",59.77
"1788","2014-12-16",60.5
"1789","2014-12-17",62.700001
"1790","2014-12-18",63.240002
"1791","2014-12-19",63.860001
"1792","2014-12-22",64.389999
"1793","2014-12-23",64.32
"1794","2014-12-24",63.91
"1795","2014-12-26",63.25
"1796","2014-12-29",65.089996
"1797","2014-12-30",65.330002
"1798","2014-12-31",66.309998
"1799","2015-01-02",63.779999
"1800","2015-01-05",63.080002
"1801","2015-01-06",62.630001
"1802","2015-01-07",64.720001
"1803","2015-01-08",66.879997
"1804","2015-01-09",64.93
"1805","2015-01-12",64.5
"1806","2015-01-13",63.189999
"1807","2015-01-14",63
"1808","2015-01-15",55.200001
"1809","2015-01-16",57.110001
"1810","2015-01-20",54.93
"1811","2015-01-21",54.209999
"1812","2015-01-22",58.209999
"1813","2015-01-23",58.369999
"1814","2015-01-26",59.880001
"1815","2015-01-27",60.27
"1816","2015-01-28",61.66
"1817","2015-01-29",64.400002
"1818","2015-01-30",63.150002
"1819","2015-02-02",63.52
"1820","2015-02-03",64.110001
"1821","2015-02-04",65.190002
"1822","2015-02-05",65.699997
"1823","2015-02-06",65
"1824","2015-02-09",63.66
"1825","2015-02-10",64.529999
"1826","2015-02-11",64.209999
"1827","2015-02-12",62.799999
"1828","2015-02-13",63.689999
"1829","2015-02-17",66.410004
"1830","2015-02-18",66.889999
"1831","2015-02-19",67.440002
"1832","2015-02-20",67.900002
"1833","2015-02-23",69.220001
"1834","2015-02-24",68.779999
"1835","2015-02-25",50.630001
"1836","2015-02-26",49.23
"1837","2015-02-27",51.860001
"1838","2015-03-02",38.830002
"1839","2015-03-03",40.779999
"1840","2015-03-04",35.639999
"1841","2015-03-05",33.830002
"1842","2015-03-06",33.32
"1843","2015-03-09",27.950001
"1844","2015-03-10",29.58
"1845","2015-03-11",32.73
"1846","2015-03-12",36.080002
"1847","2015-03-13",30.549999
"1848","2015-03-16",29.93
"1849","2015-03-17",29.68
"1850","2015-03-18",29.690001
"1851","2015-03-19",29.35
"1852","2015-03-20",28.51
"1853","2015-03-23",27.889999
"1854","2015-03-24",28.83
"1855","2015-03-25",31.860001
"1856","2015-03-26",29.889999
"1857","2015-03-27",30.559999
"1858","2015-03-30",30.25
"1859","2015-03-31",30.780001
"1860","2015-04-01",33.009998
"1861","2015-04-02",33.200001
"1862","2015-04-06",34.09
"1863","2015-04-07",33.549999
"1864","2015-04-08",34.189999
"1865","2015-04-09",34.18
"1866","2015-04-10",33.400002
"1867","2015-04-13",33.23
"1868","2015-04-14",33.439999
"1869","2015-04-15",33.419998
"1870","2015-04-16",33.330002
"1871","2015-04-17",32.369999
"1872","2015-04-20",32.240002
"1873","2015-04-21",33.360001
"1874","2015-04-22",33.860001
"1875","2015-04-23",33.650002
"1876","2015-04-24",33.07
"1877","2015-04-27",33.150002
"1878","2015-04-28",33.419998
"1879","2015-04-29",26.76
"1880","2015-04-30",27.49
"1881","2015-05-01",27.110001
"1882","2015-05-04",27.690001
"1883","2015-05-05",27.23
"1884","2015-05-06",27.23
"1885","2015-05-07",27.07
"1886","2015-05-08",28.139999
"1887","2015-05-11",28.059999
"1888","2015-05-12",26.6
"1889","2015-05-13",26.49
"1890","2015-05-14",26.67
"1891","2015-05-15",26.26
"1892","2015-05-18",26.059999
"1893","2015-05-19",26.389999
"1894","2015-05-20",25.27
"1895","2015-05-21",21.1
"1896","2015-05-22",21.040001
"1897","2015-05-26",22.040001
"1898","2015-05-27",21.57
"1899","2015-05-28",21.66
"1900","2015-05-29",20.4
"1901","2015-06-01",21.09
"1902","2015-06-02",22.01
"1903","2015-06-03",21.58
"1904","2015-06-04",21.23
"1905","2015-06-05",21.370001
"1906","2015-06-08",20.6
"1907","2015-06-09",20.4
"1908","2015-06-10",20.790001
"1909","2015-06-11",20.639999
"1910","2015-06-12",21.49
"1911","2015-06-15",21.48
"1912","2015-06-16",21.18
"1913","2015-06-17",21.01
"1914","2015-06-18",20.58
"1915","2015-06-19",20.709999
"1916","2015-06-22",20.360001
"1917","2015-06-23",21.6
"1918","2015-06-24",22.290001
"1919","2015-06-25",21.200001
"1920","2015-06-26",21.120001
"1921","2015-06-29",20.940001
"1922","2015-06-30",20.709999
"1923","2015-07-01",20.93
"1924","2015-07-02",20.639999
"1925","2015-07-06",20.610001
"1926","2015-07-07",20.49
"1927","2015-07-08",19.67
"1928","2015-07-09",19.91
"1929","2015-07-10",20.309999
"1930","2015-07-13",20.74
"1931","2015-07-14",20.709999
"1932","2015-07-15",20.5
"1933","2015-07-16",20.41
"1934","2015-07-17",19.389999
"1935","2015-07-20",19.209999
"1936","2015-07-21",19.059999
"1937","2015-07-22",19.610001
"1938","2015-07-23",19.690001
"1939","2015-07-24",19.219999
"1940","2015-07-27",18.98
"1941","2015-07-28",18.959999
"1942","2015-07-29",19.059999
"1943","2015-07-30",19.139999
"1944","2015-07-31",19.299999
"1945","2015-08-03",18.59
"1946","2015-08-04",18.360001
"1947","2015-08-05",13.27
"1948","2015-08-06",12.12
"1949","2015-08-07",12.06
"1950","2015-08-10",12.86
"1951","2015-08-11",12.55
"1952","2015-08-12",13.34
"1953","2015-08-13",13.01
"1954","2015-08-14",14.02
"1955","2015-08-17",14.12
"1956","2015-08-18",14.96
"1957","2015-08-19",14.21
"1958","2015-08-20",15.48
"1959","2015-08-21",15.45
"1960","2015-08-24",14.97
"1961","2015-08-25",14.72
"1962","2015-08-26",14.93
"1963","2015-08-27",15.37
"1964","2015-08-28",14.93
"1965","2015-08-31",15.11
"1966","2015-09-01",14.52
"1967","2015-09-02",14.55
"1968","2015-09-03",14.76
"1969","2015-09-04",14.28
"1970","2015-09-08",14.94
"1971","2015-09-09",14.99
"1972","2015-09-10",15.17
"1973","2015-09-11",15.52
"1974","2015-09-14",15.58
"1975","2015-09-15",15.89
"1976","2015-09-16",16.469999
"1977","2015-09-17",16.67
"1978","2015-09-18",15.54
"1979","2015-09-21",14.71
"1980","2015-09-22",14.54
"1981","2015-09-23",14.18
"1982","2015-09-24",14.1
"1983","2015-09-25",14.01
"1984","2015-09-28",13.2
"1985","2015-09-29",12.85
"1986","2015-09-30",13.14
"1987","2015-10-01",13.87
"1988","2015-10-02",14.1
"1989","2015-10-05",13.9
"1990","2015-10-06",14.07
"1991","2015-10-07",14.58
"1992","2015-10-08",16.42
"1993","2015-10-09",18.84
"1994","2015-10-12",16.6
"1995","2015-10-13",17.02
"1996","2015-10-14",16.68
"1997","2015-10-15",16.84
"1998","2015-10-16",17.51
"1999","2015-10-19",16.49
"2000","2015-10-20",16.26
"2001","2015-10-21",15.54
"2002","2015-10-22",15.28
"2003","2015-10-23",15.19
"2004","2015-10-26",14.37
"2005","2015-10-27",13.83
"2006","2015-10-28",13.93
"2007","2015-10-29",13.8
"2008","2015-10-30",13.82
"2009","2015-11-02",14.02
"2010","2015-11-03",14.22
"2011","2015-11-04",15.65
"2012","2015-11-05",16.389999
"2013","2015-11-06",16.709999
"2014","2015-11-09",16.129999
"2015","2015-11-10",15.57
"2016","2015-11-11",14.86
"2017","2015-11-12",14.9
"2018","2015-11-13",13.87
"2019","2015-11-16",14.01
"2020","2015-11-17",13.61
"2021","2015-11-18",13.99
"2022","2015-11-19",13.85
"2023","2015-11-20",13.9
"2024","2015-11-23",14.6
"2025","2015-11-24",15.12
"2026","2015-11-25",15.74
"2027","2015-11-27",14.88
"2028","2015-11-30",15.62
"2029","2015-12-01",15.08
"2030","2015-12-02",14.8
"2031","2015-12-03",14.03
"2032","2015-12-04",14.39
"2033","2015-12-07",14.27
"2034","2015-12-08",13.96
"2035","2015-12-09",13.91
"2036","2015-12-10",14.43
"2037","2015-12-11",13.89
"2038","2015-12-14",14.06
"2039","2015-12-15",17.530001
"2040","2015-12-16",18.68
"2041","2015-12-17",16.719999
"2042","2015-12-18",16.68
"2043","2015-12-21",16.219999
"2044","2015-12-22",17.42
"2045","2015-12-23",17.5
"2046","2015-12-24",18.35
"2047","2015-12-28",17.799999
"2048","2015-12-29",17.65
"2049","2015-12-30",17.290001
"2050","2015-12-31",17.360001
"2051","2016-01-04",17.1
"2052","2016-01-05",16.33
"2053","2016-01-06",15.15
"2054","2016-01-07",13.98
"2055","2016-01-08",13.71
"2056","2016-01-11",13.09
"2057","2016-01-12",12.99
"2058","2016-01-13",12.6
"2059","2016-01-14",12.54
"2060","2016-01-15",12.15
"2061","2016-01-19",11.69
"2062","2016-01-20",11.7
"2063","2016-01-21",12
"2064","2016-01-22",12.3
"2065","2016-01-25",11.99
"2066","2016-01-26",12.77
"2067","2016-01-27",12.56
"2068","2016-01-28",12.89
"2069","2016-01-29",12.91
"2070","2016-02-01",13.36
"2071","2016-02-02",12.77
"2072","2016-02-03",12.38
"2073","2016-02-04",12.74
"2074","2016-02-05",12.34
"2075","2016-02-08",12.35
"2076","2016-02-09",12.09
"2077","2016-02-10",12.41
"2078","2016-02-11",11.79
"2079","2016-02-12",12.33
"2080","2016-02-16",13.82
"2081","2016-02-17",14.77
"2082","2016-02-18",14.42
"2083","2016-02-19",14.21
"2084","2016-02-22",11.4
"2085","2016-02-23",11.27
"2086","2016-02-24",11.39
"2087","2016-02-25",11.24
"2088","2016-02-26",11.11
"2089","2016-02-29",11.33
"2090","2016-03-01",11.19
"2091","2016-03-02",11.38
"2092","2016-03-03",12.01
"2093","2016-03-04",12.21
"2094","2016-03-07",13.84
"2095","2016-03-08",11.77
"2096","2016-03-09",11.8
"2097","2016-03-10",11.48
"2098","2016-03-11",11.41
"2099","2016-03-14",11.48
"2100","2016-03-15",11.24
"2101","2016-03-16",11.07
"2102","2016-03-17",11.33
"2103","2016-03-18",12.24
"2104","2016-03-21",12.02
"2105","2016-03-22",13.94
"2106","2016-03-23",12.54
"2107","2016-03-24",13.15
"2108","2016-03-28",12.69
"2109","2016-03-29",13.04
"2110","2016-03-30",12.91
"2111","2016-03-31",13.12
"2112","2016-04-01",13.06
"2113","2016-04-04",12.82
"2114","2016-04-05",14.2
"2115","2016-04-06",14.21
"2116","2016-04-07",13.72
"2117","2016-04-08",13.76
"2118","2016-04-11",13.96
"2119","2016-04-12",14.22
"2120","2016-04-13",15.24
"2121","2016-04-14",15.19
"2122","2016-04-15",15.13
"2123","2016-04-18",15.25
"2124","2016-04-19",14.99
"2125","2016-04-20",15.16
"2126","2016-04-21",14.82
"2127","2016-04-22",15.04
"2128","2016-04-25",14.87
"2129","2016-04-26",15.74
"2130","2016-04-27",16.02
"2131","2016-04-28",15.28
"2132","2016-04-29",14.91
"2133","2016-05-02",14.71
"2134","2016-05-03",14.08
"2135","2016-05-04",13.91
"2136","2016-05-05",13.36
"2137","2016-05-06",13.53
"2138","2016-05-09",13.45
"2139","2016-05-10",12.39
"2140","2016-05-11",11.51
"2141","2016-05-12",11.58
"2142","2016-05-13",11.34
"2143","2016-05-16",11.41
"2144","2016-05-17",11.59
"2145","2016-05-18",11.35
"2146","2016-05-19",11.46
"2147","2016-05-20",12.02
"2148","2016-05-23",11.9
"2149","2016-05-24",12.01
"2150","2016-05-25",12.53
"2151","2016-05-26",12.53
"2152","2016-05-27",12.8
"2153","2016-05-31",13.1
"2154","2016-06-01",13.01
"2155","2016-06-02",13.45
"2156","2016-06-03",13.39
"2157","2016-06-06",14.08
"2158","2016-06-07",14.29
"2159","2016-06-08",14.47
"2160","2016-06-09",14.33
"2161","2016-06-10",13.5
"2162","2016-06-13",13.35
"2163","2016-06-14",13.16
"2164","2016-06-15",13.14
"2165","2016-06-16",13.23
"2166","2016-06-17",15.78
"2167","2016-06-20",15.93
"2168","2016-06-21",15.45
"2169","2016-06-22",15.42
"2170","2016-06-23",15.78
"2171","2016-06-24",15.71
"2172","2016-06-27",14.29
"2173","2016-06-28",14.69
"2174","2016-06-29",15.32
"2175","2016-06-30",15.42
"2176","2016-07-01",15.88
"2177","2016-07-05",15.49
"2178","2016-07-06",15.81
"2179","2016-07-07",16.360001
"2180","2016-07-08",16.85
"2181","2016-07-11",17.469999
"2182","2016-07-12",17.549999
"2183","2016-07-13",17.049999
"2184","2016-07-14",16.85
"2185","2016-07-15",16.75
"2186","2016-07-18",17.32
"2187","2016-07-19",17.1
"2188","2016-07-20",17.17
"2189","2016-07-21",17.32
"2190","2016-07-22",17.32
"2191","2016-07-25",16.9
"2192","2016-07-26",16.98
"2193","2016-07-27",15.1
"2194","2016-07-28",14.49
"2195","2016-07-29",15.03
"2196","2016-08-01",15.31
"2197","2016-08-02",15.2
"2198","2016-08-03",15.61
"2199","2016-08-04",15.22
"2200","2016-08-05",15.61
"2201","2016-08-08",15.97
"2202","2016-08-09",15.85
"2203","2016-08-10",15.88
"2204","2016-08-11",16.23
"2205","2016-08-12",16.32
"2206","2016-08-15",16.41
"2207","2016-08-16",16.280001
"2208","2016-08-17",16.84
"2209","2016-08-18",16.809999
"2210","2016-08-19",16.35
"2211","2016-08-22",16.26
"2212","2016-08-23",16.309999
"2213","2016-08-24",15.84
"2214","2016-08-25",16.190001
"2215","2016-08-26",15.97
"2216","2016-08-29",16.059999
"2217","2016-08-30",15.98
"2218","2016-08-31",15.76
"2219","2016-09-01",15.6
"2220","2016-09-02",15.91
"2221","2016-09-06",15.74
"2222","2016-09-07",16.07
"2223","2016-09-08",16.09
"2224","2016-09-09",15.67
"2225","2016-09-12",16.01
"2226","2016-09-13",15.53
"2227","2016-09-14",15.31
"2228","2016-09-15",15.78
"2229","2016-09-16",15.68
"2230","2016-09-19",15.87
"2231","2016-09-20",15.61
"2232","2016-09-21",17.07
"2233","2016-09-22",18.23
"2234","2016-09-23",17.969999
"2235","2016-09-26",17.790001
"2236","2016-09-27",18.01
"2237","2016-09-28",18.209999
"2238","2016-09-29",19.07
"2239","2016-09-30",19.67
"2240","2016-10-03",19.530001
"2241","2016-10-04",18.93
"2242","2016-10-05",19.450001
"2243","2016-10-06",19.620001
"2244","2016-10-07",19.48
"2245","2016-10-10",19.440001
"2246","2016-10-11",18.83
"2247","2016-10-12",19.110001
"2248","2016-10-13",18.75
"2249","2016-10-14",18.639999
"2250","2016-10-17",18.74
"2251","2016-10-18",18.969999
"2252","2016-10-19",19.049999
"2253","2016-10-20",19.1
"2254","2016-10-21",19.219999
"2255","2016-10-24",19.030001
"2256","2016-10-25",18.48
"2257","2016-10-26",18.370001
"2258","2016-10-27",18.08
"2259","2016-10-28",18.48
"2260","2016-10-31",15.51
"2261","2016-11-01",15.18
"2262","2016-11-02",14.99
"2263","2016-11-03",15.02
"2264","2016-11-04",15.31
"2265","2016-11-07",15.22
"2266","2016-11-08",14.78
"2267","2016-11-09",15.1
"2268","2016-11-10",15.27
"2269","2016-11-11",16.469999
"2270","2016-11-14",16.83
"2271","2016-11-15",16.629999
"2272","2016-11-16",16.559999
"2273","2016-11-17",16.76
"2274","2016-11-18",16.9
"2275","2016-11-21",17.02
"2276","2016-11-22",18.27
"2277","2016-11-23",17.969999
"2278","2016-11-25",18
"2279","2016-11-28",17.41
"2280","2016-11-29",17.9
"2281","2016-11-30",17.65
"2282","2016-12-01",17.15
"2283","2016-12-02",17.389999
"2284","2016-12-05",17.6
"2285","2016-12-06",17.77
"2286","2016-12-07",17.969999
"2287","2016-12-08",18.200001
"2288","2016-12-09",18
"2289","2016-12-12",17.51
"2290","2016-12-13",17.4
"2291","2016-12-14",16.9
"2292","2016-12-15",16.65
"2293","2016-12-16",16.51
"2294","2016-12-19",16.790001
"2295","2016-12-20",16.93
"2296","2016-12-21",17.030001
"2297","2016-12-22",16.440001
"2298","2016-12-23",16.5
"2299","2016-12-27",16.530001
"2300","2016-12-28",16.120001
"2301","2016-12-29",16.030001
"2302","2016-12-30",15.74
"2303","2017-01-03",15.53
"2304","2017-01-04",15.91
"2305","2017-01-05",15.76
"2306","2017-01-06",15.65
"2307","2017-01-09",15.35
"2308","2017-01-10",15.46
"2309","2017-01-11",15.33
"2310","2017-01-12",15.47
"2311","2017-01-13",15.72
"2312","2017-01-17",15.56
"2313","2017-01-18",15.57
"2314","2017-01-19",15.18
"2315","2017-01-20",15.29
"2316","2017-01-23",15.39
"2317","2017-01-24",15.8
"2318","2017-01-25",15.72
"2319","2017-01-26",15.65
"2320","2017-01-27",15.57
"2321","2017-01-30",15.56
"2322","2017-01-31",15.66
"2323","2017-02-01",15.58
"2324","2017-02-02",15.42
"2325","2017-02-03",15.79
"2326","2017-02-06",15.77
"2327","2017-02-07",15.66
"2328","2017-02-08",15.73
"2329","2017-02-09",16.09
"2330","2017-02-10",16.290001
"2331","2017-02-13",16.030001
"2332","2017-02-14",15.94
"2333","2017-02-15",15.89
"2334","2017-02-16",15.66
"2335","2017-02-17",15.36
"2336","2017-02-21",17.98
"2337","2017-02-22",18.190001
"2338","2017-02-23",17.91
"2339","2017-02-24",17.389999
"2340","2017-02-27",18.190001
"2341","2017-02-28",17.73
"2342","2017-03-01",18.459999
"2343","2017-03-02",18.4
"2344","2017-03-03",18.190001
"2345","2017-03-06",18
"2346","2017-03-07",17.84
"2347","2017-03-08",17.799999
"2348","2017-03-09",17.690001
"2349","2017-03-10",17.84
"2350","2017-03-13",17.93
"2351","2017-03-14",17.950001
"2352","2017-03-15",18.51
"2353","2017-03-16",19.07
"2354","2017-03-17",19.290001
"2355","2017-03-20",19.16
"2356","2017-03-21",18.68
"2357","2017-03-22",18.629999
"2358","2017-03-23",18.780001
"2359","2017-03-24",18.6
"2360","2017-03-27",18.58
"2361","2017-03-28",18.620001
"2362","2017-03-29",19.66
"2363","2017-03-30",19.75
"2364","2017-03-31",20.99
"2365","2017-04-03",22.459999
"2366","2017-04-04",23.190001
"2367","2017-04-05",22.6
"2368","2017-04-06",22.84
"2369","2017-04-07",22.700001
"2370","2017-04-10",22.219999
"2371","2017-04-11",22.370001
"2372","2017-04-12",21.959999
"2373","2017-04-13",21.559999
"2374","2017-04-17",21.950001
"2375","2017-04-18",22.84
"2376","2017-04-19",22.790001
"2377","2017-04-20",23.139999
"2378","2017-04-21",23.049999
"2379","2017-04-24",22.66
"2380","2017-04-25",22.969999
"2381","2017-04-26",24.25
"2382","2017-04-27",24.360001
"2383","2017-04-28",24.549999
"2384","2017-05-01",24.41
"2385","2017-05-02",21.049999
"2386","2017-05-03",21.219999
"2387","2017-05-04",21.33
"2388","2017-05-05",21.889999
"2389","2017-05-08",21.959999
"2390","2017-05-09",21.690001
"2391","2017-05-10",24.780001
"2392","2017-05-11",25.309999
"2393","2017-05-12",25.18
"2394","2017-05-15",25.43
"2395","2017-05-16",26.700001
"2396","2017-05-17",25.559999
"2397","2017-05-18",26.209999
"2398","2017-05-19",29.129999
"2399","2017-05-22",30.139999
"2400","2017-05-23",29.98
"2401","2017-05-24",29.85
"2402","2017-05-25",29.879999
"2403","2017-05-26",29.9
"2404","2017-05-30",29.52
"2405","2017-05-31",28.98
"2406","2017-06-01",29.09
"2407","2017-06-02",28.280001
"2408","2017-06-05",27.93
"2409","2017-06-06",27.32
"2410","2017-06-07",26.709999
"2411","2017-06-08",26.83
"2412","2017-06-09",26.549999
"2413","2017-06-12",26.059999
"2414","2017-06-13",25.91
"2415","2017-06-14",25.299999
"2416","2017-06-15",24.940001
"2417","2017-06-16",24.92
"2418","2017-06-19",26.450001
"2419","2017-06-20",25.93
"2420","2017-06-21",25.85
"2421","2017-06-22",26.040001
"2422","2017-06-23",25.77
"2423","2017-06-26",25.959999
"2424","2017-06-27",25.76
"2425","2017-06-28",25.9
"2426","2017-06-29",24.879999
"2427","2017-06-30",25.059999
"2428","2017-07-03",25.25
"2429","2017-07-05",25.4
"2430","2017-07-06",24.83
"2431","2017-07-07",24.98
"2432","2017-07-10",24.35
"2433","2017-07-11",24.530001
"2434","2017-07-12",24.629999
"2435","2017-07-13",24.780001
"2436","2017-07-14",24.719999
"2437","2017-07-17",26.01
"2438","2017-07-18",25.209999
"2439","2017-07-19",25.440001
"2440","2017-07-20",24.83
"2441","2017-07-21",24.629999
"2442","2017-07-24",24.77
"2443","2017-07-25",25.41
"2444","2017-07-26",25.299999
"2445","2017-07-27",25.360001
"2446","2017-07-28",25.58
"2447","2017-07-31",24.709999
"2448","2017-08-01",33.59
"2449","2017-08-02",35.549999
"2450","2017-08-03",35.27
"2451","2017-08-04",36.490002
"2452","2017-08-07",37.130001
"2453","2017-08-08",35.990002
"2454","2017-08-09",37.209999
"2455","2017-08-10",35.23
"2456","2017-08-11",35.619999
"2457","2017-08-14",36.450001
"2458","2017-08-15",35.34
"2459","2017-08-16",34.919998
"2460","2017-08-17",34.5
"2461","2017-08-18",35.220001
"2462","2017-08-21",35.650002
"2463","2017-08-22",35.490002
"2464","2017-08-23",35.389999
"2465","2017-08-24",35.68
"2466","2017-08-25",37.060001
"2467","2017-08-28",38.700001
"2468","2017-08-29",38.919998
"2469","2017-08-30",37.110001
"2470","2017-08-31",37.529999
"2471","2017-09-01",37.66
"2472","2017-09-05",39.240002
"2473","2017-09-06",39.459999
"2474","2017-09-07",39.689999
"2475","2017-09-08",40.459999
"2476","2017-09-11",37.82
"2477","2017-09-12",38.59
"2478","2017-09-13",38.23
"2479","2017-09-14",37.400002
"2480","2017-09-15",37.490002
"2481","2017-09-18",37.540001
"2482","2017-09-19",37.619999
"2483","2017-09-20",37.549999
"2484","2017-09-21",37.540001
"2485","2017-09-22",36.950001
"2486","2017-09-25",37.740002
"2487","2017-09-26",37.27
"2488","2017-09-27",37.669998
"2489","2017-09-28",38.799999
"2490","2017-09-29",38.98
"2491","2017-10-02",38.709999
"2492","2017-10-03",36.82
"2493","2017-10-04",36.799999
"2494","2017-10-05",36.799999
"2495","2017-10-06",36.91
"2496","2017-10-09",35.799999
"2497","2017-10-10",34.23
"2498","2017-10-11",35.16
"2499","2017-10-12",34.810001
"2500","2017-10-13",34.82
"2501","2017-10-16",34.48
"2502","2017-10-17",35.130001
"2503","2017-10-18",35.139999
"2504","2017-10-19",34.959999
"2505","2017-10-20",34.860001
"2506","2017-10-23",34.650002
"2507","2017-10-24",34.880001
"2508","2017-10-25",34.880001
"2509","2017-10-26",35.549999
"2510","2017-10-27",35.470001
"2511","2017-10-30",34.77
"2512","2017-10-31",30.780001
"2513","2017-11-01",31.379999
"2514","2017-11-02",30.35
"2515","2017-11-03",30.709999
"2516","2017-11-06",30.73
"2517","2017-11-07",28.809999
"2518","2017-11-08",29.58
"2519","2017-11-09",29.43
"2520","2017-11-10",29
"2521","2017-11-13",28.049999
"2522","2017-11-14",28.59
"2523","2017-11-15",28.33
"2524","2017-11-16",29.129999
"2525","2017-11-17",29.059999
"2526","2017-11-20",28.940001
"2527","2017-11-21",28.780001
"2528","2017-11-22",28.16
"2529","2017-11-24",27.93
"2530","2017-11-27",27.5
"2531","2017-11-28",27.91
"2532","2017-11-29",27.66
"2533","2017-11-30",28.35
"2534","2017-12-01",27.969999
"2535","2017-12-04",29.360001
"2536","2017-12-05",29.34
"2537","2017-12-06",29.08
"2538","2017-12-07",29.940001
"2539","2017-12-08",30.299999
"2540","2017-12-11",30.41
"2541","2017-12-12",30
"2542","2017-12-13",30.34
"2543","2017-12-14",29.299999
"2544","2017-12-15",29.48
"2545","2017-12-18",31.049999
"2546","2017-12-19",31.09
"2547","2017-12-20",31.639999
"2548","2017-12-21",31.379999
"2549","2017-12-22",31.200001
"2550","2017-12-26",31.799999
"2551","2017-12-27",31.93
"2552","2017-12-28",31.389999
"2553","2017-12-29",31.389999
"2554","2018-01-02",30.68
"2555","2018-01-03",31.25
"2556","2018-01-04",31.27
"2557","2018-01-05",31.9
"2558","2018-01-08",31.25
"2559","2018-01-09",31.02
"2560","2018-01-10",31.25
"2561","2018-01-11",31.799999
"2562","2018-01-12",30.469999
"2563","2018-01-16",29.07
"2564","2018-01-17",29.41
"2565","2018-01-18",29.42
"2566","2018-01-19",30.33
"2567","2018-01-22",31.15
"2568","2018-01-23",30.65
"2569","2018-01-24",30.629999
"2570","2018-01-25",30.559999
"2571","2018-01-26",30.76
"2572","2018-01-29",29.389999
"2573","2018-01-30",29.200001
"2574","2018-01-31",27.940001
"2575","2018-02-01",27.049999
"2576","2018-02-02",25.790001
"2577","2018-02-05",24.700001
"2578","2018-02-06",26.139999
"2579","2018-02-07",26
"2580","2018-02-08",25.57
"2581","2018-02-09",26.860001
"2582","2018-02-12",24.49
"2583","2018-02-13",23.129999
"2584","2018-02-14",23.91
"2585","2018-02-15",24.52
"2586","2018-02-16",23.83
"2587","2018-02-20",23.629999
"2588","2018-02-21",23.51
"2589","2018-02-22",23.84
"2590","2018-02-23",24.85
"2591","2018-02-26",24.719999
"2592","2018-02-27",22.43
"2593","2018-02-28",23.16
"2594","2018-03-01",23.35
"2595","2018-03-02",23.309999
"2596","2018-03-05",23.84
"2597","2018-03-06",24.09
"2598","2018-03-07",24.25
"2599","2018-03-08",24.32
"2600","2018-03-09",25.1
"2601","2018-03-12",25.040001
"2602","2018-03-13",24.9
"2603","2018-03-14",24.85
"2604","2018-03-15",24.57
"2605","2018-03-16",25.35
"2606","2018-03-19",24.290001
"2607","2018-03-20",24.42
"2608","2018-03-21",24.280001
"2609","2018-03-22",23.77
"2610","2018-03-23",23.290001
"2611","2018-03-26",23.950001
"2612","2018-03-27",23.389999
"2613","2018-03-28",23.48
"2614","2018-03-29",23.92
"2615","2018-04-02",22.17
"2616","2018-04-03",22.299999
"2617","2018-04-04",23.51
"2618","2018-04-05",23.68
"2619","2018-04-06",22.959999
"2620","2018-04-09",22.450001
"2621","2018-04-10",22.92
"2622","2018-04-11",22.82
"2623","2018-04-12",22.889999
"2624","2018-04-13",22.540001
"2625","2018-04-16",22.809999
"2626","2018-04-17",23.43
"2627","2018-04-18",24.07
"2628","2018-04-19",22.950001
"2629","2018-04-20",22.719999
"2630","2018-04-23",23.58
"2631","2018-04-24",24.110001
"2632","2018-04-25",23.74
"2633","2018-04-26",24.629999
"2634","2018-04-27",24.75
"2635","2018-04-30",24.07
"2636","2018-05-01",19.860001
"2637","2018-05-02",20
"2638","2018-05-03",20.459999
"2639","2018-05-04",20.870001
"2640","2018-05-07",20.870001
"2641","2018-05-08",21.290001
"2642","2018-05-09",21.48
"2643","2018-05-10",21.290001
"2644","2018-05-11",21.299999
"2645","2018-05-14",21.32
"2646","2018-05-15",21.059999
"2647","2018-05-16",20.24
"2648","2018-05-17",20.34
"2649","2018-05-18",20.32
"2650","2018-05-21",20.360001
"2651","2018-05-22",20.139999
"2652","2018-05-23",20.950001
"2653","2018-05-24",21.15
"2654","2018-05-25",21.469999
"2655","2018-05-29",21.190001
"2656","2018-05-30",21.17
"2657","2018-05-31",21.16
"2658","2018-06-01",21.389999
"2659","2018-06-04",22.17
"2660","2018-06-05",22.469999
"2661","2018-06-06",23.219999
"2662","2018-06-07",23.66
"2663","2018-06-08",25.049999
"2664","2018-06-11",24.76
"2665","2018-06-12",25.67
"2666","2018-06-13",25.200001
"2667","2018-06-14",24.58
"2668","2018-06-15",24.559999
"2669","2018-06-18",25.01
"2670","2018-06-19",25.139999
"2671","2018-06-20",26.66
"2672","2018-06-21",26.16
"2673","2018-06-22",25.639999
"2674","2018-06-25",25.299999
"2675","2018-06-26",25.82
"2676","2018-06-27",25.26
"2677","2018-06-28",24.809999
"2678","2018-06-29",24.35
"2679","2018-07-02",24.049999
"2680","2018-07-03",24.639999
"2681","2018-07-05",25.469999
"2682","2018-07-06",25.73
"2683","2018-07-09",26.41
"2684","2018-07-10",26.4
"2685","2018-07-11",25.139999
"2686","2018-07-12",25.780001
"2687","2018-07-13",26.18
"2688","2018-07-16",25.459999
"2689","2018-07-17",25.709999
"2690","2018-07-18",25.74
"2691","2018-07-19",26.299999
"2692","2018-07-20",25.57
"2693","2018-07-23",25.68
"2694","2018-07-24",25.17
"2695","2018-07-25",24.950001
"2696","2018-07-26",24.469999
"2697","2018-07-27",23.860001
"2698","2018-07-30",24.370001
"2699","2018-07-31",19.34
"2700","2018-08-01",19.190001
"2701","2018-08-02",19.200001
"2702","2018-08-03",19.49
"2703","2018-08-06",19.01
"2704","2018-08-07",19.290001
"2705","2018-08-08",19.02
"2706","2018-08-09",19.309999
"2707","2018-08-10",18.98
"2708","2018-08-13",17.690001
"2709","2018-08-14",18.209999
"2710","2018-08-15",18.15
"2711","2018-08-16",17.309999
"2712","2018-08-17",17.110001
"2713","2018-08-20",17.35
"2714","2018-08-21",17.389999
"2715","2018-08-22",17.24
"2716","2018-08-23",17.35
"2717","2018-08-24",17.33
"2718","2018-08-27",17.280001
"2719","2018-08-28",17.41
"2720","2018-08-29",17.99
"2721","2018-08-30",17.549999
"2722","2018-08-31",17.43
"2723","2018-09-04",17.66
"2724","2018-09-05",17.690001
"2725","2018-09-06",17.6
"2726","2018-09-07",16.799999
"2727","2018-09-10",17.139999
"2728","2018-09-11",17.450001
"2729","2018-09-12",17.719999
"2730","2018-09-13",17.41
"2731","2018-09-14",17.23
"2732","2018-09-17",17.6
"2733","2018-09-18",17.549999
"2734","2018-09-19",17.67
"2735","2018-09-20",17.690001
"2736","2018-09-21",17.74
"2737","2018-09-24",17.32
"2738","2018-09-25",16.959999
"2739","2018-09-26",16.700001
"2740","2018-09-27",15.74
"2741","2018-09-28",15.49
"2742","2018-10-01",15.48
"2743","2018-10-02",14.11
"2744","2018-10-03",14.64
"2745","2018-10-04",14.31
"2746","2018-10-05",13.92
"2747","2018-10-08",13.82
"2748","2018-10-09",13.72
"2749","2018-10-10",13.88
"2750","2018-10-11",13.71
"2751","2018-10-12",13.22
"2752","2018-10-15",13.14
"2753","2018-10-16",13.42
"2754","2018-10-17",12.92
"2755","2018-10-18",12.64
"2756","2018-10-19",12.32
"2757","2018-10-22",12.23
"2758","2018-10-23",12.55
"2759","2018-10-24",12.57
"2760","2018-10-25",12.77
"2761","2018-10-26",12.64
"2762","2018-10-29",12.33
"2763","2018-10-30",11.54
"2764","2018-10-31",11.96
"2765","2018-11-01",12.51
"2766","2018-11-02",12.57
"2767","2018-11-05",12.21
"2768","2018-11-06",12.42
"2769","2018-11-07",12.34
"2770","2018-11-08",12.16
"2771","2018-11-09",11.68
"2772","2018-11-12",11.72
"2773","2018-11-13",12.32
"2774","2018-11-14",12.29
"2775","2018-11-15",12.67
"2776","2018-11-16",12.53
"2777","2018-11-19",12.37
"2778","2018-11-20",12.1
"2779","2018-11-21",12.46
"2780","2018-11-23",12.54
"2781","2018-11-26",12.61
"2782","2018-11-27",12.5
"2783","2018-11-28",13.18
"2784","2018-11-29",12.63
"2785","2018-11-30",12.63
"2786","2018-12-03",12.26
"2787","2018-12-04",11.18
"2788","2018-12-06",11.03
"2789","2018-12-07",10.74
"2790","2018-12-10",10.71
"2791","2018-12-11",10.39
"2792","2018-12-12",10.24
"2793","2018-12-13",10.16
"2794","2018-12-14",10.14
"2795","2018-12-17",10.22
"2796","2018-12-18",10.34
"2797","2018-12-19",10.31
"2798","2018-12-20",10.39
"2799","2018-12-21",10.02
"2800","2018-12-24",9.78
"2801","2018-12-26",10.2
"2802","2018-12-27",10
"2803","2018-12-28",10.03
"2804","2018-12-31",9.52
"2805","2019-01-02",9.97
"2806","2019-01-03",9.4
"2807","2019-01-04",10.04
"2808","2019-01-07",10.6
"2809","2019-01-08",10.75
"2810","2019-01-09",10.91
"2811","2019-01-10",10.75
"2812","2019-01-11",10.96
"2813","2019-01-14",11.06
"2814","2019-01-15",11.2
"2815","2019-01-16",11.18
"2816","2019-01-17",11.33
"2817","2019-01-18",11.54
"2818","2019-01-22",11.26
"2819","2019-01-23",11.27
"2820","2019-01-24",11.53
"2821","2019-01-25",11.69
"2822","2019-01-28",11.74
"2823","2019-01-29",11.63
"2824","2019-01-30",11.83
"2825","2019-01-31",12.02
"2826","2019-02-01",11.68
"2827","2019-02-04",11.64
"2828","2019-02-05",11.6
"2829","2019-02-06",11.65
"2830","2019-02-07",11.33
"2831","2019-02-08",11.14
"2832","2019-02-11",10.73
"2833","2019-02-12",10.97
"2834","2019-02-13",11.17
"2835","2019-02-14",11.23
"2836","2019-02-15",11.72
"2837","2019-02-19",11.54
"2838","2019-02-20",11.57
"2839","2019-02-21",11.54
"2840","2019-02-22",11.73
"2841","2019-02-25",12.46
"2842","2019-02-26",12.2
"2843","2019-02-27",12
"2844","2019-02-28",11.81
"2845","2019-03-01",11.73
"2846","2019-03-04",11.56
"2847","2019-03-05",11.21
"2848","2019-03-06",11.4
"2849","2019-03-07",11.17
"2850","2019-03-08",11.2
"2851","2019-03-11",11.44
"2852","2019-03-12",11.08
"2853","2019-03-13",10.93
"2854","2019-03-14",10.25
"2855","2019-03-15",10.17
"2856","2019-03-18",9.82
"2857","2019-03-19",9.7
"2858","2019-03-20",10
"2859","2019-03-21",10.61
"2860","2019-03-22",10.4
"2861","2019-03-25",10.3
"2862","2019-03-26",10.26
"2863","2019-03-27",10.48
"2864","2019-03-28",10.19
"2865","2019-03-29",10.1
"2866","2019-04-01",10.29
"2867","2019-04-02",10.15
"2868","2019-04-03",10.28
"2869","2019-04-04",10.65
"2870","2019-04-05",10.86
"2871","2019-04-08",10.77
"2872","2019-04-09",10.71
"2873","2019-04-10",10.75
"2874","2019-04-11",10.85
"2875","2019-04-12",10.96
"2876","2019-04-15",11.27
"2877","2019-04-16",11.04
"2878","2019-04-17",11.48
"2879","2019-04-18",12.23
"2880","2019-04-22",12.27
"2881","2019-04-23",12.61
"2882","2019-04-24",12.72
"2883","2019-04-25",12.78
"2884","2019-04-26",13.11
"2885","2019-04-29",13.08
"2886","2019-04-30",13.22
"2887","2019-05-01",13.33
"2888","2019-05-02",13.28
"2889","2019-05-03",13.27
"2890","2019-05-06",12.84
"2891","2019-05-07",12.34
"2892","2019-05-08",12.33
"2893","2019-05-09",12.48
"2894","2019-05-10",11.73
"2895","2019-05-13",11.12
"2896","2019-05-14",11.55
"2897","2019-05-15",11.43
"2898","2019-05-16",11.45
"2899","2019-05-17",11.33
"2900","2019-05-20",11.14
"2901","2019-05-21",11.07
"2902","2019-05-22",10.57
"2903","2019-05-23",10.18
"2904","2019-05-24",10.31
"2905","2019-05-28",9.96
"2906","2019-05-29",9.87
"2907","2019-05-30",9.82
"2908","2019-05-31",9.59
"2909","2019-06-03",9.98
"2910","2019-06-04",10.67
"2911","2019-06-05",10.92
"2912","2019-06-06",10.58
"2913","2019-06-07",10.84
"2914","2019-06-10",11.1
"2915","2019-06-11",11.12
"2916","2019-06-12",10.99
"2917","2019-06-13",10.5
"2918","2019-06-14",10.49
"2919","2019-06-17",10.19
"2920","2019-06-18",10.87
"2921","2019-06-19",10.75
"2922","2019-06-20",10.7
"2923","2019-06-21",11.18
"2924","2019-06-24",11.15
"2925","2019-06-25",10.58
"2926","2019-06-26",11.07
"2927","2019-06-27",11.34
"2928","2019-06-28",11.55
"2929","2019-07-01",11.07
"2930","2019-07-02",11.24
"2931","2019-07-03",11.47
"2932","2019-07-05",11.74
"2933","2019-07-08",11.47
"2934","2019-07-09",11.51
"2935","2019-07-10",11.82
"2936","2019-07-11",12.01
"2937","2019-07-12",12.11
"2938","2019-07-15",12.07
"2939","2019-07-16",12.18
"2940","2019-07-17",11.9
"2941","2019-07-18",10.64
"2942","2019-07-19",10.22
"2943","2019-07-22",10
"2944","2019-07-23",9.97
"2945","2019-07-24",10.19
"2946","2019-07-25",9.93
"2947","2019-07-26",10.14
"2948","2019-07-29",9.63
"2949","2019-07-30",8.91
"2950","2019-07-31",8.77
"2951","2019-08-01",8.18
"2952","2019-08-02",8.68
"2953","2019-08-05",8.42
"2954","2019-08-06",8.24
"2955","2019-08-07",7.42
"2956","2019-08-08",8.1
"2957","2019-08-09",8.1
"2958","2019-08-12",8.05
"2959","2019-08-13",8.34
"2960","2019-08-14",8.13
"2961","2019-08-15",7.85
"2962","2019-08-16",8.09
"2963","2019-08-19",8.06
"2964","2019-08-20",8.41
"2965","2019-08-21",8.95
"2966","2019-08-22",8.94
"2967","2019-08-23",8.68
"2968","2019-08-26",8.93
"2969","2019-08-27",8.74
"2970","2019-08-28",8.94
"2971","2019-08-29",9.46
"2972","2019-08-30",9.41
"2973","2019-09-03",9.26
"2974","2019-09-04",10.08
"2975","2019-09-05",11.58
"2976","2019-09-06",11.8
"2977","2019-09-09",11.85
"2978","2019-09-10",13
"2979","2019-09-11",11.99
"2980","2019-09-12",11.25
"2981","2019-09-13",9.77
"2982","2019-09-16",9.27
"2983","2019-09-17",8.96
"2984","2019-09-18",8.97
"2985","2019-09-19",8.87
"2986","2019-09-20",9.24
"2987","2019-09-23",9.24
"2988","2019-09-24",9.05
"2989","2019-09-25",9.32
"2990","2019-09-26",9.44
"2991","2019-09-27",9.65
"2992","2019-09-30",9.87
"2993","2019-10-01",9.52
"2994","2019-10-02",9.02
"2995","2019-10-03",9.15
"2996","2019-10-04",9.38
"2997","2019-10-07",9.25
"2998","2019-10-08",9.3
"2999","2019-10-09",9.17
"3000","2019-10-10",9.27
"3001","2019-10-11",9.24
"3002","2019-10-14",9.58
"3003","2019-10-15",9.59
"3004","2019-10-16",9.66
"3005","2019-10-17",9.58
"3006","2019-10-18",9.55
"3007","2019-10-21",9.63
"3008","2019-10-22",9.65
"3009","2019-10-23",9.56
"3010","2019-10-24",9.43
"3011","2019-10-25",9.59
"3012","2019-10-28",9.96
"3013","2019-10-29",9.59
"3014","2019-10-30",9.48
"3015","2019-10-31",9.23
"3016","2019-11-01",9.11
"3017","2019-11-04",9.34
"3018","2019-11-05",9.38
"3019","2019-11-06",9.14
"3020","2019-11-07",9.33
"3021","2019-11-08",9.15
"3022","2019-11-11",8.59
"3023","2019-11-12",8.35
"3024","2019-11-13",8.75
"3025","2019-11-14",8.81
"3026","2019-11-15",8.93
"3027","2019-11-18",9.05
"3028","2019-11-19",8.79
"3029","2019-11-20",8.6
"3030","2019-11-21",8.58
"3031","2019-11-22",8.46
"3032","2019-11-25",8.8
"3033","2019-11-26",8.83
"3034","2019-11-27",8.93
"3035","2019-11-29",8.91
"3036","2019-12-02",8.76
"3037","2019-12-03",8.45
"3038","2019-12-04",8.73
"3039","2019-12-05",8.99
"3040","2019-12-06",9.18
"3041","2019-12-09",9.37
"3042","2019-12-10",9.53
"3043","2019-12-11",9.48
"3044","2019-12-12",11.18
"3045","2019-12-13",10.52
"3046","2019-12-16",10.11
"3047","2019-12-17",9.9
"3048","2019-12-18",10.18
"3049","2019-12-19",9.86
"3050","2019-12-20",9.72
"3051","2019-12-23",9.87
"3052","2019-12-24",10.12
"3053","2019-12-26",9.99
"3054","2019-12-27",9.92
"3055","2019-12-30",9.61
"3056","2019-12-31",9.77
"3057","2020-01-02",9.53
"3058","2020-01-03",9.48
"3059","2020-01-06",9.48
"3060","2020-01-07",9.39
"3061","2020-01-08",9.47
"3062","2020-01-09",9.22
"3063","2020-01-10",9.1
"3064","2020-01-13",9.2
"3065","2020-01-14",9.17
"3066","2020-01-15",9.14
"3067","2020-01-16",9.31
"3068","2020-01-17",9.35
"3069","2020-01-21",8.27
"3070","2020-01-22",8.13
"3071","2020-01-23",8.19
"3072","2020-01-24",7.86
"3073","2020-01-27",7.2
"3074","2020-01-28",7.37
"3075","2020-01-29",7.83
"3076","2020-01-30",8.01
"3077","2020-01-31",7.61
"3078","2020-02-03",7.76
"3079","2020-02-04",7.66
"3080","2020-02-05",7.86
"3081","2020-02-06",7.8
"3082","2020-02-07",7.25
"3083","2020-02-10",7.25
"3084","2020-02-11",7.13
"3085","2020-02-12",7.42
"3086","2020-02-13",7.69
"3087","2020-02-14",7.91
"3088","2020-02-18",7.94
"3089","2020-02-19",8.17
"3090","2020-02-20",9.69
"3091","2020-02-21",10.45
"3092","2020-02-24",8.53
"3093","2020-02-25",10.07
"3094","2020-02-26",10.5
"3095","2020-02-27",9.58
"3096","2020-02-28",9.8
"3097","2020-03-02",9.58
"3098","2020-03-03",8.57
"3099","2020-03-04",9.36
"3100","2020-03-05",9.74
"3101","2020-03-06",9.48
"3102","2020-03-09",8.52
"3103","2020-03-10",8.77
"3104","2020-03-11",8.04
"3105","2020-03-12",6.7
"3106","2020-03-13",5.9
"3107","2020-03-16",4.07
"3108","2020-03-17",4.91
"3109","2020-03-18",4.01
"3110","2020-03-19",4.22
"3111","2020-03-20",4.16
"3112","2020-03-23",4.47
"3113","2020-03-24",5.63
"3114","2020-03-25",6.26
"3115","2020-03-26",5.79
"3116","2020-03-27",5.25
"3117","2020-03-30",4.76
"3118","2020-03-31",4.69
"3119","2020-04-01",4.2
"3120","2020-04-02",4.12
"3121","2020-04-03",4.15
"3122","2020-04-06",4.55
"3123","2020-04-07",4.71
"3124","2020-04-08",5.31
"3125","2020-04-09",5.71
"3126","2020-04-13",5.54
"3127","2020-04-14",5.86
"3128","2020-04-15",5.3
"3129","2020-04-16",5.1
"3130","2020-04-17",5.46
"3131","2020-04-20",5.42
"3132","2020-04-21",5.28
"3133","2020-04-22",5.4
"3134","2020-04-23",5.36
"3135","2020-04-24",5.49
"3136","2020-04-27",6.29
"3137","2020-04-28",6.71
"3138","2020-04-29",7.38
"3139","2020-04-30",7.05
"3140","2020-05-01",6.96
"3141","2020-05-04",6.65
"3142","2020-05-05",7.27
"3143","2020-05-06",7.1
"3144","2020-05-07",7.3
"3145","2020-05-08",7.5
"3146","2020-05-11",7.64
"3147","2020-05-12",7.54
"3148","2020-05-13",7.13
"3149","2020-05-14",7.07
"3150","2020-05-15",7
"3151","2020-05-18",7.45
"3152","2020-05-19",7.7
"3153","2020-05-20",7.57
"3154","2020-05-21",7.93
"3155","2020-05-22",8.07
"3156","2020-05-26",8.76
"3157","2020-05-27",9.55
"3158","2020-05-28",10.03
"3159","2020-05-29",9.94
"3160","2020-06-01",10
"3161","2020-06-02",10.34
"3162","2020-06-03",10.95
"3163","2020-06-04",11.56
"3164","2020-06-05",11.23
"3165","2020-06-08",12.17
"3166","2020-06-09",11.7
"3167","2020-06-10",11.6
"3168","2020-06-11",10.52
"3169","2020-06-12",11.08
"3170","2020-06-15",11.61
"3171","2020-06-16",11.9
"3172","2020-06-17",12.18
"3173","2020-06-18",12.16
"3174","2020-06-19",12.24
"3175","2020-06-22",12.75
"3176","2020-06-23",12.9
"3177","2020-06-24",12.82
"3178","2020-06-25",12.86
"3179","2020-06-26",13.31
"3180","2020-06-29",13.92
"3181","2020-06-30",13.86
"3182","2020-07-01",13.9
"3183","2020-07-02",13.67
"3184","2020-07-06",14.12
"3185","2020-07-07",14.03
"3186","2020-07-08",14.17
"3187","2020-07-09",13.57
"3188","2020-07-10",14.07
"3189","2020-07-13",13.7
"3190","2020-07-14",17.200001
"3191","2020-07-15",17.889999
"3192","2020-07-16",18.559999
"3193","2020-07-17",18.860001
"3194","2020-07-20",18.67
"3195","2020-07-21",19.299999
"3196","2020-07-22",20.59
"3197","2020-07-23",21.15
"3198","2020-07-24",21.51
"3199","2020-07-27",23.120001
"3200","2020-07-28",21.879999
"3201","2020-07-29",22.73
"3202","2020-07-30",23.139999
"3203","2020-07-31",22.32
"3204","2020-08-03",23.290001
"3205","2020-08-04",22.860001
"3206","2020-08-05",20.969999
"3207","2020-08-06",20.75
"3208","2020-08-07",21.299999
"3209","2020-08-10",22.52
"3210","2020-08-11",21.530001
"3211","2020-08-12",21.82
"3212","2020-08-13",22.98
"3213","2020-08-14",22.82
"3214","2020-08-17",25.389999
"3215","2020-08-18",25.93
"3216","2020-08-19",27.200001
"3217","2020-08-20",26.790001
"3218","2020-08-21",27.52
"3219","2020-08-24",28.27
"3220","2020-08-25",27
"3221","2020-08-26",26.879999
"3222","2020-08-27",24.91
"3223","2020-08-28",25.5
"3224","2020-08-31",23.99
"3225","2020-09-01",24.68
"3226","2020-09-02",24.33
"3227","2020-09-03",22.389999
"3228","2020-09-04",20.530001
"3229","2020-09-08",20.58
"3230","2020-09-09",21.91
"3231","2020-09-10",21.73
"3232","2020-09-11",22.299999
"3233","2020-09-14",23.23
"3234","2020-09-15",22.799999
"3235","2020-09-16",22.360001
"3236","2020-09-17",21.610001
"3237","2020-09-18",20.77
"3238","2020-09-21",20.299999
"3239","2020-09-22",20.67
"3240","2020-09-23",20.809999
"3241","2020-09-24",21.120001
"3242","2020-09-25",21.1
"3243","2020-09-28",21.76
"3244","2020-09-29",21.629999
"3245","2020-09-30",22.049999
"3246","2020-10-01",22.41
"3247","2020-10-02",22.940001
"3248","2020-10-05",23.450001
"3249","2020-10-06",24.110001
"3250","2020-10-07",24.93
"3251","2020-10-08",25.879999
"3252","2020-10-09",26.959999
"3253","2020-10-12",26.34
"3254","2020-10-13",27.58
"3255","2020-10-14",27.799999
"3256","2020-10-15",27.969999
"3257","2020-10-16",27.540001
"3258","2020-10-19",26.66
"3259","2020-10-20",26.450001
"3260","2020-10-21",24.73
"3261","2020-10-22",24.1
"3262","2020-10-23",24.620001
"3263","2020-10-26",22.889999
"3264","2020-10-27",23.16
"3265","2020-10-28",23.120001
"3266","2020-10-29",23.66
"3267","2020-10-30",22.120001
"3268","2020-11-02",25.75
"3269","2020-11-03",26.780001
"3270","2020-11-04",28.16
"3271","2020-11-05",29.01
"3272","2020-11-06",27.040001
"3273","2020-11-09",23.219999
"3274","2020-11-10",24.290001
"3275","2020-11-11",25.34
"3276","2020-11-12",25.84
"3277","2020-11-13",26.57
"3278","2020-11-16",26.52
"3279","2020-11-17",26.51
"3280","2020-11-18",26.809999
"3281","2020-11-19",27.52
"3282","2020-11-20",28.620001
"3283","2020-11-23",29.700001
"3284","2020-11-24",30.700001
"3285","2020-11-25",30.389999
"3286","2020-11-27",30.049999
