"","date","MSGN"
"1","2010-01-25",6.571947
"2","2010-01-26",6.441959
"3","2010-01-27",6.181983
"4","2010-01-28",6.166868
"5","2010-01-29",5.92503
"6","2010-02-01",5.940145
"7","2010-02-02",5.92503
"8","2010-02-03",5.834341
"9","2010-02-04",5.592503
"10","2010-02-05",5.465538
"11","2010-02-08",5.713422
"12","2010-02-09",5.50786
"13","2010-02-10",5.290205
"14","2010-02-11",5.356711
"15","2010-02-12",5.973398
"16","2010-02-16",6.045949
"17","2010-02-17",6.00665
"18","2010-02-18",5.952237
"19","2010-02-19",5.894801
"20","2010-02-22",5.84341
"21","2010-02-23",5.728537
"22","2010-02-24",5.734583
"23","2010-02-25",5.828295
"24","2010-02-26",5.894801
"25","2010-03-01",6.121523
"26","2010-03-02",6.197098
"27","2010-03-03",6.142684
"28","2010-03-04",6.033857
"29","2010-03-05",5.92503
"30","2010-03-08",5.894801
"31","2010-03-09",5.855502
"32","2010-03-10",5.740629
"33","2010-03-11",5.710399
"34","2010-03-12",5.864571
"35","2010-03-15",5.737606
"36","2010-03-16",5.897823
"37","2010-03-17",6.055018
"38","2010-03-18",6.064087
"39","2010-03-19",6.070133
"40","2010-03-22",6.079202
"41","2010-03-23",6.345224
"42","2010-03-24",6.296856
"43","2010-03-25",6.523579
"44","2010-03-26",6.650544
"45","2010-03-29",6.620315
"46","2010-03-30",6.623337
"47","2010-03-31",6.568924
"48","2010-04-01",6.593108
"49","2010-04-05",6.587062
"50","2010-04-06",6.668682
"51","2010-04-07",6.65659
"52","2010-04-08",6.659613
"53","2010-04-09",6.698912
"54","2010-04-12",6.750302
"55","2010-04-13",6.620315
"56","2010-04-14",6.647521
"57","2010-04-15",6.644498
"58","2010-04-16",6.593108
"59","2010-04-19",6.599154
"60","2010-04-20",6.62636
"61","2010-04-21",6.629383
"62","2010-04-22",6.553809
"63","2010-04-23",6.526602
"64","2010-04-26",6.550786
"65","2010-04-27",6.46312
"66","2010-04-28",6.333132
"67","2010-04-29",6.348247
"68","2010-04-30",6.272672
"69","2010-05-03",6.275695
"70","2010-05-04",6.17896
"71","2010-05-05",6.033857
"72","2010-05-06",5.894801
"73","2010-05-07",6.142684
"74","2010-05-10",6.393591
"75","2010-05-11",6.559855
"76","2010-05-12",6.674728
"77","2010-05-13",6.692866
"78","2010-05-14",6.650544
"79","2010-05-17",6.659613
"80","2010-05-18",6.617291
"81","2010-05-19",6.599154
"82","2010-05-20",6.254534
"83","2010-05-21",6.318017
"84","2010-05-24",6.278718
"85","2010-05-25",6.133615
"86","2010-05-26",6.124547
"87","2010-05-27",6.357316
"88","2010-05-28",6.369408
"89","2010-06-01",6.35127
"90","2010-06-02",6.387545
"91","2010-06-03",6.360339
"92","2010-06-04",6.045949
"93","2010-06-07",5.958283
"94","2010-06-08",5.795043
"95","2010-06-09",5.861548
"96","2010-06-10",6.045949
"97","2010-06-11",6.191052
"98","2010-06-14",6.272672
"99","2010-06-15",6.363361
"100","2010-06-16",6.417775
"101","2010-06-17",6.487304
"102","2010-06-18",6.49335
"103","2010-06-21",6.451028
"104","2010-06-22",6.272672
"105","2010-06-23",6.20919
"106","2010-06-24",6.058041
"107","2010-06-25",6.048972
"108","2010-06-28",6.082225
"109","2010-06-29",6.015719
"110","2010-06-30",5.946191
"111","2010-07-01",6.082225
"112","2010-07-02",6.055018
"113","2010-07-06",6.12757
"114","2010-07-07",6.520556
"115","2010-07-08",6.160822
"116","2010-07-09",5.876663
"117","2010-07-12",5.864571
"118","2010-07-13",5.912938
"119","2010-07-14",5.912938
"120","2010-07-15",5.822249
"121","2010-07-16",5.680169
"122","2010-07-19",5.677146
"123","2010-07-20",5.689238
"124","2010-07-21",5.737606
"125","2010-07-22",5.743652
"126","2010-07-23",5.846433
"127","2010-07-26",5.743652
"128","2010-07-27",5.704353
"129","2010-07-28",5.749698
"130","2010-07-29",5.755744
"131","2010-07-30",5.816203
"132","2010-08-02",5.801088
"133","2010-08-03",5.861548
"134","2010-08-04",5.92503
"135","2010-08-05",5.882709
"136","2010-08-06",6.109432
"137","2010-08-09",6.169891
"138","2010-08-10",6.175937
"139","2010-08-11",6.048972
"140","2010-08-12",6.257557
"141","2010-08-13",6.257557
"142","2010-08-16",6.136639
"143","2010-08-17",6.194075
"144","2010-08-18",6.17896
"145","2010-08-19",6.070133
"146","2010-08-20",6.06711
"147","2010-08-23",6.000605
"148","2010-08-24",5.915961
"149","2010-08-25",5.928053
"150","2010-08-26",5.834341
"151","2010-08-27",5.934099
"152","2010-08-30",5.943168
"153","2010-08-31",5.909915
"154","2010-09-01",6.018743
"155","2010-09-02",5.997581
"156","2010-09-03",5.982467
"157","2010-09-07",5.876663
"158","2010-09-08",5.98549
"159","2010-09-09",6.042926
"160","2010-09-10",6.100363
"161","2010-09-13",6.154776
"162","2010-09-14",6.169891
"163","2010-09-15",6.221282
"164","2010-09-16",6.181983
"165","2010-09-17",6.287787
"166","2010-09-20",6.296856
"167","2010-09-21",6.308948
"168","2010-09-22",6.266626
"169","2010-09-23",6.260581
"170","2010-09-24",6.281741
"171","2010-09-27",6.266626
"172","2010-09-28",6.293833
"173","2010-09-29",6.354292
"174","2010-09-30",6.375453
"175","2010-10-01",6.438936
"176","2010-10-04",6.438936
"177","2010-10-05",6.448005
"178","2010-10-06",6.508464
"179","2010-10-07",6.49335
"180","2010-10-08",6.508464
"181","2010-10-11",6.547763
"182","2010-10-12",6.562878
"183","2010-10-13",6.593108
"184","2010-10-14",6.417775
"185","2010-10-15",6.441959
"186","2010-10-18",6.405683
"187","2010-10-19",6.336155
"188","2010-10-20",6.408706
"189","2010-10-21",6.387545
"190","2010-10-22",6.348247
"191","2010-10-25",6.305925
"192","2010-10-26",6.37243
"193","2010-10-27",6.324063
"194","2010-10-28",6.345224
"195","2010-10-29",6.29081
"196","2010-11-01",6.296856
"197","2010-11-02",6.185006
"198","2010-11-03",6.29081
"199","2010-11-04",6.345224
"200","2010-11-05",6.704957
"201","2010-11-08",6.898428
"202","2010-11-09",6.683797
"203","2010-11-10",6.834946
"204","2010-11-11",6.8289
"205","2010-11-12",6.753325
"206","2010-11-15",6.735188
"207","2010-11-16",6.665659
"208","2010-11-17",6.584039
"209","2010-11-18",6.85006
"210","2010-11-19",7.055623
"211","2010-11-22",6.998186
"212","2010-11-23",6.88029
"213","2010-11-24",7.040508
"214","2010-11-26",6.777509
"215","2010-11-29",6.759371
"216","2010-11-30",6.632406
"217","2010-12-01",6.931681
"218","2010-12-02",7.167473
"219","2010-12-03",7.182588
"220","2010-12-06",7.400242
"221","2010-12-07",7.333736
"222","2010-12-08",7.35792
"223","2010-12-09",7.397219
"224","2010-12-10",7.237001
"225","2010-12-13",7.339782
"226","2010-12-14",7.342805
"227","2010-12-15",7.41838
"228","2010-12-16",7.333736
"229","2010-12-17",7.33676
"230","2010-12-20",7.321644
"231","2010-12-21",7.391173
"232","2010-12-22",7.354897
"233","2010-12-23",7.415357
"234","2010-12-27",7.481862
"235","2010-12-28",7.545345
"236","2010-12-29",7.705562
"237","2010-12-30",7.744861
"238","2010-12-31",7.793229
"239","2011-01-03",7.747884
"240","2011-01-04",7.484885
"241","2011-01-05",7.566505
"242","2011-01-06",7.481862
"243","2011-01-07",7.536276
"244","2011-01-10",7.527207
"245","2011-01-11",7.515115
"246","2011-01-12",7.406288
"247","2011-01-13",7.30653
"248","2011-01-14",7.333736
"249","2011-01-18",7.312575
"250","2011-01-19",7.394196
"251","2011-01-20",7.518138
"252","2011-01-21",7.524184
"253","2011-01-24",7.56046
"254","2011-01-25",7.554413
"255","2011-01-26",7.572551
"256","2011-01-27",7.575574
"257","2011-01-28",7.53023
"258","2011-01-31",7.623942
"259","2011-02-01",7.61185
"260","2011-02-02",7.675333
"261","2011-02-03",7.926239
"262","2011-02-04",7.856711
"263","2011-02-07",8.146916
"264","2011-02-08",8.273882
"265","2011-02-09",8.355502
"266","2011-02-10",8.162031
"267","2011-02-11",8.165054
"268","2011-02-14",8.310157
"269","2011-02-15",8.216445
"270","2011-02-16",8.292019
"271","2011-02-17",8.267836
"272","2011-02-18",8.470375
"273","2011-02-22",8.388755
"274","2011-02-23",8.246675
"275","2011-02-24",8.301088
"276","2011-02-25",8.285974
"277","2011-02-28",8.612454
"278","2011-03-01",8.624547
"279","2011-03-02",8.751512
"280","2011-03-03",8.981257
"281","2011-03-04",8.494558
"282","2011-03-07",8.627569
"283","2011-03-08",8.555018
"284","2011-03-09",8.530834
"285","2011-03-10",8.307135
"286","2011-03-11",8.542926
"287","2011-03-14",8.518743
"288","2011-03-15",8.409915
"289","2011-03-16",8.285974
"290","2011-03-17",8.213422
"291","2011-03-18",8.219468
"292","2011-03-21",8.307135
"293","2011-03-22",8.301088
"294","2011-03-23",8.292019
"295","2011-03-24",8.210399
"296","2011-03-25",8.20133
"297","2011-03-28",8.252721
"298","2011-03-29",8.216445
"299","2011-03-30",8.159008
"300","2011-03-31",8.159008
"301","2011-04-01",8.192261
"302","2011-04-04",8.192261
"303","2011-04-05",8.192261
"304","2011-04-06",8.246675
"305","2011-04-07",8.376662
"306","2011-04-08",8.346433
"307","2011-04-11",8.781741
"308","2011-04-12",8.754535
"309","2011-04-13",8.76058
"310","2011-04-14",8.669891
"311","2011-04-15",8.669891
"312","2011-04-18",8.48549
"313","2011-04-19",8.464329
"314","2011-04-20",8.334341
"315","2011-04-21",8.440145
"316","2011-04-25",8.216445
"317","2011-04-26",8.155986
"318","2011-04-27",8.162031
"319","2011-04-28",8.219468
"320","2011-04-29",8.267836
"321","2011-05-02",8.189239
"322","2011-05-03",8.110641
"323","2011-05-04",8.062273
"324","2011-05-05",8.02902
"325","2011-05-06",8.095526
"326","2011-05-09",8.083434
"327","2011-05-10",8.186215
"328","2011-05-11",8.128778
"329","2011-05-12",8.14994
"330","2011-05-13",8.080411
"331","2011-05-16",8.05925
"332","2011-05-17",7.950423
"333","2011-05-18",8.00786
"334","2011-05-19",7.950423
"335","2011-05-20",7.932285
"336","2011-05-23",7.896009
"337","2011-05-24",7.896009
"338","2011-05-25",7.992745
"339","2011-05-26",8.00786
"340","2011-05-27",8.125755
"341","2011-05-31",8.316203
"342","2011-06-01",8.047158
"343","2011-06-02",8.062273
"344","2011-06-03",7.986699
"345","2011-06-06",7.859734
"346","2011-06-07",7.868803
"347","2011-06-08",7.817412
"348","2011-06-09",7.871826
"349","2011-06-10",7.838573
"350","2011-06-13",7.899033
"351","2011-06-14",8.044135
"352","2011-06-15",8.050181
"353","2011-06-16",8.11971
"354","2011-06-17",8.137848
"355","2011-06-20",8.125755
"356","2011-06-21",8.174124
"357","2011-06-22",8.195284
"358","2011-06-23",8.162031
"359","2011-06-24",8.159008
"360","2011-06-27",8.116687
"361","2011-06-28",8.165054
"362","2011-06-29",8.249698
"363","2011-06-30",8.322249
"364","2011-07-01",8.379685
"365","2011-07-05",8.422008
"366","2011-07-06",8.331318
"367","2011-07-07",8.255744
"368","2011-07-08",8.264812
"369","2011-07-11",8.255744
"370","2011-07-12",8.249698
"371","2011-07-13",8.28295
"372","2011-07-14",8.264812
"373","2011-07-15",8.276904
"374","2011-07-18",8.074366
"375","2011-07-19",8.177146
"376","2011-07-20",8.098549
"377","2011-07-21",8.20133
"378","2011-07-22",8.276904
"379","2011-07-25",8.267836
"380","2011-07-26",8.128778
"381","2011-07-27",8.010882
"382","2011-07-28",8.010882
"383","2011-07-29",8.010882
"384","2011-08-01",8.05925
"385","2011-08-02",7.938331
"386","2011-08-03",7.962515
"387","2011-08-04",7.735792
"388","2011-08-05",7.590689
"389","2011-08-08",7.143289
"390","2011-08-09",7.330713
"391","2011-08-10",7.107013
"392","2011-08-11",7.366989
"393","2011-08-12",7.318622
"394","2011-08-15",7.496977
"395","2011-08-16",7.397219
"396","2011-08-17",7.119105
"397","2011-08-18",6.8289
"398","2011-08-19",6.886336
"399","2011-08-22",6.892382
"400","2011-08-23",6.723095
"401","2011-08-24",7.016324
"402","2011-08-25",6.904474
"403","2011-08-26",6.995163
"404","2011-08-29",7.315598
"405","2011-08-30",7.30653
"406","2011-08-31",7.303507
"407","2011-09-01",7.16445
"408","2011-09-02",6.847037
"409","2011-09-06",6.822854
"410","2011-09-07",7.001209
"411","2011-09-08",7.043531
"412","2011-09-09",7.097944
"413","2011-09-12",6.983071
"414","2011-09-13",7.170496
"415","2011-09-14",7.218863
"416","2011-09-15",7.249093
"417","2011-09-16",7.237001
"418","2011-09-19",7.16445
"419","2011-09-20",7.16445
"420","2011-09-21",7.097944
"421","2011-09-22",6.898428
"422","2011-09-23",6.952842
"423","2011-09-26",7.031439
"424","2011-09-27",7.119105
"425","2011-09-28",6.898428
"426","2011-09-29",6.995163
"427","2011-09-30",6.892382
"428","2011-10-03",6.623337
"429","2011-10-04",6.714026
"430","2011-10-05",6.73821
"431","2011-10-06",6.76844
"432","2011-10-07",6.928658
"433","2011-10-10",7.233978
"434","2011-10-11",6.898428
"435","2011-10-12",7.091898
"436","2011-10-13",7.113059
"437","2011-10-14",7.230955
"438","2011-10-17",6.995163
"439","2011-10-18",7.203749
"440","2011-10-19",7.258162
"441","2011-10-20",7.475816
"442","2011-10-21",7.578598
"443","2011-10-24",7.657195
"444","2011-10-25",7.617896
"445","2011-10-26",7.7237
"446","2011-10-27",8.168077
"447","2011-10-28",8.03809
"448","2011-10-31",7.989722
"449","2011-11-01",7.926239
"450","2011-11-02",8.02902
"451","2011-11-03",8.086457
"452","2011-11-04",8.452237
"453","2011-11-07",8.137848
"454","2011-11-08",8.137848
"455","2011-11-09",8.022975
"456","2011-11-10",8.162031
"457","2011-11-11",8.192261
"458","2011-11-14",7.9474
"459","2011-11-15",7.871826
"460","2011-11-16",7.892987
"461","2011-11-17",7.744861
"462","2011-11-18",7.602781
"463","2011-11-21",7.557436
"464","2011-11-22",7.729746
"465","2011-11-23",7.660218
"466","2011-11-25",7.787183
"467","2011-11-28",8.576179
"468","2011-11-29",8.73942
"469","2011-11-30",8.802902
"470","2011-12-01",8.766626
"471","2011-12-02",8.73035
"472","2011-12-05",8.818017
"473","2011-12-06",8.811971
"474","2011-12-07",8.796856
"475","2011-12-08",8.944982
"476","2011-12-09",9.017533
"477","2011-12-12",9.002419
"478","2011-12-13",8.917775
"479","2011-12-14",8.709189
"480","2011-12-15",8.76058
"481","2011-12-16",8.796856
"482","2011-12-19",8.763603
"483","2011-12-20",8.76965
"484","2011-12-21",8.772673
"485","2011-12-22",8.691052
"486","2011-12-23",8.630592
"487","2011-12-27",8.675937
"488","2011-12-28",8.624547
"489","2011-12-29",8.636639
"490","2011-12-30",8.6578
"491","2012-01-03",8.539904
"492","2012-01-04",8.642684
"493","2012-01-05",8.73942
"494","2012-01-06",8.73035
"495","2012-01-09",8.724305
"496","2012-01-10",8.700121
"497","2012-01-11",8.706167
"498","2012-01-12",8.878476
"499","2012-01-13",8.908706
"500","2012-01-17",8.839178
"501","2012-01-18",8.923821
"502","2012-01-19",8.929867
"503","2012-01-20",8.926844
"504","2012-01-23",8.969166
"505","2012-01-24",8.966143
"506","2012-01-25",8.954051
"507","2012-01-26",8.941958
"508","2012-01-27",9.026602
"509","2012-01-30",8.887546
"510","2012-01-31",8.672915
"511","2012-02-01",8.763603
"512","2012-02-02",8.772673
"513","2012-02-03",8.863361
"514","2012-02-06",8.914752
"515","2012-02-07",8.999395
"516","2012-02-08",9.114268
"517","2012-02-09",9.377267
"518","2012-02-10",9.416566
"519","2012-02-13",9.770254
"520","2012-02-14",9.682588
"521","2012-02-15",9.646312
"522","2012-02-16",9.63422
"523","2012-02-17",9.930471
"524","2012-02-21",10.105804
"525","2012-02-22",9.851874
"526","2012-02-23",9.927448
"527","2012-02-24",9.727932
"528","2012-02-27",9.655381
"529","2012-02-28",9.643289
"530","2012-02-29",9.628174
"531","2012-03-01",9.927448
"532","2012-03-02",9.900242
"533","2012-03-05",9.882104
"534","2012-03-06",9.776299
"535","2012-03-07",9.815598
"536","2012-03-08",9.882104
"537","2012-03-09",9.987908
"538","2012-03-12",9.939541
"539","2012-03-13",9.975816
"540","2012-03-14",9.83676
"541","2012-03-15",9.951632
"542","2012-03-16",9.981862
"543","2012-03-19",9.948609
"544","2012-03-20",9.96977
"545","2012-03-21",10.015115
"546","2012-03-22",10.151149
"547","2012-03-23",10.27509
"548","2012-03-26",10.377872
"549","2012-03-27",10.202539
"550","2012-03-28",10.232769
"551","2012-03-29",10.269045
"552","2012-03-30",10.338573
"553","2012-04-02",10.492744
"554","2012-04-03",10.408102
"555","2012-04-04",10.341597
"556","2012-04-05",10.474607
"557","2012-04-09",10.36578
"558","2012-04-10",10.27509
"559","2012-04-11",10.347642
"560","2012-04-12",10.489722
"561","2012-04-13",10.583434
"562","2012-04-16",10.420194
"563","2012-04-17",10.50786
"564","2012-04-18",10.58948
"565","2012-04-19",10.634825
"566","2012-04-20",10.592503
"567","2012-04-23",10.435308
"568","2012-04-24",10.583434
"569","2012-04-25",10.710399
"570","2012-04-26",10.831318
"571","2012-04-27",10.861547
"572","2012-04-30",10.87364
"573","2012-05-01",10.804111
"574","2012-05-02",10.958283
"575","2012-05-03",11.042926
"576","2012-05-04",11.469166
"577","2012-05-07",11.695889
"578","2012-05-08",11.505442
"579","2012-05-09",11.454051
"580","2012-05-10",11.647521
"581","2012-05-11",11.623338
"582","2012-05-14",11.59613
"583","2012-05-15",11.581016
"584","2012-05-16",11.487304
"585","2012-05-17",11.172915
"586","2012-05-18",10.964329
"587","2012-05-21",11.151753
"588","2012-05-22",11.203144
"589","2012-05-23",11.194075
"590","2012-05-24",11.287787
"591","2012-05-25",11.139662
"592","2012-05-29",11.357316
"593","2012-05-30",11.366385
"594","2012-05-31",11.333132
"595","2012-06-01",10.958283
"596","2012-06-04",10.792019
"597","2012-06-05",10.758766
"598","2012-06-06",10.937122
"599","2012-06-07",10.864571
"600","2012-06-08",10.906893
"601","2012-06-11",10.728537
"602","2012-06-12",11.018743
"603","2012-06-13",10.592503
"604","2012-06-14",10.795042
"605","2012-06-15",10.825272
"606","2012-06-18",11.14873
"607","2012-06-19",11.088271
"608","2012-06-20",11.336155
"609","2012-06-21",11.070133
"610","2012-06-22",11.369408
"611","2012-06-25",11.218259
"612","2012-06-26",11.112454
"613","2012-06-27",11.293833
"614","2012-06-28",11.127569
"615","2012-06-29",11.318017
"616","2012-07-02",11.726118
"617","2012-07-03",11.762394
"618","2012-07-05",11.729141
"619","2012-07-06",11.571947
"620","2012-07-09",11.375453
"621","2012-07-10",11.26058
"622","2012-07-11",11.169891
"623","2012-07-12",11.003628
"624","2012-07-13",11.061064
"625","2012-07-16",10.882709
"626","2012-07-17",10.825272
"627","2012-07-18",10.716445
"628","2012-07-19",10.680169
"629","2012-07-20",10.662031
"630","2012-07-23",10.498791
"631","2012-07-24",10.628778
"632","2012-07-25",10.73156
"633","2012-07-26",10.849456
"634","2012-07-27",10.900846
"635","2012-07-30",10.900846
"636","2012-07-31",10.958283
"637","2012-08-01",10.918984
"638","2012-08-02",10.95526
"639","2012-08-03",11.245465
"640","2012-08-06",11.263603
"641","2012-08-07",11.357316
"642","2012-08-08",11.484281
"643","2012-08-09",11.43289
"644","2012-08-10",11.345223
"645","2012-08-13",11.381499
"646","2012-08-14",11.333132
"647","2012-08-15",11.556832
"648","2012-08-16",11.608223
"649","2012-08-17",11.810761
"650","2012-08-20",11.907497
"651","2012-08-21",11.91052
"652","2012-08-22",11.886336
"653","2012-08-23",12.167473
"654","2012-08-24",12.518138
"655","2012-08-27",12.551391
"656","2012-08-28",12.802298
"657","2012-08-29",12.817412
"658","2012-08-30",12.717654
"659","2012-08-31",12.759975
"660","2012-09-04",12.77509
"661","2012-09-05",12.675332
"662","2012-09-06",12.793228
"663","2012-09-07",12.666264
"664","2012-09-10",12.660217
"665","2012-09-11",12.41838
"666","2012-09-12",12.651149
"667","2012-09-13",12.78416
"668","2012-09-14",12.548368
"669","2012-09-17",12.605804
"670","2012-09-18",12.623942
"671","2012-09-19",12.451632
"672","2012-09-20",12.460701
"673","2012-09-21",12.539299
"674","2012-09-24",12.128174
"675","2012-09-25",12.034462
"676","2012-09-26",12.034462
"677","2012-09-27",12.173519
"678","2012-09-28",12.173519
"679","2012-10-01",12.16445
"680","2012-10-02",12.212817
"681","2012-10-03",12.209794
"682","2012-10-04",12.264208
"683","2012-10-05",12.149335
"684","2012-10-08",12.227932
"685","2012-10-09",12.16445
"686","2012-10-10",12.125151
"687","2012-10-11",12.034462
"688","2012-10-12",11.983071
"689","2012-10-15",11.967957
"690","2012-10-16",12.218863
"691","2012-10-17",12.258162
"692","2012-10-18",12.24607
"693","2012-10-19",12.300484
"694","2012-10-22",12.487908
"695","2012-10-23",12.41838
"696","2012-10-24",12.445586
"697","2012-10-25",12.448609
"698","2012-10-26",12.249093
"699","2012-10-31",12.442563
"700","2012-11-01",12.518138
"701","2012-11-02",12.53023
"702","2012-11-05",12.83555
"703","2012-11-06",13.234583
"704","2012-11-07",13.225513
"705","2012-11-08",13.171101
"706","2012-11-09",13.140871
"707","2012-11-12",13.128778
"708","2012-11-13",13.267836
"709","2012-11-14",13.104595
"710","2012-11-15",13.092503
"711","2012-11-16",13.530834
"712","2012-11-19",13.385732
"713","2012-11-20",13.261789
"714","2012-11-21",13.270859
"715","2012-11-23",13.243651
"716","2012-11-26",13.152963
"717","2012-11-27",13.080411
"718","2012-11-28",13.128778
"719","2012-11-29",13.246675
"720","2012-11-30",13.240629
"721","2012-12-03",12.905079
"722","2012-12-04",12.968561
"723","2012-12-05",12.998791
"724","2012-12-06",13.198307
"725","2012-12-07",13.195284
"726","2012-12-10",13.37364
"727","2012-12-11",13.385732
"728","2012-12-12",13.576179
"729","2012-12-13",13.521766
"730","2012-12-14",13.521766
"731","2012-12-17",13.555018
"732","2012-12-18",13.539904
"733","2012-12-19",13.685006
"734","2012-12-20",13.621524
"735","2012-12-21",13.482467
"736","2012-12-24",13.47642
"737","2012-12-26",13.319226
"738","2012-12-27",13.307135
"739","2012-12-28",13.228537
"740","2012-12-31",13.406893
"741","2013-01-02",13.724305
"742","2013-01-03",13.73035
"743","2013-01-04",13.688029
"744","2013-01-07",14.041717
"745","2013-01-08",13.975211
"746","2013-01-09",14.123338
"747","2013-01-10",14.12636
"748","2013-01-11",14.244256
"749","2013-01-14",14.307739
"750","2013-01-15",14.446795
"751","2013-01-16",14.362152
"752","2013-01-17",14.673519
"753","2013-01-18",14.800484
"754","2013-01-22",14.963724
"755","2013-01-23",15
"756","2013-01-24",15.039299
"757","2013-01-25",15.17231
"758","2013-01-28",15.084643
"759","2013-01-29",15.096735
"760","2013-01-30",15.544135
"761","2013-01-31",15.725513
"762","2013-02-01",15.915961
"763","2013-02-04",15.837364
"764","2013-02-05",15.752721
"765","2013-02-06",16.124546
"766","2013-02-07",16.390568
"767","2013-02-08",16.729141
"768","2013-02-11",16.556831
"769","2013-02-12",16.795647
"770","2013-02-13",17.218863
"771","2013-02-14",17.034462
"772","2013-02-15",17.025393
"773","2013-02-19",17.107014
"774","2013-02-20",16.801693
"775","2013-02-21",16.913544
"776","2013-02-22",16.910521
"777","2013-02-25",16.671705
"778","2013-02-26",16.62636
"779","2013-02-27",16.65659
"780","2013-02-28",16.904474
"781","2013-03-01",16.871222
"782","2013-03-04",16.986094
"783","2013-03-05",17.034462
"784","2013-03-06",16.907497
"785","2013-03-07",16.907497
"786","2013-03-08",16.943773
"787","2013-03-11",16.913544
"788","2013-03-12",16.753325
"789","2013-03-13",16.774487
"790","2013-03-14",17.022369
"791","2013-03-15",16.868198
"792","2013-03-18",17.070738
"793","2013-03-19",16.958887
"794","2013-03-20",16.910521
"795","2013-03-21",16.964933
"796","2013-03-22",17.230955
"797","2013-03-25",17.197702
"798","2013-03-26",17.034462
"799","2013-03-27",17.037485
"800","2013-03-28",17.412334
"801","2013-04-01",17.255138
"802","2013-04-02",17.282347
"803","2013-04-03",16.974003
"804","2013-04-04",16.922611
"805","2013-04-05",17.137243
"806","2013-04-08",17.243048
"807","2013-04-09",17.249094
"808","2013-04-10",17.330713
"809","2013-04-11",17.267231
"810","2013-04-12",17.167473
"811","2013-04-15",16.720072
"812","2013-04-16",17.049578
"813","2013-04-17",16.889359
"814","2013-04-18",16.74728
"815","2013-04-19",16.977026
"816","2013-04-22",17.179565
"817","2013-04-23",17.028416
"818","2013-04-24",16.928658
"819","2013-04-25",17.140266
"820","2013-04-26",17.052599
"821","2013-04-29",17.524183
"822","2013-04-30",18.219467
"823","2013-05-01",18.062273
"824","2013-05-02",18.288996
"825","2013-05-03",18.352478
"826","2013-05-06",18.02902
"827","2013-05-07",18.025997
"828","2013-05-08",18.328295
"829","2013-05-09",18.307135
"830","2013-05-10",18.307135
"831","2013-05-13",18.431076
"832","2013-05-14",18.712214
"833","2013-05-15",18.90266
"834","2013-05-16",18.678961
"835","2013-05-17",18.591293
"836","2013-05-20",18.110641
"837","2013-05-21",18.122732
"838","2013-05-22",17.817411
"839","2013-05-23",17.962515
"840","2013-05-24",17.968561
"841","2013-05-28",17.91717
"842","2013-05-29",17.759975
"843","2013-05-30",17.826481
"844","2013-05-31",17.69347
"845","2013-06-03",17.784159
"846","2013-06-04",17.847643
"847","2013-06-05",17.717653
"848","2013-06-06",17.808344
"849","2013-06-07",18.125755
"850","2013-06-10",18.159008
"851","2013-06-11",17.986698
"852","2013-06-12",17.817411
"853","2013-06-13",17.974607
"854","2013-06-14",18.010883
"855","2013-06-17",18.422007
"856","2013-06-18",18.34341
"857","2013-06-19",18.355501
"858","2013-06-20",17.820435
"859","2013-06-21",17.536276
"860","2013-06-24",17.403265
"861","2013-06-25",17.406288
"862","2013-06-26",17.415358
"863","2013-06-27",17.756952
"864","2013-06-28",17.911125
"865","2013-07-01",18.022974
"866","2013-07-02",18.035067
"867","2013-07-03",18.18017
"868","2013-07-05",18.579203
"869","2013-07-08",18.59734
"870","2013-07-09",18.591293
"871","2013-07-10",18.636639
"872","2013-07-11",18.893591
"873","2013-07-12",18.941959
"874","2013-07-15",18.935913
"875","2013-07-16",18.799879
"876","2013-07-17",18.524788
"877","2013-07-18",18.636639
"878","2013-07-19",18.700121
"879","2013-07-22",18.657799
"880","2013-07-23",18.630592
"881","2013-07-24",18.337364
"882","2013-07-25",18.03809
"883","2013-07-26",18.165054
"884","2013-07-29",18.00786
"885","2013-07-30",17.720676
"886","2013-07-31",17.826481
"887","2013-08-01",18.074366
"888","2013-08-02",18.301088
"889","2013-08-05",17.953445
"890","2013-08-06",18.001814
"891","2013-08-07",18.101572
"892","2013-08-08",18.258766
"893","2013-08-09",18.379686
"894","2013-08-12",18.192261
"895","2013-08-13",18.071342
"896","2013-08-14",17.696493
"897","2013-08-15",17.442564
"898","2013-08-16",17.312576
"899","2013-08-19",17.200726
"900","2013-08-20",17.660217
"901","2013-08-21",17.717653
"902","2013-08-22",17.85671
"903","2013-08-23",17.91717
"904","2013-08-26",17.953445
"905","2013-08-27",17.617895
"906","2013-08-28",17.439541
"907","2013-08-29",17.593712
"908","2013-08-30",17.593712
"909","2013-09-03",17.608828
"910","2013-09-04",17.536276
"911","2013-09-05",16.919588
"912","2013-09-06",16.853083
"913","2013-09-09",16.892382
"914","2013-09-10",16.523579
"915","2013-09-11",16.653566
"916","2013-09-12",16.925634
"917","2013-09-13",16.922611
"918","2013-09-16",16.904474
"919","2013-09-17",17.140266
"920","2013-09-18",17.194679
"921","2013-09-19",17.088875
"922","2013-09-20",17.100967
"923","2013-09-23",17.010279
"924","2013-09-24",17.061668
"925","2013-09-25",17.385126
"926","2013-09-26",17.620918
"927","2013-09-27",17.702539
"928","2013-09-30",17.554413
"929","2013-10-01",17.775091
"930","2013-10-02",17.805321
"931","2013-10-03",17.654171
"932","2013-10-04",17.811367
"933","2013-10-07",17.406288
"934","2013-10-08",17.209795
"935","2013-10-09",17.049578
"936","2013-10-10",17.212818
"937","2013-10-11",17.394196
"938","2013-10-14",17.44861
"939","2013-10-15",17.303507
"940","2013-10-16",17.373035
"941","2013-10-17",17.487907
"942","2013-10-18",17.493954
"943","2013-10-21",17.623941
"944","2013-10-22",18.013906
"945","2013-10-23",18.34341
"946","2013-10-24",18.358524
"947","2013-10-25",18.527811
"948","2013-10-28",18.358524
"949","2013-10-29",18.512697
"950","2013-10-30",18.334341
"951","2013-10-31",18.295042
"952","2013-11-01",17.669287
"953","2013-11-04",17.351873
"954","2013-11-05",17.46977
"955","2013-11-06",17.230955
"956","2013-11-07",16.765417
"957","2013-11-08",16.856106
"958","2013-11-11",17.007256
"959","2013-11-12",16.877268
"960","2013-11-13",17.179565
"961","2013-11-14",17.206772
"962","2013-11-15",17.203749
"963","2013-11-18",16.99214
"964","2013-11-19",16.934704
"965","2013-11-20",16.865175
"966","2013-11-21",16.922611
"967","2013-11-22",16.889359
"968","2013-11-25",16.756348
"969","2013-11-26",16.853083
"970","2013-11-27",17.019346
"971","2013-11-29",17.037485
"972","2013-12-02",16.889359
"973","2013-12-03",16.922611
"974","2013-12-04",16.847038
"975","2013-12-05",16.958887
"976","2013-12-06",17.004232
"977","2013-12-09",17.215841
"978","2013-12-10",16.94982
"979","2013-12-11",16.674728
"980","2013-12-12",16.414753
"981","2013-12-13",16.599154
"982","2013-12-16",16.565901
"983","2013-12-17",16.6052
"984","2013-12-18",16.59613
"985","2013-12-19",16.635429
"986","2013-12-20",16.771463
"987","2013-12-23",16.804716
"988","2013-12-24",16.904474
"989","2013-12-26",17.140266
"990","2013-12-27",17.167473
"991","2013-12-30",17.460701
"992","2013-12-31",17.406288
"993","2014-01-02",17.373035
"994","2014-01-03",17.475817
"995","2014-01-06",17.439541
"996","2014-01-07",17.264208
"997","2014-01-08",17.152357
"998","2014-01-09",17.131197
"999","2014-01-10",17.194679
"1000","2014-01-13",17.125151
"1001","2014-01-14",17.221886
"1002","2014-01-15",17.194679
"1003","2014-01-16",17.191656
"1004","2014-01-17",17.067715
"1005","2014-01-21",17.034462
"1006","2014-01-22",16.974003
"1007","2014-01-23",16.998186
"1008","2014-01-24",16.952841
"1009","2014-01-27",16.910521
"1010","2014-01-28",17.125151
"1011","2014-01-29",17.079807
"1012","2014-01-30",17.636034
"1013","2014-01-31",17.542322
"1014","2014-02-03",17.373035
"1015","2014-02-04",17.218863
"1016","2014-02-05",17.309553
"1017","2014-02-06",17.702539
"1018","2014-02-07",17.348852
"1019","2014-02-10",17.778114
"1020","2014-02-11",17.868803
"1021","2014-02-12",17.868803
"1022","2014-02-13",17.932285
"1023","2014-02-14",18.077389
"1024","2014-02-18",17.965538
"1025","2014-02-19",17.935308
"1026","2014-02-20",17.633011
"1027","2014-02-21",17.687424
"1028","2014-02-24",17.702539
"1029","2014-02-25",17.778114
"1030","2014-02-26",17.805321
"1031","2014-02-27",17.756952
"1032","2014-02-28",17.233978
"1033","2014-03-03",17.415358
"1034","2014-03-04",17.182589
"1035","2014-03-05",17.016325
"1036","2014-03-06",17.53023
"1037","2014-03-07",17.44861
"1038","2014-03-10",17.397219
"1039","2014-03-11",17.418379
"1040","2014-03-12",17.445587
"1041","2014-03-13",17.376059
"1042","2014-03-14",17.53023
"1043","2014-03-17",17.557436
"1044","2014-03-18",17.762999
"1045","2014-03-19",17.859734
"1046","2014-03-20",17.759975
"1047","2014-03-21",17.636034
"1048","2014-03-24",17.563482
"1049","2014-03-25",17.218863
"1050","2014-03-26",16.964933
"1051","2014-03-27",16.744257
"1052","2014-03-28",17.14329
"1053","2014-03-31",17.16445
"1054","2014-04-01",17.297461
"1055","2014-04-02",16.998186
"1056","2014-04-03",17.303507
"1057","2014-04-04",17.363966
"1058","2014-04-07",16.677752
"1059","2014-04-08",16.998186
"1060","2014-04-09",16.94075
"1061","2014-04-10",16.653566
"1062","2014-04-11",16.336155
"1063","2014-04-14",16.478235
"1064","2014-04-15",16.581017
"1065","2014-04-16",16.701935
"1066","2014-04-17",16.759371
"1067","2014-04-21",16.620314
"1068","2014-04-22",16.76844
"1069","2014-04-23",16.735188
"1070","2014-04-24",16.828899
"1071","2014-04-25",16.783554
"1072","2014-04-28",16.714027
"1073","2014-04-29",16.517532
"1074","2014-04-30",16.505442
"1075","2014-05-01",16.653566
"1076","2014-05-02",15.55925
"1077","2014-05-05",15.290206
"1078","2014-05-06",14.978839
"1079","2014-05-07",14.712817
"1080","2014-05-08",14.873035
"1081","2014-05-09",15.033253
"1082","2014-05-12",15.114873
"1083","2014-05-13",15.060459
"1084","2014-05-14",15.024184
"1085","2014-05-15",15.060459
"1086","2014-05-16",15.166264
"1087","2014-05-19",15.36578
"1088","2014-05-20",15.435308
"1089","2014-05-21",15.480653
"1090","2014-05-22",15.486699
"1091","2014-05-23",15.640871
"1092","2014-05-27",15.846433
"1093","2014-05-28",15.864571
"1094","2014-05-29",16.051994
"1095","2014-05-30",16.581017
"1096","2014-06-02",16.707981
"1097","2014-06-03",16.922611
"1098","2014-06-04",16.989117
"1099","2014-06-05",17.064692
"1100","2014-06-06",17.32769
"1101","2014-06-09",17.433495
"1102","2014-06-10",17.249094
"1103","2014-06-11",17.330713
"1104","2014-06-12",17.412334
"1105","2014-06-13",17.466747
"1106","2014-06-16",18.02902
"1107","2014-06-17",17.977631
"1108","2014-06-18",17.923216
"1109","2014-06-19",18.107618
"1110","2014-06-20",18.044136
"1111","2014-06-23",18.258766
"1112","2014-06-24",18.083433
"1113","2014-06-25",18.25272
"1114","2014-06-26",18.249699
"1115","2014-06-27",18.703144
"1116","2014-06-30",18.878477
"1117","2014-07-01",18.681984
"1118","2014-07-02",18.657799
"1119","2014-07-03",18.830109
"1120","2014-07-07",18.639662
"1121","2014-07-08",18.56711
"1122","2014-07-09",18.814995
"1123","2014-07-10",18.57618
"1124","2014-07-11",18.506651
"1125","2014-07-14",18.285973
"1126","2014-07-15",18.367594
"1127","2014-07-16",18.73035
"1128","2014-07-17",18.660822
"1129","2014-07-18",18.636639
"1130","2014-07-21",18.385731
"1131","2014-07-22",18.204353
"1132","2014-07-23",18.23156
"1133","2014-07-24",18.243652
"1134","2014-07-25",18.216446
"1135","2014-07-28",18.177147
"1136","2014-07-29",18.240629
"1137","2014-07-30",18.086456
"1138","2014-07-31",17.938332
"1139","2014-08-01",18.152962
"1140","2014-08-04",18.128778
"1141","2014-08-05",18.116686
"1142","2014-08-06",18.004837
"1143","2014-08-07",17.899033
"1144","2014-08-08",17.965538
"1145","2014-08-11",18.189238
"1146","2014-08-12",18.134825
"1147","2014-08-13",18.500605
"1148","2014-08-14",18.391777
"1149","2014-08-15",18.509674
"1150","2014-08-18",18.960096
"1151","2014-08-19",18.996372
"1152","2014-08-20",19.649336
"1153","2014-08-21",19.235188
"1154","2014-08-22",19.673519
"1155","2014-08-25",20.03023
"1156","2014-08-26",20.181379
"1157","2014-08-27",20.326481
"1158","2014-08-28",20.018137
"1159","2014-08-29",20.211609
"1160","2014-09-02",20.217653
"1161","2014-09-03",19.842806
"1162","2014-09-04",19.721886
"1163","2014-09-05",19.63422
"1164","2014-09-08",19.85792
"1165","2014-09-09",19.773277
"1166","2014-09-10",19.866989
"1167","2014-09-11",19.900242
"1168","2014-09-12",20.181379
"1169","2014-09-15",20.081621
"1170","2014-09-16",20.093712
"1171","2014-09-17",19.993954
"1172","2014-09-18",19.936518
"1173","2014-09-19",19.927448
"1174","2014-09-22",19.94861
"1175","2014-09-23",20.259975
"1176","2014-09-24",20.226723
"1177","2014-09-25",20.102781
"1178","2014-09-26",20.133011
"1179","2014-09-29",20.090689
"1180","2014-09-30",19.987907
"1181","2014-10-01",19.422611
"1182","2014-10-02",19.138453
"1183","2014-10-03",19.486094
"1184","2014-10-06",19.207981
"1185","2014-10-07",19.310762
"1186","2014-10-08",19.528416
"1187","2014-10-09",19.404474
"1188","2014-10-10",19.09613
"1189","2014-10-13",18.316204
"1190","2014-10-14",18.216446
"1191","2014-10-15",18.657799
"1192","2014-10-16",18.748489
"1193","2014-10-17",19.044741
"1194","2014-10-20",19.189842
"1195","2014-10-21",19.446796
"1196","2014-10-22",19.15659
"1197","2014-10-23",19.528416
"1198","2014-10-24",19.576784
"1199","2014-10-27",19.885126
"1200","2014-10-28",22.064692
"1201","2014-10-29",22.587666
"1202","2014-10-30",22.394196
"1203","2014-10-31",22.902056
"1204","2014-11-03",22.750906
"1205","2014-11-04",22.645103
"1206","2014-11-05",22.681379
"1207","2014-11-06",22.636034
"1208","2014-11-07",22.717653
"1209","2014-11-10",22.575575
"1210","2014-11-11",22.52116
"1211","2014-11-12",22.593712
"1212","2014-11-13",22.285368
"1213","2014-11-14",22.221886
"1214","2014-11-17",22.158403
"1215","2014-11-18",22.131197
"1216","2014-11-19",22.001209
"1217","2014-11-20",21.934704
"1218","2014-11-21",21.686819
"1219","2014-11-24",21.880291
"1220","2014-11-25",21.998186
"1221","2014-11-26",22.037485
"1222","2014-11-28",22.079807
"1223","2014-12-01",21.834946
"1224","2014-12-02",21.871222
"1225","2014-12-03",21.995163
"1226","2014-12-04",21.925634
"1227","2014-12-05",22.321644
"1228","2014-12-08",22.224909
"1229","2014-12-09",22.064692
"1230","2014-12-10",21.828899
"1231","2014-12-11",21.96191
"1232","2014-12-12",21.922611
"1233","2014-12-15",21.653566
"1234","2014-12-16",21.405684
"1235","2014-12-17",21.59613
"1236","2014-12-18",21.955864
"1237","2014-12-19",22.69347
"1238","2014-12-22",22.726723
"1239","2014-12-23",22.738815
"1240","2014-12-24",22.829504
"1241","2014-12-26",22.753929
"1242","2014-12-29",22.995768
"1243","2014-12-30",22.811367
"1244","2014-12-31",22.750906
"1245","2015-01-02",22.750906
"1246","2015-01-05",22.412334
"1247","2015-01-06",22.354897
"1248","2015-01-07",22.391172
"1249","2015-01-08",22.636034
"1250","2015-01-09",22.315599
"1251","2015-01-12",22.324667
"1252","2015-01-13",22.330713
"1253","2015-01-14",21.928658
"1254","2015-01-15",21.816807
"1255","2015-01-16",22.264208
"1256","2015-01-20",22.097944
"1257","2015-01-21",22.122128
"1258","2015-01-22",22.590689
"1259","2015-01-23",22.536276
"1260","2015-01-26",22.687424
"1261","2015-01-27",22.738815
"1262","2015-01-28",22.720676
"1263","2015-01-29",22.862757
"1264","2015-01-30",22.899033
"1265","2015-02-02",22.908102
"1266","2015-02-03",23.301088
"1267","2015-02-04",23.301088
"1268","2015-02-05",23.101572
"1269","2015-02-06",23.612455
"1270","2015-02-09",23.301088
"1271","2015-02-10",23.754534
"1272","2015-02-11",23.376663
"1273","2015-02-12",23.636639
"1274","2015-02-13",23.796856
"1275","2015-02-17",23.742443
"1276","2015-02-18",23.600363
"1277","2015-02-19",23.506651
"1278","2015-02-20",23.73942
"1279","2015-02-23",23.917774
"1280","2015-02-24",23.905684
"1281","2015-02-25",23.802902
"1282","2015-02-26",23.715237
"1283","2015-02-27",23.685005
"1284","2015-03-02",23.824062
"1285","2015-03-03",23.733374
"1286","2015-03-04",23.440145
"1287","2015-03-05",23.273882
"1288","2015-03-06",22.989721
"1289","2015-03-09",23.022974
"1290","2015-03-10",22.784159
"1291","2015-03-11",22.935308
"1292","2015-03-12",23.219467
"1293","2015-03-13",23.636639
"1294","2015-03-16",23.521765
"1295","2015-03-17",23.733374
"1296","2015-03-18",24.038694
"1297","2015-03-19",23.981258
"1298","2015-03-20",24.138453
"1299","2015-03-23",24.353083
"1300","2015-03-24",24.422611
"1301","2015-03-25",24.253325
"1302","2015-03-26",24.032648
"1303","2015-03-27",24.404474
"1304","2015-03-30",25.525997
"1305","2015-03-31",25.589479
"1306","2015-04-01",25.35671
"1307","2015-04-02",25.368803
"1308","2015-04-06",25.374849
"1309","2015-04-07",25.087666
"1310","2015-04-08",25.256952
"1311","2015-04-09",25.16324
"1312","2015-04-10",25.208586
"1313","2015-04-13",24.912334
"1314","2015-04-14",25.145103
"1315","2015-04-15",25.136034
"1316","2015-04-16",24.993954
"1317","2015-04-17",24.915358
"1318","2015-04-20",25.081621
"1319","2015-04-21",24.873035
"1320","2015-04-22",24.85792
"1321","2015-04-23",24.68561
"1322","2015-04-24",24.706772
"1323","2015-04-27",24.540508
"1324","2015-04-28",24.752115
"1325","2015-04-29",24.779324
"1326","2015-04-30",24.274487
"1327","2015-05-01",25.090689
"1328","2015-05-04",25.616686
"1329","2015-05-05",25.238815
"1330","2015-05-06",25.232769
"1331","2015-05-07",25.332527
"1332","2015-05-08",25.226723
"1333","2015-05-11",24.996977
"1334","2015-05-12",25.033253
"1335","2015-05-13",24.936518
"1336","2015-05-14",25.447401
"1337","2015-05-15",25.41717
"1338","2015-05-18",25.773882
"1339","2015-05-19",25.816204
"1340","2015-05-20",25.997581
"1341","2015-05-21",25.825272
"1342","2015-05-22",25.985489
"1343","2015-05-26",25.979445
"1344","2015-05-27",26.248489
"1345","2015-05-28",26.169891
"1346","2015-05-29",25.825272
"1347","2015-06-01",25.725513
"1348","2015-06-02",25.668077
"1349","2015-06-03",26.079203
"1350","2015-06-04",25.961306
"1351","2015-06-05",26.1185
"1352","2015-06-08",25.683193
"1353","2015-06-09",25.813181
"1354","2015-06-10",25.743652
"1355","2015-06-11",25.879686
"1356","2015-06-12",25.761789
"1357","2015-06-15",25.713423
"1358","2015-06-16",25.725513
"1359","2015-06-17",25.659008
"1360","2015-06-18",25.788996
"1361","2015-06-19",25.749699
"1362","2015-06-22",25.858524
"1363","2015-06-23",25.801088
"1364","2015-06-24",25.468561
"1365","2015-06-25",25.592503
"1366","2015-06-26",25.362757
"1367","2015-06-29",24.921402
"1368","2015-06-30",25.238815
"1369","2015-07-01",25.36578
"1370","2015-07-02",25.256952
"1371","2015-07-06",25.181379
"1372","2015-07-07",25.14208
"1373","2015-07-08",24.7763
"1374","2015-07-09",24.876059
"1375","2015-07-10",25.05139
"1376","2015-07-13",25.290205
"1377","2015-07-14",25.423216
"1378","2015-07-15",25.169287
"1379","2015-07-16",25.262999
"1380","2015-07-17",24.888149
"1381","2015-07-20",24.876059
"1382","2015-07-21",24.594921
"1383","2015-07-22",24.724909
"1384","2015-07-23",24.543531
"1385","2015-07-24",24.271463
"1386","2015-07-27",24.82769
"1387","2015-07-28",24.848852
"1388","2015-07-29",25.253929
"1389","2015-07-30",25.184401
"1390","2015-07-31",25.211609
"1391","2015-08-03",24.96977
"1392","2015-08-04",25.175333
"1393","2015-08-05",23.494558
"1394","2015-08-06",23.107618
"1395","2015-08-07",23.775696
"1396","2015-08-10",23.636639
"1397","2015-08-11",23.056227
"1398","2015-08-12",23.041113
"1399","2015-08-13",23.2104
"1400","2015-08-14",23.285973
"1401","2015-08-17",23.79081
"1402","2015-08-18",23.636639
"1403","2015-08-19",23.101572
"1404","2015-08-20",22.16445
"1405","2015-08-21",21.774487
"1406","2015-08-24",20.810158
"1407","2015-08-25",21.369408
"1408","2015-08-26",21.197098
"1409","2015-08-27",21.499395
"1410","2015-08-28",21.472189
"1411","2015-08-31",21.293833
"1412","2015-09-01",21.275696
"1413","2015-09-02",21.42382
"1414","2015-09-03",21.496372
"1415","2015-09-04",21.523579
"1416","2015-09-08",21.99214
"1417","2015-09-09",22.273277
"1418","2015-09-10",22.013302
"1419","2015-09-11",22.076784
"1420","2015-09-14",22.261185
"1421","2015-09-15",22.853687
"1422","2015-09-16",22.892986
"1423","2015-09-17",23.3948
"1424","2015-09-18",22.974607
"1425","2015-09-21",22.738815
"1426","2015-09-22",22.188633
"1427","2015-09-23",22.091898
"1428","2015-09-24",22.103991
"1429","2015-09-25",21.405684
"1430","2015-09-28",20.792019
"1431","2015-09-29",20.798065
"1432","2015-09-30",21.807739
"1433","2015-10-01",18.75
"1434","2015-10-02",19.34
"1435","2015-10-05",19.57
"1436","2015-10-06",20.08
"1437","2015-10-07",19.959999
"1438","2015-10-08",20.08
"1439","2015-10-09",20.17
"1440","2015-10-12",19.969999
"1441","2015-10-13",20.120001
"1442","2015-10-14",20.25
"1443","2015-10-15",20.370001
"1444","2015-10-16",20.139999
"1445","2015-10-19",20.18
"1446","2015-10-20",19.99
"1447","2015-10-21",20.049999
"1448","2015-10-22",19.780001
"1449","2015-10-23",20.16
"1450","2015-10-26",20.27
"1451","2015-10-27",20
"1452","2015-10-28",20.58
"1453","2015-10-29",20.68
"1454","2015-10-30",20.52
"1455","2015-11-02",21.52
"1456","2015-11-03",21.33
"1457","2015-11-04",20.879999
"1458","2015-11-05",20.32
"1459","2015-11-06",20.92
"1460","2015-11-09",21.02
"1461","2015-11-10",20.93
"1462","2015-11-11",21.110001
"1463","2015-11-12",20.84
"1464","2015-11-13",20.83
"1465","2015-11-16",20.360001
"1466","2015-11-17",20.799999
"1467","2015-11-18",20.110001
"1468","2015-11-19",20.1
"1469","2015-11-20",20
"1470","2015-11-23",19.93
"1471","2015-11-24",19.75
"1472","2015-11-25",19.879999
"1473","2015-11-27",19.950001
"1474","2015-11-30",19.780001
"1475","2015-12-01",19.93
"1476","2015-12-02",19.860001
"1477","2015-12-03",20.01
"1478","2015-12-04",20.059999
"1479","2015-12-07",20.030001
"1480","2015-12-08",20.15
"1481","2015-12-09",20.25
"1482","2015-12-10",20.389999
"1483","2015-12-11",20.27
"1484","2015-12-14",20.190001
"1485","2015-12-15",20.23
"1486","2015-12-16",20.73
"1487","2015-12-17",20.67
"1488","2015-12-18",20.700001
"1489","2015-12-21",20.91
"1490","2015-12-22",20.870001
"1491","2015-12-23",20.809999
"1492","2015-12-24",21.1
"1493","2015-12-28",20.860001
"1494","2015-12-29",21.110001
"1495","2015-12-30",20.799999
"1496","2015-12-31",20.799999
"1497","2016-01-04",20.23
"1498","2016-01-05",20.309999
"1499","2016-01-06",20.040001
"1500","2016-01-07",19.4
"1501","2016-01-08",19.65
"1502","2016-01-11",19.809999
"1503","2016-01-12",20
"1504","2016-01-13",19.559999
"1505","2016-01-14",20.1
"1506","2016-01-15",19.5
"1507","2016-01-19",17.9
"1508","2016-01-20",17.51
"1509","2016-01-21",17.690001
"1510","2016-01-22",18.27
"1511","2016-01-25",17.9
"1512","2016-01-26",16.93
"1513","2016-01-27",17.450001
"1514","2016-01-28",17.1
"1515","2016-01-29",17.49
"1516","2016-02-01",17.32
"1517","2016-02-02",17.01
"1518","2016-02-03",17.32
"1519","2016-02-04",17.42
"1520","2016-02-05",17.129999
"1521","2016-02-08",16.49
"1522","2016-02-09",15.99
"1523","2016-02-10",15.92
"1524","2016-02-11",15.35
"1525","2016-02-12",15.61
"1526","2016-02-16",15.75
"1527","2016-02-17",15.64
"1528","2016-02-18",15.54
"1529","2016-02-19",15.67
"1530","2016-02-22",15.7
"1531","2016-02-23",15.64
"1532","2016-02-24",15.97
"1533","2016-02-25",15.82
"1534","2016-02-26",16.549999
"1535","2016-02-29",16.42
"1536","2016-03-01",16.85
"1537","2016-03-02",17
"1538","2016-03-03",17.1
"1539","2016-03-04",17.219999
"1540","2016-03-07",17.99
"1541","2016-03-08",18.09
"1542","2016-03-09",18.1
"1543","2016-03-10",17.389999
"1544","2016-03-11",17.84
"1545","2016-03-14",17.709999
"1546","2016-03-15",17.110001
"1547","2016-03-16",17.27
"1548","2016-03-17",17.73
"1549","2016-03-18",17.57
"1550","2016-03-21",17.76
"1551","2016-03-22",17.49
"1552","2016-03-23",17.299999
"1553","2016-03-24",16.74
"1554","2016-03-28",16.780001
"1555","2016-03-29",17.23
"1556","2016-03-30",17.110001
"1557","2016-03-31",17.290001
"1558","2016-04-01",17.200001
"1559","2016-04-04",17.030001
"1560","2016-04-05",16.940001
"1561","2016-04-06",17.01
"1562","2016-04-07",16.389999
"1563","2016-04-08",16.459999
"1564","2016-04-11",16.459999
"1565","2016-04-12",16.52
"1566","2016-04-13",16.860001
"1567","2016-04-14",16.93
"1568","2016-04-15",16.77
"1569","2016-04-18",16.709999
"1570","2016-04-19",16.9
"1571","2016-04-20",16.700001
"1572","2016-04-21",16.6
"1573","2016-04-22",17.25
"1574","2016-04-25",17.120001
"1575","2016-04-26",17.540001
"1576","2016-04-27",17.120001
"1577","2016-04-28",17.299999
"1578","2016-04-29",17.09
"1579","2016-05-02",17.139999
"1580","2016-05-03",16.85
"1581","2016-05-04",17.42
"1582","2016-05-05",17.23
"1583","2016-05-06",17.200001
"1584","2016-05-09",17.280001
"1585","2016-05-10",17.1
"1586","2016-05-11",16.85
"1587","2016-05-12",16.68
"1588","2016-05-13",16.43
"1589","2016-05-16",16.43
"1590","2016-05-17",16.35
"1591","2016-05-18",16.559999
"1592","2016-05-19",16.559999
"1593","2016-05-20",16.73
"1594","2016-05-23",16.75
"1595","2016-05-24",16.82
"1596","2016-05-25",16.709999
"1597","2016-05-26",16.799999
"1598","2016-05-27",17.1
"1599","2016-05-31",17.309999
"1600","2016-06-01",17.57
"1601","2016-06-02",17.74
"1602","2016-06-03",17.65
"1603","2016-06-06",17.780001
"1604","2016-06-07",17.629999
"1605","2016-06-08",17.42
"1606","2016-06-09",17.23
"1607","2016-06-10",17.030001
"1608","2016-06-13",16.58
"1609","2016-06-14",16.35
"1610","2016-06-15",17
"1611","2016-06-16",17.110001
"1612","2016-06-17",16.99
"1613","2016-06-20",16.9
"1614","2016-06-21",16.1
"1615","2016-06-22",16.4
"1616","2016-06-23",16.77
"1617","2016-06-24",15.92
"1618","2016-06-27",15.25
"1619","2016-06-28",15.31
"1620","2016-06-29",15.51
"1621","2016-06-30",15.34
"1622","2016-07-01",15.19
"1623","2016-07-05",15.05
"1624","2016-07-06",15.04
"1625","2016-07-07",15.26
"1626","2016-07-08",15.74
"1627","2016-07-11",16.1
"1628","2016-07-12",16.530001
"1629","2016-07-13",16.35
"1630","2016-07-14",16.290001
"1631","2016-07-15",16.209999
"1632","2016-07-18",16.26
"1633","2016-07-19",16.25
"1634","2016-07-20",16.299999
"1635","2016-07-21",16.299999
"1636","2016-07-22",16.15
"1637","2016-07-25",16.01
"1638","2016-07-26",16.15
"1639","2016-07-27",16.16
"1640","2016-07-28",16.059999
"1641","2016-07-29",16.049999
"1642","2016-08-01",15.84
"1643","2016-08-02",15.2
"1644","2016-08-03",15.63
"1645","2016-08-04",15.26
"1646","2016-08-05",15.4
"1647","2016-08-08",15.53
"1648","2016-08-09",15.46
"1649","2016-08-10",15.38
"1650","2016-08-11",15.76
"1651","2016-08-12",15.69
"1652","2016-08-15",16.809999
"1653","2016-08-16",16.93
"1654","2016-08-17",17.129999
"1655","2016-08-18",18.120001
"1656","2016-08-19",18.889999
"1657","2016-08-22",18.5
"1658","2016-08-23",18.620001
"1659","2016-08-24",17.959999
"1660","2016-08-25",17.860001
"1661","2016-08-26",17.709999
"1662","2016-08-29",17.6
"1663","2016-08-30",17.549999
"1664","2016-08-31",17.48
"1665","2016-09-01",17.35
"1666","2016-09-02",17.48
"1667","2016-09-06",17.34
"1668","2016-09-07",17.879999
"1669","2016-09-08",17.9
"1670","2016-09-09",17.59
"1671","2016-09-12",17.67
"1672","2016-09-13",17.709999
"1673","2016-09-14",17.639999
"1674","2016-09-15",17.809999
"1675","2016-09-16",18.129999
"1676","2016-09-19",18.25
"1677","2016-09-20",18.07
"1678","2016-09-21",18.200001
"1679","2016-09-22",18.379999
"1680","2016-09-23",18.440001
"1681","2016-09-26",18.030001
"1682","2016-09-27",18.15
"1683","2016-09-28",18.41
"1684","2016-09-29",18.440001
"1685","2016-09-30",18.610001
"1686","2016-10-03",18.809999
"1687","2016-10-04",18.780001
"1688","2016-10-05",19.110001
"1689","2016-10-06",19
"1690","2016-10-07",18.700001
"1691","2016-10-10",19.129999
"1692","2016-10-11",18.75
"1693","2016-10-12",18.75
"1694","2016-10-13",18.379999
"1695","2016-10-14",18.42
"1696","2016-10-17",18.35
"1697","2016-10-18",18.65
"1698","2016-10-19",19.1
"1699","2016-10-20",18.799999
"1700","2016-10-21",19.299999
"1701","2016-10-24",19.25
"1702","2016-10-25",19.4
"1703","2016-10-26",19.299999
"1704","2016-10-27",19.200001
"1705","2016-10-28",19.4
"1706","2016-10-31",19.1
"1707","2016-11-01",19.049999
"1708","2016-11-02",18.799999
"1709","2016-11-03",18.75
"1710","2016-11-04",18.75
"1711","2016-11-07",19.15
"1712","2016-11-08",19
"1713","2016-11-09",19.25
"1714","2016-11-10",19.299999
"1715","2016-11-11",20.299999
"1716","2016-11-14",20.450001
"1717","2016-11-15",20.200001
"1718","2016-11-16",19.799999
"1719","2016-11-17",20.15
"1720","2016-11-18",19.75
"1721","2016-11-21",19.5
"1722","2016-11-22",19.6
"1723","2016-11-23",19.6
"1724","2016-11-25",19.9
"1725","2016-11-28",19.700001
"1726","2016-11-29",20
"1727","2016-11-30",20.450001
"1728","2016-12-01",20.549999
"1729","2016-12-02",20.700001
"1730","2016-12-05",21.5
"1731","2016-12-06",21.15
"1732","2016-12-07",21.65
"1733","2016-12-08",21.200001
"1734","2016-12-09",21.299999
"1735","2016-12-12",20.049999
"1736","2016-12-13",20.75
"1737","2016-12-14",21.15
"1738","2016-12-15",21.450001
"1739","2016-12-16",21.200001
"1740","2016-12-19",21.299999
"1741","2016-12-20",21.450001
"1742","2016-12-21",21.75
"1743","2016-12-22",21.6
"1744","2016-12-23",21.450001
"1745","2016-12-27",21.5
"1746","2016-12-28",21.299999
"1747","2016-12-29",21.299999
"1748","2016-12-30",21.5
"1749","2017-01-03",21.85
"1750","2017-01-04",22.6
"1751","2017-01-05",22.6
"1752","2017-01-06",22.950001
"1753","2017-01-09",22.950001
"1754","2017-01-10",22.5
"1755","2017-01-11",22.25
"1756","2017-01-12",22.25
"1757","2017-01-13",22.200001
"1758","2017-01-17",22.15
"1759","2017-01-18",21.85
"1760","2017-01-19",21.9
"1761","2017-01-20",21.799999
"1762","2017-01-23",21.9
"1763","2017-01-24",22.1
"1764","2017-01-25",22.25
"1765","2017-01-26",22.65
"1766","2017-01-27",22.35
"1767","2017-01-30",22.700001
"1768","2017-01-31",23.200001
"1769","2017-02-01",23.1
"1770","2017-02-02",21.9
"1771","2017-02-03",21.65
"1772","2017-02-06",21.799999
"1773","2017-02-07",21.5
"1774","2017-02-08",21.6
"1775","2017-02-09",21.950001
"1776","2017-02-10",22
"1777","2017-02-13",22
"1778","2017-02-14",21.9
"1779","2017-02-15",21.85
"1780","2017-02-16",21.700001
"1781","2017-02-17",21.4
"1782","2017-02-21",21.6
"1783","2017-02-22",22.299999
"1784","2017-02-23",22.549999
"1785","2017-02-24",22.299999
"1786","2017-02-27",22.4
"1787","2017-02-28",21.799999
"1788","2017-03-01",21.9
"1789","2017-03-02",22.049999
"1790","2017-03-03",22.299999
"1791","2017-03-06",22.450001
"1792","2017-03-07",22.049999
"1793","2017-03-08",22.299999
"1794","2017-03-09",22.700001
"1795","2017-03-10",22.9
"1796","2017-03-13",23.200001
"1797","2017-03-14",23
"1798","2017-03-15",23.200001
"1799","2017-03-16",23.049999
"1800","2017-03-17",23.049999
"1801","2017-03-20",23
"1802","2017-03-21",22.549999
"1803","2017-03-22",22.5
"1804","2017-03-23",22.4
"1805","2017-03-24",22.5
"1806","2017-03-27",22.6
"1807","2017-03-28",22.700001
"1808","2017-03-29",23.1
"1809","2017-03-30",23.4
"1810","2017-03-31",23.35
"1811","2017-04-03",22.950001
"1812","2017-04-04",24.450001
"1813","2017-04-05",23.85
"1814","2017-04-06",23.950001
"1815","2017-04-07",24.200001
"1816","2017-04-10",24.5
"1817","2017-04-11",24.549999
"1818","2017-04-12",24.4
"1819","2017-04-13",24.299999
"1820","2017-04-17",24.299999
"1821","2017-04-18",24.15
"1822","2017-04-19",24.049999
"1823","2017-04-20",24.15
"1824","2017-04-21",24.4
"1825","2017-04-24",24.549999
"1826","2017-04-25",24.75
"1827","2017-04-26",25.15
"1828","2017-04-27",24.950001
"1829","2017-04-28",24.950001
"1830","2017-05-01",24.950001
"1831","2017-05-02",24.549999
"1832","2017-05-03",23.4
"1833","2017-05-04",23.25
"1834","2017-05-05",23.549999
"1835","2017-05-08",23.35
"1836","2017-05-09",23.25
"1837","2017-05-10",23.299999
"1838","2017-05-11",23.5
"1839","2017-05-12",23.5
"1840","2017-05-15",23.200001
"1841","2017-05-16",23.049999
"1842","2017-05-17",21.700001
"1843","2017-05-18",21.25
"1844","2017-05-19",21.75
"1845","2017-05-22",21.549999
"1846","2017-05-23",21.450001
"1847","2017-05-24",21.299999
"1848","2017-05-25",21.25
"1849","2017-05-26",21.450001
"1850","2017-05-30",21.25
"1851","2017-05-31",21.049999
"1852","2017-06-01",21.6
"1853","2017-06-02",21.549999
"1854","2017-06-05",21.1
"1855","2017-06-06",21.1
"1856","2017-06-07",21.75
"1857","2017-06-08",22.049999
"1858","2017-06-09",22
"1859","2017-06-12",22.200001
"1860","2017-06-13",22.049999
"1861","2017-06-14",21.75
"1862","2017-06-15",21.9
"1863","2017-06-16",22.049999
"1864","2017-06-19",22.15
"1865","2017-06-20",21.6
"1866","2017-06-21",21.549999
"1867","2017-06-22",21.799999
"1868","2017-06-23",22
"1869","2017-06-26",22.4
"1870","2017-06-27",22.35
"1871","2017-06-28",22.799999
"1872","2017-06-29",22.549999
"1873","2017-06-30",22.450001
"1874","2017-07-03",22.4
"1875","2017-07-05",22.25
"1876","2017-07-06",22.450001
"1877","2017-07-07",22.75
"1878","2017-07-10",22.9
"1879","2017-07-11",23
"1880","2017-07-12",23
"1881","2017-07-13",23.299999
"1882","2017-07-14",23
"1883","2017-07-17",23.049999
"1884","2017-07-18",21.200001
"1885","2017-07-19",21.15
"1886","2017-07-20",21.5
"1887","2017-07-21",21.15
"1888","2017-07-24",21.5
"1889","2017-07-25",21.4
"1890","2017-07-26",21.6
"1891","2017-07-27",21.75
"1892","2017-07-28",21.85
"1893","2017-07-31",21.4
"1894","2017-08-01",21.450001
"1895","2017-08-02",21.25
"1896","2017-08-03",21.049999
"1897","2017-08-04",20.25
"1898","2017-08-07",20.950001
"1899","2017-08-08",21.049999
"1900","2017-08-09",20.85
"1901","2017-08-10",20.549999
"1902","2017-08-11",20.700001
"1903","2017-08-14",20.4
"1904","2017-08-15",20.25
"1905","2017-08-16",20.25
"1906","2017-08-17",20.25
"1907","2017-08-18",20.549999
"1908","2017-08-21",20.75
"1909","2017-08-22",21
"1910","2017-08-23",20.200001
"1911","2017-08-24",20.65
"1912","2017-08-25",20.700001
"1913","2017-08-28",20.799999
"1914","2017-08-29",20.700001
"1915","2017-08-30",21.049999
"1916","2017-08-31",21.450001
"1917","2017-09-01",21.6
"1918","2017-09-05",21.299999
"1919","2017-09-06",21.450001
"1920","2017-09-07",21.1
"1921","2017-09-08",20.75
"1922","2017-09-11",20.799999
"1923","2017-09-12",20.549999
"1924","2017-09-13",20.700001
"1925","2017-09-14",20.85
"1926","2017-09-15",21.25
"1927","2017-09-18",20.4
"1928","2017-09-19",20.5
"1929","2017-09-20",20.6
"1930","2017-09-21",20.700001
"1931","2017-09-22",20.799999
"1932","2017-09-25",21
"1933","2017-09-26",20.9
"1934","2017-09-27",21.35
"1935","2017-09-28",21.25
"1936","2017-09-29",21.200001
"1937","2017-10-02",21.299999
"1938","2017-10-03",21.35
"1939","2017-10-04",21.799999
"1940","2017-10-05",21.9
"1941","2017-10-06",22.049999
"1942","2017-10-09",21.299999
"1943","2017-10-10",21.299999
"1944","2017-10-11",21.299999
"1945","2017-10-12",20.5
"1946","2017-10-13",20.75
"1947","2017-10-16",20.75
"1948","2017-10-17",20.85
"1949","2017-10-18",21.35
"1950","2017-10-19",21.049999
"1951","2017-10-20",21.1
"1952","2017-10-23",20.799999
"1953","2017-10-24",20.35
"1954","2017-10-25",20.15
"1955","2017-10-26",19.950001
"1956","2017-10-27",19.700001
"1957","2017-10-30",19.35
"1958","2017-10-31",17.35
"1959","2017-11-01",17
"1960","2017-11-02",17.299999
"1961","2017-11-03",17.049999
"1962","2017-11-06",17.15
"1963","2017-11-07",16.950001
"1964","2017-11-08",17.1
"1965","2017-11-09",17.1
"1966","2017-11-10",17.200001
"1967","2017-11-13",16.799999
"1968","2017-11-14",16.450001
"1969","2017-11-15",16.6
"1970","2017-11-16",17.1
"1971","2017-11-17",17.299999
"1972","2017-11-20",17.25
"1973","2017-11-21",17.450001
"1974","2017-11-22",17.5
"1975","2017-11-24",17.5
"1976","2017-11-27",16.65
"1977","2017-11-28",17.65
"1978","2017-11-29",18.200001
"1979","2017-11-30",17.85
"1980","2017-12-01",18.049999
"1981","2017-12-04",19.35
"1982","2017-12-05",19.299999
"1983","2017-12-06",18.950001
"1984","2017-12-07",19.4
"1985","2017-12-08",19.549999
"1986","2017-12-11",19.65
"1987","2017-12-12",19.6
"1988","2017-12-13",19.549999
"1989","2017-12-14",19.75
"1990","2017-12-15",19.799999
"1991","2017-12-18",20.4
"1992","2017-12-19",20.25
"1993","2017-12-20",20.299999
"1994","2017-12-21",20.549999
"1995","2017-12-22",20.299999
"1996","2017-12-26",20.299999
"1997","2017-12-27",20.299999
"1998","2017-12-28",20.1
"1999","2017-12-29",20.25
"2000","2018-01-02",21.1
"2001","2018-01-03",21.15
"2002","2018-01-04",20.549999
"2003","2018-01-05",20.75
"2004","2018-01-08",20.85
"2005","2018-01-09",20.6
"2006","2018-01-10",20.65
"2007","2018-01-11",21.25
"2008","2018-01-12",21.6
"2009","2018-01-16",21.549999
"2010","2018-01-17",21.4
"2011","2018-01-18",21.950001
"2012","2018-01-19",22.35
"2013","2018-01-22",22.450001
"2014","2018-01-23",22.25
"2015","2018-01-24",22.25
"2016","2018-01-25",22.35
"2017","2018-01-26",23.049999
"2018","2018-01-29",23.6
"2019","2018-01-30",23.9
"2020","2018-01-31",24
"2021","2018-02-01",25.5
"2022","2018-02-02",25.799999
"2023","2018-02-05",25.15
"2024","2018-02-06",25.799999
"2025","2018-02-07",24.700001
"2026","2018-02-08",23.700001
"2027","2018-02-09",23.25
"2028","2018-02-12",23.85
"2029","2018-02-13",24.1
"2030","2018-02-14",24.4
"2031","2018-02-15",24.9
"2032","2018-02-16",25.049999
"2033","2018-02-20",25.1
"2034","2018-02-21",25.1
"2035","2018-02-22",24.65
"2036","2018-02-23",25.049999
"2037","2018-02-26",25.6
"2038","2018-02-27",24.85
"2039","2018-02-28",24.4
"2040","2018-03-01",24.049999
"2041","2018-03-02",24.25
"2042","2018-03-05",24.6
"2043","2018-03-06",24.5
"2044","2018-03-07",24.450001
"2045","2018-03-08",24.799999
"2046","2018-03-09",25.299999
"2047","2018-03-12",25.25
"2048","2018-03-13",25.200001
"2049","2018-03-14",25.15
"2050","2018-03-15",24.950001
"2051","2018-03-16",25.049999
"2052","2018-03-19",24.75
"2053","2018-03-20",23.85
"2054","2018-03-21",23.950001
"2055","2018-03-22",23.35
"2056","2018-03-23",22.65
"2057","2018-03-26",23.200001
"2058","2018-03-27",23.15
"2059","2018-03-28",23.049999
"2060","2018-03-29",22.6
"2061","2018-04-02",22
"2062","2018-04-03",22.200001
"2063","2018-04-04",22.65
"2064","2018-04-05",22.9
"2065","2018-04-06",22.549999
"2066","2018-04-09",22.4
"2067","2018-04-10",22.6
"2068","2018-04-11",22.549999
"2069","2018-04-12",22.4
"2070","2018-04-13",22.35
"2071","2018-04-16",22.700001
"2072","2018-04-17",22.75
"2073","2018-04-18",22.75
"2074","2018-04-19",22.85
"2075","2018-04-20",22.549999
"2076","2018-04-23",22.75
"2077","2018-04-24",23
"2078","2018-04-25",22.9
"2079","2018-04-26",23.200001
"2080","2018-04-27",21.6
"2081","2018-04-30",20.5
"2082","2018-05-01",20.700001
"2083","2018-05-02",20.5
"2084","2018-05-03",18.65
"2085","2018-05-04",19.200001
"2086","2018-05-07",19.200001
"2087","2018-05-08",18.85
"2088","2018-05-09",18.85
"2089","2018-05-10",19.049999
"2090","2018-05-11",19.200001
"2091","2018-05-14",19.85
"2092","2018-05-15",19.75
"2093","2018-05-16",19.799999
"2094","2018-05-17",19.950001
"2095","2018-05-18",20.049999
"2096","2018-05-21",19.9
"2097","2018-05-22",20.25
"2098","2018-05-23",19.75
"2099","2018-05-24",19.65
"2100","2018-05-25",19.950001
"2101","2018-05-29",19.549999
"2102","2018-05-30",19.65
"2103","2018-05-31",19.299999
"2104","2018-06-01",19.299999
"2105","2018-06-04",19.700001
"2106","2018-06-05",19.65
"2107","2018-06-06",19.75
"2108","2018-06-07",19.75
"2109","2018-06-08",19.700001
"2110","2018-06-11",20
"2111","2018-06-12",20.35
"2112","2018-06-13",20.200001
"2113","2018-06-14",20.549999
"2114","2018-06-15",22.1
"2115","2018-06-18",21.9
"2116","2018-06-19",22.5
"2117","2018-06-20",23.4
"2118","2018-06-21",23.25
"2119","2018-06-22",23.1
"2120","2018-06-25",23
"2121","2018-06-26",22.6
"2122","2018-06-27",22.9
"2123","2018-06-28",24.299999
"2124","2018-06-29",23.950001
"2125","2018-07-02",23.85
"2126","2018-07-03",23.25
"2127","2018-07-05",23.65
"2128","2018-07-06",23.799999
"2129","2018-07-09",24.6
"2130","2018-07-10",24.35
"2131","2018-07-11",24
"2132","2018-07-12",23.65
"2133","2018-07-13",23.299999
"2134","2018-07-16",24.15
"2135","2018-07-17",23.35
"2136","2018-07-18",23.450001
"2137","2018-07-19",23.6
"2138","2018-07-20",23.450001
"2139","2018-07-23",23.299999
"2140","2018-07-24",22.65
"2141","2018-07-25",22.75
"2142","2018-07-26",22.9
"2143","2018-07-27",22.85
"2144","2018-07-30",22.700001
"2145","2018-07-31",23.549999
"2146","2018-08-01",23.049999
"2147","2018-08-02",23
"2148","2018-08-03",23.15
"2149","2018-08-06",23.299999
"2150","2018-08-07",22.9
"2151","2018-08-08",23.1
"2152","2018-08-09",23.200001
"2153","2018-08-10",23.049999
"2154","2018-08-13",22.799999
"2155","2018-08-14",23.049999
"2156","2018-08-15",23.35
"2157","2018-08-16",23.700001
"2158","2018-08-17",24.450001
"2159","2018-08-20",24.799999
"2160","2018-08-21",25.25
"2161","2018-08-22",24.5
"2162","2018-08-23",24.6
"2163","2018-08-24",24.799999
"2164","2018-08-27",25.049999
"2165","2018-08-28",25.049999
"2166","2018-08-29",24.9
"2167","2018-08-30",25.049999
"2168","2018-08-31",24.299999
"2169","2018-09-04",24.15
"2170","2018-09-05",24.15
"2171","2018-09-06",23.85
"2172","2018-09-07",24.25
"2173","2018-09-10",24.549999
"2174","2018-09-11",24.65
"2175","2018-09-12",25.1
"2176","2018-09-13",24.450001
"2177","2018-09-14",24.35
"2178","2018-09-17",24.35
"2179","2018-09-18",24.35
"2180","2018-09-19",23.75
"2181","2018-09-20",24.35
"2182","2018-09-21",24.85
"2183","2018-09-24",24.9
"2184","2018-09-25",24.85
"2185","2018-09-26",25.4
"2186","2018-09-27",25.6
"2187","2018-09-28",25.799999
"2188","2018-10-01",25.780001
"2189","2018-10-02",26.01
"2190","2018-10-03",26.700001
"2191","2018-10-04",27
"2192","2018-10-05",26.82
"2193","2018-10-08",26.16
"2194","2018-10-09",26.1
"2195","2018-10-10",25.57
"2196","2018-10-11",25.190001
"2197","2018-10-12",24.860001
"2198","2018-10-15",25.67
"2199","2018-10-16",26.52
"2200","2018-10-17",26.530001
"2201","2018-10-18",25.93
"2202","2018-10-19",26.51
"2203","2018-10-22",27.59
"2204","2018-10-23",27.66
"2205","2018-10-24",24.889999
"2206","2018-10-25",25.26
"2207","2018-10-26",23.860001
"2208","2018-10-29",24.09
"2209","2018-10-30",25.68
"2210","2018-10-31",25.549999
"2211","2018-11-01",26.370001
"2212","2018-11-02",25.52
"2213","2018-11-05",26.459999
"2214","2018-11-06",26.620001
"2215","2018-11-07",25.26
"2216","2018-11-08",26.049999
"2217","2018-11-09",25.530001
"2218","2018-11-12",25.540001
"2219","2018-11-13",25.91
"2220","2018-11-14",25.969999
"2221","2018-11-15",25.84
"2222","2018-11-16",26.09
"2223","2018-11-19",25.24
"2224","2018-11-20",25.74
"2225","2018-11-21",26.799999
"2226","2018-11-23",26.49
"2227","2018-11-26",26.959999
"2228","2018-11-27",26.91
"2229","2018-11-28",27.49
"2230","2018-11-29",27.58
"2231","2018-11-30",26.780001
"2232","2018-12-03",26.51
"2233","2018-12-04",25.139999
"2234","2018-12-06",25.99
"2235","2018-12-07",26.02
"2236","2018-12-10",25.209999
"2237","2018-12-11",24.959999
"2238","2018-12-12",24.68
"2239","2018-12-13",24.200001
"2240","2018-12-14",24.16
"2241","2018-12-17",24.18
"2242","2018-12-18",24.01
"2243","2018-12-19",24.07
"2244","2018-12-20",23.74
"2245","2018-12-21",23.110001
"2246","2018-12-24",22.24
"2247","2018-12-26",23.030001
"2248","2018-12-27",22.92
"2249","2018-12-28",23.5
"2250","2018-12-31",23.559999
"2251","2019-01-02",24.24
"2252","2019-01-03",24.23
"2253","2019-01-04",24.6
"2254","2019-01-07",24.389999
"2255","2019-01-08",25.129999
"2256","2019-01-09",25.299999
"2257","2019-01-10",25.49
"2258","2019-01-11",25.25
"2259","2019-01-14",24.200001
"2260","2019-01-15",22.48
"2261","2019-01-16",22.58
"2262","2019-01-17",22.889999
"2263","2019-01-18",22.5
"2264","2019-01-22",21.889999
"2265","2019-01-23",22.32
"2266","2019-01-24",22.27
"2267","2019-01-25",22.190001
"2268","2019-01-28",22.33
"2269","2019-01-29",22.559999
"2270","2019-01-30",22.26
"2271","2019-01-31",22.4
"2272","2019-02-01",22.41
"2273","2019-02-04",23
"2274","2019-02-05",22.440001
"2275","2019-02-06",22.049999
"2276","2019-02-07",22.860001
"2277","2019-02-08",22.879999
"2278","2019-02-11",22.5
"2279","2019-02-12",22.49
"2280","2019-02-13",22.83
"2281","2019-02-14",22.73
"2282","2019-02-15",22.950001
"2283","2019-02-19",23.049999
"2284","2019-02-20",23.450001
"2285","2019-02-21",23.700001
"2286","2019-02-22",24.280001
"2287","2019-02-25",23.459999
"2288","2019-02-26",23.93
"2289","2019-02-27",24.219999
"2290","2019-02-28",24.139999
"2291","2019-03-01",24.190001
"2292","2019-03-04",23.5
"2293","2019-03-05",23.33
"2294","2019-03-06",23.24
"2295","2019-03-07",22.98
"2296","2019-03-08",22.92
"2297","2019-03-11",23.030001
"2298","2019-03-12",23.059999
"2299","2019-03-13",23.02
"2300","2019-03-14",22.59
"2301","2019-03-15",22
"2302","2019-03-18",23.4
"2303","2019-03-19",22.76
"2304","2019-03-20",22.209999
"2305","2019-03-21",22.219999
"2306","2019-03-22",21.860001
"2307","2019-03-25",22.059999
"2308","2019-03-26",22.1
"2309","2019-03-27",21.76
"2310","2019-03-28",21.690001
"2311","2019-03-29",21.75
"2312","2019-04-01",22.08
"2313","2019-04-02",22
"2314","2019-04-03",22
"2315","2019-04-04",22.200001
"2316","2019-04-05",22.309999
"2317","2019-04-08",22.5
"2318","2019-04-09",22.68
"2319","2019-04-10",23.16
"2320","2019-04-11",22.92
"2321","2019-04-12",23.01
"2322","2019-04-15",23.059999
"2323","2019-04-16",23
"2324","2019-04-17",23.129999
"2325","2019-04-18",23.16
"2326","2019-04-22",22.83
"2327","2019-04-23",23.1
"2328","2019-04-24",23.360001
"2329","2019-04-25",22.889999
"2330","2019-04-26",22.799999
"2331","2019-04-29",23.450001
"2332","2019-04-30",23.030001
"2333","2019-05-01",23.629999
"2334","2019-05-02",22.35
"2335","2019-05-03",21.450001
"2336","2019-05-06",22.209999
"2337","2019-05-07",22.17
"2338","2019-05-08",22.200001
"2339","2019-05-09",22.07
"2340","2019-05-10",22.370001
"2341","2019-05-13",21.92
"2342","2019-05-14",22.379999
"2343","2019-05-15",21.85
"2344","2019-05-16",22.09
"2345","2019-05-17",22.17
"2346","2019-05-20",21.950001
"2347","2019-05-21",22.41
"2348","2019-05-22",21.93
"2349","2019-05-23",21.73
"2350","2019-05-24",21.07
"2351","2019-05-28",21.290001
"2352","2019-05-29",20.620001
"2353","2019-05-30",20.719999
"2354","2019-05-31",21.110001
"2355","2019-06-03",21.219999
"2356","2019-06-04",21.799999
"2357","2019-06-05",21.6
"2358","2019-06-06",21.459999
"2359","2019-06-07",21.610001
"2360","2019-06-10",21.700001
"2361","2019-06-11",20.65
"2362","2019-06-12",21.07
"2363","2019-06-13",21.48
"2364","2019-06-14",20.780001
"2365","2019-06-17",20.690001
"2366","2019-06-18",20.959999
"2367","2019-06-19",21.41
"2368","2019-06-20",21.51
"2369","2019-06-21",21.299999
"2370","2019-06-24",21.120001
"2371","2019-06-25",20.59
"2372","2019-06-26",20
"2373","2019-06-27",20.309999
"2374","2019-06-28",20.74
"2375","2019-07-01",20.389999
"2376","2019-07-02",20.57
"2377","2019-07-03",20.49
"2378","2019-07-05",20.9
"2379","2019-07-08",20.450001
"2380","2019-07-09",20.639999
"2381","2019-07-10",20.6
"2382","2019-07-11",20.75
"2383","2019-07-12",20.889999
"2384","2019-07-15",20.77
"2385","2019-07-16",20.76
"2386","2019-07-17",20.51
"2387","2019-07-18",20.219999
"2388","2019-07-19",19.040001
"2389","2019-07-22",18.940001
"2390","2019-07-23",18.860001
"2391","2019-07-24",19.190001
"2392","2019-07-25",18.959999
"2393","2019-07-26",18.99
"2394","2019-07-29",18.9
"2395","2019-07-30",19.030001
"2396","2019-07-31",18.99
"2397","2019-08-01",18.309999
"2398","2019-08-02",18.620001
"2399","2019-08-05",18.48
"2400","2019-08-06",18.24
"2401","2019-08-07",18.280001
"2402","2019-08-08",18.559999
"2403","2019-08-09",18.280001
"2404","2019-08-12",18.209999
"2405","2019-08-13",18.23
"2406","2019-08-14",17.23
"2407","2019-08-15",16.92
"2408","2019-08-16",17.15
"2409","2019-08-19",17.440001
"2410","2019-08-20",16.85
"2411","2019-08-21",14.76
"2412","2019-08-22",14.56
"2413","2019-08-23",14.03
"2414","2019-08-26",13.86
"2415","2019-08-27",13.82
"2416","2019-08-28",14.15
"2417","2019-08-29",14.32
"2418","2019-08-30",16.4
"2419","2019-09-03",16.610001
"2420","2019-09-04",16.610001
"2421","2019-09-05",17.049999
"2422","2019-09-06",17.08
"2423","2019-09-09",17.1
"2424","2019-09-10",17.35
"2425","2019-09-11",17.34
"2426","2019-09-12",17.17
"2427","2019-09-13",16.940001
"2428","2019-09-16",17.219999
"2429","2019-09-17",17.049999
"2430","2019-09-18",17.129999
"2431","2019-09-19",17.049999
"2432","2019-09-20",17
"2433","2019-09-23",17.15
"2434","2019-09-24",17
"2435","2019-09-25",17.129999
"2436","2019-09-26",16.799999
"2437","2019-09-27",16.32
"2438","2019-09-30",16.219999
"2439","2019-10-01",16.559999
"2440","2019-10-02",16.139999
"2441","2019-10-03",16.15
"2442","2019-10-04",15.81
"2443","2019-10-07",15.89
"2444","2019-10-08",15.44
"2445","2019-10-09",15.73
"2446","2019-10-10",15.51
"2447","2019-10-11",15.89
"2448","2019-10-14",15.75
"2449","2019-10-15",16.16
"2450","2019-10-16",16.15
"2451","2019-10-17",16.59
"2452","2019-10-18",16.25
"2453","2019-10-21",16.18
"2454","2019-10-22",16.379999
"2455","2019-10-23",16.49
"2456","2019-10-24",16.309999
"2457","2019-10-25",16.42
"2458","2019-10-28",16.52
"2459","2019-10-29",16.43
"2460","2019-10-30",16.5
"2461","2019-10-31",16.209999
"2462","2019-11-01",16.620001
"2463","2019-11-04",16.700001
"2464","2019-11-05",16.84
"2465","2019-11-06",17.17
"2466","2019-11-07",16.860001
"2467","2019-11-08",17.370001
"2468","2019-11-11",17.65
"2469","2019-11-12",17.74
"2470","2019-11-13",17.889999
"2471","2019-11-14",18.4
"2472","2019-11-15",18.07
"2473","2019-11-18",18.49
"2474","2019-11-19",17.9
"2475","2019-11-20",17.08
"2476","2019-11-21",16.84
"2477","2019-11-22",16.940001
"2478","2019-11-25",16.52
"2479","2019-11-26",16.120001
"2480","2019-11-27",16.26
"2481","2019-11-29",16.24
"2482","2019-12-02",16.110001
"2483","2019-12-03",15.88
"2484","2019-12-04",16.219999
"2485","2019-12-05",16
"2486","2019-12-06",16.139999
"2487","2019-12-09",15.93
"2488","2019-12-10",15.84
"2489","2019-12-11",16.120001
"2490","2019-12-12",16.219999
"2491","2019-12-13",16.27
"2492","2019-12-16",16.67
"2493","2019-12-17",16.73
"2494","2019-12-18",16.75
"2495","2019-12-19",17
"2496","2019-12-20",17.33
"2497","2019-12-23",17.51
"2498","2019-12-24",17.65
"2499","2019-12-26",17.51
"2500","2019-12-27",17.24
"2501","2019-12-30",17.33
"2502","2019-12-31",17.4
"2503","2020-01-02",17.370001
"2504","2020-01-03",16.99
"2505","2020-01-06",17.09
"2506","2020-01-07",17.17
"2507","2020-01-08",17.290001
"2508","2020-01-09",16.93
"2509","2020-01-10",16.049999
"2510","2020-01-13",15.66
"2511","2020-01-14",15.8
"2512","2020-01-15",16.299999
"2513","2020-01-16",16.809999
"2514","2020-01-17",16.51
"2515","2020-01-21",16.360001
"2516","2020-01-22",16.200001
"2517","2020-01-23",15.68
"2518","2020-01-24",15.51
"2519","2020-01-27",15.22
"2520","2020-01-28",15.42
"2521","2020-01-29",15.19
"2522","2020-01-30",15.36
"2523","2020-01-31",15.21
"2524","2020-02-03",15.42
"2525","2020-02-04",16.35
"2526","2020-02-05",17.07
"2527","2020-02-06",16.41
"2528","2020-02-07",15.69
"2529","2020-02-10",15.42
"2530","2020-02-11",15.41
"2531","2020-02-12",16.1
"2532","2020-02-13",16.1
"2533","2020-02-14",15.58
"2534","2020-02-18",15.02
"2535","2020-02-19",14.81
"2536","2020-02-20",14.31
"2537","2020-02-21",14.21
"2538","2020-02-24",13.73
"2539","2020-02-25",13.13
"2540","2020-02-26",12.93
"2541","2020-02-27",12.8
"2542","2020-02-28",12.64
"2543","2020-03-02",12.7
"2544","2020-03-03",12.85
"2545","2020-03-04",13.08
"2546","2020-03-05",12.75
"2547","2020-03-06",13.25
"2548","2020-03-09",13.22
"2549","2020-03-10",13.06
"2550","2020-03-11",12.68
"2551","2020-03-12",11.21
"2552","2020-03-13",11.88
"2553","2020-03-16",11.05
"2554","2020-03-17",12.08
"2555","2020-03-18",12.8
"2556","2020-03-19",12.14
"2557","2020-03-20",11.78
"2558","2020-03-23",11.13
"2559","2020-03-24",11.02
"2560","2020-03-25",11.05
"2561","2020-03-26",11.15
"2562","2020-03-27",10.22
"2563","2020-03-30",10.58
"2564","2020-03-31",10.2
"2565","2020-04-01",8.86
"2566","2020-04-02",8.92
"2567","2020-04-03",9.09
"2568","2020-04-06",9.99
"2569","2020-04-07",9.89
"2570","2020-04-08",10.42
"2571","2020-04-09",10.91
"2572","2020-04-13",11.06
"2573","2020-04-14",11.36
"2574","2020-04-15",10.85
"2575","2020-04-16",10.44
"2576","2020-04-17",11.01
"2577","2020-04-20",11.07
"2578","2020-04-21",11.25
"2579","2020-04-22",10.91
"2580","2020-04-23",10.98
"2581","2020-04-24",10.97
"2582","2020-04-27",11.66
"2583","2020-04-28",11.75
"2584","2020-04-29",12.48
"2585","2020-04-30",11.88
"2586","2020-05-01",11.52
"2587","2020-05-04",11.44
"2588","2020-05-05",10.6
"2589","2020-05-06",10.97
"2590","2020-05-07",11.08
"2591","2020-05-08",11.76
"2592","2020-05-11",11.66
"2593","2020-05-12",12.09
"2594","2020-05-13",11.81
"2595","2020-05-14",11.95
"2596","2020-05-15",11.99
"2597","2020-05-18",12.64
"2598","2020-05-19",12.55
"2599","2020-05-20",12.89
"2600","2020-05-21",13.4
"2601","2020-05-22",13.31
"2602","2020-05-26",12.78
"2603","2020-05-27",12.8
"2604","2020-05-28",12.44
"2605","2020-05-29",12.38
"2606","2020-06-01",12.91
"2607","2020-06-02",12.23
"2608","2020-06-03",12.93
"2609","2020-06-04",12.93
"2610","2020-06-05",13.6
"2611","2020-06-08",13.91
"2612","2020-06-09",12.83
"2613","2020-06-10",12.42
"2614","2020-06-11",11.32
"2615","2020-06-12",11.29
"2616","2020-06-15",11.44
"2617","2020-06-16",11.18
"2618","2020-06-17",10.69
"2619","2020-06-18",10.79
"2620","2020-06-19",10.61
"2621","2020-06-22",10.48
"2622","2020-06-23",10.5
"2623","2020-06-24",9.99
"2624","2020-06-25",9.85
"2625","2020-06-26",9.73
"2626","2020-06-29",10.13
"2627","2020-06-30",9.95
"2628","2020-07-01",10.22
"2629","2020-07-02",9.85
"2630","2020-07-06",10.44
"2631","2020-07-07",9.76
"2632","2020-07-08",9.52
"2633","2020-07-09",9.42
"2634","2020-07-10",9.98
"2635","2020-07-13",9.93
"2636","2020-07-14",10.03
"2637","2020-07-15",10.56
"2638","2020-07-16",10.74
"2639","2020-07-17",10.38
"2640","2020-07-20",10.14
"2641","2020-07-21",10.19
"2642","2020-07-22",10.27
"2643","2020-07-23",10.29
"2644","2020-07-24",10.5
"2645","2020-07-27",10.16
"2646","2020-07-28",9.97
"2647","2020-07-29",9.79
"2648","2020-07-30",9.76
"2649","2020-07-31",9.53
"2650","2020-08-03",9.91
"2651","2020-08-04",10.24
"2652","2020-08-05",9.8
"2653","2020-08-06",10.02
"2654","2020-08-07",10.24
"2655","2020-08-10",10.38
"2656","2020-08-11",10.59
"2657","2020-08-12",10.62
"2658","2020-08-13",10.66
"2659","2020-08-14",11.04
"2660","2020-08-17",10.74
"2661","2020-08-18",10.36
"2662","2020-08-19",10.61
"2663","2020-08-20",10.13
"2664","2020-08-21",9.92
"2665","2020-08-24",10.5
"2666","2020-08-25",10.28
"2667","2020-08-26",10.22
"2668","2020-08-27",10.4
"2669","2020-08-28",9.95
"2670","2020-08-31",9.74
"2671","2020-09-01",9.58
"2672","2020-09-02",10.11
"2673","2020-09-03",10.13
"2674","2020-09-04",10.5
"2675","2020-09-08",10.44
"2676","2020-09-09",10.5
"2677","2020-09-10",9.79
"2678","2020-09-11",9.51
"2679","2020-09-14",9.72
"2680","2020-09-15",9.42
"2681","2020-09-16",9.64
"2682","2020-09-17",9.64
"2683","2020-09-18",9.74
"2684","2020-09-21",9.66
"2685","2020-09-22",9.72
"2686","2020-09-23",9.38
"2687","2020-09-24",9.65
"2688","2020-09-25",9.84
"2689","2020-09-28",9.93
"2690","2020-09-29",9.75
"2691","2020-09-30",9.57
"2692","2020-10-01",9.15
"2693","2020-10-02",9.25
"2694","2020-10-05",9.25
"2695","2020-10-06",9.2
"2696","2020-10-07",9.34
"2697","2020-10-08",9.52
"2698","2020-10-09",9.52
"2699","2020-10-12",9.48
"2700","2020-10-13",9.24
"2701","2020-10-14",9.27
"2702","2020-10-15",9.11
"2703","2020-10-16",9.2
"2704","2020-10-19",9.11
"2705","2020-10-20",9.26
"2706","2020-10-21",9.38
"2707","2020-10-22",9.74
"2708","2020-10-23",9.86
"2709","2020-10-26",9.62
"2710","2020-10-27",9.38
"2711","2020-10-28",9.12
"2712","2020-10-29",9
"2713","2020-10-30",8.94
"2714","2020-11-02",9.06
"2715","2020-11-03",8.83
"2716","2020-11-04",8.8
"2717","2020-11-05",9.37
"2718","2020-11-06",9.32
"2719","2020-11-09",9.79
"2720","2020-11-10",10.36
"2721","2020-11-11",10.07
"2722","2020-11-12",10.03
"2723","2020-11-13",10.58
"2724","2020-11-16",11.14
"2725","2020-11-17",11.65
"2726","2020-11-18",11.39
"2727","2020-11-19",11.5
"2728","2020-11-20",11.62
"2729","2020-11-23",11.86
"2730","2020-11-24",12.3
"2731","2020-11-25",12.4
"2732","2020-11-27",12.29
