"","date","OFIX"
"1","2007-01-03",50.5
"2","2007-01-04",50.790001
"3","2007-01-05",50.09
"4","2007-01-08",49.959999
"5","2007-01-09",48.990002
"6","2007-01-10",48.389999
"7","2007-01-11",47.950001
"8","2007-01-12",49.110001
"9","2007-01-16",50.990002
"10","2007-01-17",50.740002
"11","2007-01-18",51.259998
"12","2007-01-19",49.860001
"13","2007-01-22",48.82
"14","2007-01-23",49.080002
"15","2007-01-24",49.689999
"16","2007-01-25",49.43
"17","2007-01-26",49.650002
"18","2007-01-29",49.869999
"19","2007-01-30",50.209999
"20","2007-01-31",50.380001
"21","2007-02-01",50.470001
"22","2007-02-02",50.73
"23","2007-02-05",50.060001
"24","2007-02-06",49.77
"25","2007-02-07",50.130001
"26","2007-02-08",50.040001
"27","2007-02-09",50
"28","2007-02-12",49.560001
"29","2007-02-13",49.919998
"30","2007-02-14",50.360001
"31","2007-02-15",51.139999
"32","2007-02-16",50.790001
"33","2007-02-20",51.09
"34","2007-02-21",50.709999
"35","2007-02-22",51.049999
"36","2007-02-23",51.380001
"37","2007-02-26",51.200001
"38","2007-02-27",49.810001
"39","2007-02-28",49.119999
"40","2007-03-01",49.490002
"41","2007-03-02",49.299999
"42","2007-03-05",48.07
"43","2007-03-06",49.02
"44","2007-03-07",49.009998
"45","2007-03-08",49.099998
"46","2007-03-09",49.200001
"47","2007-03-12",49.490002
"48","2007-03-13",49.48
"49","2007-03-14",49.380001
"50","2007-03-15",49.240002
"51","2007-03-16",48.970001
"52","2007-03-19",49.290001
"53","2007-03-20",49.200001
"54","2007-03-21",49.950001
"55","2007-03-22",50.27
"56","2007-03-23",50.389999
"57","2007-03-26",50.349998
"58","2007-03-27",50.290001
"59","2007-03-28",50.450001
"60","2007-03-29",50.549999
"61","2007-03-30",51.049999
"62","2007-04-02",51.279999
"63","2007-04-03",51.189999
"64","2007-04-04",51.459999
"65","2007-04-05",50.98
"66","2007-04-09",50.790001
"67","2007-04-10",50.75
"68","2007-04-11",50
"69","2007-04-12",49.970001
"70","2007-04-13",49.830002
"71","2007-04-16",50.150002
"72","2007-04-17",50
"73","2007-04-18",50.790001
"74","2007-04-19",50.77
"75","2007-04-20",52.060001
"76","2007-04-23",52.959999
"77","2007-04-24",52.060001
"78","2007-04-25",52.130001
"79","2007-04-26",52.380001
"80","2007-04-27",52.240002
"81","2007-04-30",52.700001
"82","2007-05-01",52.220001
"83","2007-05-02",52.650002
"84","2007-05-03",52.740002
"85","2007-05-04",52.599998
"86","2007-05-07",51.900002
"87","2007-05-08",48.889999
"88","2007-05-09",47.759998
"89","2007-05-10",47.049999
"90","2007-05-11",47.189999
"91","2007-05-14",47.09
"92","2007-05-15",46.849998
"93","2007-05-16",46.93
"94","2007-05-17",46.630001
"95","2007-05-18",46.389999
"96","2007-05-21",46.09
"97","2007-05-22",46.77
"98","2007-05-23",47.650002
"99","2007-05-24",47.09
"100","2007-05-25",47.540001
"101","2007-05-29",47.380001
"102","2007-05-30",46.939999
"103","2007-05-31",47.290001
"104","2007-06-01",47.32
"105","2007-06-04",47.5
"106","2007-06-05",46.650002
"107","2007-06-06",46.43
"108","2007-06-07",45.790001
"109","2007-06-08",45.810001
"110","2007-06-11",45.779999
"111","2007-06-12",45.349998
"112","2007-06-13",45.700001
"113","2007-06-14",45.48
"114","2007-06-15",45.82
"115","2007-06-18",46.009998
"116","2007-06-19",45.810001
"117","2007-06-20",45.84
"118","2007-06-21",45
"119","2007-06-22",44.23
"120","2007-06-25",43.75
"121","2007-06-26",44.919998
"122","2007-06-27",45.82
"123","2007-06-28",46.060001
"124","2007-06-29",44.970001
"125","2007-07-02",45.450001
"126","2007-07-03",46.169998
"127","2007-07-05",46.57
"128","2007-07-06",47.790001
"129","2007-07-09",47.849998
"130","2007-07-10",48.139999
"131","2007-07-11",47.580002
"132","2007-07-12",47.799999
"133","2007-07-13",47.360001
"134","2007-07-16",47.419998
"135","2007-07-17",47.389999
"136","2007-07-18",47.5
"137","2007-07-19",47.349998
"138","2007-07-20",46.77
"139","2007-07-23",46.93
"140","2007-07-24",46.59
"141","2007-07-25",46.27
"142","2007-07-26",45.360001
"143","2007-07-27",43.48
"144","2007-07-30",43.529999
"145","2007-07-31",43.060001
"146","2007-08-01",42.900002
"147","2007-08-02",43.209999
"148","2007-08-03",42.5
"149","2007-08-06",43.25
"150","2007-08-07",45.919998
"151","2007-08-08",48.939999
"152","2007-08-09",49.23
"153","2007-08-10",46.720001
"154","2007-08-13",47.02
"155","2007-08-14",46.07
"156","2007-08-15",44.869999
"157","2007-08-16",47.48
"158","2007-08-17",48.09
"159","2007-08-20",47.5
"160","2007-08-21",47.779999
"161","2007-08-22",47.650002
"162","2007-08-23",46.880001
"163","2007-08-24",48.240002
"164","2007-08-27",48.490002
"165","2007-08-28",47.5
"166","2007-08-29",48.150002
"167","2007-08-30",47.799999
"168","2007-08-31",47.84
"169","2007-09-04",47.869999
"170","2007-09-05",47.84
"171","2007-09-06",48
"172","2007-09-07",47.470001
"173","2007-09-10",47.540001
"174","2007-09-11",47.27
"175","2007-09-12",47.560001
"176","2007-09-13",46.130001
"177","2007-09-14",46.07
"178","2007-09-17",45.16
"179","2007-09-18",46.330002
"180","2007-09-19",47.990002
"181","2007-09-20",47.5
"182","2007-09-21",47.450001
"183","2007-09-24",47
"184","2007-09-25",46.82
"185","2007-09-26",47.790001
"186","2007-09-27",48.439999
"187","2007-09-28",48.970001
"188","2007-10-01",50.139999
"189","2007-10-02",51.099998
"190","2007-10-03",50.439999
"191","2007-10-04",49.959999
"192","2007-10-05",51.09
"193","2007-10-08",50.310001
"194","2007-10-09",51.529999
"195","2007-10-10",51.34
"196","2007-10-11",51.43
"197","2007-10-12",51.09
"198","2007-10-15",50.27
"199","2007-10-16",50.849998
"200","2007-10-17",51.73
"201","2007-10-18",52.450001
"202","2007-10-19",51.970001
"203","2007-10-22",52.080002
"204","2007-10-23",52.310001
"205","2007-10-24",52
"206","2007-10-25",52.09
"207","2007-10-26",53.240002
"208","2007-10-29",53.419998
"209","2007-10-30",53.599998
"210","2007-10-31",53.900002
"211","2007-11-01",52
"212","2007-11-02",52.950001
"213","2007-11-05",52.889999
"214","2007-11-06",54.459999
"215","2007-11-07",57.630001
"216","2007-11-08",57
"217","2007-11-09",57.09
"218","2007-11-12",57.549999
"219","2007-11-13",59.689999
"220","2007-11-14",58.540001
"221","2007-11-15",58.52
"222","2007-11-16",58.93
"223","2007-11-19",58.119999
"224","2007-11-20",58.400002
"225","2007-11-21",57.040001
"226","2007-11-23",58.080002
"227","2007-11-26",56.98
"228","2007-11-27",58.43
"229","2007-11-28",59.689999
"230","2007-11-29",58.43
"231","2007-11-30",58.41
"232","2007-12-03",58.07
"233","2007-12-04",57.720001
"234","2007-12-05",58.619999
"235","2007-12-06",60.150002
"236","2007-12-07",59.25
"237","2007-12-10",59.200001
"238","2007-12-11",58.349998
"239","2007-12-12",58.689999
"240","2007-12-13",58.779999
"241","2007-12-14",58.400002
"242","2007-12-17",58.080002
"243","2007-12-18",59.779999
"244","2007-12-19",60.23
"245","2007-12-20",60.66
"246","2007-12-21",59.82
"247","2007-12-24",59.84
"248","2007-12-26",60.419998
"249","2007-12-27",59
"250","2007-12-28",58.689999
"251","2007-12-31",57.970001
"252","2008-01-02",58.200001
"253","2008-01-03",58.720001
"254","2008-01-04",58.119999
"255","2008-01-07",58.91
"256","2008-01-08",58.27
"257","2008-01-09",58.580002
"258","2008-01-10",58.959999
"259","2008-01-11",58.23
"260","2008-01-14",58.5
"261","2008-01-15",57
"262","2008-01-16",56.369999
"263","2008-01-17",55.380001
"264","2008-01-18",54.23
"265","2008-01-22",54.52
"266","2008-01-23",56.09
"267","2008-01-24",54.57
"268","2008-01-25",54.18
"269","2008-01-28",53.799999
"270","2008-01-29",54.150002
"271","2008-01-30",54.57
"272","2008-01-31",54.68
"273","2008-02-01",54.75
"274","2008-02-04",53.650002
"275","2008-02-05",52.66
"276","2008-02-06",51.779999
"277","2008-02-07",51.650002
"278","2008-02-08",51.150002
"279","2008-02-11",50.290001
"280","2008-02-12",51.549999
"281","2008-02-13",53.16
"282","2008-02-14",52.189999
"283","2008-02-15",51.380001
"284","2008-02-19",52.490002
"285","2008-02-20",51.830002
"286","2008-02-21",53.509998
"287","2008-02-22",38.02
"288","2008-02-25",41.09
"289","2008-02-26",41.150002
"290","2008-02-27",41
"291","2008-02-28",40.439999
"292","2008-02-29",40.049999
"293","2008-03-03",39.93
"294","2008-03-04",40.349998
"295","2008-03-05",39.919998
"296","2008-03-06",39.700001
"297","2008-03-07",40.110001
"298","2008-03-10",39.950001
"299","2008-03-11",40.540001
"300","2008-03-12",40.43
"301","2008-03-13",41.02
"302","2008-03-14",40.560001
"303","2008-03-17",40.849998
"304","2008-03-18",42.52
"305","2008-03-19",40.759998
"306","2008-03-20",40.279999
"307","2008-03-24",41.869999
"308","2008-03-25",41.330002
"309","2008-03-26",41.48
"310","2008-03-27",40.599998
"311","2008-03-28",39.669998
"312","2008-03-31",39.77
"313","2008-04-01",39.740002
"314","2008-04-02",39.84
"315","2008-04-03",39.900002
"316","2008-04-04",30.209999
"317","2008-04-07",31.5
"318","2008-04-08",32.459999
"319","2008-04-09",32.77
"320","2008-04-10",32.529999
"321","2008-04-11",31.83
"322","2008-04-14",31.129999
"323","2008-04-15",30.139999
"324","2008-04-16",29.9
"325","2008-04-17",29.950001
"326","2008-04-18",30.030001
"327","2008-04-21",29.75
"328","2008-04-22",29.219999
"329","2008-04-23",28.99
"330","2008-04-24",28.950001
"331","2008-04-25",29.27
"332","2008-04-28",29.639999
"333","2008-04-29",29.889999
"334","2008-04-30",30.76
"335","2008-05-01",34.5
"336","2008-05-02",34.009998
"337","2008-05-05",35.450001
"338","2008-05-06",37.009998
"339","2008-05-07",37.200001
"340","2008-05-08",37.77
"341","2008-05-09",33.130001
"342","2008-05-12",34.880001
"343","2008-05-13",35.529999
"344","2008-05-14",35.490002
"345","2008-05-15",33.34
"346","2008-05-16",33.98
"347","2008-05-19",33.080002
"348","2008-05-20",33.200001
"349","2008-05-21",33.84
"350","2008-05-22",34
"351","2008-05-23",32.59
"352","2008-05-27",32.130001
"353","2008-05-28",31.48
"354","2008-05-29",32.040001
"355","2008-05-30",32.540001
"356","2008-06-02",30.98
"357","2008-06-03",30.33
"358","2008-06-04",31.719999
"359","2008-06-05",33.939999
"360","2008-06-06",32.959999
"361","2008-06-09",32.91
"362","2008-06-10",32.91
"363","2008-06-11",32.360001
"364","2008-06-12",32.009998
"365","2008-06-13",31.959999
"366","2008-06-16",32.57
"367","2008-06-17",32.400002
"368","2008-06-18",31.610001
"369","2008-06-19",31.4
"370","2008-06-20",30.799999
"371","2008-06-23",30.5
"372","2008-06-24",29.82
"373","2008-06-25",30.34
"374","2008-06-26",29.67
"375","2008-06-27",29.76
"376","2008-06-30",28.950001
"377","2008-07-01",29.17
"378","2008-07-02",28.219999
"379","2008-07-03",28.040001
"380","2008-07-07",24.01
"381","2008-07-08",25.209999
"382","2008-07-09",24.82
"383","2008-07-10",25.139999
"384","2008-07-11",25.370001
"385","2008-07-14",25.280001
"386","2008-07-15",24.709999
"387","2008-07-16",24.959999
"388","2008-07-17",25.07
"389","2008-07-18",24.610001
"390","2008-07-21",24.35
"391","2008-07-22",24.530001
"392","2008-07-23",24.84
"393","2008-07-24",23.799999
"394","2008-07-25",23.799999
"395","2008-07-28",23.91
"396","2008-07-29",24.549999
"397","2008-07-30",23.9
"398","2008-07-31",23.790001
"399","2008-08-01",23.559999
"400","2008-08-04",23.24
"401","2008-08-05",23.66
"402","2008-08-06",23.82
"403","2008-08-07",20.610001
"404","2008-08-08",21.27
"405","2008-08-11",21.549999
"406","2008-08-12",22.459999
"407","2008-08-13",22.52
"408","2008-08-14",22.620001
"409","2008-08-15",22.41
"410","2008-08-18",23.040001
"411","2008-08-19",23.49
"412","2008-08-20",23.76
"413","2008-08-21",23.99
"414","2008-08-22",25.42
"415","2008-08-25",24.120001
"416","2008-08-26",24.6
"417","2008-08-27",24.74
"418","2008-08-28",25.15
"419","2008-08-29",24.24
"420","2008-09-02",24.99
"421","2008-09-03",25.120001
"422","2008-09-04",25.25
"423","2008-09-05",25.049999
"424","2008-09-08",24.93
"425","2008-09-09",23.889999
"426","2008-09-10",23.969999
"427","2008-09-11",23.860001
"428","2008-09-12",24.43
"429","2008-09-15",24.15
"430","2008-09-16",24.33
"431","2008-09-17",21.700001
"432","2008-09-18",22.120001
"433","2008-09-19",23.879999
"434","2008-09-22",23.879999
"435","2008-09-23",23.440001
"436","2008-09-24",22.1
"437","2008-09-25",21.49
"438","2008-09-26",18.76
"439","2008-09-29",17.09
"440","2008-09-30",18.629999
"441","2008-10-01",19.059999
"442","2008-10-02",18.99
"443","2008-10-03",19.09
"444","2008-10-06",17.459999
"445","2008-10-07",16.700001
"446","2008-10-08",15.74
"447","2008-10-09",14
"448","2008-10-10",11.51
"449","2008-10-13",12.1
"450","2008-10-14",12
"451","2008-10-15",10.81
"452","2008-10-16",10.94
"453","2008-10-17",10.6
"454","2008-10-20",10.75
"455","2008-10-21",10.71
"456","2008-10-22",10.35
"457","2008-10-23",9.2
"458","2008-10-24",9.42
"459","2008-10-27",9.05
"460","2008-10-28",10.05
"461","2008-10-29",11.18
"462","2008-10-30",12.87
"463","2008-10-31",13.55
"464","2008-11-03",13.14
"465","2008-11-04",12.75
"466","2008-11-05",12.09
"467","2008-11-06",12.16
"468","2008-11-07",12.74
"469","2008-11-10",12.98
"470","2008-11-11",12.99
"471","2008-11-12",12.26
"472","2008-11-13",12.99
"473","2008-11-14",12.4
"474","2008-11-17",12.7
"475","2008-11-18",12.28
"476","2008-11-19",11.78
"477","2008-11-20",10.6
"478","2008-11-21",10.42
"479","2008-11-24",11.2
"480","2008-11-25",11.15
"481","2008-11-26",11.61
"482","2008-11-28",11.97
"483","2008-12-01",10.45
"484","2008-12-02",11.66
"485","2008-12-03",13.7
"486","2008-12-04",13.2
"487","2008-12-05",14.3
"488","2008-12-08",14.76
"489","2008-12-09",14.7
"490","2008-12-10",15.15
"491","2008-12-11",14.91
"492","2008-12-12",15.25
"493","2008-12-15",14.66
"494","2008-12-16",15.6
"495","2008-12-17",15.92
"496","2008-12-18",15.42
"497","2008-12-19",15.87
"498","2008-12-22",14.83
"499","2008-12-23",15.44
"500","2008-12-24",15.93
"501","2008-12-26",15.49
"502","2008-12-29",14.8
"503","2008-12-30",15.35
"504","2008-12-31",15.33
"505","2009-01-02",16.59
"506","2009-01-05",16.540001
"507","2009-01-06",18.030001
"508","2009-01-07",16.969999
"509","2009-01-08",16.620001
"510","2009-01-09",15.72
"511","2009-01-12",16.200001
"512","2009-01-13",17
"513","2009-01-14",15.6
"514","2009-01-15",16.07
"515","2009-01-16",15.77
"516","2009-01-20",14.89
"517","2009-01-21",16.700001
"518","2009-01-22",15.73
"519","2009-01-23",16.57
"520","2009-01-26",16.790001
"521","2009-01-27",16.9
"522","2009-01-28",17.280001
"523","2009-01-29",16.889999
"524","2009-01-30",15.96
"525","2009-02-02",16.67
"526","2009-02-03",16.870001
"527","2009-02-04",16.75
"528","2009-02-05",17.139999
"529","2009-02-06",17
"530","2009-02-09",16.950001
"531","2009-02-10",16.25
"532","2009-02-11",15.67
"533","2009-02-12",15.96
"534","2009-02-13",17.120001
"535","2009-02-17",17.52
"536","2009-02-18",18.01
"537","2009-02-19",18.98
"538","2009-02-20",19.5
"539","2009-02-23",18.440001
"540","2009-02-24",17.799999
"541","2009-02-25",18.4
"542","2009-02-26",17.23
"543","2009-02-27",15.89
"544","2009-03-02",14.05
"545","2009-03-03",14.69
"546","2009-03-04",15.3
"547","2009-03-05",14.25
"548","2009-03-06",14.42
"549","2009-03-09",13.8
"550","2009-03-10",14.14
"551","2009-03-11",13.45
"552","2009-03-12",14.54
"553","2009-03-13",15.2
"554","2009-03-16",15.39
"555","2009-03-17",15.36
"556","2009-03-18",16.24
"557","2009-03-19",15.71
"558","2009-03-20",14.85
"559","2009-03-23",16.4
"560","2009-03-24",15.86
"561","2009-03-25",16.309999
"562","2009-03-26",17.559999
"563","2009-03-27",17.5
"564","2009-03-30",17.610001
"565","2009-03-31",18.52
"566","2009-04-01",18.83
"567","2009-04-02",19.559999
"568","2009-04-03",19.17
"569","2009-04-06",18.620001
"570","2009-04-07",18.65
"571","2009-04-08",19.469999
"572","2009-04-09",20.16
"573","2009-04-13",19.98
"574","2009-04-14",19.299999
"575","2009-04-15",20.030001
"576","2009-04-16",19.639999
"577","2009-04-17",17.620001
"578","2009-04-20",16.51
"579","2009-04-21",17.08
"580","2009-04-22",17.32
"581","2009-04-23",16.969999
"582","2009-04-24",17.4
"583","2009-04-27",17.16
"584","2009-04-28",17.129999
"585","2009-04-29",17.379999
"586","2009-04-30",17.049999
"587","2009-05-01",17.23
"588","2009-05-04",17.690001
"589","2009-05-05",18.360001
"590","2009-05-06",19.280001
"591","2009-05-07",21.040001
"592","2009-05-08",22.309999
"593","2009-05-11",23.379999
"594","2009-05-12",23.09
"595","2009-05-13",22.76
"596","2009-05-14",23.18
"597","2009-05-15",22.9
"598","2009-05-18",23.200001
"599","2009-05-19",23.43
"600","2009-05-20",22.950001
"601","2009-05-21",23.43
"602","2009-05-22",22.940001
"603","2009-05-26",25.1
"604","2009-05-27",24.43
"605","2009-05-28",24.549999
"606","2009-05-29",25.32
"607","2009-06-01",26.209999
"608","2009-06-02",26.719999
"609","2009-06-03",25.940001
"610","2009-06-04",25.709999
"611","2009-06-05",25.190001
"612","2009-06-08",24.9
"613","2009-06-09",25.540001
"614","2009-06-10",25.549999
"615","2009-06-11",26.459999
"616","2009-06-12",25.75
"617","2009-06-15",24.75
"618","2009-06-16",25.1
"619","2009-06-17",26.48
"620","2009-06-18",26.85
"621","2009-06-19",25.889999
"622","2009-06-22",25.969999
"623","2009-06-23",25.43
"624","2009-06-24",24.68
"625","2009-06-25",24.959999
"626","2009-06-26",25.65
"627","2009-06-29",25.540001
"628","2009-06-30",25.01
"629","2009-07-01",25.18
"630","2009-07-02",24.66
"631","2009-07-06",25.02
"632","2009-07-07",24.99
"633","2009-07-08",24.969999
"634","2009-07-09",24.469999
"635","2009-07-10",23.059999
"636","2009-07-13",23.24
"637","2009-07-14",22.6
"638","2009-07-15",22.5
"639","2009-07-16",23.73
"640","2009-07-17",22.700001
"641","2009-07-20",22.620001
"642","2009-07-21",22.17
"643","2009-07-22",22.709999
"644","2009-07-23",23.709999
"645","2009-07-24",23.58
"646","2009-07-27",23.67
"647","2009-07-28",24.190001
"648","2009-07-29",24.059999
"649","2009-07-30",24.030001
"650","2009-07-31",27.870001
"651","2009-08-03",27.73
"652","2009-08-04",27.459999
"653","2009-08-05",27.780001
"654","2009-08-06",27.43
"655","2009-08-07",27.48
"656","2009-08-10",27.559999
"657","2009-08-11",27.559999
"658","2009-08-12",27.73
"659","2009-08-13",27.99
"660","2009-08-14",27.280001
"661","2009-08-17",26.77
"662","2009-08-18",26.790001
"663","2009-08-19",27.219999
"664","2009-08-20",27.709999
"665","2009-08-21",27.92
"666","2009-08-24",27.940001
"667","2009-08-25",28.08
"668","2009-08-26",28.139999
"669","2009-08-27",27.85
"670","2009-08-28",27.969999
"671","2009-08-31",27.370001
"672","2009-09-01",26.76
"673","2009-09-02",26.540001
"674","2009-09-03",26.940001
"675","2009-09-04",27.530001
"676","2009-09-08",27.549999
"677","2009-09-09",28.389999
"678","2009-09-10",28.040001
"679","2009-09-11",27.43
"680","2009-09-14",28.059999
"681","2009-09-15",28.41
"682","2009-09-16",28.66
"683","2009-09-17",28.75
"684","2009-09-18",29.610001
"685","2009-09-21",29.190001
"686","2009-09-22",29.559999
"687","2009-09-23",29.799999
"688","2009-09-24",29.52
"689","2009-09-25",29.209999
"690","2009-09-28",29.52
"691","2009-09-29",29.6
"692","2009-09-30",29.389999
"693","2009-10-01",28.809999
"694","2009-10-02",29.459999
"695","2009-10-05",29.48
"696","2009-10-06",30.200001
"697","2009-10-07",30.139999
"698","2009-10-08",30.459999
"699","2009-10-09",31.049999
"700","2009-10-12",30.67
"701","2009-10-13",30.280001
"702","2009-10-14",31.309999
"703","2009-10-15",31.66
"704","2009-10-16",31.58
"705","2009-10-19",31.6
"706","2009-10-20",31.67
"707","2009-10-21",31.540001
"708","2009-10-22",33.029999
"709","2009-10-23",32.150002
"710","2009-10-26",32.07
"711","2009-10-27",32.029999
"712","2009-10-28",30.99
"713","2009-10-29",32.560001
"714","2009-10-30",32
"715","2009-11-02",31.469999
"716","2009-11-03",32.299999
"717","2009-11-04",30.959999
"718","2009-11-05",31.790001
"719","2009-11-06",31.35
"720","2009-11-09",31.459999
"721","2009-11-10",31.290001
"722","2009-11-11",30.51
"723","2009-11-12",29.629999
"724","2009-11-13",30
"725","2009-11-16",31.34
"726","2009-11-17",31.18
"727","2009-11-18",31.370001
"728","2009-11-19",30.65
"729","2009-11-20",29.77
"730","2009-11-23",30.98
"731","2009-11-24",30.860001
"732","2009-11-25",31.200001
"733","2009-11-27",29.92
"734","2009-11-30",30.25
"735","2009-12-01",30.02
"736","2009-12-02",30.34
"737","2009-12-03",30.26
"738","2009-12-04",31.24
"739","2009-12-07",31.200001
"740","2009-12-08",31.02
"741","2009-12-09",30.49
"742","2009-12-10",30.23
"743","2009-12-11",30.290001
"744","2009-12-14",31.040001
"745","2009-12-15",31.09
"746","2009-12-16",31.290001
"747","2009-12-17",30.42
"748","2009-12-18",29.309999
"749","2009-12-21",29.370001
"750","2009-12-22",29.49
"751","2009-12-23",30.49
"752","2009-12-24",30.49
"753","2009-12-28",30.6
"754","2009-12-29",31.15
"755","2009-12-30",31.32
"756","2009-12-31",30.93
"757","2010-01-04",31.68
"758","2010-01-05",31.040001
"759","2010-01-06",31.25
"760","2010-01-07",31.530001
"761","2010-01-08",31.459999
"762","2010-01-11",32.119999
"763","2010-01-12",31.530001
"764","2010-01-13",31.98
"765","2010-01-14",32.970001
"766","2010-01-15",32.029999
"767","2010-01-19",32.18
"768","2010-01-20",31.57
"769","2010-01-21",30.719999
"770","2010-01-22",30.4
"771","2010-01-25",30.700001
"772","2010-01-26",29.879999
"773","2010-01-27",30.139999
"774","2010-01-28",29.67
"775","2010-01-29",30.129999
"776","2010-02-01",29.940001
"777","2010-02-02",29.940001
"778","2010-02-03",28.75
"779","2010-02-04",28.959999
"780","2010-02-05",28.93
"781","2010-02-08",28.870001
"782","2010-02-09",29.379999
"783","2010-02-10",30.200001
"784","2010-02-11",30.33
"785","2010-02-12",30.33
"786","2010-02-16",31.030001
"787","2010-02-17",31.530001
"788","2010-02-18",34.119999
"789","2010-02-19",34.470001
"790","2010-02-22",34.580002
"791","2010-02-23",34.32
"792","2010-02-24",34.200001
"793","2010-02-25",34.02
"794","2010-02-26",34.09
"795","2010-03-01",34.400002
"796","2010-03-02",35.48
"797","2010-03-03",35.709999
"798","2010-03-04",35.360001
"799","2010-03-05",35.799999
"800","2010-03-08",35.740002
"801","2010-03-09",35.459999
"802","2010-03-10",35.080002
"803","2010-03-11",35.57
"804","2010-03-12",35.380001
"805","2010-03-15",35.240002
"806","2010-03-16",35.290001
"807","2010-03-17",35.790001
"808","2010-03-18",35.630001
"809","2010-03-19",35.360001
"810","2010-03-22",35.459999
"811","2010-03-23",35.720001
"812","2010-03-24",35.529999
"813","2010-03-25",35.849998
"814","2010-03-26",36.25
"815","2010-03-29",36.16
"816","2010-03-30",36.32
"817","2010-03-31",36.380001
"818","2010-04-01",37.290001
"819","2010-04-05",38.16
"820","2010-04-06",38.259998
"821","2010-04-07",38.349998
"822","2010-04-08",38.220001
"823","2010-04-09",38.139999
"824","2010-04-12",37.93
"825","2010-04-13",37.450001
"826","2010-04-14",38.049999
"827","2010-04-15",38.040001
"828","2010-04-16",37.919998
"829","2010-04-19",37.830002
"830","2010-04-20",37.68
"831","2010-04-21",36.290001
"832","2010-04-22",36.34
"833","2010-04-23",35.290001
"834","2010-04-26",34.549999
"835","2010-04-27",34
"836","2010-04-28",33.48
"837","2010-04-29",34.860001
"838","2010-04-30",34.189999
"839","2010-05-03",33.84
"840","2010-05-04",33.279999
"841","2010-05-05",33.09
"842","2010-05-06",32.759998
"843","2010-05-07",31.92
"844","2010-05-10",33.380001
"845","2010-05-11",34.200001
"846","2010-05-12",34.169998
"847","2010-05-13",34.59
"848","2010-05-14",34.02
"849","2010-05-17",34.18
"850","2010-05-18",33.59
"851","2010-05-19",33.09
"852","2010-05-20",31.35
"853","2010-05-21",30.610001
"854","2010-05-24",30.959999
"855","2010-05-25",30.9
"856","2010-05-26",31.219999
"857","2010-05-27",32.490002
"858","2010-05-28",31.889999
"859","2010-06-01",31.01
"860","2010-06-02",31.629999
"861","2010-06-03",32.220001
"862","2010-06-04",30.469999
"863","2010-06-07",29.209999
"864","2010-06-08",28.93
"865","2010-06-09",28.67
"866","2010-06-10",29.219999
"867","2010-06-11",29.77
"868","2010-06-14",30.709999
"869","2010-06-15",31.51
"870","2010-06-16",31.84
"871","2010-06-17",31.940001
"872","2010-06-18",32.529999
"873","2010-06-21",32.349998
"874","2010-06-22",32.509998
"875","2010-06-23",32.200001
"876","2010-06-24",32.529999
"877","2010-06-25",32.84
"878","2010-06-28",32.959999
"879","2010-06-29",32.68
"880","2010-06-30",32.049999
"881","2010-07-01",32.34
"882","2010-07-02",31.950001
"883","2010-07-06",31.75
"884","2010-07-07",32.880001
"885","2010-07-08",33.369999
"886","2010-07-09",32.84
"887","2010-07-12",31.559999
"888","2010-07-13",31.879999
"889","2010-07-14",31.700001
"890","2010-07-15",31.6
"891","2010-07-16",30.26
"892","2010-07-19",30.299999
"893","2010-07-20",29.77
"894","2010-07-21",26.629999
"895","2010-07-22",27.68
"896","2010-07-23",29.25
"897","2010-07-26",29.440001
"898","2010-07-27",29.639999
"899","2010-07-28",29.110001
"900","2010-07-29",29.76
"901","2010-07-30",30.280001
"902","2010-08-02",30.99
"903","2010-08-03",30.85
"904","2010-08-04",31.299999
"905","2010-08-05",30.950001
"906","2010-08-06",30.049999
"907","2010-08-09",30.190001
"908","2010-08-10",30.83
"909","2010-08-11",30.25
"910","2010-08-12",30.08
"911","2010-08-13",30.219999
"912","2010-08-16",30.879999
"913","2010-08-17",31.610001
"914","2010-08-18",31.41
"915","2010-08-19",30.73
"916","2010-08-20",29.83
"917","2010-08-23",29.23
"918","2010-08-24",27.92
"919","2010-08-25",28.41
"920","2010-08-26",28
"921","2010-08-27",28.139999
"922","2010-08-30",27.08
"923","2010-08-31",26.700001
"924","2010-09-01",27.620001
"925","2010-09-02",28.190001
"926","2010-09-03",28.549999
"927","2010-09-07",28.209999
"928","2010-09-08",28.84
"929","2010-09-09",29.059999
"930","2010-09-10",29.58
"931","2010-09-13",30.16
"932","2010-09-14",30.07
"933","2010-09-15",30.709999
"934","2010-09-16",29.469999
"935","2010-09-17",28.790001
"936","2010-09-20",30.030001
"937","2010-09-21",30.879999
"938","2010-09-22",31.27
"939","2010-09-23",31.049999
"940","2010-09-24",31.57
"941","2010-09-27",31.07
"942","2010-09-28",31.23
"943","2010-09-29",31.07
"944","2010-09-30",31.42
"945","2010-10-01",31.610001
"946","2010-10-04",30.85
"947","2010-10-05",31.450001
"948","2010-10-06",30.84
"949","2010-10-07",30.389999
"950","2010-10-08",30
"951","2010-10-11",30.049999
"952","2010-10-12",29.540001
"953","2010-10-13",29.83
"954","2010-10-14",29.559999
"955","2010-10-15",29.709999
"956","2010-10-18",29.41
"957","2010-10-19",28.66
"958","2010-10-20",28.76
"959","2010-10-21",28.26
"960","2010-10-22",28.549999
"961","2010-10-25",29.360001
"962","2010-10-26",29.049999
"963","2010-10-27",29.15
"964","2010-10-28",29.67
"965","2010-10-29",28.01
"966","2010-11-01",27.5
"967","2010-11-02",27.5
"968","2010-11-03",27.370001
"969","2010-11-04",26.879999
"970","2010-11-05",26.83
"971","2010-11-08",26.809999
"972","2010-11-09",27.23
"973","2010-11-10",28.15
"974","2010-11-11",28.709999
"975","2010-11-12",28.440001
"976","2010-11-15",28.51
"977","2010-11-16",28.200001
"978","2010-11-17",28.18
"979","2010-11-18",27.92
"980","2010-11-19",27.42
"981","2010-11-22",26.9
"982","2010-11-23",26.719999
"983","2010-11-24",26.77
"984","2010-11-26",27.280001
"985","2010-11-29",27.629999
"986","2010-11-30",27.190001
"987","2010-12-01",27.43
"988","2010-12-02",27.049999
"989","2010-12-03",26.98
"990","2010-12-06",26.98
"991","2010-12-07",26.98
"992","2010-12-08",27.440001
"993","2010-12-09",28.02
"994","2010-12-10",28
"995","2010-12-13",27.049999
"996","2010-12-14",28.219999
"997","2010-12-15",29.25
"998","2010-12-16",27.74
"999","2010-12-17",27.26
"1000","2010-12-20",27.290001
"1001","2010-12-21",28.02
"1002","2010-12-22",28.299999
"1003","2010-12-23",28.25
"1004","2010-12-27",28.379999
"1005","2010-12-28",28.75
"1006","2010-12-29",28.77
"1007","2010-12-30",29
"1008","2010-12-31",29
"1009","2011-01-03",29.33
"1010","2011-01-04",29.5
"1011","2011-01-05",30.07
"1012","2011-01-06",29.76
"1013","2011-01-07",29.860001
"1014","2011-01-10",30.620001
"1015","2011-01-11",31.5
"1016","2011-01-12",31.629999
"1017","2011-01-13",31.35
"1018","2011-01-14",31.389999
"1019","2011-01-18",31.42
"1020","2011-01-19",29.99
"1021","2011-01-20",29.700001
"1022","2011-01-21",29.309999
"1023","2011-01-24",29.120001
"1024","2011-01-25",28.940001
"1025","2011-01-26",29.4
"1026","2011-01-27",30
"1027","2011-01-28",28.780001
"1028","2011-01-31",28.6
"1029","2011-02-01",29.32
"1030","2011-02-02",28.870001
"1031","2011-02-03",29.360001
"1032","2011-02-04",29.08
"1033","2011-02-07",29.4
"1034","2011-02-08",29.15
"1035","2011-02-09",29.969999
"1036","2011-02-10",29.469999
"1037","2011-02-11",29.4
"1038","2011-02-14",28.940001
"1039","2011-02-15",29.23
"1040","2011-02-16",30.5
"1041","2011-02-17",31.200001
"1042","2011-02-18",30.690001
"1043","2011-02-22",30.719999
"1044","2011-02-23",30.65
"1045","2011-02-24",31.049999
"1046","2011-02-25",31.459999
"1047","2011-02-28",31.6
"1048","2011-03-01",32.009998
"1049","2011-03-02",31.59
"1050","2011-03-03",32.91
"1051","2011-03-04",32.299999
"1052","2011-03-07",31.959999
"1053","2011-03-08",32.09
"1054","2011-03-09",32.720001
"1055","2011-03-10",31.75
"1056","2011-03-11",32
"1057","2011-03-14",31.74
"1058","2011-03-15",31.459999
"1059","2011-03-16",31.49
"1060","2011-03-17",31.43
"1061","2011-03-18",31.77
"1062","2011-03-21",32.439999
"1063","2011-03-22",32.169998
"1064","2011-03-23",31.809999
"1065","2011-03-24",31.809999
"1066","2011-03-25",31.67
"1067","2011-03-28",31.459999
"1068","2011-03-29",31.85
"1069","2011-03-30",32.169998
"1070","2011-03-31",32.459999
"1071","2011-04-01",33.009998
"1072","2011-04-04",33.02
"1073","2011-04-05",33.119999
"1074","2011-04-06",33
"1075","2011-04-07",33.099998
"1076","2011-04-08",33.049999
"1077","2011-04-11",33.279999
"1078","2011-04-12",33.060001
"1079","2011-04-13",33.060001
"1080","2011-04-14",33.080002
"1081","2011-04-15",33.220001
"1082","2011-04-18",33.040001
"1083","2011-04-19",32.919998
"1084","2011-04-20",33.279999
"1085","2011-04-21",33.290001
"1086","2011-04-25",33.080002
"1087","2011-04-26",33.450001
"1088","2011-04-27",33.880001
"1089","2011-04-28",34.23
"1090","2011-04-29",34.099998
"1091","2011-05-02",34.580002
"1092","2011-05-03",34.400002
"1093","2011-05-04",33.84
"1094","2011-05-05",33.740002
"1095","2011-05-06",36.619999
"1096","2011-05-09",37.400002
"1097","2011-05-10",37.330002
"1098","2011-05-11",36.639999
"1099","2011-05-12",37.009998
"1100","2011-05-13",36.700001
"1101","2011-05-16",36.529999
"1102","2011-05-17",37.25
"1103","2011-05-18",38.169998
"1104","2011-05-19",38.439999
"1105","2011-05-20",39
"1106","2011-05-23",38.970001
"1107","2011-05-24",39.259998
"1108","2011-05-25",39.810001
"1109","2011-05-26",40.400002
"1110","2011-05-27",40.41
"1111","2011-05-31",40.830002
"1112","2011-06-01",40.790001
"1113","2011-06-02",41.220001
"1114","2011-06-03",40.5
"1115","2011-06-06",40.689999
"1116","2011-06-07",40.75
"1117","2011-06-08",40.720001
"1118","2011-06-09",40.419998
"1119","2011-06-10",39.869999
"1120","2011-06-13",39.970001
"1121","2011-06-14",40.52
"1122","2011-06-15",40.27
"1123","2011-06-16",40.759998
"1124","2011-06-17",40.490002
"1125","2011-06-20",40.75
"1126","2011-06-21",41.389999
"1127","2011-06-22",41.700001
"1128","2011-06-23",41.790001
"1129","2011-06-24",41.77
"1130","2011-06-27",41.939999
"1131","2011-06-28",42.220001
"1132","2011-06-29",42.169998
"1133","2011-06-30",42.470001
"1134","2011-07-01",42.939999
"1135","2011-07-05",42.82
"1136","2011-07-06",43.080002
"1137","2011-07-07",43.459999
"1138","2011-07-08",43.18
"1139","2011-07-11",43.310001
"1140","2011-07-12",43.290001
"1141","2011-07-13",43.630001
"1142","2011-07-14",43.419998
"1143","2011-07-15",43.369999
"1144","2011-07-18",43.450001
"1145","2011-07-19",44.02
"1146","2011-07-20",43.860001
"1147","2011-07-21",44.52
"1148","2011-07-22",44.5
"1149","2011-07-25",43.470001
"1150","2011-07-26",42.990002
"1151","2011-07-27",41.48
"1152","2011-07-28",41.18
"1153","2011-07-29",42.23
"1154","2011-08-01",41.830002
"1155","2011-08-02",41.540001
"1156","2011-08-03",41.560001
"1157","2011-08-04",40.119999
"1158","2011-08-05",39.66
"1159","2011-08-08",36.32
"1160","2011-08-09",38.630001
"1161","2011-08-10",36.709999
"1162","2011-08-11",36.82
"1163","2011-08-12",37.860001
"1164","2011-08-15",37.880001
"1165","2011-08-16",37.360001
"1166","2011-08-17",37.869999
"1167","2011-08-18",36.07
"1168","2011-08-19",35.009998
"1169","2011-08-22",35
"1170","2011-08-23",35.5
"1171","2011-08-24",35.48
"1172","2011-08-25",34.860001
"1173","2011-08-26",35.380001
"1174","2011-08-29",36.25
"1175","2011-08-30",35.849998
"1176","2011-08-31",36.650002
"1177","2011-09-01",37.099998
"1178","2011-09-02",36.150002
"1179","2011-09-06",35.439999
"1180","2011-09-07",35.740002
"1181","2011-09-08",34.98
"1182","2011-09-09",34.009998
"1183","2011-09-12",33.610001
"1184","2011-09-13",34.830002
"1185","2011-09-14",36.169998
"1186","2011-09-15",36.889999
"1187","2011-09-16",37.119999
"1188","2011-09-19",35.939999
"1189","2011-09-20",36.220001
"1190","2011-09-21",35.119999
"1191","2011-09-22",34.75
"1192","2011-09-23",35.32
"1193","2011-09-26",35.119999
"1194","2011-09-27",35.939999
"1195","2011-09-28",34.439999
"1196","2011-09-29",35.389999
"1197","2011-09-30",34.509998
"1198","2011-10-03",32.630001
"1199","2011-10-04",33.57
"1200","2011-10-05",33.619999
"1201","2011-10-06",32.75
"1202","2011-10-07",32.380001
"1203","2011-10-10",33.330002
"1204","2011-10-11",33.830002
"1205","2011-10-12",34.09
"1206","2011-10-13",33.860001
"1207","2011-10-14",34.68
"1208","2011-10-17",32.66
"1209","2011-10-18",32.73
"1210","2011-10-19",32.610001
"1211","2011-10-20",32.029999
"1212","2011-10-21",32.34
"1213","2011-10-24",32.889999
"1214","2011-10-25",32.400002
"1215","2011-10-26",32.25
"1216","2011-10-27",33.150002
"1217","2011-10-28",36.029999
"1218","2011-10-31",35.110001
"1219","2011-11-01",33.360001
"1220","2011-11-02",33.630001
"1221","2011-11-03",35
"1222","2011-11-04",34.169998
"1223","2011-11-07",34.490002
"1224","2011-11-08",35.139999
"1225","2011-11-09",33.549999
"1226","2011-11-10",33.709999
"1227","2011-11-11",34.709999
"1228","2011-11-14",34.389999
"1229","2011-11-15",34.57
"1230","2011-11-16",33.580002
"1231","2011-11-17",32.209999
"1232","2011-11-18",32.580002
"1233","2011-11-21",32.5
"1234","2011-11-22",32.48
"1235","2011-11-23",31.68
"1236","2011-11-25",30.84
"1237","2011-11-28",32.169998
"1238","2011-11-29",32.139999
"1239","2011-11-30",34.27
"1240","2011-12-01",34.09
"1241","2011-12-02",32.200001
"1242","2011-12-05",34.380001
"1243","2011-12-06",34.490002
"1244","2011-12-07",34.330002
"1245","2011-12-08",32.959999
"1246","2011-12-09",34.439999
"1247","2011-12-12",33.84
"1248","2011-12-13",33.060001
"1249","2011-12-14",31.84
"1250","2011-12-15",33.040001
"1251","2011-12-16",32.880001
"1252","2011-12-19",32.290001
"1253","2011-12-20",34.139999
"1254","2011-12-21",34.389999
"1255","2011-12-22",35.349998
"1256","2011-12-23",35.380001
"1257","2011-12-27",35.450001
"1258","2011-12-28",34.849998
"1259","2011-12-29",35.220001
"1260","2011-12-30",35.23
"1261","2012-01-03",35.48
"1262","2012-01-04",34.84
"1263","2012-01-05",34.669998
"1264","2012-01-06",34.330002
"1265","2012-01-09",34.279999
"1266","2012-01-10",35.580002
"1267","2012-01-11",36.23
"1268","2012-01-12",38.299999
"1269","2012-01-13",38.150002
"1270","2012-01-17",38.41
"1271","2012-01-18",39.939999
"1272","2012-01-19",40.009998
"1273","2012-01-20",39.759998
"1274","2012-01-23",39.459999
"1275","2012-01-24",39.669998
"1276","2012-01-25",39.990002
"1277","2012-01-26",39.799999
"1278","2012-01-27",40.099998
"1279","2012-01-30",39.849998
"1280","2012-01-31",40.150002
"1281","2012-02-01",40.700001
"1282","2012-02-02",40.650002
"1283","2012-02-03",41.25
"1284","2012-02-06",41.060001
"1285","2012-02-07",42.459999
"1286","2012-02-08",42.290001
"1287","2012-02-09",41.919998
"1288","2012-02-10",40.970001
"1289","2012-02-13",41.509998
"1290","2012-02-14",41.279999
"1291","2012-02-15",41.369999
"1292","2012-02-16",42.919998
"1293","2012-02-17",42.610001
"1294","2012-02-21",42.400002
"1295","2012-02-22",41.349998
"1296","2012-02-23",42.060001
"1297","2012-02-24",41.68
"1298","2012-02-27",41.029999
"1299","2012-02-28",40.5
"1300","2012-02-29",39.209999
"1301","2012-03-01",38.560001
"1302","2012-03-02",38.209999
"1303","2012-03-05",38.68
"1304","2012-03-06",38.830002
"1305","2012-03-07",38.880001
"1306","2012-03-08",39.360001
"1307","2012-03-09",39.990002
"1308","2012-03-12",39.799999
"1309","2012-03-13",40.360001
"1310","2012-03-14",40.049999
"1311","2012-03-15",40.18
"1312","2012-03-16",39.900002
"1313","2012-03-19",39.93
"1314","2012-03-20",39.75
"1315","2012-03-21",39.080002
"1316","2012-03-22",38.599998
"1317","2012-03-23",38.419998
"1318","2012-03-26",38.470001
"1319","2012-03-27",38.439999
"1320","2012-03-28",38.040001
"1321","2012-03-29",37.98
"1322","2012-03-30",37.580002
"1323","2012-04-02",37.950001
"1324","2012-04-03",37.77
"1325","2012-04-04",37.23
"1326","2012-04-05",37.119999
"1327","2012-04-09",36.41
"1328","2012-04-10",35.549999
"1329","2012-04-11",35.849998
"1330","2012-04-12",36.619999
"1331","2012-04-13",36.740002
"1332","2012-04-16",37.119999
"1333","2012-04-17",37.560001
"1334","2012-04-18",37.209999
"1335","2012-04-19",36.459999
"1336","2012-04-20",36.369999
"1337","2012-04-23",36.360001
"1338","2012-04-24",37.91
"1339","2012-04-25",39.049999
"1340","2012-04-26",38.689999
"1341","2012-04-27",40.290001
"1342","2012-04-30",41.220001
"1343","2012-05-01",41.259998
"1344","2012-05-02",40.650002
"1345","2012-05-03",40.82
"1346","2012-05-04",40.34
"1347","2012-05-07",40.540001
"1348","2012-05-08",40.52
"1349","2012-05-09",39.950001
"1350","2012-05-10",39.830002
"1351","2012-05-11",39.450001
"1352","2012-05-14",39.080002
"1353","2012-05-15",39.16
"1354","2012-05-16",39.889999
"1355","2012-05-17",39.09
"1356","2012-05-18",39.029999
"1357","2012-05-21",39.220001
"1358","2012-05-22",38.990002
"1359","2012-05-23",38.830002
"1360","2012-05-24",38.990002
"1361","2012-05-25",38.790001
"1362","2012-05-29",39.349998
"1363","2012-05-30",38.48
"1364","2012-05-31",37.900002
"1365","2012-06-01",36.950001
"1366","2012-06-04",36.869999
"1367","2012-06-05",36.869999
"1368","2012-06-06",38.040001
"1369","2012-06-07",37.73
"1370","2012-06-08",37.25
"1371","2012-06-11",36.889999
"1372","2012-06-12",36.75
"1373","2012-06-13",36.419998
"1374","2012-06-14",37.18
"1375","2012-06-15",37.25
"1376","2012-06-18",38.27
"1377","2012-06-19",39.84
"1378","2012-06-20",40.43
"1379","2012-06-21",38.900002
"1380","2012-06-22",40.02
"1381","2012-06-25",39.66
"1382","2012-06-26",40.02
"1383","2012-06-27",40.889999
"1384","2012-06-28",40.990002
"1385","2012-06-29",41.25
"1386","2012-07-02",41.779999
"1387","2012-07-03",42.189999
"1388","2012-07-05",41.880001
"1389","2012-07-06",41.59
"1390","2012-07-09",41.049999
"1391","2012-07-10",40.98
"1392","2012-07-11",41.110001
"1393","2012-07-12",40.939999
"1394","2012-07-13",40.849998
"1395","2012-07-16",40.419998
"1396","2012-07-17",41.41
"1397","2012-07-18",41.240002
"1398","2012-07-19",41.259998
"1399","2012-07-20",40.790001
"1400","2012-07-23",40.400002
"1401","2012-07-24",40.25
"1402","2012-07-25",40.360001
"1403","2012-07-26",40.380001
"1404","2012-07-27",42.16
"1405","2012-07-30",41.950001
"1406","2012-07-31",41.009998
"1407","2012-08-01",41.220001
"1408","2012-08-02",40.970001
"1409","2012-08-03",41.77
"1410","2012-08-06",42.009998
"1411","2012-08-07",41.939999
"1412","2012-08-08",42.119999
"1413","2012-08-09",42
"1414","2012-08-10",41.860001
"1415","2012-08-13",41.459999
"1416","2012-08-14",41.099998
"1417","2012-08-15",41.02
"1418","2012-08-16",41.119999
"1419","2012-08-17",41.439999
"1420","2012-08-20",41.450001
"1421","2012-08-21",41.709999
"1422","2012-08-22",41.139999
"1423","2012-08-23",40.779999
"1424","2012-08-24",41.189999
"1425","2012-08-27",40.91
"1426","2012-08-28",41.82
"1427","2012-08-29",42.16
"1428","2012-08-30",41.990002
"1429","2012-08-31",42.32
"1430","2012-09-04",42.580002
"1431","2012-09-05",42.810001
"1432","2012-09-06",43.43
"1433","2012-09-07",43.43
"1434","2012-09-10",42.610001
"1435","2012-09-11",42.299999
"1436","2012-09-12",42.18
"1437","2012-09-13",42.490002
"1438","2012-09-14",43.169998
"1439","2012-09-17",43.299999
"1440","2012-09-18",44.900002
"1441","2012-09-19",44.189999
"1442","2012-09-20",44.459999
"1443","2012-09-21",44.599998
"1444","2012-09-24",44.549999
"1445","2012-09-25",44.25
"1446","2012-09-26",44.259998
"1447","2012-09-27",44.68
"1448","2012-09-28",44.75
"1449","2012-10-01",44.93
"1450","2012-10-02",45.220001
"1451","2012-10-03",44.779999
"1452","2012-10-04",44.389999
"1453","2012-10-05",45.32
"1454","2012-10-08",45.52
"1455","2012-10-09",42.75
"1456","2012-10-10",42.869999
"1457","2012-10-11",42.73
"1458","2012-10-12",42.130001
"1459","2012-10-15",42.470001
"1460","2012-10-16",42.439999
"1461","2012-10-17",42.830002
"1462","2012-10-18",41.549999
"1463","2012-10-19",40.009998
"1464","2012-10-22",39.869999
"1465","2012-10-23",39.540001
"1466","2012-10-24",39.529999
"1467","2012-10-25",38.43
"1468","2012-10-26",39.310001
"1469","2012-10-31",39.66
"1470","2012-11-01",39.889999
"1471","2012-11-02",39.66
"1472","2012-11-05",39.93
"1473","2012-11-06",39.790001
"1474","2012-11-07",38.939999
"1475","2012-11-08",38.939999
"1476","2012-11-09",38.700001
"1477","2012-11-12",38.689999
"1478","2012-11-13",38.43
"1479","2012-11-14",36.470001
"1480","2012-11-15",37.689999
"1481","2012-11-16",37.34
"1482","2012-11-19",37.310001
"1483","2012-11-20",37.259998
"1484","2012-11-21",36.959999
"1485","2012-11-23",37.82
"1486","2012-11-26",37.32
"1487","2012-11-27",37.369999
"1488","2012-11-28",37.57
"1489","2012-11-29",37.650002
"1490","2012-11-30",37.25
"1491","2012-12-03",37.189999
"1492","2012-12-04",37.549999
"1493","2012-12-05",37.27
"1494","2012-12-06",37.049999
"1495","2012-12-07",37.16
"1496","2012-12-10",37.099998
"1497","2012-12-11",37.32
"1498","2012-12-12",37.240002
"1499","2012-12-13",37
"1500","2012-12-14",36.830002
"1501","2012-12-17",37
"1502","2012-12-18",37.75
"1503","2012-12-19",39.060001
"1504","2012-12-20",39.540001
"1505","2012-12-21",38.77
"1506","2012-12-24",39.07
"1507","2012-12-26",38.990002
"1508","2012-12-27",39.02
"1509","2012-12-28",38.52
"1510","2012-12-31",39.330002
"1511","2013-01-02",39.939999
"1512","2013-01-03",37.98
"1513","2013-01-04",37.98
"1514","2013-01-07",37.869999
"1515","2013-01-08",36.220001
"1516","2013-01-09",36.93
"1517","2013-01-10",37.240002
"1518","2013-01-11",37.439999
"1519","2013-01-14",37.110001
"1520","2013-01-15",37.07
"1521","2013-01-16",36.700001
"1522","2013-01-17",36.43
"1523","2013-01-18",37
"1524","2013-01-22",36.82
"1525","2013-01-23",36.869999
"1526","2013-01-24",37.91
"1527","2013-01-25",37.900002
"1528","2013-01-28",38.919998
"1529","2013-01-29",38.849998
"1530","2013-01-30",38
"1531","2013-01-31",38.150002
"1532","2013-02-01",38.419998
"1533","2013-02-04",38.110001
"1534","2013-02-05",38.09
"1535","2013-02-06",37.970001
"1536","2013-02-07",37.77
"1537","2013-02-08",38.400002
"1538","2013-02-11",38.73
"1539","2013-02-12",38.959999
"1540","2013-02-13",39.07
"1541","2013-02-14",39.110001
"1542","2013-02-15",38.529999
"1543","2013-02-19",39.490002
"1544","2013-02-20",38.84
"1545","2013-02-21",38.599998
"1546","2013-02-22",36.950001
"1547","2013-02-25",36.490002
"1548","2013-02-26",35.939999
"1549","2013-02-27",36.200001
"1550","2013-02-28",37.259998
"1551","2013-03-01",37.580002
"1552","2013-03-04",37.32
"1553","2013-03-05",37.939999
"1554","2013-03-06",37.919998
"1555","2013-03-07",37.91
"1556","2013-03-08",38.34
"1557","2013-03-11",38.290001
"1558","2013-03-12",38.709999
"1559","2013-03-13",38.82
"1560","2013-03-14",36.950001
"1561","2013-03-15",37
"1562","2013-03-18",36.639999
"1563","2013-03-19",36.490002
"1564","2013-03-20",36.709999
"1565","2013-03-21",36.889999
"1566","2013-03-22",36.799999
"1567","2013-03-25",36.23
"1568","2013-03-26",36.43
"1569","2013-03-27",36.360001
"1570","2013-03-28",35.869999
"1571","2013-04-01",35.75
"1572","2013-04-02",35.380001
"1573","2013-04-03",35.330002
"1574","2013-04-04",35.759998
"1575","2013-04-05",34.959999
"1576","2013-04-08",34.759998
"1577","2013-04-09",34.380001
"1578","2013-04-10",35.330002
"1579","2013-04-11",35.23
"1580","2013-04-12",34.470001
"1581","2013-04-15",33.59
"1582","2013-04-16",33.529999
"1583","2013-04-17",32.91
"1584","2013-04-18",32.709999
"1585","2013-04-19",33.029999
"1586","2013-04-22",32.369999
"1587","2013-04-23",32.16
"1588","2013-04-24",32.27
"1589","2013-04-25",32.68
"1590","2013-04-26",31.92
"1591","2013-04-29",32.360001
"1592","2013-04-30",32.400002
"1593","2013-05-01",31.719999
"1594","2013-05-02",31.9
"1595","2013-05-03",32.150002
"1596","2013-05-06",32.16
"1597","2013-05-07",32.32
"1598","2013-05-08",32
"1599","2013-05-09",27.01
"1600","2013-05-10",26.440001
"1601","2013-05-13",26.209999
"1602","2013-05-14",26.25
"1603","2013-05-15",26.190001
"1604","2013-05-16",26.540001
"1605","2013-05-17",26.530001
"1606","2013-05-20",26.639999
"1607","2013-05-21",26.82
"1608","2013-05-22",26.549999
"1609","2013-05-23",26.860001
"1610","2013-05-24",26.52
"1611","2013-05-28",26.66
"1612","2013-05-29",26.190001
"1613","2013-05-30",27.049999
"1614","2013-05-31",27.639999
"1615","2013-06-03",28.290001
"1616","2013-06-04",28.16
"1617","2013-06-05",27.99
"1618","2013-06-06",28.15
"1619","2013-06-07",28.059999
"1620","2013-06-10",28.450001
"1621","2013-06-11",28.01
"1622","2013-06-12",27.99
"1623","2013-06-13",28.16
"1624","2013-06-14",28.280001
"1625","2013-06-17",28.290001
"1626","2013-06-18",28.790001
"1627","2013-06-19",28.49
"1628","2013-06-20",27.5
"1629","2013-06-21",27.51
"1630","2013-06-24",26.799999
"1631","2013-06-25",26.68
"1632","2013-06-26",26.389999
"1633","2013-06-27",26.530001
"1634","2013-06-28",26.9
"1635","2013-07-01",27.370001
"1636","2013-07-02",27.299999
"1637","2013-07-03",27.379999
"1638","2013-07-05",27.92
"1639","2013-07-08",27.82
"1640","2013-07-09",27.709999
"1641","2013-07-10",28
"1642","2013-07-11",28
"1643","2013-07-12",27.959999
"1644","2013-07-15",28.33
"1645","2013-07-16",27.969999
"1646","2013-07-17",27.98
"1647","2013-07-18",28.030001
"1648","2013-07-19",28.190001
"1649","2013-07-22",28.49
"1650","2013-07-23",28.58
"1651","2013-07-24",28.209999
"1652","2013-07-25",28.370001
"1653","2013-07-26",28.139999
"1654","2013-07-29",27.4
"1655","2013-07-30",22.940001
"1656","2013-07-31",22.709999
"1657","2013-08-01",22.75
"1658","2013-08-02",22.790001
"1659","2013-08-05",23.4
"1660","2013-08-06",23.85
"1661","2013-08-07",22.629999
"1662","2013-08-08",22.639999
"1663","2013-08-09",23.110001
"1664","2013-08-12",23.08
"1665","2013-08-13",22.879999
"1666","2013-08-14",22.780001
"1667","2013-08-15",22.639999
"1668","2013-08-16",22.219999
"1669","2013-08-19",21.93
"1670","2013-08-20",22.1
"1671","2013-08-21",22.219999
"1672","2013-08-22",22.459999
"1673","2013-08-23",22.6
"1674","2013-08-26",22.42
"1675","2013-08-27",22.32
"1676","2013-08-28",22.27
"1677","2013-08-29",22.559999
"1678","2013-08-30",22.07
"1679","2013-09-03",22.15
"1680","2013-09-04",22.41
"1681","2013-09-05",22.84
"1682","2013-09-06",23.01
"1683","2013-09-09",23.15
"1684","2013-09-10",23.23
"1685","2013-09-11",23.4
"1686","2013-09-12",23.219999
"1687","2013-09-13",23.65
"1688","2013-09-16",23.440001
"1689","2013-09-17",22.959999
"1690","2013-09-18",22.860001
"1691","2013-09-19",22.67
"1692","2013-09-20",22.200001
"1693","2013-09-23",22
"1694","2013-09-24",21.969999
"1695","2013-09-25",21.940001
"1696","2013-09-26",21.780001
"1697","2013-09-27",21.549999
"1698","2013-09-30",20.77
"1699","2013-10-01",21
"1700","2013-10-02",20.9
"1701","2013-10-03",20.690001
"1702","2013-10-04",20.620001
"1703","2013-10-07",20.190001
"1704","2013-10-08",19.879999
"1705","2013-10-09",19.639999
"1706","2013-10-10",19.959999
"1707","2013-10-11",20
"1708","2013-10-14",19.969999
"1709","2013-10-15",19.860001
"1710","2013-10-16",19.889999
"1711","2013-10-17",19.99
"1712","2013-10-18",20.48
"1713","2013-10-21",20.35
"1714","2013-10-22",20.51
"1715","2013-10-23",20.77
"1716","2013-10-24",20.85
"1717","2013-10-25",20.940001
"1718","2013-10-28",21.07
"1719","2013-10-29",21.190001
"1720","2013-10-30",20.959999
"1721","2013-10-31",20.49
"1722","2013-11-01",20.34
"1723","2013-11-04",20.59
"1724","2013-11-05",20.610001
"1725","2013-11-06",21.120001
"1726","2013-11-07",21
"1727","2013-11-08",21.219999
"1728","2013-11-11",21.120001
"1729","2013-11-12",21.219999
"1730","2013-11-13",21.360001
"1731","2013-11-14",21.389999
"1732","2013-11-15",21.280001
"1733","2013-11-18",21.26
"1734","2013-11-19",21.120001
"1735","2013-11-20",20.99
"1736","2013-11-21",21.1
"1737","2013-11-22",21.969999
"1738","2013-11-25",21.950001
"1739","2013-11-26",21.49
"1740","2013-11-27",21.639999
"1741","2013-11-29",21.629999
"1742","2013-12-02",21.440001
"1743","2013-12-03",20.969999
"1744","2013-12-04",20.93
"1745","2013-12-05",20.74
"1746","2013-12-06",20.620001
"1747","2013-12-09",20.49
"1748","2013-12-10",20.24
"1749","2013-12-11",20.129999
"1750","2013-12-12",20.440001
"1751","2013-12-13",20.459999
"1752","2013-12-16",20.65
"1753","2013-12-17",20.389999
"1754","2013-12-18",20.84
"1755","2013-12-19",20.379999
"1756","2013-12-20",20.950001
"1757","2013-12-23",21.85
"1758","2013-12-24",21.860001
"1759","2013-12-26",21.709999
"1760","2013-12-27",22.32
"1761","2013-12-30",22.9
"1762","2013-12-31",22.82
"1763","2014-01-02",22.790001
"1764","2014-01-03",23.110001
"1765","2014-01-06",23.23
"1766","2014-01-07",23.43
"1767","2014-01-08",23.07
"1768","2014-01-09",22.67
"1769","2014-01-10",22.99
"1770","2014-01-13",22.52
"1771","2014-01-14",22.83
"1772","2014-01-15",23.129999
"1773","2014-01-16",23.030001
"1774","2014-01-17",23.209999
"1775","2014-01-21",23.48
"1776","2014-01-22",23.299999
"1777","2014-01-23",22.91
"1778","2014-01-24",21.93
"1779","2014-01-27",20.75
"1780","2014-01-28",20.799999
"1781","2014-01-29",20.549999
"1782","2014-01-30",20.76
"1783","2014-01-31",20.549999
"1784","2014-02-03",20.620001
"1785","2014-02-04",20.5
"1786","2014-02-05",20.610001
"1787","2014-02-06",20.75
"1788","2014-02-07",20.67
"1789","2014-02-10",20.91
"1790","2014-02-11",21.049999
"1791","2014-02-12",21.23
"1792","2014-02-13",22.049999
"1793","2014-02-14",21.780001
"1794","2014-02-18",22.290001
"1795","2014-02-19",21.85
"1796","2014-02-20",22.059999
"1797","2014-02-21",21.540001
"1798","2014-02-24",22.200001
"1799","2014-02-25",22.09
"1800","2014-02-26",22.41
"1801","2014-02-27",22.41
"1802","2014-02-28",22.219999
"1803","2014-03-03",22.280001
"1804","2014-03-04",23.02
"1805","2014-03-05",22.860001
"1806","2014-03-06",23.02
"1807","2014-03-07",22.959999
"1808","2014-03-10",23.09
"1809","2014-03-11",23.799999
"1810","2014-03-12",23.67
"1811","2014-03-13",23.4
"1812","2014-03-14",23.860001
"1813","2014-03-17",24.540001
"1814","2014-03-18",25.43
"1815","2014-03-19",25.139999
"1816","2014-03-20",25.049999
"1817","2014-03-21",25.379999
"1818","2014-03-24",24.790001
"1819","2014-03-25",26.58
"1820","2014-03-26",26.540001
"1821","2014-03-27",30.379999
"1822","2014-03-28",30.290001
"1823","2014-03-31",30.15
"1824","2014-04-01",31.82
"1825","2014-04-02",32.009998
"1826","2014-04-03",32.59
"1827","2014-04-04",33.18
"1828","2014-04-07",32.34
"1829","2014-04-08",32.360001
"1830","2014-04-09",33.150002
"1831","2014-04-10",31.719999
"1832","2014-04-11",31.549999
"1833","2014-04-14",30.879999
"1834","2014-04-15",30.65
"1835","2014-04-16",31.219999
"1836","2014-04-17",31.51
"1837","2014-04-21",31.540001
"1838","2014-04-22",32.02
"1839","2014-04-23",31.9
"1840","2014-04-24",32.259998
"1841","2014-04-25",32
"1842","2014-04-28",31.370001
"1843","2014-04-29",30.889999
"1844","2014-04-30",30.200001
"1845","2014-05-01",30.01
"1846","2014-05-02",30.02
"1847","2014-05-05",29.940001
"1848","2014-05-06",29.68
"1849","2014-05-07",29.98
"1850","2014-05-08",30.93
"1851","2014-05-09",31.27
"1852","2014-05-12",32.93
"1853","2014-05-13",33.18
"1854","2014-05-14",32.849998
"1855","2014-05-15",32.200001
"1856","2014-05-16",32.18
"1857","2014-05-19",31.610001
"1858","2014-05-20",30.969999
"1859","2014-05-21",30.49
"1860","2014-05-22",30.469999
"1861","2014-05-23",31.09
"1862","2014-05-27",31.66
"1863","2014-05-28",31.99
"1864","2014-05-29",31.65
"1865","2014-05-30",31.690001
"1866","2014-06-02",31.67
"1867","2014-06-03",31.459999
"1868","2014-06-04",31.790001
"1869","2014-06-05",32.810001
"1870","2014-06-06",33.029999
"1871","2014-06-09",33.029999
"1872","2014-06-10",33.310001
"1873","2014-06-11",32.98
"1874","2014-06-12",33.549999
"1875","2014-06-13",33.84
"1876","2014-06-16",34.48
"1877","2014-06-17",34.59
"1878","2014-06-18",34.529999
"1879","2014-06-19",35.139999
"1880","2014-06-20",35.25
"1881","2014-06-23",34.299999
"1882","2014-06-24",34.470001
"1883","2014-06-25",34.950001
"1884","2014-06-26",35.380001
"1885","2014-06-27",35.799999
"1886","2014-06-30",36.25
"1887","2014-07-01",36.630001
"1888","2014-07-02",36.57
"1889","2014-07-03",36.5
"1890","2014-07-07",36.220001
"1891","2014-07-08",35.240002
"1892","2014-07-09",35.360001
"1893","2014-07-10",34.939999
"1894","2014-07-11",34.299999
"1895","2014-07-14",34.09
"1896","2014-07-15",33.529999
"1897","2014-07-16",34.02
"1898","2014-07-17",33.669998
"1899","2014-07-18",34.189999
"1900","2014-07-21",33.889999
"1901","2014-07-22",34.049999
"1902","2014-07-23",34.16
"1903","2014-07-24",33.580002
"1904","2014-07-25",33.529999
"1905","2014-07-28",33.040001
"1906","2014-07-29",33.18
"1907","2014-07-30",33.259998
"1908","2014-07-31",33.060001
"1909","2014-08-01",33.060001
"1910","2014-08-04",33.900002
"1911","2014-08-05",33.830002
"1912","2014-08-06",33.009998
"1913","2014-08-07",32.560001
"1914","2014-08-08",32.400002
"1915","2014-08-11",32.459999
"1916","2014-08-12",33.369999
"1917","2014-08-13",33.779999
"1918","2014-08-14",33.5
"1919","2014-08-15",33.310001
"1920","2014-08-18",33.32
"1921","2014-08-19",33.040001
"1922","2014-08-20",33.48
"1923","2014-08-21",33.349998
"1924","2014-08-22",33.349998
"1925","2014-08-25",34.23
"1926","2014-08-26",33.98
"1927","2014-08-27",33.59
"1928","2014-08-28",33.139999
"1929","2014-08-29",33.91
"1930","2014-09-02",33.740002
"1931","2014-09-03",32.810001
"1932","2014-09-04",32.279999
"1933","2014-09-05",32.290001
"1934","2014-09-08",32.119999
"1935","2014-09-09",31.84
"1936","2014-09-10",32.040001
"1937","2014-09-11",32.540001
"1938","2014-09-12",32.470001
"1939","2014-09-15",31.469999
"1940","2014-09-16",31.110001
"1941","2014-09-17",32.130001
"1942","2014-09-18",31.969999
"1943","2014-09-19",31.290001
"1944","2014-09-22",30.99
"1945","2014-09-23",30.879999
"1946","2014-09-24",31.059999
"1947","2014-09-25",30.129999
"1948","2014-09-26",30.84
"1949","2014-09-29",31.129999
"1950","2014-09-30",30.959999
"1951","2014-10-01",30.379999
"1952","2014-10-02",31.01
"1953","2014-10-03",30.82
"1954","2014-10-06",30.889999
"1955","2014-10-07",30.440001
"1956","2014-10-08",30.99
"1957","2014-10-09",29.34
"1958","2014-10-10",28.73
"1959","2014-10-13",28.67
"1960","2014-10-14",28.48
"1961","2014-10-15",27.99
"1962","2014-10-16",27.91
"1963","2014-10-17",28.040001
"1964","2014-10-20",28.290001
"1965","2014-10-21",28.5
"1966","2014-10-22",28.9
"1967","2014-10-23",28.709999
"1968","2014-10-24",28.82
"1969","2014-10-27",28.719999
"1970","2014-10-28",29.110001
"1971","2014-10-29",29.33
"1972","2014-10-30",29.42
"1973","2014-10-31",29.35
"1974","2014-11-03",29.07
"1975","2014-11-04",29.02
"1976","2014-11-05",29.200001
"1977","2014-11-06",29
"1978","2014-11-07",29.01
"1979","2014-11-10",28.98
"1980","2014-11-11",28.940001
"1981","2014-11-12",28.85
"1982","2014-11-13",28.52
"1983","2014-11-14",28.540001
"1984","2014-11-17",28.450001
"1985","2014-11-18",28.190001
"1986","2014-11-19",28.17
"1987","2014-11-20",28.33
"1988","2014-11-21",28.15
"1989","2014-11-24",28.299999
"1990","2014-11-25",28.18
"1991","2014-11-26",28.24
"1992","2014-11-28",27.92
"1993","2014-12-01",28.15
"1994","2014-12-02",28.25
"1995","2014-12-03",28.57
"1996","2014-12-04",28.610001
"1997","2014-12-05",29.620001
"1998","2014-12-08",29.48
"1999","2014-12-09",30.540001
"2000","2014-12-10",30.24
"2001","2014-12-11",30.889999
"2002","2014-12-12",30.65
"2003","2014-12-15",30.280001
"2004","2014-12-16",29.309999
"2005","2014-12-17",30.07
"2006","2014-12-18",30.530001
"2007","2014-12-19",30.93
"2008","2014-12-22",30.780001
"2009","2014-12-23",30.450001
"2010","2014-12-24",30.809999
"2011","2014-12-26",30.780001
"2012","2014-12-29",30.52
"2013","2014-12-30",30.639999
"2014","2014-12-31",30.059999
"2015","2015-01-02",29.73
"2016","2015-01-05",29.440001
"2017","2015-01-06",29.01
"2018","2015-01-07",29.16
"2019","2015-01-08",29.200001
"2020","2015-01-09",28.51
"2021","2015-01-12",28.309999
"2022","2015-01-13",28.940001
"2023","2015-01-14",29.389999
"2024","2015-01-15",29
"2025","2015-01-16",29.530001
"2026","2015-01-20",30.26
"2027","2015-01-21",30.299999
"2028","2015-01-22",31.059999
"2029","2015-01-23",31.51
"2030","2015-01-26",31.549999
"2031","2015-01-27",31.49
"2032","2015-01-28",30.610001
"2033","2015-01-29",31.27
"2034","2015-01-30",30.5
"2035","2015-02-02",30.74
"2036","2015-02-03",31.17
"2037","2015-02-04",31.4
"2038","2015-02-05",32.360001
"2039","2015-02-06",32.130001
"2040","2015-02-09",31.450001
"2041","2015-02-10",31.459999
"2042","2015-02-11",31.99
"2043","2015-02-12",31.76
"2044","2015-02-13",32.09
"2045","2015-02-17",32.009998
"2046","2015-02-18",32.060001
"2047","2015-02-19",32.259998
"2048","2015-02-20",31.99
"2049","2015-02-23",32.200001
"2050","2015-02-24",32.009998
"2051","2015-02-25",31.99
"2052","2015-02-26",32.200001
"2053","2015-02-27",32.43
"2054","2015-03-02",32.599998
"2055","2015-03-03",33.110001
"2056","2015-03-04",33.34
"2057","2015-03-05",33.639999
"2058","2015-03-06",33.150002
"2059","2015-03-09",33.029999
"2060","2015-03-10",33
"2061","2015-03-11",33.07
"2062","2015-03-12",33.66
"2063","2015-03-13",32.799999
"2064","2015-03-16",32.59
"2065","2015-03-17",32.099998
"2066","2015-03-18",31.9
"2067","2015-03-19",31.940001
"2068","2015-03-20",31.67
"2069","2015-03-23",31.66
"2070","2015-03-24",31.440001
"2071","2015-03-25",30.52
"2072","2015-03-26",30.219999
"2073","2015-03-27",30.459999
"2074","2015-03-30",31.309999
"2075","2015-03-31",35.889999
"2076","2015-04-01",37.669998
"2077","2015-04-02",36.869999
"2078","2015-04-06",37.75
"2079","2015-04-07",37.200001
"2080","2015-04-08",37.84
"2081","2015-04-09",37.709999
"2082","2015-04-10",37.32
"2083","2015-04-13",37.529999
"2084","2015-04-14",37.360001
"2085","2015-04-15",37.59
"2086","2015-04-16",37.32
"2087","2015-04-17",36.580002
"2088","2015-04-20",36.34
"2089","2015-04-21",36.43
"2090","2015-04-22",36.220001
"2091","2015-04-23",36.360001
"2092","2015-04-24",36.459999
"2093","2015-04-27",35.959999
"2094","2015-04-28",36.240002
"2095","2015-04-29",36.029999
"2096","2015-04-30",32.310001
"2097","2015-05-01",33.34
"2098","2015-05-04",32.57
"2099","2015-05-05",32.209999
"2100","2015-05-06",31.98
"2101","2015-05-07",31.940001
"2102","2015-05-08",31.84
"2103","2015-05-11",31.879999
"2104","2015-05-12",31.84
"2105","2015-05-13",31.860001
"2106","2015-05-14",32.330002
"2107","2015-05-15",32.540001
"2108","2015-05-18",32.790001
"2109","2015-05-19",32.68
"2110","2015-05-20",32.630001
"2111","2015-05-21",33.619999
"2112","2015-05-22",33.919998
"2113","2015-05-26",34.060001
"2114","2015-05-27",33.779999
"2115","2015-05-28",33.099998
"2116","2015-05-29",32.77
"2117","2015-06-01",32.610001
"2118","2015-06-02",33.169998
"2119","2015-06-03",34.48
"2120","2015-06-04",33.66
"2121","2015-06-05",33.889999
"2122","2015-06-08",33.669998
"2123","2015-06-09",33.82
"2124","2015-06-10",33.57
"2125","2015-06-11",34.380001
"2126","2015-06-12",33.970001
"2127","2015-06-15",33.119999
"2128","2015-06-16",33.32
"2129","2015-06-17",33.490002
"2130","2015-06-18",34.84
"2131","2015-06-19",34.419998
"2132","2015-06-22",34.720001
"2133","2015-06-23",34.34
"2134","2015-06-24",33.349998
"2135","2015-06-25",33.240002
"2136","2015-06-26",33.27
"2137","2015-06-29",32.950001
"2138","2015-06-30",33.119999
"2139","2015-07-01",32.950001
"2140","2015-07-02",33.220001
"2141","2015-07-06",32.799999
"2142","2015-07-07",32.049999
"2143","2015-07-08",32.009998
"2144","2015-07-09",31.83
"2145","2015-07-10",33.220001
"2146","2015-07-13",34.400002
"2147","2015-07-14",34.09
"2148","2015-07-15",33.389999
"2149","2015-07-16",33.43
"2150","2015-07-17",33.369999
"2151","2015-07-20",33.16
"2152","2015-07-21",32.869999
"2153","2015-07-22",32.709999
"2154","2015-07-23",33.25
"2155","2015-07-24",33.279999
"2156","2015-07-27",33.23
"2157","2015-07-28",33.880001
"2158","2015-07-29",33.630001
"2159","2015-07-30",33.459999
"2160","2015-07-31",33.360001
"2161","2015-08-03",34.200001
"2162","2015-08-04",34.810001
"2163","2015-08-05",38.919998
"2164","2015-08-06",38.060001
"2165","2015-08-07",38.959999
"2166","2015-08-10",38.759998
"2167","2015-08-11",38.630001
"2168","2015-08-12",38.490002
"2169","2015-08-13",38.580002
"2170","2015-08-14",38.950001
"2171","2015-08-17",40.41
"2172","2015-08-18",38.860001
"2173","2015-08-19",38.43
"2174","2015-08-20",38.009998
"2175","2015-08-21",38.139999
"2176","2015-08-24",36.529999
"2177","2015-08-25",36.240002
"2178","2015-08-26",37.169998
"2179","2015-08-27",37.380001
"2180","2015-08-28",38.080002
"2181","2015-08-31",37.48
"2182","2015-09-01",36.939999
"2183","2015-09-02",37.23
"2184","2015-09-03",37.279999
"2185","2015-09-04",37
"2186","2015-09-08",37.209999
"2187","2015-09-09",36.450001
"2188","2015-09-10",36.040001
"2189","2015-09-11",36.700001
"2190","2015-09-14",36.240002
"2191","2015-09-15",36.200001
"2192","2015-09-16",36.450001
"2193","2015-09-17",36.959999
"2194","2015-09-18",35.950001
"2195","2015-09-21",36.349998
"2196","2015-09-22",35.560001
"2197","2015-09-23",35.860001
"2198","2015-09-24",35.849998
"2199","2015-09-25",34.189999
"2200","2015-09-28",32.98
"2201","2015-09-29",32.68
"2202","2015-09-30",33.75
"2203","2015-10-01",33.59
"2204","2015-10-02",34.049999
"2205","2015-10-05",34.43
"2206","2015-10-06",33.130001
"2207","2015-10-07",33.18
"2208","2015-10-08",32.509998
"2209","2015-10-09",33.450001
"2210","2015-10-12",33.529999
"2211","2015-10-13",33.110001
"2212","2015-10-14",32.84
"2213","2015-10-15",33.25
"2214","2015-10-16",33.5
"2215","2015-10-19",33.75
"2216","2015-10-20",33.23
"2217","2015-10-21",33.220001
"2218","2015-10-22",33.080002
"2219","2015-10-23",33.779999
"2220","2015-10-26",33.560001
"2221","2015-10-27",33.779999
"2222","2015-10-28",35.349998
"2223","2015-10-29",34.490002
"2224","2015-10-30",34.049999
"2225","2015-11-02",35.23
"2226","2015-11-03",35.32
"2227","2015-11-04",40.32
"2228","2015-11-05",40.450001
"2229","2015-11-06",41.360001
"2230","2015-11-09",41.16
"2231","2015-11-10",41.709999
"2232","2015-11-11",40.799999
"2233","2015-11-12",39.509998
"2234","2015-11-13",39.41
"2235","2015-11-16",39.200001
"2236","2015-11-17",38.950001
"2237","2015-11-18",38.830002
"2238","2015-11-19",38.650002
"2239","2015-11-20",38.939999
"2240","2015-11-23",39.380001
"2241","2015-11-24",39.389999
"2242","2015-11-25",39.610001
"2243","2015-11-27",40.560001
"2244","2015-11-30",39.560001
"2245","2015-12-01",39.790001
"2246","2015-12-02",39.790001
"2247","2015-12-03",38.740002
"2248","2015-12-04",39.880001
"2249","2015-12-07",39.18
"2250","2015-12-08",39.139999
"2251","2015-12-09",38.75
"2252","2015-12-10",39.080002
"2253","2015-12-11",38.509998
"2254","2015-12-14",37.799999
"2255","2015-12-15",39.110001
"2256","2015-12-16",39.369999
"2257","2015-12-17",38.900002
"2258","2015-12-18",38.48
"2259","2015-12-21",39.16
"2260","2015-12-22",39.75
"2261","2015-12-23",39.720001
"2262","2015-12-24",40.34
"2263","2015-12-28",39.209999
"2264","2015-12-29",39.759998
"2265","2015-12-30",39.580002
"2266","2015-12-31",39.209999
"2267","2016-01-04",38.5
"2268","2016-01-05",39.43
"2269","2016-01-06",40
"2270","2016-01-07",39.080002
"2271","2016-01-08",38.080002
"2272","2016-01-11",38.09
"2273","2016-01-12",37.889999
"2274","2016-01-13",38.810001
"2275","2016-01-14",39.689999
"2276","2016-01-15",39.23
"2277","2016-01-19",39.18
"2278","2016-01-20",39.880001
"2279","2016-01-21",38.849998
"2280","2016-01-22",38.84
"2281","2016-01-25",38.950001
"2282","2016-01-26",39.23
"2283","2016-01-27",38.259998
"2284","2016-01-28",37.799999
"2285","2016-01-29",39.470001
"2286","2016-02-01",39.09
"2287","2016-02-02",38.779999
"2288","2016-02-03",38.799999
"2289","2016-02-04",38.549999
"2290","2016-02-05",37.110001
"2291","2016-02-08",36.349998
"2292","2016-02-09",36.560001
"2293","2016-02-10",37.220001
"2294","2016-02-11",37.509998
"2295","2016-02-12",36.880001
"2296","2016-02-16",36.91
"2297","2016-02-17",37.16
"2298","2016-02-18",37.02
"2299","2016-02-19",37.369999
"2300","2016-02-22",37.189999
"2301","2016-02-23",37.09
"2302","2016-02-24",37.220001
"2303","2016-02-25",38.009998
"2304","2016-02-26",38.470001
"2305","2016-02-29",38.41
"2306","2016-03-01",39.549999
"2307","2016-03-02",40.900002
"2308","2016-03-03",41.299999
"2309","2016-03-04",41.200001
"2310","2016-03-07",40.900002
"2311","2016-03-08",41.310001
"2312","2016-03-09",41.540001
"2313","2016-03-10",40.93
"2314","2016-03-11",41.259998
"2315","2016-03-14",40.970001
"2316","2016-03-15",40.619999
"2317","2016-03-16",40.189999
"2318","2016-03-17",39.619999
"2319","2016-03-18",40.330002
"2320","2016-03-21",40.91
"2321","2016-03-22",41.209999
"2322","2016-03-23",40.919998
"2323","2016-03-24",40.650002
"2324","2016-03-28",40.970001
"2325","2016-03-29",41.900002
"2326","2016-03-30",41.68
"2327","2016-03-31",41.52
"2328","2016-04-01",41.759998
"2329","2016-04-04",41.630001
"2330","2016-04-05",41.07
"2331","2016-04-06",41.82
"2332","2016-04-07",41.259998
"2333","2016-04-08",41.68
"2334","2016-04-11",40.77
"2335","2016-04-12",41
"2336","2016-04-13",41.560001
"2337","2016-04-14",42.799999
"2338","2016-04-15",43.950001
"2339","2016-04-18",43.790001
"2340","2016-04-19",42.669998
"2341","2016-04-20",42.830002
"2342","2016-04-21",42.84
"2343","2016-04-22",43.66
"2344","2016-04-25",43.18
"2345","2016-04-26",43.630001
"2346","2016-04-27",43.599998
"2347","2016-04-28",43.23
"2348","2016-04-29",43.759998
"2349","2016-05-02",43.900002
"2350","2016-05-03",43.34
"2351","2016-05-04",42.98
"2352","2016-05-05",42.98
"2353","2016-05-06",42.98
"2354","2016-05-09",43.080002
"2355","2016-05-10",43.099998
"2356","2016-05-11",42.98
"2357","2016-05-12",42.830002
"2358","2016-05-13",42.959999
"2359","2016-05-16",43.189999
"2360","2016-05-17",42.990002
"2361","2016-05-18",43.400002
"2362","2016-05-19",43.060001
"2363","2016-05-20",43.950001
"2364","2016-05-23",43.689999
"2365","2016-05-24",44.23
"2366","2016-05-25",44.259998
"2367","2016-05-26",44.130001
"2368","2016-05-27",44.5
"2369","2016-05-31",44.23
"2370","2016-06-01",44.389999
"2371","2016-06-02",44.490002
"2372","2016-06-03",44.669998
"2373","2016-06-06",44.549999
"2374","2016-06-07",44.700001
"2375","2016-06-08",45.43
"2376","2016-06-09",47.25
"2377","2016-06-10",46.16
"2378","2016-06-13",45.619999
"2379","2016-06-14",45.52
"2380","2016-06-15",45.34
"2381","2016-06-16",45.360001
"2382","2016-06-17",44.080002
"2383","2016-06-20",44.790001
"2384","2016-06-21",44.75
"2385","2016-06-22",44.330002
"2386","2016-06-23",44.220001
"2387","2016-06-24",42.75
"2388","2016-06-27",41.639999
"2389","2016-06-28",42.080002
"2390","2016-06-29",42.43
"2391","2016-06-30",42.400002
"2392","2016-07-01",44.389999
"2393","2016-07-05",44.23
"2394","2016-07-06",45.150002
"2395","2016-07-07",45.610001
"2396","2016-07-08",46.700001
"2397","2016-07-11",46.98
"2398","2016-07-12",47.18
"2399","2016-07-13",47.150002
"2400","2016-07-14",46.75
"2401","2016-07-15",46.080002
"2402","2016-07-18",46.490002
"2403","2016-07-19",46.709999
"2404","2016-07-20",47.099998
"2405","2016-07-21",47.049999
"2406","2016-07-22",47.279999
"2407","2016-07-25",47.080002
"2408","2016-07-26",47.220001
"2409","2016-07-27",47.290001
"2410","2016-07-28",47.27
"2411","2016-07-29",47.400002
"2412","2016-08-01",47.52
"2413","2016-08-02",42.48
"2414","2016-08-03",42.23
"2415","2016-08-04",42.290001
"2416","2016-08-05",42.419998
"2417","2016-08-08",42.470001
"2418","2016-08-09",42.98
"2419","2016-08-10",43.139999
"2420","2016-08-11",43.650002
"2421","2016-08-12",43.529999
"2422","2016-08-15",43.41
"2423","2016-08-16",43.380001
"2424","2016-08-17",43.5
"2425","2016-08-18",44.200001
"2426","2016-08-19",43.610001
"2427","2016-08-22",43.200001
"2428","2016-08-23",43.459999
"2429","2016-08-24",42.889999
"2430","2016-08-25",43.119999
"2431","2016-08-26",43.349998
"2432","2016-08-29",44.130001
"2433","2016-08-30",44.59
"2434","2016-08-31",45.110001
"2435","2016-09-01",45.52
"2436","2016-09-02",45.389999
"2437","2016-09-06",44.939999
"2438","2016-09-07",45.759998
"2439","2016-09-08",45.720001
"2440","2016-09-09",43.919998
"2441","2016-09-12",43.830002
"2442","2016-09-13",43.439999
"2443","2016-09-14",43.900002
"2444","2016-09-15",44.919998
"2445","2016-09-16",44.48
"2446","2016-09-19",43.919998
"2447","2016-09-20",44.169998
"2448","2016-09-21",43.580002
"2449","2016-09-22",43.970001
"2450","2016-09-23",43.560001
"2451","2016-09-26",42.889999
"2452","2016-09-27",42.450001
"2453","2016-09-28",43.110001
"2454","2016-09-29",42.130001
"2455","2016-09-30",42.77
"2456","2016-10-03",42.009998
"2457","2016-10-04",41.57
"2458","2016-10-05",40.540001
"2459","2016-10-06",40.610001
"2460","2016-10-07",40.349998
"2461","2016-10-10",40.549999
"2462","2016-10-11",39.779999
"2463","2016-10-12",40.419998
"2464","2016-10-13",40.029999
"2465","2016-10-14",39.169998
"2466","2016-10-17",39.869999
"2467","2016-10-18",39.509998
"2468","2016-10-19",39.869999
"2469","2016-10-20",39.830002
"2470","2016-10-21",39.57
"2471","2016-10-24",39.75
"2472","2016-10-25",39
"2473","2016-10-26",37.98
"2474","2016-10-27",37.599998
"2475","2016-10-28",38.25
"2476","2016-10-31",36.650002
"2477","2016-11-01",36.790001
"2478","2016-11-02",36.810001
"2479","2016-11-03",36.630001
"2480","2016-11-04",35.639999
"2481","2016-11-07",36.91
"2482","2016-11-08",36.860001
"2483","2016-11-09",37.07
"2484","2016-11-10",36.889999
"2485","2016-11-11",37.029999
"2486","2016-11-14",37.200001
"2487","2016-11-15",37.43
"2488","2016-11-16",36.82
"2489","2016-11-17",38.02
"2490","2016-11-18",38.369999
"2491","2016-11-21",38.5
"2492","2016-11-22",38.16
"2493","2016-11-23",38.130001
"2494","2016-11-25",38.32
"2495","2016-11-28",38.200001
"2496","2016-11-29",38.220001
"2497","2016-11-30",37.669998
"2498","2016-12-01",36.669998
"2499","2016-12-02",37.57
"2500","2016-12-05",38.060001
"2501","2016-12-06",38.75
"2502","2016-12-07",38.299999
"2503","2016-12-08",38.889999
"2504","2016-12-09",39.080002
"2505","2016-12-12",38.439999
"2506","2016-12-13",38.400002
"2507","2016-12-14",37.139999
"2508","2016-12-15",37.040001
"2509","2016-12-16",34.560001
"2510","2016-12-19",34.77
"2511","2016-12-20",35.650002
"2512","2016-12-21",35.639999
"2513","2016-12-22",35.110001
"2514","2016-12-23",35.369999
"2515","2016-12-27",35.720001
"2516","2016-12-28",35.709999
"2517","2016-12-29",35.849998
"2518","2016-12-30",36.18
"2519","2017-01-03",35.529999
"2520","2017-01-04",35.880001
"2521","2017-01-05",35.25
"2522","2017-01-06",35.669998
"2523","2017-01-09",38.119999
"2524","2017-01-10",36.880001
"2525","2017-01-11",36.799999
"2526","2017-01-12",36.619999
"2527","2017-01-13",37.009998
"2528","2017-01-17",36
"2529","2017-01-18",36.189999
"2530","2017-01-19",35.57
"2531","2017-01-20",35.27
"2532","2017-01-23",35.459999
"2533","2017-01-24",35.560001
"2534","2017-01-25",35.5
"2535","2017-01-26",35.630001
"2536","2017-01-27",35.939999
"2537","2017-01-30",35.240002
"2538","2017-01-31",35.939999
"2539","2017-02-01",36.150002
"2540","2017-02-02",36.34
"2541","2017-02-03",37.060001
"2542","2017-02-06",37.02
"2543","2017-02-07",36.900002
"2544","2017-02-08",37.099998
"2545","2017-02-09",37.490002
"2546","2017-02-10",37.740002
"2547","2017-02-13",37.830002
"2548","2017-02-14",37.619999
"2549","2017-02-15",38.029999
"2550","2017-02-16",37.27
"2551","2017-02-17",37.310001
"2552","2017-02-21",37.310001
"2553","2017-02-22",37.299999
"2554","2017-02-23",37.549999
"2555","2017-02-24",38.009998
"2556","2017-02-27",38.130001
"2557","2017-02-28",35.709999
"2558","2017-03-01",36.029999
"2559","2017-03-02",36.23
"2560","2017-03-03",36.189999
"2561","2017-03-06",35.509998
"2562","2017-03-07",35.07
"2563","2017-03-08",34.470001
"2564","2017-03-09",34.779999
"2565","2017-03-10",34.93
"2566","2017-03-13",34.919998
"2567","2017-03-14",38.369999
"2568","2017-03-15",39.619999
"2569","2017-03-16",39.380001
"2570","2017-03-17",39.5
"2571","2017-03-20",39.299999
"2572","2017-03-21",39.91
"2573","2017-03-22",39.889999
"2574","2017-03-23",39.060001
"2575","2017-03-24",39.689999
"2576","2017-03-27",39.41
"2577","2017-03-28",39.349998
"2578","2017-03-29",38.990002
"2579","2017-03-30",38.34
"2580","2017-03-31",38.150002
"2581","2017-04-03",37.720001
"2582","2017-04-04",37.32
"2583","2017-04-05",36.619999
"2584","2017-04-06",36.48
"2585","2017-04-07",36.400002
"2586","2017-04-10",36.450001
"2587","2017-04-11",36.959999
"2588","2017-04-12",36.939999
"2589","2017-04-13",36.939999
"2590","2017-04-17",37.060001
"2591","2017-04-18",38.009998
"2592","2017-04-19",38.380001
"2593","2017-04-20",38.619999
"2594","2017-04-21",38.950001
"2595","2017-04-24",39.09
"2596","2017-04-25",39.279999
"2597","2017-04-26",39.419998
"2598","2017-04-27",39.82
"2599","2017-04-28",39.549999
"2600","2017-05-01",39.529999
"2601","2017-05-02",40.189999
"2602","2017-05-03",39.52
"2603","2017-05-04",40
"2604","2017-05-05",40.09
"2605","2017-05-08",40.259998
"2606","2017-05-09",41.02
"2607","2017-05-10",41.470001
"2608","2017-05-11",41.610001
"2609","2017-05-12",41.73
"2610","2017-05-15",42.869999
"2611","2017-05-16",42.52
"2612","2017-05-17",41.82
"2613","2017-05-18",41.48
"2614","2017-05-19",41.77
"2615","2017-05-22",41.73
"2616","2017-05-23",42.560001
"2617","2017-05-24",42.389999
"2618","2017-05-25",42.509998
"2619","2017-05-26",42.509998
"2620","2017-05-30",42.310001
"2621","2017-05-31",41.669998
"2622","2017-06-01",42.830002
"2623","2017-06-02",42.779999
"2624","2017-06-05",42.59
"2625","2017-06-06",41.959999
"2626","2017-06-07",42.700001
"2627","2017-06-08",43.669998
"2628","2017-06-09",44.009998
"2629","2017-06-12",44
"2630","2017-06-13",44.900002
"2631","2017-06-14",45.060001
"2632","2017-06-15",44.73
"2633","2017-06-16",44.810001
"2634","2017-06-19",45.18
"2635","2017-06-20",45.119999
"2636","2017-06-21",45.900002
"2637","2017-06-22",45.720001
"2638","2017-06-23",46.599998
"2639","2017-06-26",46.32
"2640","2017-06-27",45.419998
"2641","2017-06-28",45.84
"2642","2017-06-29",46.209999
"2643","2017-06-30",46.48
"2644","2017-07-03",46.099998
"2645","2017-07-05",45.790001
"2646","2017-07-06",45.34
"2647","2017-07-07",46.459999
"2648","2017-07-10",45.709999
"2649","2017-07-11",45.84
"2650","2017-07-12",45.709999
"2651","2017-07-13",45.68
"2652","2017-07-14",45.959999
"2653","2017-07-17",45.880001
"2654","2017-07-18",45.77
"2655","2017-07-19",45.959999
"2656","2017-07-20",46.25
"2657","2017-07-21",45.900002
"2658","2017-07-24",45.990002
"2659","2017-07-25",45.919998
"2660","2017-07-26",45.580002
"2661","2017-07-27",44.799999
"2662","2017-07-28",44.259998
"2663","2017-07-31",43.380001
"2664","2017-08-01",43.650002
"2665","2017-08-02",43.049999
"2666","2017-08-03",43.669998
"2667","2017-08-04",43.98
"2668","2017-08-07",44.849998
"2669","2017-08-08",48.330002
"2670","2017-08-09",47.349998
"2671","2017-08-10",47.240002
"2672","2017-08-11",46.950001
"2673","2017-08-14",47.5
"2674","2017-08-15",48.189999
"2675","2017-08-16",47.98
"2676","2017-08-17",47.439999
"2677","2017-08-18",48
"2678","2017-08-21",48.240002
"2679","2017-08-22",48.279999
"2680","2017-08-23",48.099998
"2681","2017-08-24",48.459999
"2682","2017-08-25",48.060001
"2683","2017-08-28",48.080002
"2684","2017-08-29",48.060001
"2685","2017-08-30",48.130001
"2686","2017-08-31",49.209999
"2687","2017-09-01",49.810001
"2688","2017-09-05",49.889999
"2689","2017-09-06",49.380001
"2690","2017-09-07",49.130001
"2691","2017-09-08",49.389999
"2692","2017-09-11",49.380001
"2693","2017-09-12",49.5
"2694","2017-09-13",48.73
"2695","2017-09-14",48.68
"2696","2017-09-15",48.669998
"2697","2017-09-18",49
"2698","2017-09-19",48.509998
"2699","2017-09-20",47.73
"2700","2017-09-21",47.759998
"2701","2017-09-22",47.849998
"2702","2017-09-25",47.66
"2703","2017-09-26",47.619999
"2704","2017-09-27",48.360001
"2705","2017-09-28",47.470001
"2706","2017-09-29",47.25
"2707","2017-10-02",48.220001
"2708","2017-10-03",48.450001
"2709","2017-10-04",50.73
"2710","2017-10-05",50.73
"2711","2017-10-06",50.68
"2712","2017-10-09",49.169998
"2713","2017-10-10",49.02
"2714","2017-10-11",49.080002
"2715","2017-10-12",48.93
"2716","2017-10-13",48.560001
"2717","2017-10-16",48.790001
"2718","2017-10-17",48.689999
"2719","2017-10-18",49.060001
"2720","2017-10-19",48.880001
"2721","2017-10-20",49.5
"2722","2017-10-23",49.720001
"2723","2017-10-24",49.290001
"2724","2017-10-25",49.740002
"2725","2017-10-26",49.34
"2726","2017-10-27",49.389999
"2727","2017-10-30",49.849998
"2728","2017-10-31",53.73
"2729","2017-11-01",52.43
"2730","2017-11-02",51.16
"2731","2017-11-03",51.889999
"2732","2017-11-06",51.619999
"2733","2017-11-07",51.23
"2734","2017-11-08",51.549999
"2735","2017-11-09",51.73
"2736","2017-11-10",51.439999
"2737","2017-11-13",51.98
"2738","2017-11-14",52.189999
"2739","2017-11-15",51.970001
"2740","2017-11-16",53.52
"2741","2017-11-17",53.369999
"2742","2017-11-20",53.290001
"2743","2017-11-21",53.450001
"2744","2017-11-22",52.889999
"2745","2017-11-24",53.330002
"2746","2017-11-27",53.610001
"2747","2017-11-28",53.810001
"2748","2017-11-29",54.150002
"2749","2017-11-30",54.220001
"2750","2017-12-01",53.990002
"2751","2017-12-04",52.810001
"2752","2017-12-05",52.720001
"2753","2017-12-06",52.27
"2754","2017-12-07",53.099998
"2755","2017-12-08",52.849998
"2756","2017-12-11",51.939999
"2757","2017-12-12",51.810001
"2758","2017-12-13",52.130001
"2759","2017-12-14",51.709999
"2760","2017-12-15",52.900002
"2761","2017-12-18",54.529999
"2762","2017-12-19",54.66
"2763","2017-12-20",55.049999
"2764","2017-12-21",55.09
"2765","2017-12-22",55.25
"2766","2017-12-26",54.740002
"2767","2017-12-27",54.959999
"2768","2017-12-28",55.189999
"2769","2017-12-29",54.700001
"2770","2018-01-02",54.540001
"2771","2018-01-03",54.029999
"2772","2018-01-04",53.66
"2773","2018-01-05",54.759998
"2774","2018-01-08",54.939999
"2775","2018-01-09",54.580002
"2776","2018-01-10",54.509998
"2777","2018-01-11",54.259998
"2778","2018-01-12",53.900002
"2779","2018-01-16",52.779999
"2780","2018-01-17",53
"2781","2018-01-18",53.599998
"2782","2018-01-19",55
"2783","2018-01-22",54.970001
"2784","2018-01-23",54.73
"2785","2018-01-24",55.830002
"2786","2018-01-25",57.77
"2787","2018-01-26",57.599998
"2788","2018-01-29",57.450001
"2789","2018-01-30",57.150002
"2790","2018-01-31",57.439999
"2791","2018-02-01",57.669998
"2792","2018-02-02",57.189999
"2793","2018-02-05",55.049999
"2794","2018-02-06",54.23
"2795","2018-02-07",53.68
"2796","2018-02-08",51.779999
"2797","2018-02-09",52.360001
"2798","2018-02-12",52.240002
"2799","2018-02-13",52.07
"2800","2018-02-14",52.400002
"2801","2018-02-15",53.639999
"2802","2018-02-16",53.93
"2803","2018-02-20",54.130001
"2804","2018-02-21",54.049999
"2805","2018-02-22",54.130001
"2806","2018-02-23",53.68
"2807","2018-02-26",54.810001
"2808","2018-02-27",57.139999
"2809","2018-02-28",56.009998
"2810","2018-03-01",55.810001
"2811","2018-03-02",56.150002
"2812","2018-03-05",58.439999
"2813","2018-03-06",59.060001
"2814","2018-03-07",57.669998
"2815","2018-03-08",57.93
"2816","2018-03-09",59.32
"2817","2018-03-12",59.490002
"2818","2018-03-13",59.84
"2819","2018-03-14",59.240002
"2820","2018-03-15",59.380001
"2821","2018-03-16",59.709999
"2822","2018-03-19",59.369999
"2823","2018-03-20",59.380001
"2824","2018-03-21",59.560001
"2825","2018-03-22",58.580002
"2826","2018-03-23",58.110001
"2827","2018-03-26",58.709999
"2828","2018-03-27",57.529999
"2829","2018-03-28",58.18
"2830","2018-03-29",58.779999
"2831","2018-04-02",56.869999
"2832","2018-04-03",58.080002
"2833","2018-04-04",59.130001
"2834","2018-04-05",58.810001
"2835","2018-04-06",57.849998
"2836","2018-04-09",58.209999
"2837","2018-04-10",59.150002
"2838","2018-04-11",59.700001
"2839","2018-04-12",60.080002
"2840","2018-04-13",59.490002
"2841","2018-04-16",59.849998
"2842","2018-04-17",59.490002
"2843","2018-04-18",59.529999
"2844","2018-04-19",59.139999
"2845","2018-04-20",58.860001
"2846","2018-04-23",59.599998
"2847","2018-04-24",59.82
"2848","2018-04-25",59.700001
"2849","2018-04-26",60.93
"2850","2018-04-27",61.369999
"2851","2018-04-30",61.02
"2852","2018-05-01",53.119999
"2853","2018-05-02",52.84
"2854","2018-05-03",52.259998
"2855","2018-05-04",52.389999
"2856","2018-05-07",54.139999
"2857","2018-05-08",54.16
"2858","2018-05-09",53.25
"2859","2018-05-10",53.169998
"2860","2018-05-11",53.389999
"2861","2018-05-14",53.169998
"2862","2018-05-15",53.439999
"2863","2018-05-16",53.509998
"2864","2018-05-17",53.810001
"2865","2018-05-18",54.43
"2866","2018-05-21",54.84
"2867","2018-05-22",54.09
"2868","2018-05-23",54.389999
"2869","2018-05-24",54.490002
"2870","2018-05-25",54.41
"2871","2018-05-29",54.59
"2872","2018-05-30",54.91
"2873","2018-05-31",54.650002
"2874","2018-06-01",55.389999
"2875","2018-06-04",55.790001
"2876","2018-06-05",55.68
"2877","2018-06-06",56.43
"2878","2018-06-07",55.380001
"2879","2018-06-08",55.98
"2880","2018-06-11",56.5
"2881","2018-06-12",57.389999
"2882","2018-06-13",58.119999
"2883","2018-06-14",58.630001
"2884","2018-06-15",59
"2885","2018-06-18",59.240002
"2886","2018-06-19",60.43
"2887","2018-06-20",60.75
"2888","2018-06-21",59.880001
"2889","2018-06-22",60.130001
"2890","2018-06-25",57.669998
"2891","2018-06-26",58.52
"2892","2018-06-27",57.77
"2893","2018-06-28",57.990002
"2894","2018-06-29",56.82
"2895","2018-07-02",56.880001
"2896","2018-07-03",57.419998
"2897","2018-07-05",58.07
"2898","2018-07-06",57.919998
"2899","2018-07-09",58.380001
"2900","2018-07-10",58.27
"2901","2018-07-11",58.599998
"2902","2018-07-12",59.099998
"2903","2018-07-13",58.099998
"2904","2018-07-16",57.630001
"2905","2018-07-17",58.07
"2906","2018-07-18",58.380001
"2907","2018-07-19",59.189999
"2908","2018-07-20",60.02
"2909","2018-07-23",60.490002
"2910","2018-07-24",59.950001
"2911","2018-07-25",60.130001
"2912","2018-07-26",60.09
"2913","2018-07-27",59.41
"2914","2018-07-30",60.049999
"2915","2018-07-31",60.490002
"2916","2018-08-01",60.68
"2917","2018-08-02",61.490002
"2918","2018-08-03",61.27
"2919","2018-08-06",61.869999
"2920","2018-08-07",51.990002
"2921","2018-08-08",54.009998
"2922","2018-08-09",54.580002
"2923","2018-08-10",53.959999
"2924","2018-08-13",53.389999
"2925","2018-08-14",53.34
"2926","2018-08-15",53.240002
"2927","2018-08-16",53.66
"2928","2018-08-17",54.23
"2929","2018-08-20",53.459999
"2930","2018-08-21",52.889999
"2931","2018-08-22",53.369999
"2932","2018-08-23",53.880001
"2933","2018-08-24",53.509998
"2934","2018-08-27",53.59
"2935","2018-08-28",53.25
"2936","2018-08-29",53.029999
"2937","2018-08-30",53.200001
"2938","2018-08-31",53.560001
"2939","2018-09-04",53.349998
"2940","2018-09-05",53.849998
"2941","2018-09-06",53.619999
"2942","2018-09-07",53.34
"2943","2018-09-10",53.009998
"2944","2018-09-11",52.990002
"2945","2018-09-12",52.91
"2946","2018-09-13",53.639999
"2947","2018-09-14",53.810001
"2948","2018-09-17",53.240002
"2949","2018-09-18",53.740002
"2950","2018-09-19",53.41
"2951","2018-09-20",54.07
"2952","2018-09-21",54.189999
"2953","2018-09-24",55.189999
"2954","2018-09-25",55.77
"2955","2018-09-26",56.790001
"2956","2018-09-27",57.400002
"2957","2018-09-28",57.810001
"2958","2018-10-01",57.009998
"2959","2018-10-02",56.099998
"2960","2018-10-03",56.290001
"2961","2018-10-04",55.990002
"2962","2018-10-05",56.220001
"2963","2018-10-08",56.509998
"2964","2018-10-09",56.07
"2965","2018-10-10",55.560001
"2966","2018-10-11",54.970001
"2967","2018-10-12",53.990002
"2968","2018-10-15",54.950001
"2969","2018-10-16",56.049999
"2970","2018-10-17",57.619999
"2971","2018-10-18",57.099998
"2972","2018-10-19",56.77
"2973","2018-10-22",57.75
"2974","2018-10-23",57.209999
"2975","2018-10-24",55.889999
"2976","2018-10-25",57.439999
"2977","2018-10-26",56.470001
"2978","2018-10-29",56.630001
"2979","2018-10-30",60.639999
"2980","2018-10-31",60.82
"2981","2018-11-01",61.279999
"2982","2018-11-02",61.459999
"2983","2018-11-05",60.700001
"2984","2018-11-06",60.990002
"2985","2018-11-07",61.48
"2986","2018-11-08",62.369999
"2987","2018-11-09",61.68
"2988","2018-11-12",59.650002
"2989","2018-11-13",59.07
"2990","2018-11-14",57.41
"2991","2018-11-15",58.639999
"2992","2018-11-16",58.57
"2993","2018-11-19",57.900002
"2994","2018-11-20",56.93
"2995","2018-11-21",58.220001
"2996","2018-11-23",58.209999
"2997","2018-11-26",57.130001
"2998","2018-11-27",58.049999
"2999","2018-11-28",58.759998
"3000","2018-11-29",59.130001
"3001","2018-11-30",60.25
"3002","2018-12-03",61.259998
"3003","2018-12-04",58.360001
"3004","2018-12-06",58.09
"3005","2018-12-07",56.330002
"3006","2018-12-10",56.490002
"3007","2018-12-11",56.77
"3008","2018-12-12",56.98
"3009","2018-12-13",56.110001
"3010","2018-12-14",54.900002
"3011","2018-12-17",53.919998
"3012","2018-12-18",53.98
"3013","2018-12-19",52.540001
"3014","2018-12-20",49.779999
"3015","2018-12-21",49.310001
"3016","2018-12-24",48.759998
"3017","2018-12-26",51.52
"3018","2018-12-27",51.5
"3019","2018-12-28",52.529999
"3020","2018-12-31",52.490002
"3021","2019-01-02",51.619999
"3022","2019-01-03",49.57
"3023","2019-01-04",50.220001
"3024","2019-01-07",49.189999
"3025","2019-01-08",50.509998
"3026","2019-01-09",50.310001
"3027","2019-01-10",51.18
"3028","2019-01-11",50.75
"3029","2019-01-14",49.02
"3030","2019-01-15",50.400002
"3031","2019-01-16",50.93
"3032","2019-01-17",51.189999
"3033","2019-01-18",51.93
"3034","2019-01-22",51.459999
"3035","2019-01-23",52.459999
"3036","2019-01-24",52.669998
"3037","2019-01-25",53.09
"3038","2019-01-28",52
"3039","2019-01-29",51.830002
"3040","2019-01-30",52.91
"3041","2019-01-31",54.110001
"3042","2019-02-01",53.970001
"3043","2019-02-04",55.630001
"3044","2019-02-05",56.139999
"3045","2019-02-06",57.740002
"3046","2019-02-07",59.939999
"3047","2019-02-08",60.419998
"3048","2019-02-11",60.869999
"3049","2019-02-12",62.709999
"3050","2019-02-13",62.580002
"3051","2019-02-14",63.700001
"3052","2019-02-15",64.5
"3053","2019-02-19",65.480003
"3054","2019-02-20",65.75
"3055","2019-02-21",64.769997
"3056","2019-02-22",65.510002
"3057","2019-02-25",67.709999
"3058","2019-02-26",59.919998
"3059","2019-02-27",59.549999
"3060","2019-02-28",61.099998
"3061","2019-03-01",58.98
"3062","2019-03-04",57.439999
"3063","2019-03-05",57.060001
"3064","2019-03-06",54.650002
"3065","2019-03-07",54.990002
"3066","2019-03-08",54.990002
"3067","2019-03-11",55.57
"3068","2019-03-12",55.66
"3069","2019-03-13",55.630001
"3070","2019-03-14",55.599998
"3071","2019-03-15",56.52
"3072","2019-03-18",56.189999
"3073","2019-03-19",56.799999
"3074","2019-03-20",55.919998
"3075","2019-03-21",56.240002
"3076","2019-03-22",55.540001
"3077","2019-03-25",56.009998
"3078","2019-03-26",56.540001
"3079","2019-03-27",55.84
"3080","2019-03-28",55.959999
"3081","2019-03-29",56.41
"3082","2019-04-01",56.200001
"3083","2019-04-02",55.360001
"3084","2019-04-03",55.040001
"3085","2019-04-04",55.130001
"3086","2019-04-05",55.25
"3087","2019-04-08",55.860001
"3088","2019-04-09",55.349998
"3089","2019-04-10",55.439999
"3090","2019-04-11",55.5
"3091","2019-04-12",55.049999
"3092","2019-04-15",55.18
"3093","2019-04-16",53.200001
"3094","2019-04-17",52.759998
"3095","2019-04-18",52.540001
"3096","2019-04-22",53.32
"3097","2019-04-23",54.73
"3098","2019-04-24",54.849998
"3099","2019-04-25",54.630001
"3100","2019-04-26",54.84
"3101","2019-04-29",54
"3102","2019-04-30",54.790001
"3103","2019-05-01",54.330002
"3104","2019-05-02",55.259998
"3105","2019-05-03",56.669998
"3106","2019-05-06",57.360001
"3107","2019-05-07",55.209999
"3108","2019-05-08",56.43
"3109","2019-05-09",56.439999
"3110","2019-05-10",56.48
"3111","2019-05-13",54.259998
"3112","2019-05-14",53.849998
"3113","2019-05-15",54.220001
"3114","2019-05-16",53.880001
"3115","2019-05-17",52.23
"3116","2019-05-20",51.84
"3117","2019-05-21",51.310001
"3118","2019-05-22",51.220001
"3119","2019-05-23",49.73
"3120","2019-05-24",49.990002
"3121","2019-05-28",49.599998
"3122","2019-05-29",49
"3123","2019-05-30",49.27
"3124","2019-05-31",49.330002
"3125","2019-06-03",49.02
"3126","2019-06-04",50.43
"3127","2019-06-05",50.5
"3128","2019-06-06",50.900002
"3129","2019-06-07",51.57
"3130","2019-06-10",52.759998
"3131","2019-06-11",51
"3132","2019-06-12",51.060001
"3133","2019-06-13",51.490002
"3134","2019-06-14",51.34
"3135","2019-06-17",51.360001
"3136","2019-06-18",52.049999
"3137","2019-06-19",52.82
"3138","2019-06-20",52.490002
"3139","2019-06-21",52.27
"3140","2019-06-24",52.529999
"3141","2019-06-25",52.57
"3142","2019-06-26",52.209999
"3143","2019-06-27",52.549999
"3144","2019-06-28",52.880001
"3145","2019-07-01",52.27
"3146","2019-07-02",52.209999
"3147","2019-07-03",51.84
"3148","2019-07-05",51
"3149","2019-07-08",50.380001
"3150","2019-07-09",50.860001
"3151","2019-07-10",51.07
"3152","2019-07-11",51.860001
"3153","2019-07-12",51.549999
"3154","2019-07-15",51.540001
"3155","2019-07-16",50.639999
"3156","2019-07-17",51.119999
"3157","2019-07-18",51.240002
"3158","2019-07-19",50.490002
"3159","2019-07-22",48.970001
"3160","2019-07-23",49.23
"3161","2019-07-24",50.419998
"3162","2019-07-25",49.849998
"3163","2019-07-26",49.869999
"3164","2019-07-29",50.009998
"3165","2019-07-30",52.380001
"3166","2019-07-31",53.450001
"3167","2019-08-01",54.84
"3168","2019-08-02",52.889999
"3169","2019-08-05",50.869999
"3170","2019-08-06",52.939999
"3171","2019-08-07",52.560001
"3172","2019-08-08",53.759998
"3173","2019-08-09",54.25
"3174","2019-08-12",52.689999
"3175","2019-08-13",52.889999
"3176","2019-08-14",50.029999
"3177","2019-08-15",49.919998
"3178","2019-08-16",51.139999
"3179","2019-08-19",51.93
"3180","2019-08-20",52.23
"3181","2019-08-21",53.560001
"3182","2019-08-22",53.580002
"3183","2019-08-23",51.369999
"3184","2019-08-26",51.459999
"3185","2019-08-27",50.77
"3186","2019-08-28",50.880001
"3187","2019-08-29",51.34
"3188","2019-08-30",50.84
"3189","2019-09-03",49.779999
"3190","2019-09-04",49.990002
"3191","2019-09-05",50.610001
"3192","2019-09-06",50.34
"3193","2019-09-09",50.84
"3194","2019-09-10",50.77
"3195","2019-09-11",52.040001
"3196","2019-09-12",51.889999
"3197","2019-09-13",50.990002
"3198","2019-09-16",51.099998
"3199","2019-09-17",50.77
"3200","2019-09-18",50.599998
"3201","2019-09-19",51.290001
"3202","2019-09-20",51.450001
"3203","2019-09-23",52.75
"3204","2019-09-24",53.040001
"3205","2019-09-25",54.400002
"3206","2019-09-26",54.259998
"3207","2019-09-27",52.799999
"3208","2019-09-30",53.02
"3209","2019-10-01",51.860001
"3210","2019-10-02",51.34
"3211","2019-10-03",51.189999
"3212","2019-10-04",51.709999
"3213","2019-10-07",51.57
"3214","2019-10-08",50.23
"3215","2019-10-09",50.700001
"3216","2019-10-10",50.759998
"3217","2019-10-11",52.080002
"3218","2019-10-14",51.450001
"3219","2019-10-15",51.75
"3220","2019-10-16",52.16
"3221","2019-10-17",52.27
"3222","2019-10-18",52.5
"3223","2019-10-21",52.880001
"3224","2019-10-22",52.740002
"3225","2019-10-23",53.119999
"3226","2019-10-24",52
"3227","2019-10-25",50
"3228","2019-10-28",49.02
"3229","2019-10-29",41.619999
"3230","2019-10-30",42.16
"3231","2019-10-31",42.029999
"3232","2019-11-01",41.52
"3233","2019-11-04",42.799999
"3234","2019-11-05",45.119999
"3235","2019-11-06",44.040001
"3236","2019-11-07",44.419998
"3237","2019-11-08",44.580002
"3238","2019-11-11",44.220001
"3239","2019-11-12",44.959999
"3240","2019-11-13",44.32
"3241","2019-11-14",44.450001
"3242","2019-11-15",44.919998
"3243","2019-11-18",44.98
"3244","2019-11-19",44.830002
"3245","2019-11-20",44.689999
"3246","2019-11-21",44.799999
"3247","2019-11-22",44.07
"3248","2019-11-25",45.25
"3249","2019-11-26",44.970001
"3250","2019-11-27",45.200001
"3251","2019-11-29",45.400002
"3252","2019-12-02",44.77
"3253","2019-12-03",44.700001
"3254","2019-12-04",44.959999
"3255","2019-12-05",45.029999
"3256","2019-12-06",46.310001
"3257","2019-12-09",45.849998
"3258","2019-12-10",44.75
"3259","2019-12-11",44.98
"3260","2019-12-12",45.470001
"3261","2019-12-13",45.5
"3262","2019-12-16",45.639999
"3263","2019-12-17",46.07
"3264","2019-12-18",46.450001
"3265","2019-12-19",46.610001
"3266","2019-12-20",46.27
"3267","2019-12-23",46.689999
"3268","2019-12-24",47.07
"3269","2019-12-26",46.5
"3270","2019-12-27",46.02
"3271","2019-12-30",45.860001
"3272","2019-12-31",46.18
"3273","2020-01-02",46.360001
"3274","2020-01-03",46.540001
"3275","2020-01-06",47.049999
"3276","2020-01-07",46.060001
"3277","2020-01-08",46.290001
"3278","2020-01-09",46.709999
"3279","2020-01-10",46.200001
"3280","2020-01-13",46.82
"3281","2020-01-14",47.150002
"3282","2020-01-15",47.209999
"3283","2020-01-16",47.580002
"3284","2020-01-17",46.939999
"3285","2020-01-21",46.200001
"3286","2020-01-22",45.889999
"3287","2020-01-23",45.200001
"3288","2020-01-24",45
"3289","2020-01-27",44.740002
"3290","2020-01-28",44.450001
"3291","2020-01-29",44.48
"3292","2020-01-30",44.48
"3293","2020-01-31",43.259998
"3294","2020-02-03",44.110001
"3295","2020-02-04",43.490002
"3296","2020-02-05",44.310001
"3297","2020-02-06",44.209999
"3298","2020-02-07",43.509998
"3299","2020-02-10",43.240002
"3300","2020-02-11",43.93
"3301","2020-02-12",43.779999
"3302","2020-02-13",43.700001
"3303","2020-02-14",43.860001
"3304","2020-02-18",44.91
"3305","2020-02-19",46.02
"3306","2020-02-20",45.360001
"3307","2020-02-21",45.040001
"3308","2020-02-24",44.959999
"3309","2020-02-25",36.700001
"3310","2020-02-26",36.490002
"3311","2020-02-27",35.91
"3312","2020-02-28",35.34
"3313","2020-03-02",36.450001
"3314","2020-03-03",35.84
"3315","2020-03-04",34.799999
"3316","2020-03-05",33.080002
"3317","2020-03-06",32.82
"3318","2020-03-09",29.82
"3319","2020-03-10",30.68
"3320","2020-03-11",30.67
"3321","2020-03-12",26.99
"3322","2020-03-13",26.4
"3323","2020-03-16",24
"3324","2020-03-17",24.190001
"3325","2020-03-18",22.73
"3326","2020-03-19",24.59
"3327","2020-03-20",23.32
"3328","2020-03-23",24.5
"3329","2020-03-24",27.309999
"3330","2020-03-25",26.610001
"3331","2020-03-26",27.610001
"3332","2020-03-27",25.950001
"3333","2020-03-30",28.299999
"3334","2020-03-31",28.01
"3335","2020-04-01",26.09
"3336","2020-04-02",26.66
"3337","2020-04-03",26.01
"3338","2020-04-06",27.370001
"3339","2020-04-07",28.73
"3340","2020-04-08",30.35
"3341","2020-04-09",30.68
"3342","2020-04-13",30.85
"3343","2020-04-14",31.32
"3344","2020-04-15",30.52
"3345","2020-04-16",30.26
"3346","2020-04-17",32.02
"3347","2020-04-20",31.98
"3348","2020-04-21",31.639999
"3349","2020-04-22",31.93
"3350","2020-04-23",33
"3351","2020-04-24",33.189999
"3352","2020-04-27",33.529999
"3353","2020-04-28",34.389999
"3354","2020-04-29",35.380001
"3355","2020-04-30",35.450001
"3356","2020-05-01",33.799999
"3357","2020-05-04",33.540001
"3358","2020-05-05",34.060001
"3359","2020-05-06",34.860001
"3360","2020-05-07",36.16
"3361","2020-05-08",36.540001
"3362","2020-05-11",35.48
"3363","2020-05-12",34.060001
"3364","2020-05-13",33.650002
"3365","2020-05-14",33.509998
"3366","2020-05-15",33.639999
"3367","2020-05-18",34.720001
"3368","2020-05-19",34.029999
"3369","2020-05-20",34.48
"3370","2020-05-21",34.48
"3371","2020-05-22",33.720001
"3372","2020-05-26",33.970001
"3373","2020-05-27",35.009998
"3374","2020-05-28",34.650002
"3375","2020-05-29",34.080002
"3376","2020-06-01",34.419998
"3377","2020-06-02",34.57
"3378","2020-06-03",34.91
"3379","2020-06-04",35.470001
"3380","2020-06-05",37.560001
"3381","2020-06-08",38.150002
"3382","2020-06-09",37.779999
"3383","2020-06-10",36.619999
"3384","2020-06-11",33.630001
"3385","2020-06-12",34.630001
"3386","2020-06-15",34.880001
"3387","2020-06-16",35.310001
"3388","2020-06-17",34.68
"3389","2020-06-18",33.52
"3390","2020-06-19",33.490002
"3391","2020-06-22",32.709999
"3392","2020-06-23",33.48
"3393","2020-06-24",31.610001
"3394","2020-06-25",30.559999
"3395","2020-06-26",29.870001
"3396","2020-06-29",31.040001
"3397","2020-06-30",32
"3398","2020-07-01",32.34
"3399","2020-07-02",32.189999
"3400","2020-07-06",32
"3401","2020-07-07",30.610001
"3402","2020-07-08",30.34
"3403","2020-07-09",29.68
"3404","2020-07-10",30.129999
"3405","2020-07-13",30.51
"3406","2020-07-14",30.559999
"3407","2020-07-15",32.259998
"3408","2020-07-16",31.42
"3409","2020-07-17",31.91
"3410","2020-07-20",31.17
"3411","2020-07-21",32.400002
"3412","2020-07-22",31.309999
"3413","2020-07-23",31.93
"3414","2020-07-24",31.43
"3415","2020-07-27",31.879999
"3416","2020-07-28",30.959999
"3417","2020-07-29",31.639999
"3418","2020-07-30",31.24
"3419","2020-07-31",30.709999
"3420","2020-08-03",31.18
"3421","2020-08-04",31.950001
"3422","2020-08-05",33.240002
"3423","2020-08-06",33.130001
"3424","2020-08-07",34.720001
"3425","2020-08-10",34.98
"3426","2020-08-11",34.779999
"3427","2020-08-12",34.349998
"3428","2020-08-13",34.07
"3429","2020-08-14",33.43
"3430","2020-08-17",33.209999
"3431","2020-08-18",31.780001
"3432","2020-08-19",31.200001
"3433","2020-08-20",31.219999
"3434","2020-08-21",30.41
"3435","2020-08-24",30.68
"3436","2020-08-25",30.99
"3437","2020-08-26",30.280001
"3438","2020-08-27",30.65
"3439","2020-08-28",30.700001
"3440","2020-08-31",30.34
"3441","2020-09-01",30.040001
"3442","2020-09-02",29.959999
"3443","2020-09-03",29.309999
"3444","2020-09-04",28.790001
"3445","2020-09-08",28.440001
"3446","2020-09-09",28.459999
"3447","2020-09-10",28.74
"3448","2020-09-11",28.24
"3449","2020-09-14",29.040001
"3450","2020-09-15",29.48
"3451","2020-09-16",30.41
"3452","2020-09-17",30.030001
"3453","2020-09-18",29.85
"3454","2020-09-21",29.23
"3455","2020-09-22",29.620001
"3456","2020-09-23",28.950001
"3457","2020-09-24",28.639999
"3458","2020-09-25",29.4
"3459","2020-09-28",30.5
"3460","2020-09-29",30.9
"3461","2020-09-30",31.139999
"3462","2020-10-01",31.389999
"3463","2020-10-02",31.35
"3464","2020-10-05",32.389999
"3465","2020-10-06",32.380001
"3466","2020-10-07",33.290001
"3467","2020-10-08",33.889999
"3468","2020-10-09",34.169998
"3469","2020-10-12",34.57
"3470","2020-10-13",34.23
"3471","2020-10-14",34.57
"3472","2020-10-15",34.610001
"3473","2020-10-16",34.700001
"3474","2020-10-19",34.049999
"3475","2020-10-20",33.669998
"3476","2020-10-21",33.419998
"3477","2020-10-22",33.220001
"3478","2020-10-23",33.48
"3479","2020-10-26",33.060001
"3480","2020-10-27",32.490002
"3481","2020-10-28",31.950001
"3482","2020-10-29",31.66
"3483","2020-10-30",31.26
"3484","2020-11-02",31.700001
"3485","2020-11-03",32.650002
"3486","2020-11-04",33.48
"3487","2020-11-05",38.259998
"3488","2020-11-06",35.209999
"3489","2020-11-09",37.209999
"3490","2020-11-10",38.049999
"3491","2020-11-11",36.990002
"3492","2020-11-12",36.439999
"3493","2020-11-13",36.779999
"3494","2020-11-16",36.849998
"3495","2020-11-17",36.990002
"3496","2020-11-18",36.369999
"3497","2020-11-19",36
"3498","2020-11-20",36.150002
"3499","2020-11-23",37.139999
"3500","2020-11-24",38.669998
"3501","2020-11-25",38.139999
"3502","2020-11-27",38.07
