"","date","PTGX"
"1","2016-08-11",11.7
"2","2016-08-12",11.57
"3","2016-08-15",11.5
"4","2016-08-16",11.46
"5","2016-08-17",11.74
"6","2016-08-18",11.65
"7","2016-08-19",11.8
"8","2016-08-22",11.6
"9","2016-08-23",11.48
"10","2016-08-24",10.94
"11","2016-08-25",10.71
"12","2016-08-26",10.44
"13","2016-08-29",10.62
"14","2016-08-30",10.94
"15","2016-08-31",12.01
"16","2016-09-01",12.09
"17","2016-09-02",12.08
"18","2016-09-06",12.54
"19","2016-09-07",12.63
"20","2016-09-08",12.57
"21","2016-09-09",12.4
"22","2016-09-12",12.4
"23","2016-09-13",12.88
"24","2016-09-14",13.1
"25","2016-09-15",13.32
"26","2016-09-16",14.33
"27","2016-09-19",15.1
"28","2016-09-20",15.6
"29","2016-09-21",15.82
"30","2016-09-22",16.049999
"31","2016-09-23",17
"32","2016-09-26",18.15
"33","2016-09-27",20.99
"34","2016-09-28",20.940001
"35","2016-09-29",20.76
"36","2016-09-30",21.129999
"37","2016-10-03",21.209999
"38","2016-10-04",21.83
"39","2016-10-05",21.719999
"40","2016-10-06",20.860001
"41","2016-10-07",21.190001
"42","2016-10-10",21.33
"43","2016-10-11",21.58
"44","2016-10-12",21.42
"45","2016-10-13",21.4
"46","2016-10-14",21.459999
"47","2016-10-17",22.43
"48","2016-10-18",22.41
"49","2016-10-19",22.41
"50","2016-10-20",21.99
"51","2016-10-21",22.1
"52","2016-10-24",22.16
"53","2016-10-25",22.280001
"54","2016-10-26",22.059999
"55","2016-10-27",20.32
"56","2016-10-28",19.67
"57","2016-10-31",18.799999
"58","2016-11-01",17.870001
"59","2016-11-02",18
"60","2016-11-03",17.93
"61","2016-11-04",18.27
"62","2016-11-07",18.719999
"63","2016-11-08",19.9
"64","2016-11-09",21.799999
"65","2016-11-10",23.360001
"66","2016-11-11",24.299999
"67","2016-11-14",24.16
"68","2016-11-15",23.9
"69","2016-11-16",23.91
"70","2016-11-17",24.99
"71","2016-11-18",25.129999
"72","2016-11-21",25.200001
"73","2016-11-22",25.219999
"74","2016-11-23",25.120001
"75","2016-11-25",25.49
"76","2016-11-28",25.01
"77","2016-11-29",24.99
"78","2016-11-30",24.950001
"79","2016-12-01",24.26
"80","2016-12-02",24.870001
"81","2016-12-05",26.24
"82","2016-12-06",25.879999
"83","2016-12-07",25.58
"84","2016-12-08",22.91
"85","2016-12-09",22
"86","2016-12-12",20.200001
"87","2016-12-13",20.09
"88","2016-12-14",20.290001
"89","2016-12-15",21.309999
"90","2016-12-16",22.889999
"91","2016-12-19",22.719999
"92","2016-12-20",22.84
"93","2016-12-21",21.879999
"94","2016-12-22",21.799999
"95","2016-12-23",21.940001
"96","2016-12-27",21.969999
"97","2016-12-28",21.9
"98","2016-12-29",22.190001
"99","2016-12-30",21.99
"100","2017-01-03",21.18
"101","2017-01-04",21.08
"102","2017-01-05",21.049999
"103","2017-01-06",20.75
"104","2017-01-09",20.4
"105","2017-01-10",19.59
"106","2017-01-11",19.540001
"107","2017-01-12",18.93
"108","2017-01-13",19.540001
"109","2017-01-17",18.969999
"110","2017-01-18",18.92
"111","2017-01-19",18.33
"112","2017-01-20",17.73
"113","2017-01-23",17.77
"114","2017-01-24",18.459999
"115","2017-01-25",19.52
"116","2017-01-26",19.969999
"117","2017-01-27",19.280001
"118","2017-01-30",18.799999
"119","2017-01-31",18.040001
"120","2017-02-01",18.209999
"121","2017-02-02",18.639999
"122","2017-02-03",19.139999
"123","2017-02-06",18.969999
"124","2017-02-07",17.9
"125","2017-02-08",16.92
"126","2017-02-09",15.89
"127","2017-02-10",15.62
"128","2017-02-13",15.59
"129","2017-02-14",14.79
"130","2017-02-15",15.12
"131","2017-02-16",15.09
"132","2017-02-17",15.17
"133","2017-02-21",15.17
"134","2017-02-22",14.58
"135","2017-02-23",13.96
"136","2017-02-24",14.4
"137","2017-02-27",14.42
"138","2017-02-28",13.86
"139","2017-03-01",14.73
"140","2017-03-02",14.17
"141","2017-03-03",13.8
"142","2017-03-06",13.67
"143","2017-03-07",13.47
"144","2017-03-08",13.59
"145","2017-03-09",13.54
"146","2017-03-10",13.72
"147","2017-03-13",14.05
"148","2017-03-14",12.92
"149","2017-03-15",12.71
"150","2017-03-16",12.79
"151","2017-03-17",13.09
"152","2017-03-20",13.04
"153","2017-03-21",12.34
"154","2017-03-22",12.49
"155","2017-03-23",13.15
"156","2017-03-24",13.22
"157","2017-03-27",13.71
"158","2017-03-28",13.86
"159","2017-03-29",13.56
"160","2017-03-30",13.41
"161","2017-03-31",12.81
"162","2017-04-03",12.12
"163","2017-04-04",12.04
"164","2017-04-05",12.38
"165","2017-04-06",11.38
"166","2017-04-07",10.35
"167","2017-04-10",10.77
"168","2017-04-11",10.55
"169","2017-04-12",10.6
"170","2017-04-13",10.56
"171","2017-04-17",10.42
"172","2017-04-18",10.63
"173","2017-04-19",10.53
"174","2017-04-20",10.59
"175","2017-04-21",10.57
"176","2017-04-24",10.11
"177","2017-04-25",10.59
"178","2017-04-26",10.6
"179","2017-04-27",10.63
"180","2017-04-28",10.12
"181","2017-05-01",10.55
"182","2017-05-02",10.47
"183","2017-05-03",10.23
"184","2017-05-04",10.17
"185","2017-05-05",9.24
"186","2017-05-08",9.15
"187","2017-05-09",9.4
"188","2017-05-10",9.65
"189","2017-05-11",10.39
"190","2017-05-12",10.45
"191","2017-05-15",10.74
"192","2017-05-16",10.71
"193","2017-05-17",10.3
"194","2017-05-18",9.86
"195","2017-05-19",10.59
"196","2017-05-22",10.44
"197","2017-05-23",9.86
"198","2017-05-24",9.1
"199","2017-05-25",8.59
"200","2017-05-26",8.22
"201","2017-05-30",11.82
"202","2017-05-31",11.17
"203","2017-06-01",10.89
"204","2017-06-02",10.68
"205","2017-06-05",10.6
"206","2017-06-06",10.51
"207","2017-06-07",10.63
"208","2017-06-08",10.78
"209","2017-06-09",11.38
"210","2017-06-12",11.11
"211","2017-06-13",10.96
"212","2017-06-14",11.06
"213","2017-06-15",10.84
"214","2017-06-16",10.55
"215","2017-06-19",11.14
"216","2017-06-20",11.71
"217","2017-06-21",12.11
"218","2017-06-22",12.08
"219","2017-06-23",12
"220","2017-06-26",12
"221","2017-06-27",11.12
"222","2017-06-28",12
"223","2017-06-29",11.54
"224","2017-06-30",11.31
"225","2017-07-03",11.4
"226","2017-07-05",11.89
"227","2017-07-06",12
"228","2017-07-07",12.69
"229","2017-07-10",12.38
"230","2017-07-11",13.17
"231","2017-07-12",13.41
"232","2017-07-13",13.93
"233","2017-07-14",13.56
"234","2017-07-17",12.66
"235","2017-07-18",12.26
"236","2017-07-19",12.92
"237","2017-07-20",12.92
"238","2017-07-21",12.75
"239","2017-07-24",13.4
"240","2017-07-25",13.24
"241","2017-07-26",13.61
"242","2017-07-27",13.02
"243","2017-07-28",12.67
"244","2017-07-31",12.19
"245","2017-08-01",11.89
"246","2017-08-02",11.18
"247","2017-08-03",10.91
"248","2017-08-04",11.73
"249","2017-08-07",11.61
"250","2017-08-08",11.74
"251","2017-08-09",10.72
"252","2017-08-10",10.61
"253","2017-08-11",11.1
"254","2017-08-14",12.49
"255","2017-08-15",12.08
"256","2017-08-16",12.2
"257","2017-08-17",12.25
"258","2017-08-18",11.91
"259","2017-08-21",12.31
"260","2017-08-22",12.51
"261","2017-08-23",12.21
"262","2017-08-24",13.36
"263","2017-08-25",13.77
"264","2017-08-28",14.93
"265","2017-08-29",16.77
"266","2017-08-30",16.48
"267","2017-08-31",16.33
"268","2017-09-01",16.780001
"269","2017-09-05",16.26
"270","2017-09-06",16.26
"271","2017-09-07",15.51
"272","2017-09-08",15.14
"273","2017-09-11",14.65
"274","2017-09-12",14.42
"275","2017-09-13",14.61
"276","2017-09-14",15.36
"277","2017-09-15",15.75
"278","2017-09-18",16.540001
"279","2017-09-19",16.690001
"280","2017-09-20",17.32
"281","2017-09-21",17.129999
"282","2017-09-22",16.85
"283","2017-09-25",16.389999
"284","2017-09-26",16.280001
"285","2017-09-27",17.629999
"286","2017-09-28",17.98
"287","2017-09-29",17.67
"288","2017-10-02",17.9
"289","2017-10-03",17.92
"290","2017-10-04",18.450001
"291","2017-10-05",19.219999
"292","2017-10-06",18.76
"293","2017-10-09",19.059999
"294","2017-10-10",19.67
"295","2017-10-11",19.809999
"296","2017-10-12",16.75
"297","2017-10-13",16.360001
"298","2017-10-16",15.94
"299","2017-10-17",16.200001
"300","2017-10-18",16.52
"301","2017-10-19",16.25
"302","2017-10-20",15.93
"303","2017-10-23",15.73
"304","2017-10-24",15.59
"305","2017-10-25",15.57
"306","2017-10-26",14.95
"307","2017-10-27",15.37
"308","2017-10-30",15.23
"309","2017-10-31",14.97
"310","2017-11-01",14.53
"311","2017-11-02",14.47
"312","2017-11-03",14.67
"313","2017-11-06",14.71
"314","2017-11-07",15.97
"315","2017-11-08",17.01
"316","2017-11-09",17.030001
"317","2017-11-10",17.049999
"318","2017-11-13",16.959999
"319","2017-11-14",16.57
"320","2017-11-15",16.33
"321","2017-11-16",16.27
"322","2017-11-17",17.4
"323","2017-11-20",18.559999
"324","2017-11-21",19.09
"325","2017-11-22",19.610001
"326","2017-11-24",19.6
"327","2017-11-27",19.309999
"328","2017-11-28",19.15
"329","2017-11-29",19.209999
"330","2017-11-30",19.5
"331","2017-12-01",19.25
"332","2017-12-04",17.67
"333","2017-12-05",18.389999
"334","2017-12-06",18.370001
"335","2017-12-07",19.299999
"336","2017-12-08",18.469999
"337","2017-12-11",18.26
"338","2017-12-12",17.57
"339","2017-12-13",18.16
"340","2017-12-14",18.23
"341","2017-12-15",18.99
"342","2017-12-18",19.889999
"343","2017-12-19",19.639999
"344","2017-12-20",19.35
"345","2017-12-21",19.549999
"346","2017-12-22",19.5
"347","2017-12-26",20.309999
"348","2017-12-27",20.4
"349","2017-12-28",20.43
"350","2017-12-29",20.799999
"351","2018-01-02",21.15
"352","2018-01-03",21.02
"353","2018-01-04",20.9
"354","2018-01-05",20.48
"355","2018-01-08",19.68
"356","2018-01-09",19.83
"357","2018-01-10",20.67
"358","2018-01-11",20.16
"359","2018-01-12",19.84
"360","2018-01-16",19.379999
"361","2018-01-17",19.459999
"362","2018-01-18",19.040001
"363","2018-01-19",18.99
"364","2018-01-22",18.92
"365","2018-01-23",19.469999
"366","2018-01-24",19.16
"367","2018-01-25",19.85
"368","2018-01-26",19.23
"369","2018-01-29",21.75
"370","2018-01-30",21.959999
"371","2018-01-31",22.860001
"372","2018-02-01",22.83
"373","2018-02-02",21.52
"374","2018-02-05",20.370001
"375","2018-02-06",17.98
"376","2018-02-07",17.879999
"377","2018-02-08",17.030001
"378","2018-02-09",17.58
"379","2018-02-12",17.200001
"380","2018-02-13",17.41
"381","2018-02-14",17.5
"382","2018-02-15",17.66
"383","2018-02-16",17.57
"384","2018-02-20",16.549999
"385","2018-02-21",17.969999
"386","2018-02-22",16.889999
"387","2018-02-23",17.459999
"388","2018-02-26",17.25
"389","2018-02-27",17.059999
"390","2018-02-28",16.950001
"391","2018-03-01",17.41
"392","2018-03-02",20.860001
"393","2018-03-05",19.809999
"394","2018-03-06",20.65
"395","2018-03-07",20.889999
"396","2018-03-08",20.23
"397","2018-03-09",23.08
"398","2018-03-12",20.940001
"399","2018-03-13",20.67
"400","2018-03-14",20.41
"401","2018-03-15",20.59
"402","2018-03-16",20.299999
"403","2018-03-19",20.610001
"404","2018-03-20",20.57
"405","2018-03-21",20.41
"406","2018-03-22",19.73
"407","2018-03-23",20.43
"408","2018-03-26",8.75
"409","2018-03-27",9.03
"410","2018-03-28",8.46
"411","2018-03-29",8.59
"412","2018-04-02",8.29
"413","2018-04-03",8.64
"414","2018-04-04",9.1
"415","2018-04-05",8.91
"416","2018-04-06",8.78
"417","2018-04-09",8.8
"418","2018-04-10",8.88
"419","2018-04-11",8.94
"420","2018-04-12",9.08
"421","2018-04-13",8.94
"422","2018-04-16",8.93
"423","2018-04-17",9
"424","2018-04-18",8.92
"425","2018-04-19",8.75
"426","2018-04-20",8.91
"427","2018-04-23",8.92
"428","2018-04-24",8.84
"429","2018-04-25",8.66
"430","2018-04-26",8.84
"431","2018-04-27",8.82
"432","2018-04-30",8.64
"433","2018-05-01",8.78
"434","2018-05-02",8.74
"435","2018-05-03",8.44
"436","2018-05-04",8.53
"437","2018-05-07",8.42
"438","2018-05-08",8.27
"439","2018-05-09",8.4
"440","2018-05-10",6.52
"441","2018-05-11",6.53
"442","2018-05-14",6.42
"443","2018-05-15",6.45
"444","2018-05-16",6.45
"445","2018-05-17",5.99
"446","2018-05-18",6
"447","2018-05-21",6.34
"448","2018-05-22",6.29
"449","2018-05-23",6.42
"450","2018-05-24",6.61
"451","2018-05-25",6.66
"452","2018-05-29",6.98
"453","2018-05-30",7.21
"454","2018-05-31",7.28
"455","2018-06-01",7.13
"456","2018-06-04",7
"457","2018-06-05",7.29
"458","2018-06-06",7.3
"459","2018-06-07",7.13
"460","2018-06-08",7.15
"461","2018-06-11",7.21
"462","2018-06-12",7.05
"463","2018-06-13",6.8
"464","2018-06-14",7.06
"465","2018-06-15",7.16
"466","2018-06-18",7.25
"467","2018-06-19",7.34
"468","2018-06-20",7.09
"469","2018-06-21",6.86
"470","2018-06-22",6.85
"471","2018-06-25",6.97
"472","2018-06-26",7.17
"473","2018-06-27",6.75
"474","2018-06-28",6.72
"475","2018-06-29",6.72
"476","2018-07-02",6.82
"477","2018-07-03",7.13
"478","2018-07-05",7.01
"479","2018-07-06",6.99
"480","2018-07-09",7.09
"481","2018-07-10",7.58
"482","2018-07-11",7.47
"483","2018-07-12",7.43
"484","2018-07-13",7.45
"485","2018-07-16",7.53
"486","2018-07-17",7.87
"487","2018-07-18",7.82
"488","2018-07-19",7.92
"489","2018-07-20",7.89
"490","2018-07-23",7.75
"491","2018-07-24",7.2
"492","2018-07-25",7.15
"493","2018-07-26",7.26
"494","2018-07-27",7.14
"495","2018-07-30",6.97
"496","2018-07-31",6.92
"497","2018-08-01",7.02
"498","2018-08-02",6.98
"499","2018-08-03",7.01
"500","2018-08-06",11.12
"501","2018-08-07",10.99
"502","2018-08-08",10.92
"503","2018-08-09",11.26
"504","2018-08-10",10.41
"505","2018-08-13",9.58
"506","2018-08-14",8.31
"507","2018-08-15",8.58
"508","2018-08-16",9.05
"509","2018-08-17",8.87
"510","2018-08-20",9.06
"511","2018-08-21",9.64
"512","2018-08-22",10
"513","2018-08-23",9.84
"514","2018-08-24",9.94
"515","2018-08-27",10.11
"516","2018-08-28",10.08
"517","2018-08-29",9.94
"518","2018-08-30",10.29
"519","2018-08-31",9.63
"520","2018-09-04",9.51
"521","2018-09-05",9.47
"522","2018-09-06",9.11
"523","2018-09-07",9.06
"524","2018-09-10",8.72
"525","2018-09-11",9
"526","2018-09-12",8.8
"527","2018-09-13",8.43
"528","2018-09-14",8.21
"529","2018-09-17",8.51
"530","2018-09-18",8.17
"531","2018-09-19",8.25
"532","2018-09-20",8.4
"533","2018-09-21",8.61
"534","2018-09-24",8.69
"535","2018-09-25",8.87
"536","2018-09-26",8.88
"537","2018-09-27",10.24
"538","2018-09-28",10.29
"539","2018-10-01",10.12
"540","2018-10-02",10.1
"541","2018-10-03",10.44
"542","2018-10-04",9.43
"543","2018-10-05",9.25
"544","2018-10-08",9.41
"545","2018-10-09",9.55
"546","2018-10-10",9.4
"547","2018-10-11",8.99
"548","2018-10-12",8.77
"549","2018-10-15",9.14
"550","2018-10-16",9.54
"551","2018-10-17",9.16
"552","2018-10-18",8.82
"553","2018-10-19",8.65
"554","2018-10-22",8.04
"555","2018-10-23",8.4
"556","2018-10-24",8.01
"557","2018-10-25",8.27
"558","2018-10-26",8.15
"559","2018-10-29",8.02
"560","2018-10-30",7.85
"561","2018-10-31",7.99
"562","2018-11-01",8.04
"563","2018-11-02",8.07
"564","2018-11-05",7.93
"565","2018-11-06",8.69
"566","2018-11-07",9.05
"567","2018-11-08",9.27
"568","2018-11-09",9.7
"569","2018-11-12",9.37
"570","2018-11-13",8.34
"571","2018-11-14",8.13
"572","2018-11-15",8.49
"573","2018-11-16",8.77
"574","2018-11-19",7.87
"575","2018-11-20",7.43
"576","2018-11-21",7.08
"577","2018-11-23",7.32
"578","2018-11-26",7.21
"579","2018-11-27",6.99
"580","2018-11-28",6.3
"581","2018-11-29",6.53
"582","2018-11-30",6.47
"583","2018-12-03",6.32
"584","2018-12-04",6.37
"585","2018-12-06",6.77
"586","2018-12-07",6.73
"587","2018-12-10",6.96
"588","2018-12-11",6.71
"589","2018-12-12",6.99
"590","2018-12-13",6.83
"591","2018-12-14",6.89
"592","2018-12-17",6.84
"593","2018-12-18",7.08
"594","2018-12-19",6.66
"595","2018-12-20",6.91
"596","2018-12-21",6.67
"597","2018-12-24",6.64
"598","2018-12-26",6.37
"599","2018-12-27",6.31
"600","2018-12-28",6.36
"601","2018-12-31",6.73
"602","2019-01-02",6.89
"603","2019-01-03",6.5
"604","2019-01-04",6.94
"605","2019-01-07",7.16
"606","2019-01-08",7.12
"607","2019-01-09",7.07
"608","2019-01-10",7.22
"609","2019-01-11",7.35
"610","2019-01-14",7.1
"611","2019-01-15",7.38
"612","2019-01-16",7.28
"613","2019-01-17",7.96
"614","2019-01-18",8.15
"615","2019-01-22",7.97
"616","2019-01-23",8.08
"617","2019-01-24",7.81
"618","2019-01-25",8
"619","2019-01-28",8.08
"620","2019-01-29",8.07
"621","2019-01-30",8.09
"622","2019-01-31",8.15
"623","2019-02-01",8.44
"624","2019-02-04",8.32
"625","2019-02-05",8.37
"626","2019-02-06",7.78
"627","2019-02-07",7.05
"628","2019-02-08",7.1
"629","2019-02-11",7.48
"630","2019-02-12",7.41
"631","2019-02-13",7.19
"632","2019-02-14",7.42
"633","2019-02-15",7.35
"634","2019-02-19",7.4
"635","2019-02-20",7.16
"636","2019-02-21",7.32
"637","2019-02-22",8.03
"638","2019-02-25",8.1
"639","2019-02-26",8.04
"640","2019-02-27",8.29
"641","2019-02-28",8.02
"642","2019-03-01",8.39
"643","2019-03-04",8.82
"644","2019-03-05",9
"645","2019-03-06",8.91
"646","2019-03-07",8.95
"647","2019-03-08",9.13
"648","2019-03-11",9.42
"649","2019-03-12",9.57
"650","2019-03-13",9.43
"651","2019-03-14",10.07
"652","2019-03-15",11.52
"653","2019-03-18",12.18
"654","2019-03-19",13.04
"655","2019-03-20",13.16
"656","2019-03-21",13.3
"657","2019-03-22",13.74
"658","2019-03-25",13.21
"659","2019-03-26",13.77
"660","2019-03-27",13.28
"661","2019-03-28",12.32
"662","2019-03-29",12.57
"663","2019-04-01",12.67
"664","2019-04-02",12.22
"665","2019-04-03",12.65
"666","2019-04-04",12.94
"667","2019-04-05",12.96
"668","2019-04-08",12.31
"669","2019-04-09",12.08
"670","2019-04-10",12.03
"671","2019-04-11",11.51
"672","2019-04-12",11.11
"673","2019-04-15",10.66
"674","2019-04-16",10.52
"675","2019-04-17",10.44
"676","2019-04-18",10.47
"677","2019-04-22",10.29
"678","2019-04-23",9.84
"679","2019-04-24",9.77
"680","2019-04-25",9.99
"681","2019-04-26",10.01
"682","2019-04-29",10.37
"683","2019-04-30",10.33
"684","2019-05-01",10.08
"685","2019-05-02",10.05
"686","2019-05-03",10.26
"687","2019-05-06",10.1
"688","2019-05-07",8.98
"689","2019-05-08",9.54
"690","2019-05-09",10.85
"691","2019-05-10",10.67
"692","2019-05-13",10.44
"693","2019-05-14",10.7
"694","2019-05-15",10.8
"695","2019-05-16",10.82
"696","2019-05-17",10.81
"697","2019-05-20",10.61
"698","2019-05-21",10.98
"699","2019-05-22",10.96
"700","2019-05-23",10.92
"701","2019-05-24",11.06
"702","2019-05-28",10.88
"703","2019-05-29",10.89
"704","2019-05-30",10.59
"705","2019-05-31",10.06
"706","2019-06-03",9.89
"707","2019-06-04",10
"708","2019-06-05",9.65
"709","2019-06-06",10.66
"710","2019-06-07",11.8
"711","2019-06-10",12.22
"712","2019-06-11",11.92
"713","2019-06-12",11.99
"714","2019-06-13",12.07
"715","2019-06-14",11.65
"716","2019-06-17",11.86
"717","2019-06-18",11.9
"718","2019-06-19",12.06
"719","2019-06-20",11.54
"720","2019-06-21",12.02
"721","2019-06-24",11.82
"722","2019-06-25",11.55
"723","2019-06-26",11.58
"724","2019-06-27",11.98
"725","2019-06-28",12.11
"726","2019-07-01",12.45
"727","2019-07-02",12.48
"728","2019-07-03",12.5
"729","2019-07-05",12.84
"730","2019-07-08",13.38
"731","2019-07-09",12.98
"732","2019-07-10",13.21
"733","2019-07-11",13.65
"734","2019-07-12",13.23
"735","2019-07-15",13.15
"736","2019-07-16",13.21
"737","2019-07-17",13.25
"738","2019-07-18",13.29
"739","2019-07-19",13.14
"740","2019-07-22",12.94
"741","2019-07-23",12.32
"742","2019-07-24",12.32
"743","2019-07-25",11.74
"744","2019-07-26",11.73
"745","2019-07-29",11.2
"746","2019-07-30",11.1
"747","2019-07-31",11.02
"748","2019-08-01",10.56
"749","2019-08-02",10.35
"750","2019-08-05",10.05
"751","2019-08-06",9.69
"752","2019-08-07",9.9
"753","2019-08-08",9.77
"754","2019-08-09",9.42
"755","2019-08-12",9.41
"756","2019-08-13",9.7
"757","2019-08-14",9.89
"758","2019-08-15",9.99
"759","2019-08-16",10.24
"760","2019-08-19",11.04
"761","2019-08-20",11.77
"762","2019-08-21",11.85
"763","2019-08-22",12.56
"764","2019-08-23",12.68
"765","2019-08-26",12.98
"766","2019-08-27",13.14
"767","2019-08-28",12.69
"768","2019-08-29",12.22
"769","2019-08-30",13.03
"770","2019-09-03",14.24
"771","2019-09-04",14.72
"772","2019-09-05",15.1
"773","2019-09-06",15.56
"774","2019-09-09",16.559999
"775","2019-09-10",13.72
"776","2019-09-11",14.16
"777","2019-09-12",14.52
"778","2019-09-13",14.82
"779","2019-09-16",14.42
"780","2019-09-17",14.58
"781","2019-09-18",13.85
"782","2019-09-19",13.78
"783","2019-09-20",13.81
"784","2019-09-23",14.13
"785","2019-09-24",14.04
"786","2019-09-25",15.03
"787","2019-09-26",14.32
"788","2019-09-27",13.15
"789","2019-09-30",12.01
"790","2019-10-01",11.88
"791","2019-10-02",12.39
"792","2019-10-03",12.055
"793","2019-10-04",12.2
"794","2019-10-07",11.91
"795","2019-10-08",11.525
"796","2019-10-09",11.5
"797","2019-10-10",11.55
"798","2019-10-11",10.81
"799","2019-10-14",11.4
"800","2019-10-15",11.715
"801","2019-10-16",11.945
"802","2019-10-17",12.07
"803","2019-10-18",11.59
"804","2019-10-21",12.01
"805","2019-10-22",11.99
"806","2019-10-23",12.01
"807","2019-10-24",12.04
"808","2019-10-25",12.02
"809","2019-10-28",12.18
"810","2019-10-29",12.65
"811","2019-10-30",12.44
"812","2019-10-31",13.45
"813","2019-11-01",13.45
"814","2019-11-04",12.85
"815","2019-11-05",12.31
"816","2019-11-06",11.6
"817","2019-11-07",9.93
"818","2019-11-08",10.12
"819","2019-11-11",10.56
"820","2019-11-12",10.15
"821","2019-11-13",10.37
"822","2019-11-14",10.8
"823","2019-11-15",10.675
"824","2019-11-18",10.2
"825","2019-11-19",10.64
"826","2019-11-20",10.26
"827","2019-11-21",10.13
"828","2019-11-22",9.47
"829","2019-11-25",8.34
"830","2019-11-26",7.8
"831","2019-11-27",8.7
"832","2019-11-29",8.7
"833","2019-12-02",8.85
"834","2019-12-03",4.69
"835","2019-12-04",8.11
"836","2019-12-05",7.64
"837","2019-12-06",7.69
"838","2019-12-09",7.63
"839","2019-12-10",7.535
"840","2019-12-11",7.11
"841","2019-12-12",7.31
"842","2019-12-13",7.325
"843","2019-12-16",7.38
"844","2019-12-17",7.06
"845","2019-12-18",7.1
"846","2019-12-19",7.135
"847","2019-12-20",7.43
"848","2019-12-23",7.2
"849","2019-12-24",7.47
"850","2019-12-26",7.28
"851","2019-12-27",7
"852","2019-12-30",7.16
"853","2019-12-31",7.05
"854","2020-01-02",6.93
"855","2020-01-03",6.59
"856","2020-01-06",6.69
"857","2020-01-07",6.97
"858","2020-01-08",6.935
"859","2020-01-09",7.02
"860","2020-01-10",6.925
"861","2020-01-13",6.71
"862","2020-01-14",6.87
"863","2020-01-15",7.16
"864","2020-01-16",7.16
"865","2020-01-17",7.3
"866","2020-01-21",7.425
"867","2020-01-22",7.63
"868","2020-01-23",7.43
"869","2020-01-24",7.52
"870","2020-01-27",7.26
"871","2020-01-28",7.4
"872","2020-01-29",7.58
"873","2020-01-30",7.34
"874","2020-01-31",7.55
"875","2020-02-03",7.87
"876","2020-02-04",7.98
"877","2020-02-05",8.24
"878","2020-02-06",8.38
"879","2020-02-07",8.22
"880","2020-02-10",8.37
"881","2020-02-11",8.38
"882","2020-02-12",8.34
"883","2020-02-13",8.59
"884","2020-02-14",8.35
"885","2020-02-18",8.59
"886","2020-02-19",8.82
"887","2020-02-20",9.22
"888","2020-02-21",9.06
"889","2020-02-24",8.89
"890","2020-02-25",8.56
"891","2020-02-26",8.32
"892","2020-02-27",7.82
"893","2020-02-28",7.8
"894","2020-03-02",7.92
"895","2020-03-03",7.98
"896","2020-03-04",9.03
"897","2020-03-05",8.5
"898","2020-03-06",8.11
"899","2020-03-09",7.52
"900","2020-03-10",7.63
"901","2020-03-11",7.16
"902","2020-03-12",6.68
"903","2020-03-13",7.9
"904","2020-03-16",6.82
"905","2020-03-17",6.7
"906","2020-03-18",5.4
"907","2020-03-19",5.99
"908","2020-03-20",5.65
"909","2020-03-23",6
"910","2020-03-24",6.21
"911","2020-03-25",6.2
"912","2020-03-26",6.33
"913","2020-03-27",6.42
"914","2020-03-30",7.17
"915","2020-03-31",7.06
"916","2020-04-01",6.23
"917","2020-04-02",6.25
"918","2020-04-03",6.19
"919","2020-04-06",6.72
"920","2020-04-07",6.47
"921","2020-04-08",6.88
"922","2020-04-09",6.95
"923","2020-04-13",6.98
"924","2020-04-14",7.15
"925","2020-04-15",6.82
"926","2020-04-16",7.11
"927","2020-04-17",7.21
"928","2020-04-20",6.84
"929","2020-04-21",6.59
"930","2020-04-22",6.85
"931","2020-04-23",6.75
"932","2020-04-24",6.51
"933","2020-04-27",6.48
"934","2020-04-28",6.98
"935","2020-04-29",7.11
"936","2020-04-30",6.75
"937","2020-05-01",6.62
"938","2020-05-04",7.62
"939","2020-05-05",8.26
"940","2020-05-06",8.105
"941","2020-05-07",7.73
"942","2020-05-08",14.2
"943","2020-05-11",14.63
"944","2020-05-12",16
"945","2020-05-13",16.07
"946","2020-05-14",16.280001
"947","2020-05-15",16.200001
"948","2020-05-18",16.5
"949","2020-05-19",17.049999
"950","2020-05-20",15.38
"951","2020-05-21",16
"952","2020-05-22",15.84
"953","2020-05-26",15.895
"954","2020-05-27",16.84
"955","2020-05-28",16.540001
"956","2020-05-29",16.530001
"957","2020-06-01",16.52
"958","2020-06-02",16.77
"959","2020-06-03",15.5
"960","2020-06-04",16.219999
"961","2020-06-05",16.049999
"962","2020-06-08",16.24
"963","2020-06-09",16.07
"964","2020-06-10",16.200001
"965","2020-06-11",15.61
"966","2020-06-12",16.18
"967","2020-06-15",16.1
"968","2020-06-16",16.49
"969","2020-06-17",16.184999
"970","2020-06-18",17.73
"971","2020-06-19",17.440001
"972","2020-06-22",17.18
"973","2020-06-23",17.625
"974","2020-06-24",17.719999
"975","2020-06-25",18.84
"976","2020-06-26",18.540001
"977","2020-06-29",17.389999
"978","2020-06-30",17.66
"979","2020-07-01",17.51
"980","2020-07-02",17.75
"981","2020-07-06",18.059999
"982","2020-07-07",18.35
"983","2020-07-08",18.639999
"984","2020-07-09",17.49
"985","2020-07-10",16.290001
"986","2020-07-13",15.19
"987","2020-07-14",15.59
"988","2020-07-15",16.965
"989","2020-07-16",16.370001
"990","2020-07-17",16.530001
"991","2020-07-20",16.74
"992","2020-07-21",17.24
"993","2020-07-22",16.9
"994","2020-07-23",16.280001
"995","2020-07-24",15.48
"996","2020-07-27",15.76
"997","2020-07-28",16.24
"998","2020-07-29",15.64
"999","2020-07-30",16.219999
"1000","2020-07-31",15.73
"1001","2020-08-03",16.49
"1002","2020-08-04",16.16
"1003","2020-08-05",16.58
"1004","2020-08-06",16.450001
"1005","2020-08-07",17.959999
"1006","2020-08-10",18.025
"1007","2020-08-11",16.959999
"1008","2020-08-12",17.040001
"1009","2020-08-13",17.450001
"1010","2020-08-14",15.69
"1011","2020-08-17",16.5
"1012","2020-08-18",18.219999
"1013","2020-08-19",19.620001
"1014","2020-08-20",19.950001
"1015","2020-08-21",20.98
"1016","2020-08-24",21.51
"1017","2020-08-25",22.34
"1018","2020-08-26",22.15
"1019","2020-08-27",21.959999
"1020","2020-08-28",22.299999
"1021","2020-08-31",22.4
"1022","2020-09-01",20.969999
"1023","2020-09-02",21.805
"1024","2020-09-03",20.870001
"1025","2020-09-04",20.52
"1026","2020-09-08",20.51
"1027","2020-09-09",21.83
"1028","2020-09-10",21.379999
"1029","2020-09-11",19.889999
"1030","2020-09-14",21.540001
"1031","2020-09-15",21.66
"1032","2020-09-16",21.15
"1033","2020-09-17",21.18
"1034","2020-09-18",22
"1035","2020-09-21",21.08
"1036","2020-09-22",21.18
"1037","2020-09-23",20.440001
"1038","2020-09-24",19.43
"1039","2020-09-25",19.969999
"1040","2020-09-28",20.040001
"1041","2020-09-29",20.25
"1042","2020-09-30",19.549999
"1043","2020-10-01",21.030001
"1044","2020-10-02",20.51
"1045","2020-10-05",21.09
"1046","2020-10-06",21.030001
"1047","2020-10-07",21.440001
"1048","2020-10-08",21.1
"1049","2020-10-09",21.139999
"1050","2020-10-12",22.059999
"1051","2020-10-13",21.57
"1052","2020-10-14",20.969999
"1053","2020-10-15",20.52
"1054","2020-10-16",20.82
"1055","2020-10-19",20.040001
"1056","2020-10-20",20.129999
"1057","2020-10-21",19.48
"1058","2020-10-22",20.209999
"1059","2020-10-23",19.950001
"1060","2020-10-26",19.379999
"1061","2020-10-27",20.27
"1062","2020-10-28",18.5
"1063","2020-10-29",18.49
"1064","2020-10-30",18.950001
"1065","2020-11-02",19.5
"1066","2020-11-03",20.18
"1067","2020-11-04",21.219999
"1068","2020-11-05",23.049999
"1069","2020-11-06",21.280001
"1070","2020-11-09",21.52
"1071","2020-11-10",22.51
"1072","2020-11-11",22.42
"1073","2020-11-12",22.68
"1074","2020-11-13",22.209999
"1075","2020-11-16",21.959999
"1076","2020-11-17",21.860001
"1077","2020-11-18",22.17
"1078","2020-11-19",21.5
"1079","2020-11-20",21.73
"1080","2020-11-23",22.049999
"1081","2020-11-24",22.23
"1082","2020-11-25",23.129999
"1083","2020-11-27",23.85
