"","date","SEAC"
"1","2007-01-03",10.56
"2","2007-01-04",10.61
"3","2007-01-05",10.63
"4","2007-01-08",10.62
"5","2007-01-09",10.53
"6","2007-01-10",10.38
"7","2007-01-11",10.56
"8","2007-01-12",10.5
"9","2007-01-16",10.41
"10","2007-01-17",10.55
"11","2007-01-18",10.33
"12","2007-01-19",10.24
"13","2007-01-22",10.38
"14","2007-01-23",10.36
"15","2007-01-24",10.52
"16","2007-01-25",10.3
"17","2007-01-26",10.56
"18","2007-01-29",10.3
"19","2007-01-30",10.15
"20","2007-01-31",10
"21","2007-02-01",10.15
"22","2007-02-02",10.4
"23","2007-02-05",10.17
"24","2007-02-06",10.5
"25","2007-02-07",10.7
"26","2007-02-08",10.52
"27","2007-02-09",10.8
"28","2007-02-12",10.57
"29","2007-02-13",10.47
"30","2007-02-14",10.57
"31","2007-02-15",10.51
"32","2007-02-16",10.66
"33","2007-02-20",10.8
"34","2007-02-21",10.77
"35","2007-02-22",10.83
"36","2007-02-23",10.74
"37","2007-02-26",10.62
"38","2007-02-27",10.24
"39","2007-02-28",10.2
"40","2007-03-01",9.99
"41","2007-03-02",9.82
"42","2007-03-05",9.67
"43","2007-03-06",9.92
"44","2007-03-07",9.87
"45","2007-03-08",9.95
"46","2007-03-09",9.8
"47","2007-03-12",9.63
"48","2007-03-13",9.6
"49","2007-03-14",7.85
"50","2007-03-15",7.91
"51","2007-03-16",7.95
"52","2007-03-19",8
"53","2007-03-20",8.14
"54","2007-03-21",8.23
"55","2007-03-22",8.28
"56","2007-03-23",8.19
"57","2007-03-26",8.13
"58","2007-03-27",8.24
"59","2007-03-28",8.1
"60","2007-03-29",8.09
"61","2007-03-30",8.14
"62","2007-04-02",8
"63","2007-04-03",8.2
"64","2007-04-04",8.13
"65","2007-04-05",8.25
"66","2007-04-09",8.29
"67","2007-04-10",8.47
"68","2007-04-11",8.34
"69","2007-04-12",8.55
"70","2007-04-13",8.63
"71","2007-04-16",8.81
"72","2007-04-17",8.8
"73","2007-04-18",8.74
"74","2007-04-19",8.79
"75","2007-04-20",9.01
"76","2007-04-23",8.84
"77","2007-04-24",8.92
"78","2007-04-25",8.95
"79","2007-04-26",8.79
"80","2007-04-27",8.75
"81","2007-04-30",8.6
"82","2007-05-01",8.6
"83","2007-05-02",8.64
"84","2007-05-03",8.8
"85","2007-05-04",8.94
"86","2007-05-07",8.84
"87","2007-05-08",8.87
"88","2007-05-09",8.87
"89","2007-05-10",8.81
"90","2007-05-11",8.85
"91","2007-05-14",8.74
"92","2007-05-15",8.68
"93","2007-05-16",8.78
"94","2007-05-17",8.82
"95","2007-05-18",8.83
"96","2007-05-21",8.92
"97","2007-05-22",9.08
"98","2007-05-23",8.95
"99","2007-05-24",8.77
"100","2007-05-25",8.95
"101","2007-05-29",9.01
"102","2007-05-30",9.1
"103","2007-05-31",9
"104","2007-06-01",9.04
"105","2007-06-04",9.19
"106","2007-06-05",9.15
"107","2007-06-06",9.11
"108","2007-06-07",8.04
"109","2007-06-08",7.9
"110","2007-06-11",7.87
"111","2007-06-12",8.04
"112","2007-06-13",8.03
"113","2007-06-14",8.11
"114","2007-06-15",8.06
"115","2007-06-18",7.96
"116","2007-06-19",7.89
"117","2007-06-20",7.81
"118","2007-06-21",7.79
"119","2007-06-22",7.67
"120","2007-06-25",7.72
"121","2007-06-26",7.8
"122","2007-06-27",7.89
"123","2007-06-28",7.85
"124","2007-06-29",7.76
"125","2007-07-02",7.87
"126","2007-07-03",8.03
"127","2007-07-05",7.91
"128","2007-07-06",7.96
"129","2007-07-09",7.96
"130","2007-07-10",7.83
"131","2007-07-11",7.87
"132","2007-07-12",8.17
"133","2007-07-13",8.09
"134","2007-07-16",7.97
"135","2007-07-17",7.99
"136","2007-07-18",7.95
"137","2007-07-19",7.92
"138","2007-07-20",7.76
"139","2007-07-23",7.82
"140","2007-07-24",7.59
"141","2007-07-25",7.53
"142","2007-07-26",7.4
"143","2007-07-27",7.16
"144","2007-07-30",7.1
"145","2007-07-31",6.98
"146","2007-08-01",6.96
"147","2007-08-02",6.94
"148","2007-08-03",6.56
"149","2007-08-06",6.15
"150","2007-08-07",6.12
"151","2007-08-08",6.28
"152","2007-08-09",6.06
"153","2007-08-10",6.3
"154","2007-08-13",6.48
"155","2007-08-14",6.27
"156","2007-08-15",6.49
"157","2007-08-16",6.69
"158","2007-08-17",6.91
"159","2007-08-20",6.83
"160","2007-08-21",6.8
"161","2007-08-22",6.99
"162","2007-08-23",6.94
"163","2007-08-24",6.99
"164","2007-08-27",7.03
"165","2007-08-28",6.92
"166","2007-08-29",7.06
"167","2007-08-30",7.23
"168","2007-08-31",7.28
"169","2007-09-04",7.23
"170","2007-09-05",7.1
"171","2007-09-06",7.22
"172","2007-09-07",6.75
"173","2007-09-10",6.46
"174","2007-09-11",6.45
"175","2007-09-12",6.39
"176","2007-09-13",6.45
"177","2007-09-14",6.56
"178","2007-09-17",6.41
"179","2007-09-18",6.98
"180","2007-09-19",7.2
"181","2007-09-20",7.18
"182","2007-09-21",7.09
"183","2007-09-24",7.07
"184","2007-09-25",6.88
"185","2007-09-26",6.85
"186","2007-09-27",6.96
"187","2007-09-28",6.92
"188","2007-10-01",7.01
"189","2007-10-02",6.93
"190","2007-10-03",7.08
"191","2007-10-04",7.18
"192","2007-10-05",7.52
"193","2007-10-08",7.54
"194","2007-10-09",7.48
"195","2007-10-10",7.53
"196","2007-10-11",7.38
"197","2007-10-12",7.29
"198","2007-10-15",6.98
"199","2007-10-16",6.88
"200","2007-10-17",6.95
"201","2007-10-18",6.98
"202","2007-10-19",6.5
"203","2007-10-22",6.61
"204","2007-10-23",6.76
"205","2007-10-24",6.49
"206","2007-10-25",6.35
"207","2007-10-26",6.3
"208","2007-10-29",6.25
"209","2007-10-30",6.19
"210","2007-10-31",6.21
"211","2007-11-01",5.85
"212","2007-11-02",5.92
"213","2007-11-05",5.7
"214","2007-11-06",5.66
"215","2007-11-07",5.32
"216","2007-11-08",5.2
"217","2007-11-09",5.1
"218","2007-11-12",5.28
"219","2007-11-13",5.32
"220","2007-11-14",5.33
"221","2007-11-15",5.29
"222","2007-11-16",5.42
"223","2007-11-19",5.35
"224","2007-11-20",5.33
"225","2007-11-21",5.35
"226","2007-11-23",5.7
"227","2007-11-26",5.74
"228","2007-11-27",5.64
"229","2007-11-28",5.75
"230","2007-11-29",5.54
"231","2007-11-30",7.54
"232","2007-12-03",7.44
"233","2007-12-04",7.35
"234","2007-12-05",7.4
"235","2007-12-06",7.35
"236","2007-12-07",7.4
"237","2007-12-10",8.11
"238","2007-12-11",7.65
"239","2007-12-12",7.91
"240","2007-12-13",7.77
"241","2007-12-14",7.67
"242","2007-12-17",7.36
"243","2007-12-18",7.49
"244","2007-12-19",7.55
"245","2007-12-20",7.66
"246","2007-12-21",7.86
"247","2007-12-24",7.86
"248","2007-12-26",7.96
"249","2007-12-27",7.58
"250","2007-12-28",7.43
"251","2007-12-31",7.23
"252","2008-01-02",7.34
"253","2008-01-03",7.42
"254","2008-01-04",6.93
"255","2008-01-07",6.86
"256","2008-01-08",6.58
"257","2008-01-09",6.79
"258","2008-01-10",7.44
"259","2008-01-11",6.86
"260","2008-01-14",6.9
"261","2008-01-15",6.56
"262","2008-01-16",6.53
"263","2008-01-17",6.51
"264","2008-01-18",6.78
"265","2008-01-22",6.85
"266","2008-01-23",7.13
"267","2008-01-24",7.34
"268","2008-01-25",7.09
"269","2008-01-28",6.93
"270","2008-01-29",6.86
"271","2008-01-30",6.94
"272","2008-01-31",7.02
"273","2008-02-01",7.03
"274","2008-02-04",6.95
"275","2008-02-05",6.79
"276","2008-02-06",6.61
"277","2008-02-07",6.6
"278","2008-02-08",6.36
"279","2008-02-11",6.43
"280","2008-02-12",6.39
"281","2008-02-13",6.75
"282","2008-02-14",6.41
"283","2008-02-15",5.96
"284","2008-02-19",6.49
"285","2008-02-20",6.39
"286","2008-02-21",6.08
"287","2008-02-22",6.08
"288","2008-02-25",6.38
"289","2008-02-26",6.23
"290","2008-02-27",6.3
"291","2008-02-28",6.2
"292","2008-02-29",5.9
"293","2008-03-03",5.81
"294","2008-03-04",6.08
"295","2008-03-05",5.88
"296","2008-03-06",5.5
"297","2008-03-07",5.71
"298","2008-03-10",5.81
"299","2008-03-11",6
"300","2008-03-12",6.05
"301","2008-03-13",6.23
"302","2008-03-14",6.91
"303","2008-03-17",6.56
"304","2008-03-18",6.89
"305","2008-03-19",6.76
"306","2008-03-20",6.96
"307","2008-03-24",7.48
"308","2008-03-25",7.34
"309","2008-03-26",7.31
"310","2008-03-27",7.17
"311","2008-03-28",7.06
"312","2008-03-31",7.03
"313","2008-04-01",7.45
"314","2008-04-02",7.42
"315","2008-04-03",7.45
"316","2008-04-04",7.17
"317","2008-04-07",7.1
"318","2008-04-08",7.19
"319","2008-04-09",6.99
"320","2008-04-10",6.97
"321","2008-04-11",6.89
"322","2008-04-14",6.84
"323","2008-04-15",6.93
"324","2008-04-16",7.25
"325","2008-04-17",7
"326","2008-04-18",7.31
"327","2008-04-21",6.97
"328","2008-04-22",6.95
"329","2008-04-23",7.06
"330","2008-04-24",7.13
"331","2008-04-25",7.03
"332","2008-04-28",7.27
"333","2008-04-29",7.06
"334","2008-04-30",7.16
"335","2008-05-01",7.62
"336","2008-05-02",7.4
"337","2008-05-05",7.51
"338","2008-05-06",7.59
"339","2008-05-07",7.37
"340","2008-05-08",7.23
"341","2008-05-09",7.18
"342","2008-05-12",7.5
"343","2008-05-13",7.31
"344","2008-05-14",7.36
"345","2008-05-15",7.43
"346","2008-05-16",7.39
"347","2008-05-19",7.49
"348","2008-05-20",7.3
"349","2008-05-21",7.17
"350","2008-05-22",7.11
"351","2008-05-23",7
"352","2008-05-27",7.07
"353","2008-05-28",7.02
"354","2008-05-29",7.38
"355","2008-05-30",7.86
"356","2008-06-02",7.92
"357","2008-06-03",7.88
"358","2008-06-04",7.94
"359","2008-06-05",8.04
"360","2008-06-06",7.92
"361","2008-06-09",8.32
"362","2008-06-10",8.27
"363","2008-06-11",7.85
"364","2008-06-12",7.98
"365","2008-06-13",8.01
"366","2008-06-16",8
"367","2008-06-17",7.77
"368","2008-06-18",7.8
"369","2008-06-19",7.83
"370","2008-06-20",7.55
"371","2008-06-23",7.44
"372","2008-06-24",7.45
"373","2008-06-25",7.65
"374","2008-06-26",7.31
"375","2008-06-27",7.47
"376","2008-06-30",7.16
"377","2008-07-01",7.2
"378","2008-07-02",7.04
"379","2008-07-03",6.75
"380","2008-07-07",6.81
"381","2008-07-08",7.01
"382","2008-07-09",6.71
"383","2008-07-10",6.71
"384","2008-07-11",6.64
"385","2008-07-14",6.6
"386","2008-07-15",6.61
"387","2008-07-16",6.76
"388","2008-07-17",6.96
"389","2008-07-18",7.01
"390","2008-07-21",6.91
"391","2008-07-22",6.99
"392","2008-07-23",7.11
"393","2008-07-24",6.98
"394","2008-07-25",7.71
"395","2008-07-28",7.18
"396","2008-07-29",7.15
"397","2008-07-30",7.47
"398","2008-07-31",7.42
"399","2008-08-01",7.57
"400","2008-08-04",7.2
"401","2008-08-05",7.68
"402","2008-08-06",7.55
"403","2008-08-07",7.34
"404","2008-08-08",7.59
"405","2008-08-11",7.82
"406","2008-08-12",7.75
"407","2008-08-13",7.92
"408","2008-08-14",8.21
"409","2008-08-15",8.1
"410","2008-08-18",8.11
"411","2008-08-19",8.12
"412","2008-08-20",7.98
"413","2008-08-21",7.94
"414","2008-08-22",8.21
"415","2008-08-25",8.03
"416","2008-08-26",8.17
"417","2008-08-27",8.37
"418","2008-08-28",8.9
"419","2008-08-29",8.58
"420","2008-09-02",8.75
"421","2008-09-03",8.79
"422","2008-09-04",8.32
"423","2008-09-05",7.85
"424","2008-09-08",8.13
"425","2008-09-09",7.8
"426","2008-09-10",7.95
"427","2008-09-11",8.05
"428","2008-09-12",8.06
"429","2008-09-15",8
"430","2008-09-16",8.17
"431","2008-09-17",8.29
"432","2008-09-18",8.76
"433","2008-09-19",9.7
"434","2008-09-22",9.46
"435","2008-09-23",9.51
"436","2008-09-24",9.14
"437","2008-09-25",9.34
"438","2008-09-26",9.49
"439","2008-09-29",9.59
"440","2008-09-30",9.66
"441","2008-10-01",9.49
"442","2008-10-02",9.02
"443","2008-10-03",8.15
"444","2008-10-06",8.17
"445","2008-10-07",7.15
"446","2008-10-08",6.99
"447","2008-10-09",6.6
"448","2008-10-10",6.46
"449","2008-10-13",7.01
"450","2008-10-14",7.42
"451","2008-10-15",6.89
"452","2008-10-16",7.77
"453","2008-10-17",7.78
"454","2008-10-20",8.09
"455","2008-10-21",7.59
"456","2008-10-22",7.12
"457","2008-10-23",6.94
"458","2008-10-24",6.58
"459","2008-10-27",6.5
"460","2008-10-28",7.19
"461","2008-10-29",6.73
"462","2008-10-30",7.26
"463","2008-10-31",7.64
"464","2008-11-03",7.79
"465","2008-11-04",8.05
"466","2008-11-05",7.98
"467","2008-11-06",7.6
"468","2008-11-07",7.63
"469","2008-11-10",7.89
"470","2008-11-11",7.55
"471","2008-11-12",7.31
"472","2008-11-13",7.9
"473","2008-11-14",7.37
"474","2008-11-17",7.5
"475","2008-11-18",7.84
"476","2008-11-19",7.24
"477","2008-11-20",6.77
"478","2008-11-21",6.56
"479","2008-11-24",7
"480","2008-11-25",6.57
"481","2008-11-26",8.17
"482","2008-11-28",7.92
"483","2008-12-01",7.31
"484","2008-12-02",7.65
"485","2008-12-03",7.7
"486","2008-12-04",7.27
"487","2008-12-05",7.47
"488","2008-12-08",7.8
"489","2008-12-09",7.11
"490","2008-12-10",7.36
"491","2008-12-11",6.59
"492","2008-12-12",6.79
"493","2008-12-15",6.43
"494","2008-12-16",6.49
"495","2008-12-17",6.44
"496","2008-12-18",6.48
"497","2008-12-19",6.56
"498","2008-12-22",6.42
"499","2008-12-23",6.27
"500","2008-12-24",6.53
"501","2008-12-26",6.75
"502","2008-12-29",6.45
"503","2008-12-30",6.76
"504","2008-12-31",7.21
"505","2009-01-02",7.22
"506","2009-01-05",6.87
"507","2009-01-06",6.94
"508","2009-01-07",6.95
"509","2009-01-08",6.88
"510","2009-01-09",6.79
"511","2009-01-12",6.79
"512","2009-01-13",7.01
"513","2009-01-14",6.34
"514","2009-01-15",6.34
"515","2009-01-16",6.43
"516","2009-01-20",6.05
"517","2009-01-21",6.33
"518","2009-01-22",6.09
"519","2009-01-23",6.26
"520","2009-01-26",6.16
"521","2009-01-27",6.36
"522","2009-01-28",6.26
"523","2009-01-29",5.92
"524","2009-01-30",5.92
"525","2009-02-02",5.98
"526","2009-02-03",5.77
"527","2009-02-04",5.56
"528","2009-02-05",5.66
"529","2009-02-06",6.14
"530","2009-02-09",6.1
"531","2009-02-10",6
"532","2009-02-11",6.1
"533","2009-02-12",6.25
"534","2009-02-13",6.32
"535","2009-02-17",6.14
"536","2009-02-18",5.86
"537","2009-02-19",5.66
"538","2009-02-20",5.35
"539","2009-02-23",5.04
"540","2009-02-24",5.25
"541","2009-02-25",5
"542","2009-02-26",4.86
"543","2009-02-27",4.87
"544","2009-03-02",4.87
"545","2009-03-03",4.5
"546","2009-03-04",4.72
"547","2009-03-05",4.38
"548","2009-03-06",4.32
"549","2009-03-09",4.32
"550","2009-03-10",4.72
"551","2009-03-11",4.6
"552","2009-03-12",5.03
"553","2009-03-13",5.59
"554","2009-03-16",5.45
"555","2009-03-17",5.83
"556","2009-03-18",5.93
"557","2009-03-19",6
"558","2009-03-20",5.74
"559","2009-03-23",6.32
"560","2009-03-24",5.8
"561","2009-03-25",5.83
"562","2009-03-26",5.99
"563","2009-03-27",5.5
"564","2009-03-30",5.52
"565","2009-03-31",5.72
"566","2009-04-01",5.74
"567","2009-04-02",6.28
"568","2009-04-03",6.2
"569","2009-04-06",6.04
"570","2009-04-07",5.95
"571","2009-04-08",6.02
"572","2009-04-09",6.21
"573","2009-04-13",6.37
"574","2009-04-14",6.12
"575","2009-04-15",6.32
"576","2009-04-16",6.81
"577","2009-04-17",6.76
"578","2009-04-20",6.26
"579","2009-04-21",6.51
"580","2009-04-22",6.59
"581","2009-04-23",6.26
"582","2009-04-24",6.19
"583","2009-04-27",6.12
"584","2009-04-28",6.04
"585","2009-04-29",6.18
"586","2009-04-30",6.27
"587","2009-05-01",6.43
"588","2009-05-04",6.52
"589","2009-05-05",6.38
"590","2009-05-06",6.53
"591","2009-05-07",6.37
"592","2009-05-08",6.51
"593","2009-05-11",6.35
"594","2009-05-12",6.25
"595","2009-05-13",6.06
"596","2009-05-14",6.36
"597","2009-05-15",6.25
"598","2009-05-18",6.62
"599","2009-05-19",6.67
"600","2009-05-20",6.7
"601","2009-05-21",6.63
"602","2009-05-22",6.6
"603","2009-05-26",6.84
"604","2009-05-27",6.74
"605","2009-05-28",7.13
"606","2009-05-29",7.44
"607","2009-06-01",7.83
"608","2009-06-02",7.75
"609","2009-06-03",7.73
"610","2009-06-04",8.01
"611","2009-06-05",7.77
"612","2009-06-08",7.48
"613","2009-06-09",7.39
"614","2009-06-10",7.33
"615","2009-06-11",7.5
"616","2009-06-12",7.55
"617","2009-06-15",7.24
"618","2009-06-16",7.03
"619","2009-06-17",7.24
"620","2009-06-18",7.45
"621","2009-06-19",7.52
"622","2009-06-22",7.75
"623","2009-06-23",7.68
"624","2009-06-24",7.69
"625","2009-06-25",7.99
"626","2009-06-26",8.28
"627","2009-06-29",8.12
"628","2009-06-30",8.03
"629","2009-07-01",8.27
"630","2009-07-02",7.85
"631","2009-07-06",7.47
"632","2009-07-07",7.79
"633","2009-07-08",7.86
"634","2009-07-09",7.67
"635","2009-07-10",7.8
"636","2009-07-13",7.93
"637","2009-07-14",8
"638","2009-07-15",8.33
"639","2009-07-16",8.44
"640","2009-07-17",8.16
"641","2009-07-20",8.21
"642","2009-07-21",8.31
"643","2009-07-22",8.53
"644","2009-07-23",8.9
"645","2009-07-24",9.01
"646","2009-07-27",9
"647","2009-07-28",9.08
"648","2009-07-29",9.15
"649","2009-07-30",9.23
"650","2009-07-31",9.15
"651","2009-08-03",9.37
"652","2009-08-04",9.85
"653","2009-08-05",9.39
"654","2009-08-06",9.44
"655","2009-08-07",9.66
"656","2009-08-10",9.79
"657","2009-08-11",9.65
"658","2009-08-12",9.78
"659","2009-08-13",9.63
"660","2009-08-14",9.16
"661","2009-08-17",8.9
"662","2009-08-18",8.79
"663","2009-08-19",9.09
"664","2009-08-20",9.01
"665","2009-08-21",9.16
"666","2009-08-24",9.08
"667","2009-08-25",9.14
"668","2009-08-26",9.23
"669","2009-08-27",9.52
"670","2009-08-28",9
"671","2009-08-31",8.94
"672","2009-09-01",8.9
"673","2009-09-02",7.5
"674","2009-09-03",7.5
"675","2009-09-04",7.63
"676","2009-09-08",7.59
"677","2009-09-09",7.57
"678","2009-09-10",7.72
"679","2009-09-11",7.68
"680","2009-09-14",7.79
"681","2009-09-15",7.76
"682","2009-09-16",7.75
"683","2009-09-17",7.66
"684","2009-09-18",7.69
"685","2009-09-21",7.54
"686","2009-09-22",7.48
"687","2009-09-23",7.39
"688","2009-09-24",7.36
"689","2009-09-25",7.26
"690","2009-09-28",7.77
"691","2009-09-29",7.6
"692","2009-09-30",7.5
"693","2009-10-01",7.61
"694","2009-10-02",8.07
"695","2009-10-05",8.2
"696","2009-10-06",8.01
"697","2009-10-07",7.98
"698","2009-10-08",7.92
"699","2009-10-09",7.97
"700","2009-10-12",7.75
"701","2009-10-13",7.83
"702","2009-10-14",7.97
"703","2009-10-15",7.97
"704","2009-10-16",7.77
"705","2009-10-19",7.65
"706","2009-10-20",7.33
"707","2009-10-21",7.13
"708","2009-10-22",7.16
"709","2009-10-23",7
"710","2009-10-26",6.99
"711","2009-10-27",6.94
"712","2009-10-28",6.78
"713","2009-10-29",6.97
"714","2009-10-30",6.77
"715","2009-11-02",6.52
"716","2009-11-03",6.62
"717","2009-11-04",6.37
"718","2009-11-05",6.83
"719","2009-11-06",6.89
"720","2009-11-09",6.97
"721","2009-11-10",6.84
"722","2009-11-11",6.8
"723","2009-11-12",6.4
"724","2009-11-13",6.34
"725","2009-11-16",5.97
"726","2009-11-17",5.75
"727","2009-11-18",5.7
"728","2009-11-19",5.58
"729","2009-11-20",5.67
"730","2009-11-23",5.93
"731","2009-11-24",5.74
"732","2009-11-25",5.64
"733","2009-11-27",5.5
"734","2009-11-30",5.58
"735","2009-12-01",5.8
"736","2009-12-02",5.83
"737","2009-12-03",6
"738","2009-12-04",5.98
"739","2009-12-07",5.92
"740","2009-12-08",5.82
"741","2009-12-09",5.81
"742","2009-12-10",5.79
"743","2009-12-11",6.06
"744","2009-12-14",6.17
"745","2009-12-15",6.18
"746","2009-12-16",6.03
"747","2009-12-17",5.92
"748","2009-12-18",6.12
"749","2009-12-21",6.3
"750","2009-12-22",6.26
"751","2009-12-23",6.42
"752","2009-12-24",6.55
"753","2009-12-28",6.58
"754","2009-12-29",6.67
"755","2009-12-30",6.7
"756","2009-12-31",6.56
"757","2010-01-04",6.75
"758","2010-01-05",6.74
"759","2010-01-06",6.54
"760","2010-01-07",6.69
"761","2010-01-08",6.61
"762","2010-01-11",6.65
"763","2010-01-12",6.46
"764","2010-01-13",6.51
"765","2010-01-14",6.6
"766","2010-01-15",6.45
"767","2010-01-19",6.81
"768","2010-01-20",6.48
"769","2010-01-21",6.38
"770","2010-01-22",6.46
"771","2010-01-25",6.55
"772","2010-01-26",6.49
"773","2010-01-27",6.46
"774","2010-01-28",6.4
"775","2010-01-29",6.47
"776","2010-02-01",6.47
"777","2010-02-02",6.5
"778","2010-02-03",6.52
"779","2010-02-04",6.45
"780","2010-02-05",6.59
"781","2010-02-08",6.54
"782","2010-02-09",6.74
"783","2010-02-10",6.75
"784","2010-02-11",6.76
"785","2010-02-12",6.87
"786","2010-02-16",7
"787","2010-02-17",7.03
"788","2010-02-18",7.12
"789","2010-02-19",7.02
"790","2010-02-22",7.26
"791","2010-02-23",7.16
"792","2010-02-24",7.2
"793","2010-02-25",7.16
"794","2010-02-26",7.08
"795","2010-03-01",7.13
"796","2010-03-02",7.23
"797","2010-03-03",7.43
"798","2010-03-04",7.45
"799","2010-03-05",7.63
"800","2010-03-08",7.66
"801","2010-03-09",7.66
"802","2010-03-10",7.54
"803","2010-03-11",7.66
"804","2010-03-12",7.3
"805","2010-03-15",7.15
"806","2010-03-16",7.3
"807","2010-03-17",7.25
"808","2010-03-18",7.15
"809","2010-03-19",7.13
"810","2010-03-22",7.44
"811","2010-03-23",7.59
"812","2010-03-24",7.43
"813","2010-03-25",7.37
"814","2010-03-26",7.41
"815","2010-03-29",7.21
"816","2010-03-30",7.16
"817","2010-03-31",7.18
"818","2010-04-01",7.25
"819","2010-04-05",7.51
"820","2010-04-06",8.03
"821","2010-04-07",8.01
"822","2010-04-08",7.78
"823","2010-04-09",7.77
"824","2010-04-12",7.78
"825","2010-04-13",8.06
"826","2010-04-14",8.61
"827","2010-04-15",8.39
"828","2010-04-16",8.26
"829","2010-04-19",8.31
"830","2010-04-20",8.45
"831","2010-04-21",8.45
"832","2010-04-22",8.37
"833","2010-04-23",8.59
"834","2010-04-26",8.49
"835","2010-04-27",8.31
"836","2010-04-28",8.39
"837","2010-04-29",8.48
"838","2010-04-30",8.33
"839","2010-05-03",8.64
"840","2010-05-04",8.31
"841","2010-05-05",8.25
"842","2010-05-06",8.18
"843","2010-05-07",7.8
"844","2010-05-10",8.28
"845","2010-05-11",8.54
"846","2010-05-12",8.95
"847","2010-05-13",8.93
"848","2010-05-14",8.6
"849","2010-05-17",8.49
"850","2010-05-18",8.35
"851","2010-05-19",8.53
"852","2010-05-20",7.89
"853","2010-05-21",8.01
"854","2010-05-24",7.87
"855","2010-05-25",7.82
"856","2010-05-26",7.53
"857","2010-05-27",7.82
"858","2010-05-28",8.35
"859","2010-06-01",8.01
"860","2010-06-02",8.13
"861","2010-06-03",8.25
"862","2010-06-04",7.76
"863","2010-06-07",7.45
"864","2010-06-08",7.52
"865","2010-06-09",7.52
"866","2010-06-10",8
"867","2010-06-11",8.42
"868","2010-06-14",8.36
"869","2010-06-15",8.69
"870","2010-06-16",8.53
"871","2010-06-17",8.43
"872","2010-06-18",8.53
"873","2010-06-21",8.31
"874","2010-06-22",8.54
"875","2010-06-23",8.69
"876","2010-06-24",8.52
"877","2010-06-25",8.88
"878","2010-06-28",8.79
"879","2010-06-29",8.57
"880","2010-06-30",8.23
"881","2010-07-01",7.92
"882","2010-07-02",7.9
"883","2010-07-06",7.72
"884","2010-07-07",8.01
"885","2010-07-08",7.99
"886","2010-07-09",8.11
"887","2010-07-12",8.32
"888","2010-07-13",9.02
"889","2010-07-14",8.94
"890","2010-07-15",9.03
"891","2010-07-16",8.9
"892","2010-07-19",8.88
"893","2010-07-20",8.84
"894","2010-07-21",8.57
"895","2010-07-22",8.9
"896","2010-07-23",8.81
"897","2010-07-26",9.48
"898","2010-07-27",9.03
"899","2010-07-28",8.76
"900","2010-07-29",8.86
"901","2010-07-30",8.96
"902","2010-08-02",9.17
"903","2010-08-03",8.94
"904","2010-08-04",8.95
"905","2010-08-05",8.75
"906","2010-08-06",8.69
"907","2010-08-09",8.88
"908","2010-08-10",8.61
"909","2010-08-11",8.03
"910","2010-08-12",7.92
"911","2010-08-13",7.76
"912","2010-08-16",8.04
"913","2010-08-17",8.12
"914","2010-08-18",8.3
"915","2010-08-19",8.16
"916","2010-08-20",8.1
"917","2010-08-23",8.31
"918","2010-08-24",8.04
"919","2010-08-25",8.37
"920","2010-08-26",8.36
"921","2010-08-27",8.45
"922","2010-08-30",7.96
"923","2010-08-31",7.74
"924","2010-09-01",8.41
"925","2010-09-02",8.54
"926","2010-09-03",7.21
"927","2010-09-07",7.15
"928","2010-09-08",7.21
"929","2010-09-09",7.22
"930","2010-09-10",7.15
"931","2010-09-13",7.25
"932","2010-09-14",7.08
"933","2010-09-15",7.16
"934","2010-09-16",7.4
"935","2010-09-17",7.34
"936","2010-09-20",7.59
"937","2010-09-21",7.43
"938","2010-09-22",7.24
"939","2010-09-23",7.4
"940","2010-09-24",7.5
"941","2010-09-27",7.41
"942","2010-09-28",7.52
"943","2010-09-29",7.42
"944","2010-09-30",7.41
"945","2010-10-01",7.54
"946","2010-10-04",7.29
"947","2010-10-05",7.78
"948","2010-10-06",7.58
"949","2010-10-07",7.61
"950","2010-10-08",7.7
"951","2010-10-11",7.71
"952","2010-10-12",7.79
"953","2010-10-13",7.84
"954","2010-10-14",7.69
"955","2010-10-15",7.63
"956","2010-10-18",7.73
"957","2010-10-19",7.51
"958","2010-10-20",7.54
"959","2010-10-21",7.51
"960","2010-10-22",7.53
"961","2010-10-25",7.69
"962","2010-10-26",7.88
"963","2010-10-27",7.96
"964","2010-10-28",7.92
"965","2010-10-29",8.04
"966","2010-11-01",8.28
"967","2010-11-02",8.42
"968","2010-11-03",8.39
"969","2010-11-04",8.65
"970","2010-11-05",8.34
"971","2010-11-08",8.19
"972","2010-11-09",8.09
"973","2010-11-10",8.26
"974","2010-11-11",8.22
"975","2010-11-12",7.9
"976","2010-11-15",8.15
"977","2010-11-16",8.22
"978","2010-11-17",8.22
"979","2010-11-18",8.31
"980","2010-11-19",8.41
"981","2010-11-22",8.54
"982","2010-11-23",8.28
"983","2010-11-24",8.5
"984","2010-11-26",8.27
"985","2010-11-29",8.24
"986","2010-11-30",8.04
"987","2010-12-01",8.23
"988","2010-12-02",8.2
"989","2010-12-03",8.31
"990","2010-12-06",8.41
"991","2010-12-07",8.38
"992","2010-12-08",8.44
"993","2010-12-09",8.37
"994","2010-12-10",8.15
"995","2010-12-13",8.21
"996","2010-12-14",8.48
"997","2010-12-15",8.59
"998","2010-12-16",8.97
"999","2010-12-17",8.73
"1000","2010-12-20",8.71
"1001","2010-12-21",8.95
"1002","2010-12-22",8.92
"1003","2010-12-23",8.91
"1004","2010-12-27",8.84
"1005","2010-12-28",8.76
"1006","2010-12-29",8.71
"1007","2010-12-30",8.69
"1008","2010-12-31",8.55
"1009","2011-01-03",8.74
"1010","2011-01-04",8.69
"1011","2011-01-05",8.9
"1012","2011-01-06",8.88
"1013","2011-01-07",9.04
"1014","2011-01-10",8.96
"1015","2011-01-11",8.94
"1016","2011-01-12",8.93
"1017","2011-01-13",8.66
"1018","2011-01-14",8.94
"1019","2011-01-18",8.89
"1020","2011-01-19",8.83
"1021","2011-01-20",8.81
"1022","2011-01-21",8.66
"1023","2011-01-24",8.82
"1024","2011-01-25",8.62
"1025","2011-01-26",8.73
"1026","2011-01-27",8.75
"1027","2011-01-28",8.37
"1028","2011-01-31",8.28
"1029","2011-02-01",8.62
"1030","2011-02-02",8.65
"1031","2011-02-03",8.68
"1032","2011-02-04",8.77
"1033","2011-02-07",9.26
"1034","2011-02-08",9.39
"1035","2011-02-09",9.23
"1036","2011-02-10",9.21
"1037","2011-02-11",9.4
"1038","2011-02-14",9.37
"1039","2011-02-15",9.3
"1040","2011-02-16",9.45
"1041","2011-02-17",9.45
"1042","2011-02-18",9.59
"1043","2011-02-22",9.08
"1044","2011-02-23",8.93
"1045","2011-02-24",9.21
"1046","2011-02-25",9.38
"1047","2011-02-28",9.44
"1048","2011-03-01",9.2
"1049","2011-03-02",9.04
"1050","2011-03-03",9.33
"1051","2011-03-04",9.35
"1052","2011-03-07",9.08
"1053","2011-03-08",9.3
"1054","2011-03-09",9.26
"1055","2011-03-10",9.14
"1056","2011-03-11",9.26
"1057","2011-03-14",9.25
"1058","2011-03-15",9.26
"1059","2011-03-16",9.25
"1060","2011-03-17",9.25
"1061","2011-03-18",8.8
"1062","2011-03-21",9.31
"1063","2011-03-22",9.25
"1064","2011-03-23",9.42
"1065","2011-03-24",9.41
"1066","2011-03-25",9.28
"1067","2011-03-28",9
"1068","2011-03-29",9.15
"1069","2011-03-30",9.39
"1070","2011-03-31",9.5
"1071","2011-04-01",9.93
"1072","2011-04-04",10.01
"1073","2011-04-05",10.1
"1074","2011-04-06",10.78
"1075","2011-04-07",10.88
"1076","2011-04-08",10.95
"1077","2011-04-11",10.58
"1078","2011-04-12",10.35
"1079","2011-04-13",10.34
"1080","2011-04-14",10.26
"1081","2011-04-15",10.39
"1082","2011-04-18",10.13
"1083","2011-04-19",10
"1084","2011-04-20",10.28
"1085","2011-04-21",10.36
"1086","2011-04-25",10.51
"1087","2011-04-26",10.58
"1088","2011-04-27",10.6
"1089","2011-04-28",10.65
"1090","2011-04-29",10.71
"1091","2011-05-02",10.44
"1092","2011-05-03",10.43
"1093","2011-05-04",10.19
"1094","2011-05-05",10.11
"1095","2011-05-06",10.25
"1096","2011-05-09",10.37
"1097","2011-05-10",10.57
"1098","2011-05-11",10.17
"1099","2011-05-12",10.44
"1100","2011-05-13",10.28
"1101","2011-05-16",9.73
"1102","2011-05-17",9.66
"1103","2011-05-18",9.94
"1104","2011-05-19",9.98
"1105","2011-05-20",9.78
"1106","2011-05-23",9.56
"1107","2011-05-24",9.41
"1108","2011-05-25",9.57
"1109","2011-05-26",9.89
"1110","2011-05-27",11.06
"1111","2011-05-31",11.26
"1112","2011-06-01",10.93
"1113","2011-06-02",10.71
"1114","2011-06-03",10.51
"1115","2011-06-06",10.27
"1116","2011-06-07",10.04
"1117","2011-06-08",10.01
"1118","2011-06-09",10.1
"1119","2011-06-10",10.47
"1120","2011-06-13",10.3
"1121","2011-06-14",10.61
"1122","2011-06-15",10.35
"1123","2011-06-16",10.29
"1124","2011-06-17",10.08
"1125","2011-06-20",10.18
"1126","2011-06-21",10.57
"1127","2011-06-22",10.38
"1128","2011-06-23",10.56
"1129","2011-06-24",10.59
"1130","2011-06-27",10.84
"1131","2011-06-28",11.1
"1132","2011-06-29",10.81
"1133","2011-06-30",10.78
"1134","2011-07-01",10.84
"1135","2011-07-05",10.74
"1136","2011-07-06",10.86
"1137","2011-07-07",10.84
"1138","2011-07-08",10.71
"1139","2011-07-11",10.56
"1140","2011-07-12",10.45
"1141","2011-07-13",10.55
"1142","2011-07-14",10.5
"1143","2011-07-15",10.65
"1144","2011-07-18",10.41
"1145","2011-07-19",10.78
"1146","2011-07-20",10.75
"1147","2011-07-21",10.6
"1148","2011-07-22",10.35
"1149","2011-07-25",10.23
"1150","2011-07-26",9.91
"1151","2011-07-27",9.66
"1152","2011-07-28",9.56
"1153","2011-07-29",9.56
"1154","2011-08-01",9.6
"1155","2011-08-02",9.33
"1156","2011-08-03",9.63
"1157","2011-08-04",9.05
"1158","2011-08-05",8.79
"1159","2011-08-08",7.98
"1160","2011-08-09",8.07
"1161","2011-08-10",7.51
"1162","2011-08-11",7.66
"1163","2011-08-12",7.83
"1164","2011-08-15",7.99
"1165","2011-08-16",7.7
"1166","2011-08-17",7.89
"1167","2011-08-18",7.34
"1168","2011-08-19",6.96
"1169","2011-08-22",7.14
"1170","2011-08-23",7.58
"1171","2011-08-24",7.54
"1172","2011-08-25",7.2
"1173","2011-08-26",7.44
"1174","2011-08-29",7.62
"1175","2011-08-30",7.74
"1176","2011-08-31",7.86
"1177","2011-09-01",7.69
"1178","2011-09-02",7.4
"1179","2011-09-06",7.55
"1180","2011-09-07",7.89
"1181","2011-09-08",8.11
"1182","2011-09-09",7.64
"1183","2011-09-12",7.98
"1184","2011-09-13",8.09
"1185","2011-09-14",8.19
"1186","2011-09-15",8.34
"1187","2011-09-16",8.56
"1188","2011-09-19",8.12
"1189","2011-09-20",7.94
"1190","2011-09-21",7.78
"1191","2011-09-22",7.5
"1192","2011-09-23",7.74
"1193","2011-09-26",8.01
"1194","2011-09-27",8.29
"1195","2011-09-28",7.71
"1196","2011-09-29",8.07
"1197","2011-09-30",7.7
"1198","2011-10-03",7.34
"1199","2011-10-04",8.13
"1200","2011-10-05",8.16
"1201","2011-10-06",8.27
"1202","2011-10-07",7.98
"1203","2011-10-10",8.4
"1204","2011-10-11",8.32
"1205","2011-10-12",8.42
"1206","2011-10-13",8.27
"1207","2011-10-14",8.38
"1208","2011-10-17",8.1
"1209","2011-10-18",8.09
"1210","2011-10-19",7.9
"1211","2011-10-20",7.85
"1212","2011-10-21",7.96
"1213","2011-10-24",8.18
"1214","2011-10-25",7.81
"1215","2011-10-26",8.14
"1216","2011-10-27",8.46
"1217","2011-10-28",8.46
"1218","2011-10-31",8.44
"1219","2011-11-01",8.1
"1220","2011-11-02",8.52
"1221","2011-11-03",8.7
"1222","2011-11-04",8.6
"1223","2011-11-07",8.41
"1224","2011-11-08",8.64
"1225","2011-11-09",8.28
"1226","2011-11-10",8.5
"1227","2011-11-11",8.7
"1228","2011-11-14",8.55
"1229","2011-11-15",8.82
"1230","2011-11-16",8.33
"1231","2011-11-17",8.25
"1232","2011-11-18",8.35
"1233","2011-11-21",7.9
"1234","2011-11-22",7.67
"1235","2011-11-23",7.32
"1236","2011-11-25",7.18
"1237","2011-11-28",7.69
"1238","2011-11-29",7.53
"1239","2011-11-30",8.01
"1240","2011-12-01",7.46
"1241","2011-12-02",7.45
"1242","2011-12-05",7.59
"1243","2011-12-06",7.7
"1244","2011-12-07",7.7
"1245","2011-12-08",6.98
"1246","2011-12-09",7.89
"1247","2011-12-12",7.74
"1248","2011-12-13",7.44
"1249","2011-12-14",7.38
"1250","2011-12-15",7.3
"1251","2011-12-16",7.18
"1252","2011-12-19",6.92
"1253","2011-12-20",7.13
"1254","2011-12-21",6.99
"1255","2011-12-22",7.03
"1256","2011-12-23",7.02
"1257","2011-12-27",7.1
"1258","2011-12-28",6.96
"1259","2011-12-29",7.03
"1260","2011-12-30",7.03
"1261","2012-01-03",7.2
"1262","2012-01-04",6.94
"1263","2012-01-05",7.03
"1264","2012-01-06",6.75
"1265","2012-01-09",6.83
"1266","2012-01-10",6.72
"1267","2012-01-11",6.7
"1268","2012-01-12",6.72
"1269","2012-01-13",6.59
"1270","2012-01-17",6.63
"1271","2012-01-18",6.74
"1272","2012-01-19",6.79
"1273","2012-01-20",6.95
"1274","2012-01-23",7.1
"1275","2012-01-24",7.21
"1276","2012-01-25",7.08
"1277","2012-01-26",7.1
"1278","2012-01-27",7.2
"1279","2012-01-30",7.22
"1280","2012-01-31",7.18
"1281","2012-02-01",7.29
"1282","2012-02-02",7.26
"1283","2012-02-03",7.18
"1284","2012-02-06",7.12
"1285","2012-02-07",7.2
"1286","2012-02-08",7.23
"1287","2012-02-09",7.2
"1288","2012-02-10",7.27
"1289","2012-02-13",7.35
"1290","2012-02-14",7.18
"1291","2012-02-15",7.05
"1292","2012-02-16",7
"1293","2012-02-17",7.06
"1294","2012-02-21",6.99
"1295","2012-02-22",6.98
"1296","2012-02-23",7.14
"1297","2012-02-24",7.06
"1298","2012-02-27",6.96
"1299","2012-02-28",7.03
"1300","2012-02-29",6.87
"1301","2012-03-01",6.82
"1302","2012-03-02",6.81
"1303","2012-03-05",6.96
"1304","2012-03-06",6.85
"1305","2012-03-07",6.9
"1306","2012-03-08",6.85
"1307","2012-03-09",6.96
"1308","2012-03-12",7.35
"1309","2012-03-13",7.9
"1310","2012-03-14",7.86
"1311","2012-03-15",7.9
"1312","2012-03-16",7.94
"1313","2012-03-19",8.31
"1314","2012-03-20",8.11
"1315","2012-03-21",8.13
"1316","2012-03-22",8.2
"1317","2012-03-23",8.19
"1318","2012-03-26",8.18
"1319","2012-03-27",8.06
"1320","2012-03-28",8.17
"1321","2012-03-29",7.89
"1322","2012-03-30",7.78
"1323","2012-04-02",8
"1324","2012-04-03",8.05
"1325","2012-04-04",8.07
"1326","2012-04-05",8.1
"1327","2012-04-09",8.1
"1328","2012-04-10",8.05
"1329","2012-04-11",8.11
"1330","2012-04-12",8.12
"1331","2012-04-13",8.19
"1332","2012-04-16",8.19
"1333","2012-04-17",8.29
"1334","2012-04-18",8.27
"1335","2012-04-19",8.23
"1336","2012-04-20",8.31
"1337","2012-04-23",8.32
"1338","2012-04-24",8.25
"1339","2012-04-25",8.22
"1340","2012-04-26",8.25
"1341","2012-04-27",8.39
"1342","2012-04-30",8.22
"1343","2012-05-01",8.22
"1344","2012-05-02",8.69
"1345","2012-05-03",8.5
"1346","2012-05-04",8.41
"1347","2012-05-07",8.54
"1348","2012-05-08",8.46
"1349","2012-05-09",8.43
"1350","2012-05-10",8.35
"1351","2012-05-11",8.2
"1352","2012-05-14",8.11
"1353","2012-05-15",8.1
"1354","2012-05-16",7.97
"1355","2012-05-17",7.99
"1356","2012-05-18",7.94
"1357","2012-05-21",7.98
"1358","2012-05-22",8.17
"1359","2012-05-23",8.18
"1360","2012-05-24",8
"1361","2012-05-25",7.99
"1362","2012-05-29",8.06
"1363","2012-05-30",8
"1364","2012-05-31",8.09
"1365","2012-06-01",7.94
"1366","2012-06-04",8.02
"1367","2012-06-05",8.18
"1368","2012-06-06",8.4
"1369","2012-06-07",7.98
"1370","2012-06-08",8.18
"1371","2012-06-11",7.89
"1372","2012-06-12",8.01
"1373","2012-06-13",7.91
"1374","2012-06-14",8.05
"1375","2012-06-15",8.13
"1376","2012-06-18",8.11
"1377","2012-06-19",8.28
"1378","2012-06-20",8.2
"1379","2012-06-21",7.88
"1380","2012-06-22",8.08
"1381","2012-06-25",7.91
"1382","2012-06-26",7.93
"1383","2012-06-27",7.87
"1384","2012-06-28",7.87
"1385","2012-06-29",8.23
"1386","2012-07-02",8.15
"1387","2012-07-03",8.2
"1388","2012-07-05",8
"1389","2012-07-06",7.82
"1390","2012-07-09",7.73
"1391","2012-07-10",7.98
"1392","2012-07-11",7.64
"1393","2012-07-12",7.88
"1394","2012-07-13",8.07
"1395","2012-07-16",7.92
"1396","2012-07-17",7.78
"1397","2012-07-18",7.86
"1398","2012-07-19",7.69
"1399","2012-07-20",7.66
"1400","2012-07-23",7.36
"1401","2012-07-24",7.07
"1402","2012-07-25",7.24
"1403","2012-07-26",7.11
"1404","2012-07-27",7.46
"1405","2012-07-30",7.5
"1406","2012-07-31",7.57
"1407","2012-08-01",7.37
"1408","2012-08-02",7.51
"1409","2012-08-03",7.71
"1410","2012-08-06",7.71
"1411","2012-08-07",7.79
"1412","2012-08-08",7.76
"1413","2012-08-09",7.67
"1414","2012-08-10",7.54
"1415","2012-08-13",7.34
"1416","2012-08-14",7.24
"1417","2012-08-15",7.33
"1418","2012-08-16",7.65
"1419","2012-08-17",8.01
"1420","2012-08-20",7.67
"1421","2012-08-21",7.59
"1422","2012-08-22",7.52
"1423","2012-08-23",7.57
"1424","2012-08-24",7.57
"1425","2012-08-27",7.4
"1426","2012-08-28",7.79
"1427","2012-08-29",8.11
"1428","2012-08-30",8.11
"1429","2012-08-31",8.16
"1430","2012-09-04",8.21
"1431","2012-09-05",8.6
"1432","2012-09-06",8.13
"1433","2012-09-07",7.98
"1434","2012-09-10",7.95
"1435","2012-09-11",7.87
"1436","2012-09-12",8.12
"1437","2012-09-13",8.05
"1438","2012-09-14",8.02
"1439","2012-09-17",8.07
"1440","2012-09-18",8.07
"1441","2012-09-19",8.05
"1442","2012-09-20",7.88
"1443","2012-09-21",8.01
"1444","2012-09-24",8.17
"1445","2012-09-25",7.86
"1446","2012-09-26",7.85
"1447","2012-09-27",7.83
"1448","2012-09-28",7.85
"1449","2012-10-01",7.84
"1450","2012-10-02",8.05
"1451","2012-10-03",8.37
"1452","2012-10-04",8.62
"1453","2012-10-05",8.32
"1454","2012-10-08",8.29
"1455","2012-10-09",8.27
"1456","2012-10-10",8.27
"1457","2012-10-11",8.26
"1458","2012-10-12",8.3
"1459","2012-10-15",8.63
"1460","2012-10-16",8.49
"1461","2012-10-17",8.57
"1462","2012-10-18",8.5
"1463","2012-10-19",8.36
"1464","2012-10-22",8.52
"1465","2012-10-23",8.74
"1466","2012-10-24",8.63
"1467","2012-10-25",8.77
"1468","2012-10-26",8.99
"1469","2012-10-31",9.05
"1470","2012-11-01",8.97
"1471","2012-11-02",8.84
"1472","2012-11-05",8.92
"1473","2012-11-06",9.06
"1474","2012-11-07",9.11
"1475","2012-11-08",8.88
"1476","2012-11-09",8.99
"1477","2012-11-12",9.04
"1478","2012-11-13",8.84
"1479","2012-11-14",8.6
"1480","2012-11-15",8.7
"1481","2012-11-16",8.74
"1482","2012-11-19",8.96
"1483","2012-11-20",9.06
"1484","2012-11-21",9.11
"1485","2012-11-23",8.97
"1486","2012-11-26",9.13
"1487","2012-11-27",9.1
"1488","2012-11-28",9.14
"1489","2012-11-29",9.3
"1490","2012-11-30",9.25
"1491","2012-12-03",9.15
"1492","2012-12-04",9.08
"1493","2012-12-05",10
"1494","2012-12-06",10.29
"1495","2012-12-07",10.3
"1496","2012-12-10",9.94
"1497","2012-12-11",10
"1498","2012-12-12",9.69
"1499","2012-12-13",9.63
"1500","2012-12-14",9.64
"1501","2012-12-17",9.87
"1502","2012-12-18",9.71
"1503","2012-12-19",9.69
"1504","2012-12-20",9.69
"1505","2012-12-21",9.66
"1506","2012-12-24",9.64
"1507","2012-12-26",9.62
"1508","2012-12-27",9.59
"1509","2012-12-28",9.46
"1510","2012-12-31",9.67
"1511","2013-01-02",10.13
"1512","2013-01-03",9.94
"1513","2013-01-04",10.15
"1514","2013-01-07",9.84
"1515","2013-01-08",10.15
"1516","2013-01-09",10.49
"1517","2013-01-10",10.54
"1518","2013-01-11",10.58
"1519","2013-01-14",10.81
"1520","2013-01-15",10.71
"1521","2013-01-16",10.6
"1522","2013-01-17",10.75
"1523","2013-01-18",10.77
"1524","2013-01-22",10.72
"1525","2013-01-23",10.81
"1526","2013-01-24",11.08
"1527","2013-01-25",11.06
"1528","2013-01-28",11.03
"1529","2013-01-29",11.1
"1530","2013-01-30",11.02
"1531","2013-01-31",11.15
"1532","2013-02-01",11.18
"1533","2013-02-04",11.2
"1534","2013-02-05",11.18
"1535","2013-02-06",11.23
"1536","2013-02-07",11.22
"1537","2013-02-08",11.31
"1538","2013-02-11",11.25
"1539","2013-02-12",11.67
"1540","2013-02-13",11.8
"1541","2013-02-14",11.65
"1542","2013-02-15",11.59
"1543","2013-02-19",11.81
"1544","2013-02-20",11.65
"1545","2013-02-21",11.38
"1546","2013-02-22",11.59
"1547","2013-02-25",11.24
"1548","2013-02-26",11.27
"1549","2013-02-27",11.38
"1550","2013-02-28",11.52
"1551","2013-03-01",11.45
"1552","2013-03-04",11.27
"1553","2013-03-05",11.34
"1554","2013-03-06",11.2
"1555","2013-03-07",11.24
"1556","2013-03-08",11.19
"1557","2013-03-11",11.5
"1558","2013-03-12",11.73
"1559","2013-03-13",11.76
"1560","2013-03-14",11.86
"1561","2013-03-15",11.79
"1562","2013-03-18",11.72
"1563","2013-03-19",11.89
"1564","2013-03-20",11.87
"1565","2013-03-21",11.84
"1566","2013-03-22",11.93
"1567","2013-03-25",12.08
"1568","2013-03-26",11.96
"1569","2013-03-27",11.9
"1570","2013-03-28",11.89
"1571","2013-04-01",11.68
"1572","2013-04-02",11.67
"1573","2013-04-03",11.28
"1574","2013-04-04",11.51
"1575","2013-04-05",11.28
"1576","2013-04-08",11.39
"1577","2013-04-09",11.41
"1578","2013-04-10",10.95
"1579","2013-04-11",11.03
"1580","2013-04-12",10.71
"1581","2013-04-15",10.61
"1582","2013-04-16",10.86
"1583","2013-04-17",10.71
"1584","2013-04-18",10.81
"1585","2013-04-19",10.88
"1586","2013-04-22",10.5
"1587","2013-04-23",10.88
"1588","2013-04-24",10.85
"1589","2013-04-25",10.8
"1590","2013-04-26",10.73
"1591","2013-04-29",10.79
"1592","2013-04-30",10.86
"1593","2013-05-01",10.51
"1594","2013-05-02",10.82
"1595","2013-05-03",10.97
"1596","2013-05-06",11
"1597","2013-05-07",11.1
"1598","2013-05-08",11.15
"1599","2013-05-09",11.03
"1600","2013-05-10",10.95
"1601","2013-05-13",10.97
"1602","2013-05-14",11.09
"1603","2013-05-15",11.4
"1604","2013-05-16",11.49
"1605","2013-05-17",11.59
"1606","2013-05-20",11.4
"1607","2013-05-21",11.26
"1608","2013-05-22",10.91
"1609","2013-05-23",10.97
"1610","2013-05-24",10.94
"1611","2013-05-28",11.13
"1612","2013-05-29",10.98
"1613","2013-05-30",10.87
"1614","2013-05-31",10.76
"1615","2013-06-03",10.84
"1616","2013-06-04",10.67
"1617","2013-06-05",10.54
"1618","2013-06-06",10.67
"1619","2013-06-07",10.95
"1620","2013-06-10",11.09
"1621","2013-06-11",11.09
"1622","2013-06-12",11.25
"1623","2013-06-13",11.32
"1624","2013-06-14",11.31
"1625","2013-06-17",11.56
"1626","2013-06-18",11.83
"1627","2013-06-19",11.75
"1628","2013-06-20",11.63
"1629","2013-06-21",11.57
"1630","2013-06-24",11.43
"1631","2013-06-25",11.44
"1632","2013-06-26",11.33
"1633","2013-06-27",11.63
"1634","2013-06-28",11.71
"1635","2013-07-01",11.71
"1636","2013-07-02",11.73
"1637","2013-07-03",11.83
"1638","2013-07-05",11.79
"1639","2013-07-08",11.83
"1640","2013-07-09",11.5
"1641","2013-07-10",11.72
"1642","2013-07-11",11.85
"1643","2013-07-12",11.96
"1644","2013-07-15",12.27
"1645","2013-07-16",12.5
"1646","2013-07-17",12.58
"1647","2013-07-18",12.58
"1648","2013-07-19",12.32
"1649","2013-07-22",12.25
"1650","2013-07-23",12.23
"1651","2013-07-24",12.17
"1652","2013-07-25",12.4
"1653","2013-07-26",12.22
"1654","2013-07-29",11.87
"1655","2013-07-30",11.94
"1656","2013-07-31",11.78
"1657","2013-08-01",11.92
"1658","2013-08-02",11.89
"1659","2013-08-05",11.95
"1660","2013-08-06",11.71
"1661","2013-08-07",11.61
"1662","2013-08-08",11.71
"1663","2013-08-09",11.44
"1664","2013-08-12",11.48
"1665","2013-08-13",11.41
"1666","2013-08-14",11.34
"1667","2013-08-15",11
"1668","2013-08-16",10.93
"1669","2013-08-19",10.88
"1670","2013-08-20",10.97
"1671","2013-08-21",10.7
"1672","2013-08-22",10.84
"1673","2013-08-23",10.88
"1674","2013-08-26",10.52
"1675","2013-08-27",10.18
"1676","2013-08-28",9.97
"1677","2013-08-29",10.27
"1678","2013-08-30",10
"1679","2013-09-03",10.14
"1680","2013-09-04",10.56
"1681","2013-09-05",10.9
"1682","2013-09-06",10.86
"1683","2013-09-09",11.43
"1684","2013-09-10",11.54
"1685","2013-09-11",11.48
"1686","2013-09-12",11.53
"1687","2013-09-13",11.62
"1688","2013-09-16",11.52
"1689","2013-09-17",11.74
"1690","2013-09-18",11.75
"1691","2013-09-19",11.8
"1692","2013-09-20",11.59
"1693","2013-09-23",11.55
"1694","2013-09-24",11.76
"1695","2013-09-25",11.41
"1696","2013-09-26",11.83
"1697","2013-09-27",11.59
"1698","2013-09-30",11.47
"1699","2013-10-01",11.63
"1700","2013-10-02",11.65
"1701","2013-10-03",12.97
"1702","2013-10-04",12.92
"1703","2013-10-07",12.47
"1704","2013-10-08",12.23
"1705","2013-10-09",12.36
"1706","2013-10-10",12.67
"1707","2013-10-11",12.88
"1708","2013-10-14",13.23
"1709","2013-10-15",13.25
"1710","2013-10-16",13.4
"1711","2013-10-17",13.65
"1712","2013-10-18",13.72
"1713","2013-10-21",13.56
"1714","2013-10-22",13.79
"1715","2013-10-23",14.59
"1716","2013-10-24",15.12
"1717","2013-10-25",14.83
"1718","2013-10-28",14.69
"1719","2013-10-29",14.63
"1720","2013-10-30",14.24
"1721","2013-10-31",14.19
"1722","2013-11-01",13.98
"1723","2013-11-04",14.49
"1724","2013-11-05",14.29
"1725","2013-11-06",14
"1726","2013-11-07",13.31
"1727","2013-11-08",13.28
"1728","2013-11-11",13.39
"1729","2013-11-12",13.58
"1730","2013-11-13",13.79
"1731","2013-11-14",13.8
"1732","2013-11-15",13.97
"1733","2013-11-18",14.12
"1734","2013-11-19",13.7
"1735","2013-11-20",13.8
"1736","2013-11-21",14.04
"1737","2013-11-22",14.39
"1738","2013-11-25",13.85
"1739","2013-11-26",14.49
"1740","2013-11-27",14.86
"1741","2013-11-29",14.84
"1742","2013-12-02",14.43
"1743","2013-12-03",14.61
"1744","2013-12-04",14.6
"1745","2013-12-05",14.4
"1746","2013-12-06",12.03
"1747","2013-12-09",11.5
"1748","2013-12-10",11.36
"1749","2013-12-11",11.11
"1750","2013-12-12",11.23
"1751","2013-12-13",11.43
"1752","2013-12-16",11.44
"1753","2013-12-17",11.45
"1754","2013-12-18",11.65
"1755","2013-12-19",11.62
"1756","2013-12-20",11.69
"1757","2013-12-23",11.89
"1758","2013-12-24",11.75
"1759","2013-12-26",11.93
"1760","2013-12-27",11.9
"1761","2013-12-30",12
"1762","2013-12-31",12.16
"1763","2014-01-02",12.15
"1764","2014-01-03",12.22
"1765","2014-01-06",12.32
"1766","2014-01-07",12.32
"1767","2014-01-08",12.19
"1768","2014-01-09",12.25
"1769","2014-01-10",11.96
"1770","2014-01-13",11.98
"1771","2014-01-14",12.26
"1772","2014-01-15",12.78
"1773","2014-01-16",12.5
"1774","2014-01-17",12.49
"1775","2014-01-21",12.21
"1776","2014-01-22",12.24
"1777","2014-01-23",12.3
"1778","2014-01-24",12.15
"1779","2014-01-27",11.61
"1780","2014-01-28",12.25
"1781","2014-01-29",11.97
"1782","2014-01-30",12.02
"1783","2014-01-31",11.96
"1784","2014-02-03",11.49
"1785","2014-02-04",11.55
"1786","2014-02-05",11.49
"1787","2014-02-06",11.62
"1788","2014-02-07",11.56
"1789","2014-02-10",11.56
"1790","2014-02-11",11.49
"1791","2014-02-12",11.49
"1792","2014-02-13",11.61
"1793","2014-02-14",11.69
"1794","2014-02-18",12.07
"1795","2014-02-19",11.95
"1796","2014-02-20",12.14
"1797","2014-02-21",12.07
"1798","2014-02-24",12.27
"1799","2014-02-25",12.09
"1800","2014-02-26",10.86
"1801","2014-02-27",10.7
"1802","2014-02-28",10.55
"1803","2014-03-03",10.49
"1804","2014-03-04",10.6
"1805","2014-03-05",10.68
"1806","2014-03-06",10.41
"1807","2014-03-07",10.29
"1808","2014-03-10",10.22
"1809","2014-03-11",10.07
"1810","2014-03-12",10.2
"1811","2014-03-13",10.14
"1812","2014-03-14",10.17
"1813","2014-03-17",10.16
"1814","2014-03-18",10.31
"1815","2014-03-19",10.47
"1816","2014-03-20",10.36
"1817","2014-03-21",10.38
"1818","2014-03-24",10.35
"1819","2014-03-25",10.32
"1820","2014-03-26",10.19
"1821","2014-03-27",10.14
"1822","2014-03-28",10.09
"1823","2014-03-31",10.44
"1824","2014-04-01",10.49
"1825","2014-04-02",10.57
"1826","2014-04-03",10.56
"1827","2014-04-04",10.4
"1828","2014-04-07",10.24
"1829","2014-04-08",10.06
"1830","2014-04-09",10.27
"1831","2014-04-10",9.9
"1832","2014-04-11",9.74
"1833","2014-04-14",9.81
"1834","2014-04-15",9.78
"1835","2014-04-16",9.77
"1836","2014-04-17",10.03
"1837","2014-04-21",10.07
"1838","2014-04-22",10.06
"1839","2014-04-23",10.1
"1840","2014-04-24",9.97
"1841","2014-04-25",9.7
"1842","2014-04-28",9.44
"1843","2014-04-29",9.26
"1844","2014-04-30",9.37
"1845","2014-05-01",9.28
"1846","2014-05-02",9.2
"1847","2014-05-05",9.04
"1848","2014-05-06",8.84
"1849","2014-05-07",8.73
"1850","2014-05-08",9.01
"1851","2014-05-09",9.03
"1852","2014-05-12",9.3
"1853","2014-05-13",9.23
"1854","2014-05-14",8.89
"1855","2014-05-15",8.93
"1856","2014-05-16",9.18
"1857","2014-05-19",9.51
"1858","2014-05-20",9.38
"1859","2014-05-21",9.42
"1860","2014-05-22",9.39
"1861","2014-05-23",9.41
"1862","2014-05-27",9.56
"1863","2014-05-28",9.51
"1864","2014-05-29",9.71
"1865","2014-05-30",9.58
"1866","2014-06-02",9.33
"1867","2014-06-03",9.28
"1868","2014-06-04",9.25
"1869","2014-06-05",9.3
"1870","2014-06-06",8.65
"1871","2014-06-09",8.66
"1872","2014-06-10",8.64
"1873","2014-06-11",8.48
"1874","2014-06-12",8.25
"1875","2014-06-13",8.17
"1876","2014-06-16",7.86
"1877","2014-06-17",8.13
"1878","2014-06-18",8.05
"1879","2014-06-19",8
"1880","2014-06-20",7.93
"1881","2014-06-23",7.71
"1882","2014-06-24",7.71
"1883","2014-06-25",7.78
"1884","2014-06-26",7.71
"1885","2014-06-27",7.88
"1886","2014-06-30",8.01
"1887","2014-07-01",8.29
"1888","2014-07-02",8.29
"1889","2014-07-03",8.23
"1890","2014-07-07",8.1
"1891","2014-07-08",8.13
"1892","2014-07-09",8.11
"1893","2014-07-10",8.03
"1894","2014-07-11",7.98
"1895","2014-07-14",7.94
"1896","2014-07-15",7.99
"1897","2014-07-16",7.92
"1898","2014-07-17",7.67
"1899","2014-07-18",7.95
"1900","2014-07-21",7.91
"1901","2014-07-22",7.93
"1902","2014-07-23",8.02
"1903","2014-07-24",7.85
"1904","2014-07-25",7.69
"1905","2014-07-28",7.62
"1906","2014-07-29",7.63
"1907","2014-07-30",7.74
"1908","2014-07-31",7.49
"1909","2014-08-01",7.37
"1910","2014-08-04",7.53
"1911","2014-08-05",7.58
"1912","2014-08-06",7.66
"1913","2014-08-07",7.53
"1914","2014-08-08",7.56
"1915","2014-08-11",7.54
"1916","2014-08-12",7.33
"1917","2014-08-13",7.34
"1918","2014-08-14",7.25
"1919","2014-08-15",7.33
"1920","2014-08-18",7.4
"1921","2014-08-19",7.4
"1922","2014-08-20",7.41
"1923","2014-08-21",7.57
"1924","2014-08-22",7.63
"1925","2014-08-25",7.5
"1926","2014-08-26",7.71
"1927","2014-08-27",7.59
"1928","2014-08-28",7.7
"1929","2014-08-29",7.59
"1930","2014-09-02",7.55
"1931","2014-09-03",7.5
"1932","2014-09-04",7.89
"1933","2014-09-05",7.84
"1934","2014-09-08",7.97
"1935","2014-09-09",7.88
"1936","2014-09-10",7.69
"1937","2014-09-11",7.56
"1938","2014-09-12",7.53
"1939","2014-09-15",7.23
"1940","2014-09-16",7.17
"1941","2014-09-17",7.31
"1942","2014-09-18",7.36
"1943","2014-09-19",7.38
"1944","2014-09-22",7.16
"1945","2014-09-23",7
"1946","2014-09-24",7.13
"1947","2014-09-25",7
"1948","2014-09-26",7.05
"1949","2014-09-29",6.88
"1950","2014-09-30",6.96
"1951","2014-10-01",6.93
"1952","2014-10-02",7.04
"1953","2014-10-03",7.04
"1954","2014-10-06",7
"1955","2014-10-07",6.97
"1956","2014-10-08",7.09
"1957","2014-10-09",7.01
"1958","2014-10-10",6.81
"1959","2014-10-13",7.07
"1960","2014-10-14",7.08
"1961","2014-10-15",7.16
"1962","2014-10-16",7.33
"1963","2014-10-17",7.27
"1964","2014-10-20",7.23
"1965","2014-10-21",6.96
"1966","2014-10-22",6.65
"1967","2014-10-23",6.54
"1968","2014-10-24",6.5
"1969","2014-10-27",6.48
"1970","2014-10-28",6.61
"1971","2014-10-29",6.61
"1972","2014-10-30",6.66
"1973","2014-10-31",6.76
"1974","2014-11-03",6.82
"1975","2014-11-04",6.63
"1976","2014-11-05",6.54
"1977","2014-11-06",6.53
"1978","2014-11-07",6.54
"1979","2014-11-10",6.45
"1980","2014-11-11",6.49
"1981","2014-11-12",6.68
"1982","2014-11-13",6.75
"1983","2014-11-14",6.82
"1984","2014-11-17",6.61
"1985","2014-11-18",6.56
"1986","2014-11-19",6.73
"1987","2014-11-20",6.72
"1988","2014-11-21",6.6
"1989","2014-11-24",6.68
"1990","2014-11-25",6.64
"1991","2014-11-26",6.69
"1992","2014-11-28",6.71
"1993","2014-12-01",6.73
"1994","2014-12-02",6.85
"1995","2014-12-03",7.01
"1996","2014-12-04",6.1
"1997","2014-12-05",6
"1998","2014-12-08",5.69
"1999","2014-12-09",5.43
"2000","2014-12-10",5.43
"2001","2014-12-11",5.5
"2002","2014-12-12",6.01
"2003","2014-12-15",6.24
"2004","2014-12-16",6.35
"2005","2014-12-17",6.45
"2006","2014-12-18",6.61
"2007","2014-12-19",6.65
"2008","2014-12-22",6.59
"2009","2014-12-23",6.56
"2010","2014-12-24",6.6
"2011","2014-12-26",6.58
"2012","2014-12-29",6.52
"2013","2014-12-30",6.45
"2014","2014-12-31",6.38
"2015","2015-01-02",6.27
"2016","2015-01-05",6.17
"2017","2015-01-06",6.2
"2018","2015-01-07",6.19
"2019","2015-01-08",6.44
"2020","2015-01-09",6.61
"2021","2015-01-12",6.62
"2022","2015-01-13",6.53
"2023","2015-01-14",6.44
"2024","2015-01-15",6.25
"2025","2015-01-16",6.56
"2026","2015-01-20",7.25
"2027","2015-01-21",7.08
"2028","2015-01-22",7.45
"2029","2015-01-23",7.44
"2030","2015-01-26",7.18
"2031","2015-01-27",7.11
"2032","2015-01-28",7.04
"2033","2015-01-29",7.27
"2034","2015-01-30",7.06
"2035","2015-02-02",7.12
"2036","2015-02-03",7.28
"2037","2015-02-04",7.3
"2038","2015-02-05",7.43
"2039","2015-02-06",7.35
"2040","2015-02-09",7.18
"2041","2015-02-10",7.2
"2042","2015-02-11",7.2
"2043","2015-02-12",7.45
"2044","2015-02-13",7.49
"2045","2015-02-17",7.29
"2046","2015-02-18",7.62
"2047","2015-02-19",7.69
"2048","2015-02-20",7.7
"2049","2015-02-23",7.51
"2050","2015-02-24",7.39
"2051","2015-02-25",7.59
"2052","2015-02-26",7.6
"2053","2015-02-27",7.55
"2054","2015-03-02",7.66
"2055","2015-03-03",7.47
"2056","2015-03-04",7.35
"2057","2015-03-05",7.3
"2058","2015-03-06",7.35
"2059","2015-03-09",7.5
"2060","2015-03-10",7.43
"2061","2015-03-11",7.54
"2062","2015-03-12",7.7
"2063","2015-03-13",7.77
"2064","2015-03-16",7.71
"2065","2015-03-17",7.76
"2066","2015-03-18",7.85
"2067","2015-03-19",7.85
"2068","2015-03-20",7.87
"2069","2015-03-23",8.35
"2070","2015-03-24",8.34
"2071","2015-03-25",8.19
"2072","2015-03-26",8.15
"2073","2015-03-27",7.83
"2074","2015-03-30",7.8
"2075","2015-03-31",7.85
"2076","2015-04-01",8
"2077","2015-04-02",6.95
"2078","2015-04-06",6.53
"2079","2015-04-07",6.42
"2080","2015-04-08",6.36
"2081","2015-04-09",6.35
"2082","2015-04-10",6.38
"2083","2015-04-13",6.48
"2084","2015-04-14",6.65
"2085","2015-04-15",6.66
"2086","2015-04-16",6.51
"2087","2015-04-17",6.74
"2088","2015-04-20",6.84
"2089","2015-04-21",6.98
"2090","2015-04-22",7.23
"2091","2015-04-23",7.08
"2092","2015-04-24",6.88
"2093","2015-04-27",6.89
"2094","2015-04-28",7
"2095","2015-04-29",6.91
"2096","2015-04-30",6.71
"2097","2015-05-01",6.9
"2098","2015-05-04",6.94
"2099","2015-05-05",7.01
"2100","2015-05-06",7.01
"2101","2015-05-07",7
"2102","2015-05-08",7.03
"2103","2015-05-11",7.06
"2104","2015-05-12",7.01
"2105","2015-05-13",7
"2106","2015-05-14",7.01
"2107","2015-05-15",6.95
"2108","2015-05-18",7.01
"2109","2015-05-19",6.82
"2110","2015-05-20",6.82
"2111","2015-05-21",6.75
"2112","2015-05-22",6.87
"2113","2015-05-26",6.87
"2114","2015-05-27",6.82
"2115","2015-05-28",6.88
"2116","2015-05-29",6.76
"2117","2015-06-01",6.71
"2118","2015-06-02",7.07
"2119","2015-06-03",7.25
"2120","2015-06-04",7.06
"2121","2015-06-05",7.58
"2122","2015-06-08",7.53
"2123","2015-06-09",7.5
"2124","2015-06-10",7.78
"2125","2015-06-11",7.69
"2126","2015-06-12",7.65
"2127","2015-06-15",7.86
"2128","2015-06-16",7.78
"2129","2015-06-17",7.75
"2130","2015-06-18",7.73
"2131","2015-06-19",7.51
"2132","2015-06-22",7.56
"2133","2015-06-23",7.65
"2134","2015-06-24",7.49
"2135","2015-06-25",7.39
"2136","2015-06-26",7.35
"2137","2015-06-29",7.03
"2138","2015-06-30",7.01
"2139","2015-07-01",7.09
"2140","2015-07-02",7.14
"2141","2015-07-06",7.06
"2142","2015-07-07",7.1
"2143","2015-07-08",6.9
"2144","2015-07-09",6.95
"2145","2015-07-10",7.09
"2146","2015-07-13",7.17
"2147","2015-07-14",7.22
"2148","2015-07-15",7.24
"2149","2015-07-16",7.29
"2150","2015-07-17",7.48
"2151","2015-07-20",7.46
"2152","2015-07-21",7.46
"2153","2015-07-22",7.46
"2154","2015-07-23",7.45
"2155","2015-07-24",7.2
"2156","2015-07-27",6.92
"2157","2015-07-28",6.91
"2158","2015-07-29",6.8
"2159","2015-07-30",6.85
"2160","2015-07-31",6.89
"2161","2015-08-03",6.73
"2162","2015-08-04",6.7
"2163","2015-08-05",6.65
"2164","2015-08-06",6.5
"2165","2015-08-07",6.44
"2166","2015-08-10",6.63
"2167","2015-08-11",6.57
"2168","2015-08-12",6.35
"2169","2015-08-13",6.15
"2170","2015-08-14",6.29
"2171","2015-08-17",6.05
"2172","2015-08-18",6.01
"2173","2015-08-19",5.9
"2174","2015-08-20",5.8
"2175","2015-08-21",5.85
"2176","2015-08-24",5.89
"2177","2015-08-25",5.81
"2178","2015-08-26",5.93
"2179","2015-08-27",5.82
"2180","2015-08-28",5.9
"2181","2015-08-31",6.04
"2182","2015-09-01",5.82
"2183","2015-09-02",5.84
"2184","2015-09-03",6.41
"2185","2015-09-04",6.39
"2186","2015-09-08",6.5
"2187","2015-09-09",6.28
"2188","2015-09-10",6.28
"2189","2015-09-11",6.25
"2190","2015-09-14",6.24
"2191","2015-09-15",6.3
"2192","2015-09-16",6.17
"2193","2015-09-17",6.14
"2194","2015-09-18",6.37
"2195","2015-09-21",6.53
"2196","2015-09-22",6.34
"2197","2015-09-23",6.22
"2198","2015-09-24",6.21
"2199","2015-09-25",5.99
"2200","2015-09-28",6.03
"2201","2015-09-29",6.27
"2202","2015-09-30",6.3
"2203","2015-10-01",6.18
"2204","2015-10-02",6.15
"2205","2015-10-05",6.53
"2206","2015-10-06",6.67
"2207","2015-10-07",6.99
"2208","2015-10-08",6.96
"2209","2015-10-09",6.99
"2210","2015-10-12",6.98
"2211","2015-10-13",7.08
"2212","2015-10-14",6.83
"2213","2015-10-15",7.15
"2214","2015-10-16",7.14
"2215","2015-10-19",7.05
"2216","2015-10-20",6.94
"2217","2015-10-21",6.77
"2218","2015-10-22",6.95
"2219","2015-10-23",6.95
"2220","2015-10-26",6.73
"2221","2015-10-27",6.52
"2222","2015-10-28",6.63
"2223","2015-10-29",6.47
"2224","2015-10-30",6.47
"2225","2015-11-02",6.57
"2226","2015-11-03",6.61
"2227","2015-11-04",6.72
"2228","2015-11-05",6.68
"2229","2015-11-06",6.77
"2230","2015-11-09",6.63
"2231","2015-11-10",6.49
"2232","2015-11-11",6.31
"2233","2015-11-12",6.17
"2234","2015-11-13",6.12
"2235","2015-11-16",6.23
"2236","2015-11-17",6.23
"2237","2015-11-18",6.35
"2238","2015-11-19",6.52
"2239","2015-11-20",6.53
"2240","2015-11-23",6.45
"2241","2015-11-24",6.34
"2242","2015-11-25",6.46
"2243","2015-11-27",6.61
"2244","2015-11-30",6.97
"2245","2015-12-01",6.77
"2246","2015-12-02",6.7
"2247","2015-12-03",6.56
"2248","2015-12-04",6.77
"2249","2015-12-07",6.58
"2250","2015-12-08",6.74
"2251","2015-12-09",6.75
"2252","2015-12-10",6.81
"2253","2015-12-11",6.76
"2254","2015-12-14",6.78
"2255","2015-12-15",6.86
"2256","2015-12-16",6.93
"2257","2015-12-17",6.9
"2258","2015-12-18",6.9
"2259","2015-12-21",6.89
"2260","2015-12-22",6.84
"2261","2015-12-23",6.87
"2262","2015-12-24",6.92
"2263","2015-12-28",7
"2264","2015-12-29",7.04
"2265","2015-12-30",6.96
"2266","2015-12-31",6.74
"2267","2016-01-04",6.72
"2268","2016-01-05",6.51
"2269","2016-01-06",6.46
"2270","2016-01-07",6.25
"2271","2016-01-08",6.15
"2272","2016-01-11",6.29
"2273","2016-01-12",6.55
"2274","2016-01-13",6.6
"2275","2016-01-14",6.48
"2276","2016-01-15",6.23
"2277","2016-01-19",6.28
"2278","2016-01-20",6.18
"2279","2016-01-21",6.11
"2280","2016-01-22",6.08
"2281","2016-01-25",6.09
"2282","2016-01-26",6.05
"2283","2016-01-27",5.96
"2284","2016-01-28",6.09
"2285","2016-01-29",6.22
"2286","2016-02-01",6.25
"2287","2016-02-02",5.91
"2288","2016-02-03",5.83
"2289","2016-02-04",5.9
"2290","2016-02-05",5.7
"2291","2016-02-08",5.77
"2292","2016-02-09",5.63
"2293","2016-02-10",5.74
"2294","2016-02-11",5.66
"2295","2016-02-12",5.61
"2296","2016-02-16",5.5
"2297","2016-02-17",5.57
"2298","2016-02-18",5.36
"2299","2016-02-19",5.48
"2300","2016-02-22",5.5
"2301","2016-02-23",5.4
"2302","2016-02-24",5.54
"2303","2016-02-25",5.5
"2304","2016-02-26",5.6
"2305","2016-02-29",5.77
"2306","2016-03-01",5.97
"2307","2016-03-02",5.96
"2308","2016-03-03",5.95
"2309","2016-03-04",5.75
"2310","2016-03-07",5.69
"2311","2016-03-08",5.54
"2312","2016-03-09",5.59
"2313","2016-03-10",5.49
"2314","2016-03-11",5.53
"2315","2016-03-14",5.51
"2316","2016-03-15",5.38
"2317","2016-03-16",5.38
"2318","2016-03-17",5.26
"2319","2016-03-18",5.28
"2320","2016-03-21",5.29
"2321","2016-03-22",5.43
"2322","2016-03-23",5.21
"2323","2016-03-24",5.33
"2324","2016-03-28",5.26
"2325","2016-03-29",5.52
"2326","2016-03-30",5.53
"2327","2016-03-31",5.52
"2328","2016-04-01",5.48
"2329","2016-04-04",5.68
"2330","2016-04-05",5.67
"2331","2016-04-06",5.56
"2332","2016-04-07",5.56
"2333","2016-04-08",3.82
"2334","2016-04-11",3.89
"2335","2016-04-12",3.89
"2336","2016-04-13",3.99
"2337","2016-04-14",3.77
"2338","2016-04-15",3.78
"2339","2016-04-18",3.83
"2340","2016-04-19",3.83
"2341","2016-04-20",3.75
"2342","2016-04-21",3.83
"2343","2016-04-22",3.86
"2344","2016-04-25",3.86
"2345","2016-04-26",3.76
"2346","2016-04-27",3.86
"2347","2016-04-28",3.84
"2348","2016-04-29",3.73
"2349","2016-05-02",3.77
"2350","2016-05-03",3.72
"2351","2016-05-04",3.67
"2352","2016-05-05",3.5
"2353","2016-05-06",3.53
"2354","2016-05-09",3.41
"2355","2016-05-10",3.48
"2356","2016-05-11",3.44
"2357","2016-05-12",3.37
"2358","2016-05-13",3.35
"2359","2016-05-16",3.39
"2360","2016-05-17",3.32
"2361","2016-05-18",3.3
"2362","2016-05-19",3.24
"2363","2016-05-20",3.3
"2364","2016-05-23",3.28
"2365","2016-05-24",3.32
"2366","2016-05-25",3.56
"2367","2016-05-26",3.5
"2368","2016-05-27",3.41
"2369","2016-05-31",3.31
"2370","2016-06-01",3.41
"2371","2016-06-02",3.39
"2372","2016-06-03",3.42
"2373","2016-06-06",3.53
"2374","2016-06-07",3.52
"2375","2016-06-08",3.48
"2376","2016-06-09",3.46
"2377","2016-06-10",3.34
"2378","2016-06-13",3.29
"2379","2016-06-14",3.29
"2380","2016-06-15",3.38
"2381","2016-06-16",3.39
"2382","2016-06-17",3.5
"2383","2016-06-20",3.53
"2384","2016-06-21",3.45
"2385","2016-06-22",3.41
"2386","2016-06-23",3.53
"2387","2016-06-24",3.38
"2388","2016-06-27",3.23
"2389","2016-06-28",3.24
"2390","2016-06-29",3.22
"2391","2016-06-30",3.19
"2392","2016-07-01",3.28
"2393","2016-07-05",3.28
"2394","2016-07-06",3.3
"2395","2016-07-07",3.33
"2396","2016-07-08",3.32
"2397","2016-07-11",3.29
"2398","2016-07-12",3.45
"2399","2016-07-13",3.35
"2400","2016-07-14",3.28
"2401","2016-07-15",3.24
"2402","2016-07-18",3.19
"2403","2016-07-19",3.25
"2404","2016-07-20",3.42
"2405","2016-07-21",3.32
"2406","2016-07-22",3.31
"2407","2016-07-25",3.25
"2408","2016-07-26",3.25
"2409","2016-07-27",3.24
"2410","2016-07-28",3.2
"2411","2016-07-29",3.2
"2412","2016-08-01",3.21
"2413","2016-08-02",3.2
"2414","2016-08-03",3.25
"2415","2016-08-04",3.25
"2416","2016-08-05",3.29
"2417","2016-08-08",3.25
"2418","2016-08-09",3.29
"2419","2016-08-10",3.25
"2420","2016-08-11",3.2
"2421","2016-08-12",3.28
"2422","2016-08-15",3.28
"2423","2016-08-16",3.3
"2424","2016-08-17",3.25
"2425","2016-08-18",3.26
"2426","2016-08-19",3.26
"2427","2016-08-22",3.32
"2428","2016-08-23",3.02
"2429","2016-08-24",2.81
"2430","2016-08-25",2.77
"2431","2016-08-26",2.78
"2432","2016-08-29",2.91
"2433","2016-08-30",2.9
"2434","2016-08-31",2.92
"2435","2016-09-01",2.76
"2436","2016-09-02",2.91
"2437","2016-09-06",2.89
"2438","2016-09-07",2.95
"2439","2016-09-08",2.96
"2440","2016-09-09",2.81
"2441","2016-09-12",2.95
"2442","2016-09-13",2.97
"2443","2016-09-14",2.86
"2444","2016-09-15",2.85
"2445","2016-09-16",2.85
"2446","2016-09-19",2.83
"2447","2016-09-20",2.81
"2448","2016-09-21",2.82
"2449","2016-09-22",2.88
"2450","2016-09-23",2.96
"2451","2016-09-26",2.89
"2452","2016-09-27",2.96
"2453","2016-09-28",3.08
"2454","2016-09-29",2.97
"2455","2016-09-30",2.99
"2456","2016-10-03",2.94
"2457","2016-10-04",2.89
"2458","2016-10-05",2.89
"2459","2016-10-06",2.9
"2460","2016-10-07",2.81
"2461","2016-10-10",2.79
"2462","2016-10-11",2.74
"2463","2016-10-12",2.68
"2464","2016-10-13",2.62
"2465","2016-10-14",2.67
"2466","2016-10-17",2.64
"2467","2016-10-18",2.66
"2468","2016-10-19",2.71
"2469","2016-10-20",2.68
"2470","2016-10-21",2.7
"2471","2016-10-24",2.76
"2472","2016-10-25",2.76
"2473","2016-10-26",2.75
"2474","2016-10-27",2.68
"2475","2016-10-28",2.64
"2476","2016-10-31",2.63
"2477","2016-11-01",2.63
"2478","2016-11-02",2.55
"2479","2016-11-03",2.48
"2480","2016-11-04",2.45
"2481","2016-11-07",2.45
"2482","2016-11-08",2.4
"2483","2016-11-09",2.48
"2484","2016-11-10",2.47
"2485","2016-11-11",2.32
"2486","2016-11-14",2.5
"2487","2016-11-15",2.58
"2488","2016-11-16",2.59
"2489","2016-11-17",2.6
"2490","2016-11-18",2.62
"2491","2016-11-21",2.67
"2492","2016-11-22",2.71
"2493","2016-11-23",2.71
"2494","2016-11-25",2.73
"2495","2016-11-28",2.62
"2496","2016-11-29",2.67
"2497","2016-11-30",2.61
"2498","2016-12-01",2.58
"2499","2016-12-02",2.66
"2500","2016-12-05",2.72
"2501","2016-12-06",2.8
"2502","2016-12-07",2.63
"2503","2016-12-08",2.63
"2504","2016-12-09",2.64
"2505","2016-12-12",2.6
"2506","2016-12-13",2.5
"2507","2016-12-14",2.48
"2508","2016-12-15",2.52
"2509","2016-12-16",2.45
"2510","2016-12-19",2.49
"2511","2016-12-20",2.55
"2512","2016-12-21",2.5
"2513","2016-12-22",2.49
"2514","2016-12-23",2.49
"2515","2016-12-27",2.4
"2516","2016-12-28",2.31
"2517","2016-12-29",2.39
"2518","2016-12-30",2.3
"2519","2017-01-03",2.47
"2520","2017-01-04",2.55
"2521","2017-01-05",2.4
"2522","2017-01-06",2.47
"2523","2017-01-09",2.46
"2524","2017-01-10",2.5
"2525","2017-01-11",2.54
"2526","2017-01-12",2.68
"2527","2017-01-13",2.67
"2528","2017-01-17",2.62
"2529","2017-01-18",2.57
"2530","2017-01-19",2.51
"2531","2017-01-20",2.55
"2532","2017-01-23",2.5
"2533","2017-01-24",2.45
"2534","2017-01-25",2.45
"2535","2017-01-26",2.36
"2536","2017-01-27",2.4
"2537","2017-01-30",2.45
"2538","2017-01-31",2.42
"2539","2017-02-01",2.42
"2540","2017-02-02",2.46
"2541","2017-02-03",2.44
"2542","2017-02-06",2.47
"2543","2017-02-07",2.45
"2544","2017-02-08",2.5
"2545","2017-02-09",2.48
"2546","2017-02-10",2.5
"2547","2017-02-13",2.5
"2548","2017-02-14",2.44
"2549","2017-02-15",2.5
"2550","2017-02-16",2.53
"2551","2017-02-17",2.49
"2552","2017-02-21",2.49
"2553","2017-02-22",2.47
"2554","2017-02-23",2.45
"2555","2017-02-24",2.53
"2556","2017-02-27",2.53
"2557","2017-02-28",2.49
"2558","2017-03-01",2.5
"2559","2017-03-02",2.49
"2560","2017-03-03",2.5
"2561","2017-03-06",2.46
"2562","2017-03-07",2.45
"2563","2017-03-08",2.43
"2564","2017-03-09",2.41
"2565","2017-03-10",2.43
"2566","2017-03-13",2.41
"2567","2017-03-14",2.4
"2568","2017-03-15",2.42
"2569","2017-03-16",2.42
"2570","2017-03-17",2.25
"2571","2017-03-20",2.38
"2572","2017-03-21",2.3
"2573","2017-03-22",2.3
"2574","2017-03-23",2.34
"2575","2017-03-24",2.3
"2576","2017-03-27",2.35
"2577","2017-03-28",2.34
"2578","2017-03-29",2.44
"2579","2017-03-30",2.44
"2580","2017-03-31",2.48
"2581","2017-04-03",2.5
"2582","2017-04-04",2.42
"2583","2017-04-05",2.38
"2584","2017-04-06",2.42
"2585","2017-04-07",2.4
"2586","2017-04-10",2.45
"2587","2017-04-11",2.37
"2588","2017-04-12",2.45
"2589","2017-04-13",2.52
"2590","2017-04-17",2.45
"2591","2017-04-18",2.44
"2592","2017-04-19",2.46
"2593","2017-04-20",2.49
"2594","2017-04-21",2.45
"2595","2017-04-24",2.49
"2596","2017-04-25",2.57
"2597","2017-04-26",2.53
"2598","2017-04-27",2.52
"2599","2017-04-28",2.52
"2600","2017-05-01",2.6
"2601","2017-05-02",2.61
"2602","2017-05-03",2.58
"2603","2017-05-04",2.59
"2604","2017-05-05",2.55
"2605","2017-05-08",2.56
"2606","2017-05-09",2.52
"2607","2017-05-10",2.5
"2608","2017-05-11",2.51
"2609","2017-05-12",2.48
"2610","2017-05-15",2.53
"2611","2017-05-16",2.5
"2612","2017-05-17",2.5
"2613","2017-05-18",2.47
"2614","2017-05-19",2.48
"2615","2017-05-22",2.44
"2616","2017-05-23",2.43
"2617","2017-05-24",2.44
"2618","2017-05-25",2.43
"2619","2017-05-26",2.43
"2620","2017-05-30",2.45
"2621","2017-05-31",2.45
"2622","2017-06-01",2.36
"2623","2017-06-02",2.42
"2624","2017-06-05",2.38
"2625","2017-06-06",2.42
"2626","2017-06-07",2.46
"2627","2017-06-08",2.55
"2628","2017-06-09",2.57
"2629","2017-06-12",2.69
"2630","2017-06-13",2.7
"2631","2017-06-14",2.63
"2632","2017-06-15",2.7
"2633","2017-06-16",2.69
"2634","2017-06-19",2.69
"2635","2017-06-20",2.75
"2636","2017-06-21",2.74
"2637","2017-06-22",2.8
"2638","2017-06-23",2.8
"2639","2017-06-26",2.78
"2640","2017-06-27",2.77
"2641","2017-06-28",2.71
"2642","2017-06-29",2.7
"2643","2017-06-30",2.66
"2644","2017-07-03",2.69
"2645","2017-07-05",2.66
"2646","2017-07-06",2.7
"2647","2017-07-07",2.65
"2648","2017-07-10",2.65
"2649","2017-07-11",2.7
"2650","2017-07-12",2.79
"2651","2017-07-13",2.69
"2652","2017-07-14",2.69
"2653","2017-07-17",2.68
"2654","2017-07-18",2.68
"2655","2017-07-19",2.73
"2656","2017-07-20",2.77
"2657","2017-07-21",2.76
"2658","2017-07-24",2.93
"2659","2017-07-25",2.92
"2660","2017-07-26",2.86
"2661","2017-07-27",2.88
"2662","2017-07-28",2.88
"2663","2017-07-31",2.84
"2664","2017-08-01",2.89
"2665","2017-08-02",2.84
"2666","2017-08-03",2.75
"2667","2017-08-04",2.8
"2668","2017-08-07",2.76
"2669","2017-08-08",2.73
"2670","2017-08-09",2.73
"2671","2017-08-10",2.63
"2672","2017-08-11",2.65
"2673","2017-08-14",2.69
"2674","2017-08-15",2.63
"2675","2017-08-16",2.63
"2676","2017-08-17",2.53
"2677","2017-08-18",2.57
"2678","2017-08-21",2.61
"2679","2017-08-22",2.55
"2680","2017-08-23",2.55
"2681","2017-08-24",2.6
"2682","2017-08-25",2.58
"2683","2017-08-28",2.6
"2684","2017-08-29",2.61
"2685","2017-08-30",2.63
"2686","2017-08-31",2.61
"2687","2017-09-01",2.57
"2688","2017-09-05",2.64
"2689","2017-09-06",2.63
"2690","2017-09-07",2.65
"2691","2017-09-08",2.64
"2692","2017-09-11",2.64
"2693","2017-09-12",2.63
"2694","2017-09-13",2.64
"2695","2017-09-14",2.7
"2696","2017-09-15",2.71
"2697","2017-09-18",2.65
"2698","2017-09-19",2.65
"2699","2017-09-20",2.7
"2700","2017-09-21",2.72
"2701","2017-09-22",2.73
"2702","2017-09-25",2.76
"2703","2017-09-26",2.76
"2704","2017-09-27",2.74
"2705","2017-09-28",2.77
"2706","2017-09-29",2.74
"2707","2017-10-02",2.67
"2708","2017-10-03",2.69
"2709","2017-10-04",2.7
"2710","2017-10-05",2.6
"2711","2017-10-06",2.62
"2712","2017-10-09",2.68
"2713","2017-10-10",2.66
"2714","2017-10-11",2.6
"2715","2017-10-12",2.62
"2716","2017-10-13",2.65
"2717","2017-10-16",2.7
"2718","2017-10-17",2.72
"2719","2017-10-18",2.75
"2720","2017-10-19",2.68
"2721","2017-10-20",2.73
"2722","2017-10-23",2.66
"2723","2017-10-24",2.62
"2724","2017-10-25",2.51
"2725","2017-10-26",2.55
"2726","2017-10-27",2.6
"2727","2017-10-30",2.62
"2728","2017-10-31",2.65
"2729","2017-11-01",2.65
"2730","2017-11-02",2.68
"2731","2017-11-03",2.67
"2732","2017-11-06",2.7
"2733","2017-11-07",2.7
"2734","2017-11-08",2.73
"2735","2017-11-09",2.67
"2736","2017-11-10",2.65
"2737","2017-11-13",2.56
"2738","2017-11-14",2.58
"2739","2017-11-15",2.53
"2740","2017-11-16",2.67
"2741","2017-11-17",2.68
"2742","2017-11-20",2.71
"2743","2017-11-21",2.63
"2744","2017-11-22",2.67
"2745","2017-11-24",2.69
"2746","2017-11-27",2.7
"2747","2017-11-28",2.66
"2748","2017-11-29",2.67
"2749","2017-11-30",2.68
"2750","2017-12-01",2.71
"2751","2017-12-04",2.74
"2752","2017-12-05",2.74
"2753","2017-12-06",2.8
"2754","2017-12-07",3.46
"2755","2017-12-08",3.46
"2756","2017-12-11",3.5
"2757","2017-12-12",3.5
"2758","2017-12-13",3.74
"2759","2017-12-14",3.73
"2760","2017-12-15",3.85
"2761","2017-12-18",3.99
"2762","2017-12-19",3.93
"2763","2017-12-20",3.99
"2764","2017-12-21",3.98
"2765","2017-12-22",3.99
"2766","2017-12-26",3.97
"2767","2017-12-27",3.95
"2768","2017-12-28",3.95
"2769","2017-12-29",3.93
"2770","2018-01-02",3.97
"2771","2018-01-03",3.96
"2772","2018-01-04",3.84
"2773","2018-01-05",3.79
"2774","2018-01-08",3.64
"2775","2018-01-09",3.58
"2776","2018-01-10",3.52
"2777","2018-01-11",3.61
"2778","2018-01-12",3.72
"2779","2018-01-16",3.75
"2780","2018-01-17",3.66
"2781","2018-01-18",3.54
"2782","2018-01-19",3.59
"2783","2018-01-22",3.57
"2784","2018-01-23",3.49
"2785","2018-01-24",3.43
"2786","2018-01-25",3.36
"2787","2018-01-26",3.37
"2788","2018-01-29",3.36
"2789","2018-01-30",3.32
"2790","2018-01-31",3.33
"2791","2018-02-01",3.4
"2792","2018-02-02",3.38
"2793","2018-02-05",3.29
"2794","2018-02-06",3.3
"2795","2018-02-07",3.26
"2796","2018-02-08",3.18
"2797","2018-02-09",3.24
"2798","2018-02-12",3.09
"2799","2018-02-13",3.2
"2800","2018-02-14",3.21
"2801","2018-02-15",3.22
"2802","2018-02-16",3.23
"2803","2018-02-20",3.22
"2804","2018-02-21",3.07
"2805","2018-02-22",3.13
"2806","2018-02-23",3.15
"2807","2018-02-26",3.17
"2808","2018-02-27",3.14
"2809","2018-02-28",3.08
"2810","2018-03-01",3.06
"2811","2018-03-02",3.12
"2812","2018-03-05",3.1
"2813","2018-03-06",3.13
"2814","2018-03-07",3.09
"2815","2018-03-08",3
"2816","2018-03-09",3.03
"2817","2018-03-12",3.03
"2818","2018-03-13",3.08
"2819","2018-03-14",3.12
"2820","2018-03-15",3.08
"2821","2018-03-16",3.11
"2822","2018-03-19",3.08
"2823","2018-03-20",3.04
"2824","2018-03-21",3.03
"2825","2018-03-22",2.96
"2826","2018-03-23",2.82
"2827","2018-03-26",2.82
"2828","2018-03-27",2.71
"2829","2018-03-28",2.7
"2830","2018-03-29",2.71
"2831","2018-04-02",2.57
"2832","2018-04-03",2.64
"2833","2018-04-04",2.67
"2834","2018-04-05",2.72
"2835","2018-04-06",2.65
"2836","2018-04-09",2.61
"2837","2018-04-10",2.72
"2838","2018-04-11",2.81
"2839","2018-04-12",2.9
"2840","2018-04-13",2.99
"2841","2018-04-16",3.07
"2842","2018-04-17",2.85
"2843","2018-04-18",3.03
"2844","2018-04-19",3.06
"2845","2018-04-20",3.1
"2846","2018-04-23",3.12
"2847","2018-04-24",3.17
"2848","2018-04-25",3.17
"2849","2018-04-26",3.2
"2850","2018-04-27",3.22
"2851","2018-04-30",3.15
"2852","2018-05-01",3.18
"2853","2018-05-02",3.19
"2854","2018-05-03",3.14
"2855","2018-05-04",3.21
"2856","2018-05-07",3.24
"2857","2018-05-08",3.24
"2858","2018-05-09",3.14
"2859","2018-05-10",3.17
"2860","2018-05-11",3.14
"2861","2018-05-14",3.07
"2862","2018-05-15",3.06
"2863","2018-05-16",2.96
"2864","2018-05-17",3.05
"2865","2018-05-18",3.02
"2866","2018-05-21",3.01
"2867","2018-05-22",2.96
"2868","2018-05-23",2.96
"2869","2018-05-24",2.89
"2870","2018-05-25",2.89
"2871","2018-05-29",2.89
"2872","2018-05-30",2.92
"2873","2018-05-31",2.8
"2874","2018-06-01",2.91
"2875","2018-06-04",2.98
"2876","2018-06-05",2.98
"2877","2018-06-06",3
"2878","2018-06-07",3.13
"2879","2018-06-08",3.12
"2880","2018-06-11",3.09
"2881","2018-06-12",3.09
"2882","2018-06-13",3.1
"2883","2018-06-14",3.14
"2884","2018-06-15",3.23
"2885","2018-06-18",3.22
"2886","2018-06-19",3.18
"2887","2018-06-20",3.11
"2888","2018-06-21",3.12
"2889","2018-06-22",3.18
"2890","2018-06-25",3.23
"2891","2018-06-26",3.25
"2892","2018-06-27",3.29
"2893","2018-06-28",3.36
"2894","2018-06-29",3.42
"2895","2018-07-02",3.34
"2896","2018-07-03",3.26
"2897","2018-07-05",3.25
"2898","2018-07-06",3.32
"2899","2018-07-09",3.3
"2900","2018-07-10",3.23
"2901","2018-07-11",3.2
"2902","2018-07-12",3.19
"2903","2018-07-13",3.12
"2904","2018-07-16",3.32
"2905","2018-07-17",3.22
"2906","2018-07-18",3.24
"2907","2018-07-19",3.29
"2908","2018-07-20",3.28
"2909","2018-07-23",3.25
"2910","2018-07-24",3.22
"2911","2018-07-25",3.2
"2912","2018-07-26",3.23
"2913","2018-07-27",3.2
"2914","2018-07-30",3.11
"2915","2018-07-31",3.06
"2916","2018-08-01",3.13
"2917","2018-08-02",3.18
"2918","2018-08-03",3.08
"2919","2018-08-06",3.09
"2920","2018-08-07",3.07
"2921","2018-08-08",3.07
"2922","2018-08-09",3.05
"2923","2018-08-10",3.05
"2924","2018-08-13",2.96
"2925","2018-08-14",2.95
"2926","2018-08-15",2.95
"2927","2018-08-16",2.93
"2928","2018-08-17",2.91
"2929","2018-08-20",2.9
"2930","2018-08-21",1.62
"2931","2018-08-22",1.6
"2932","2018-08-23",1.54
"2933","2018-08-24",1.55
"2934","2018-08-27",1.6
"2935","2018-08-28",1.61
"2936","2018-08-29",1.63
"2937","2018-08-30",1.77
"2938","2018-08-31",1.65
"2939","2018-09-04",1.65
"2940","2018-09-05",1.67
"2941","2018-09-06",1.71
"2942","2018-09-07",1.71
"2943","2018-09-10",1.71
"2944","2018-09-11",1.64
"2945","2018-09-12",1.64
"2946","2018-09-13",1.74
"2947","2018-09-14",1.77
"2948","2018-09-17",1.77
"2949","2018-09-18",1.8
"2950","2018-09-19",1.83
"2951","2018-09-20",1.82
"2952","2018-09-21",1.83
"2953","2018-09-24",1.96
"2954","2018-09-25",1.81
"2955","2018-09-26",1.78
"2956","2018-09-27",1.8
"2957","2018-09-28",1.79
"2958","2018-10-01",1.8
"2959","2018-10-02",1.82
"2960","2018-10-03",1.79
"2961","2018-10-04",1.78
"2962","2018-10-05",1.76
"2963","2018-10-08",1.69
"2964","2018-10-09",1.7
"2965","2018-10-10",1.65
"2966","2018-10-11",1.65
"2967","2018-10-12",1.71
"2968","2018-10-15",1.7
"2969","2018-10-16",1.76
"2970","2018-10-17",1.74
"2971","2018-10-18",1.73
"2972","2018-10-19",1.73
"2973","2018-10-22",1.72
"2974","2018-10-23",1.71
"2975","2018-10-24",1.7
"2976","2018-10-25",1.7
"2977","2018-10-26",1.67
"2978","2018-10-29",1.66
"2979","2018-10-30",1.64
"2980","2018-10-31",1.63
"2981","2018-11-01",1.66
"2982","2018-11-02",1.66
"2983","2018-11-05",1.62
"2984","2018-11-06",1.63
"2985","2018-11-07",1.61
"2986","2018-11-08",1.6
"2987","2018-11-09",1.7
"2988","2018-11-12",1.71
"2989","2018-11-13",1.62
"2990","2018-11-14",1.64
"2991","2018-11-15",1.65
"2992","2018-11-16",1.65
"2993","2018-11-19",1.68
"2994","2018-11-20",1.62
"2995","2018-11-21",1.65
"2996","2018-11-23",1.65
"2997","2018-11-26",1.59
"2998","2018-11-27",1.61
"2999","2018-11-28",1.61
"3000","2018-11-29",1.68
"3001","2018-11-30",1.68
"3002","2018-12-03",1.81
"3003","2018-12-04",1.75
"3004","2018-12-06",1.72
"3005","2018-12-07",1.76
"3006","2018-12-10",1.78
"3007","2018-12-11",1.38
"3008","2018-12-12",1.36
"3009","2018-12-13",1.35
"3010","2018-12-14",1.34
"3011","2018-12-17",1.26
"3012","2018-12-18",1.23
"3013","2018-12-19",1.22
"3014","2018-12-20",1.21
"3015","2018-12-21",1.18
"3016","2018-12-24",1.22
"3017","2018-12-26",1.25
"3018","2018-12-27",1.24
"3019","2018-12-28",1.29
"3020","2018-12-31",1.26
"3021","2019-01-02",1.43
"3022","2019-01-03",1.39
"3023","2019-01-04",1.42
"3024","2019-01-07",1.49
"3025","2019-01-08",1.62
"3026","2019-01-09",1.65
"3027","2019-01-10",1.65
"3028","2019-01-11",1.7
"3029","2019-01-14",1.65
"3030","2019-01-15",1.64
"3031","2019-01-16",1.61
"3032","2019-01-17",1.62
"3033","2019-01-18",1.68
"3034","2019-01-22",1.56
"3035","2019-01-23",1.56
"3036","2019-01-24",1.59
"3037","2019-01-25",1.63
"3038","2019-01-28",1.65
"3039","2019-01-29",1.64
"3040","2019-01-30",1.6
"3041","2019-01-31",1.59
"3042","2019-02-01",1.54
"3043","2019-02-04",1.64
"3044","2019-02-05",1.64
"3045","2019-02-06",1.68
"3046","2019-02-07",1.67
"3047","2019-02-08",1.62
"3048","2019-02-11",1.62
"3049","2019-02-12",1.7
"3050","2019-02-13",1.76
"3051","2019-02-14",1.76
"3052","2019-02-15",1.71
"3053","2019-02-19",1.78
"3054","2019-02-20",1.76
"3055","2019-02-21",1.77
"3056","2019-02-22",1.74
"3057","2019-02-25",1.81
"3058","2019-02-26",1.62
"3059","2019-02-27",1.53
"3060","2019-02-28",1.45
"3061","2019-03-01",1.46
"3062","2019-03-04",1.45
"3063","2019-03-05",1.4
"3064","2019-03-06",1.4
"3065","2019-03-07",1.4
"3066","2019-03-08",1.39
"3067","2019-03-11",1.43
"3068","2019-03-12",1.43
"3069","2019-03-13",1.43
"3070","2019-03-14",1.41
"3071","2019-03-15",1.4
"3072","2019-03-18",1.4
"3073","2019-03-19",1.41
"3074","2019-03-20",1.38
"3075","2019-03-21",1.38
"3076","2019-03-22",1.37
"3077","2019-03-25",1.38
"3078","2019-03-26",1.38
"3079","2019-03-27",1.37
"3080","2019-03-28",1.34
"3081","2019-03-29",1.33
"3082","2019-04-01",1.38
"3083","2019-04-02",1.32
"3084","2019-04-03",1.3
"3085","2019-04-04",1.35
"3086","2019-04-05",1.4
"3087","2019-04-08",1.4
"3088","2019-04-09",1.39
"3089","2019-04-10",1.43
"3090","2019-04-11",1.35
"3091","2019-04-12",1.32
"3092","2019-04-15",1.39
"3093","2019-04-16",1.41
"3094","2019-04-17",1.4
"3095","2019-04-18",1.42
"3096","2019-04-22",1.38
"3097","2019-04-23",1.38
"3098","2019-04-24",1.39
"3099","2019-04-25",1.41
"3100","2019-04-26",1.38
"3101","2019-04-29",1.36
"3102","2019-04-30",1.33
"3103","2019-05-01",1.33
"3104","2019-05-02",1.33
"3105","2019-05-03",1.33
"3106","2019-05-06",1.34
"3107","2019-05-07",1.34
"3108","2019-05-08",1.31
"3109","2019-05-09",1.29
"3110","2019-05-10",1.25
"3111","2019-05-13",1.27
"3112","2019-05-14",1.23
"3113","2019-05-15",1.22
"3114","2019-05-16",1.2
"3115","2019-05-17",1.2
"3116","2019-05-20",1.27
"3117","2019-05-21",1.22
"3118","2019-05-22",1.19
"3119","2019-05-23",1.28
"3120","2019-05-24",1.31
"3121","2019-05-28",1.27
"3122","2019-05-29",1.25
"3123","2019-05-30",1.31
"3124","2019-05-31",1.27
"3125","2019-06-03",1.3
"3126","2019-06-04",1.3
"3127","2019-06-05",1.24
"3128","2019-06-06",1.25
"3129","2019-06-07",1.25
"3130","2019-06-10",1.3
"3131","2019-06-11",1.43
"3132","2019-06-12",1.5
"3133","2019-06-13",1.45
"3134","2019-06-14",1.43
"3135","2019-06-17",1.29
"3136","2019-06-18",1.35
"3137","2019-06-19",1.39
"3138","2019-06-20",1.37
"3139","2019-06-21",1.4
"3140","2019-06-24",1.36
"3141","2019-06-25",1.35
"3142","2019-06-26",1.3
"3143","2019-06-27",1.35
"3144","2019-06-28",1.43
"3145","2019-07-01",1.41
"3146","2019-07-02",1.4
"3147","2019-07-03",1.4
"3148","2019-07-05",1.4
"3149","2019-07-08",1.38
"3150","2019-07-09",1.37
"3151","2019-07-10",1.81
"3152","2019-07-11",1.69
"3153","2019-07-12",1.69
"3154","2019-07-15",1.7
"3155","2019-07-16",1.93
"3156","2019-07-17",1.78
"3157","2019-07-18",1.72
"3158","2019-07-19",1.7
"3159","2019-07-22",1.68
"3160","2019-07-23",1.69
"3161","2019-07-24",1.76
"3162","2019-07-25",1.78
"3163","2019-07-26",1.93
"3164","2019-07-29",1.96
"3165","2019-07-30",1.94
"3166","2019-07-31",2.01
"3167","2019-08-01",1.89
"3168","2019-08-02",1.95
"3169","2019-08-05",1.92
"3170","2019-08-06",2.05
"3171","2019-08-07",2.12
"3172","2019-08-08",2.05
"3173","2019-08-09",2.01
"3174","2019-08-12",1.93
"3175","2019-08-13",1.95
"3176","2019-08-14",1.92
"3177","2019-08-15",1.93
"3178","2019-08-16",1.87
"3179","2019-08-19",1.81
"3180","2019-08-20",1.83
"3181","2019-08-21",1.89
"3182","2019-08-22",1.87
"3183","2019-08-23",1.87
"3184","2019-08-26",1.87
"3185","2019-08-27",1.94
"3186","2019-08-28",2
"3187","2019-08-29",1.93
"3188","2019-08-30",2.32
"3189","2019-09-03",2.62
"3190","2019-09-04",2.7
"3191","2019-09-05",2.79
"3192","2019-09-06",3.07
"3193","2019-09-09",3.14
"3194","2019-09-10",3.12
"3195","2019-09-11",3.06
"3196","2019-09-12",2.95
"3197","2019-09-13",2.95
"3198","2019-09-16",2.98
"3199","2019-09-17",2.91
"3200","2019-09-18",2.89
"3201","2019-09-19",3
"3202","2019-09-20",3.09
"3203","2019-09-23",2.96
"3204","2019-09-24",2.9
"3205","2019-09-25",2.93
"3206","2019-09-26",3.02
"3207","2019-09-27",2.91
"3208","2019-09-30",2.88
"3209","2019-10-01",2.93
"3210","2019-10-02",2.74
"3211","2019-10-03",2.97
"3212","2019-10-04",2.87
"3213","2019-10-07",2.93
"3214","2019-10-08",2.8
"3215","2019-10-09",2.75
"3216","2019-10-10",2.7
"3217","2019-10-11",2.78
"3218","2019-10-14",2.79
"3219","2019-10-15",2.99
"3220","2019-10-16",3.03
"3221","2019-10-17",3.07
"3222","2019-10-18",3
"3223","2019-10-21",2.98
"3224","2019-10-22",2.94
"3225","2019-10-23",2.89
"3226","2019-10-24",2.85
"3227","2019-10-25",2.85
"3228","2019-10-28",2.96
"3229","2019-10-29",2.94
"3230","2019-10-30",2.96
"3231","2019-10-31",3.01
"3232","2019-11-01",3.02
"3233","2019-11-04",3
"3234","2019-11-05",2.99
"3235","2019-11-06",2.99
"3236","2019-11-07",2.92
"3237","2019-11-08",2.92
"3238","2019-11-11",2.96
"3239","2019-11-12",2.98
"3240","2019-11-13",3.3
"3241","2019-11-14",3.36
"3242","2019-11-15",3.33
"3243","2019-11-18",3.58
"3244","2019-11-19",3.55
"3245","2019-11-20",3.44
"3246","2019-11-21",3.35
"3247","2019-11-22",3.53
"3248","2019-11-25",3.59
"3249","2019-11-26",3.52
"3250","2019-11-27",3.52
"3251","2019-11-29",3.5
"3252","2019-12-02",3.53
"3253","2019-12-03",3.59
"3254","2019-12-04",3.62
"3255","2019-12-05",4
"3256","2019-12-06",4.09
"3257","2019-12-09",4.26
"3258","2019-12-10",3.94
"3259","2019-12-11",4.01
"3260","2019-12-12",4.06
"3261","2019-12-13",4.05
"3262","2019-12-16",4.36
"3263","2019-12-17",4.36
"3264","2019-12-18",4.36
"3265","2019-12-19",4.12
"3266","2019-12-20",4.08
"3267","2019-12-23",4.17
"3268","2019-12-24",4.14
"3269","2019-12-26",4.19
"3270","2019-12-27",4.04
"3271","2019-12-30",4.06
"3272","2019-12-31",4.19
"3273","2020-01-02",3.86
"3274","2020-01-03",3.91
"3275","2020-01-06",3.7
"3276","2020-01-07",3.81
"3277","2020-01-08",3.96
"3278","2020-01-09",3.88
"3279","2020-01-10",3.94
"3280","2020-01-13",4.05
"3281","2020-01-14",3.98
"3282","2020-01-15",4
"3283","2020-01-16",3.96
"3284","2020-01-17",3.81
"3285","2020-01-21",3.85
"3286","2020-01-22",4.09
"3287","2020-01-23",4.32
"3288","2020-01-24",4.21
"3289","2020-01-27",4.31
"3290","2020-01-28",4.68
"3291","2020-01-29",4.89
"3292","2020-01-30",4.73
"3293","2020-01-31",4.44
"3294","2020-02-03",4.47
"3295","2020-02-04",4.56
"3296","2020-02-05",4.47
"3297","2020-02-06",4.31
"3298","2020-02-07",4.16
"3299","2020-02-10",4.25
"3300","2020-02-11",4.41
"3301","2020-02-12",4.45
"3302","2020-02-13",4.24
"3303","2020-02-14",4.23
"3304","2020-02-18",4.26
"3305","2020-02-19",4.31
"3306","2020-02-20",4.4
"3307","2020-02-21",4.4
"3308","2020-02-24",4.1
"3309","2020-02-25",3.91
"3310","2020-02-26",3.91
"3311","2020-02-27",3.78
"3312","2020-02-28",3.66
"3313","2020-03-02",3.89
"3314","2020-03-03",3.79
"3315","2020-03-04",3.8
"3316","2020-03-05",3.73
"3317","2020-03-06",3.57
"3318","2020-03-09",3.22
"3319","2020-03-10",3.22
"3320","2020-03-11",2.97
"3321","2020-03-12",2.86
"3322","2020-03-13",2.76
"3323","2020-03-16",2.35
"3324","2020-03-17",2.61
"3325","2020-03-18",2.26
"3326","2020-03-19",2.66
"3327","2020-03-20",2.71
"3328","2020-03-23",2.99
"3329","2020-03-24",3.15
"3330","2020-03-25",3.28
"3331","2020-03-26",3.45
"3332","2020-03-27",3.59
"3333","2020-03-30",3.61
"3334","2020-03-31",3.72
"3335","2020-04-01",3.35
"3336","2020-04-02",3.38
"3337","2020-04-03",3.28
"3338","2020-04-06",3.63
"3339","2020-04-07",2.62
"3340","2020-04-08",2.67
"3341","2020-04-09",2.66
"3342","2020-04-13",2.56
"3343","2020-04-14",2.59
"3344","2020-04-15",2.65
"3345","2020-04-16",2.54
"3346","2020-04-17",2.8
"3347","2020-04-20",2.82
"3348","2020-04-21",2.73
"3349","2020-04-22",2.61
"3350","2020-04-23",2.59
"3351","2020-04-24",2.59
"3352","2020-04-27",2.69
"3353","2020-04-28",2.82
"3354","2020-04-29",2.99
"3355","2020-04-30",2.97
"3356","2020-05-01",2.78
"3357","2020-05-04",2.85
"3358","2020-05-05",2.72
"3359","2020-05-06",2.76
"3360","2020-05-07",2.77
"3361","2020-05-08",2.88
"3362","2020-05-11",2.86
"3363","2020-05-12",2.81
"3364","2020-05-13",2.54
"3365","2020-05-14",2.39
"3366","2020-05-15",2.58
"3367","2020-05-18",2.47
"3368","2020-05-19",2.49
"3369","2020-05-20",2.47
"3370","2020-05-21",2.43
"3371","2020-05-22",1.77
"3372","2020-05-26",1.79
"3373","2020-05-27",2.04
"3374","2020-05-28",1.96
"3375","2020-05-29",1.89
"3376","2020-06-01",1.85
"3377","2020-06-02",1.86
"3378","2020-06-03",1.86
"3379","2020-06-04",1.86
"3380","2020-06-05",1.99
"3381","2020-06-08",2.18
"3382","2020-06-09",2.09
"3383","2020-06-10",2.06
"3384","2020-06-11",1.88
"3385","2020-06-12",1.78
"3386","2020-06-15",1.77
"3387","2020-06-16",1.75
"3388","2020-06-17",1.69
"3389","2020-06-18",1.54
"3390","2020-06-19",1.69
"3391","2020-06-22",1.64
"3392","2020-06-23",1.58
"3393","2020-06-24",1.51
"3394","2020-06-25",1.52
"3395","2020-06-26",1.42
"3396","2020-06-29",1.57
"3397","2020-06-30",1.51
"3398","2020-07-01",1.43
"3399","2020-07-02",1.45
"3400","2020-07-06",1.46
"3401","2020-07-07",1.44
"3402","2020-07-08",1.45
"3403","2020-07-09",1.38
"3404","2020-07-10",1.35
"3405","2020-07-13",1.3
"3406","2020-07-14",1.39
"3407","2020-07-15",1.52
"3408","2020-07-16",1.49
"3409","2020-07-17",1.55
"3410","2020-07-20",1.59
"3411","2020-07-21",1.52
"3412","2020-07-22",1.5
"3413","2020-07-23",1.45
"3414","2020-07-24",1.42
"3415","2020-07-27",1.41
"3416","2020-07-28",1.41
"3417","2020-07-29",1.51
"3418","2020-07-30",1.75
"3419","2020-07-31",1.57
"3420","2020-08-03",1.49
"3421","2020-08-04",1.48
"3422","2020-08-05",1.5
"3423","2020-08-06",1.5
"3424","2020-08-07",1.48
"3425","2020-08-10",1.48
"3426","2020-08-11",1.47
"3427","2020-08-12",1.49
"3428","2020-08-13",1.5
"3429","2020-08-14",1.49
"3430","2020-08-17",1.46
"3431","2020-08-18",1.45
"3432","2020-08-19",1.45
"3433","2020-08-20",1.36
"3434","2020-08-21",1.3
"3435","2020-08-24",1.39
"3436","2020-08-25",1.33
"3437","2020-08-26",1.36
"3438","2020-08-27",1.35
"3439","2020-08-28",1.4
"3440","2020-08-31",1.34
"3441","2020-09-01",1.38
"3442","2020-09-02",1.38
"3443","2020-09-03",1.34
"3444","2020-09-04",1.3
"3445","2020-09-08",1.34
"3446","2020-09-09",1.09
"3447","2020-09-10",1.03
"3448","2020-09-11",0.99
"3449","2020-09-14",1.01
"3450","2020-09-15",0.99
"3451","2020-09-16",1.02
"3452","2020-09-17",1
"3453","2020-09-18",0.99
"3454","2020-09-21",0.98
"3455","2020-09-22",0.95
"3456","2020-09-23",0.92
"3457","2020-09-24",0.88
"3458","2020-09-25",0.88
"3459","2020-09-28",0.93
"3460","2020-09-29",0.9
"3461","2020-09-30",0.87
"3462","2020-10-01",0.79
"3463","2020-10-02",0.82
"3464","2020-10-05",0.86
"3465","2020-10-06",0.92
"3466","2020-10-07",0.86
"3467","2020-10-08",0.91
"3468","2020-10-09",0.91
"3469","2020-10-12",0.85
"3470","2020-10-13",0.84
"3471","2020-10-14",0.82
"3472","2020-10-15",0.83
"3473","2020-10-16",0.86
"3474","2020-10-19",0.81
"3475","2020-10-20",0.82
"3476","2020-10-21",0.82
"3477","2020-10-22",0.81
"3478","2020-10-23",0.79
"3479","2020-10-26",0.78
"3480","2020-10-27",0.73
"3481","2020-10-28",0.71
"3482","2020-10-29",0.75
"3483","2020-10-30",0.75
"3484","2020-11-02",0.75
"3485","2020-11-03",0.74
"3486","2020-11-04",0.71
"3487","2020-11-05",0.74
"3488","2020-11-06",0.73
"3489","2020-11-09",0.77
"3490","2020-11-10",0.78
"3491","2020-11-11",0.78
"3492","2020-11-12",0.76
"3493","2020-11-13",0.81
"3494","2020-11-16",0.83
"3495","2020-11-17",0.83
"3496","2020-11-18",0.85
"3497","2020-11-19",0.92
"3498","2020-11-20",0.99
"3499","2020-11-23",1
"3500","2020-11-24",0.91
"3501","2020-11-25",0.96
"3502","2020-11-27",1.04
