"","date","T"
"1","2007-01-03",34.950001
"2","2007-01-04",34.5
"3","2007-01-05",33.959999
"4","2007-01-08",33.810001
"5","2007-01-09",33.939999
"6","2007-01-10",34.029999
"7","2007-01-11",34.490002
"8","2007-01-12",34.73
"9","2007-01-16",34.630001
"10","2007-01-17",34.490002
"11","2007-01-18",35.02
"12","2007-01-19",35.07
"13","2007-01-22",35.27
"14","2007-01-23",35.360001
"15","2007-01-24",36.630001
"16","2007-01-25",36.790001
"17","2007-01-26",36.400002
"18","2007-01-29",36.509998
"19","2007-01-30",37.09
"20","2007-01-31",37.630001
"21","2007-02-01",37.75
"22","2007-02-02",38.119999
"23","2007-02-05",37.790001
"24","2007-02-06",37.509998
"25","2007-02-07",37.16
"26","2007-02-08",37.380001
"27","2007-02-09",36.900002
"28","2007-02-12",36.959999
"29","2007-02-13",37.189999
"30","2007-02-14",37.189999
"31","2007-02-15",37.23
"32","2007-02-16",37.48
"33","2007-02-20",37.360001
"34","2007-02-21",37.209999
"35","2007-02-22",37.049999
"36","2007-02-23",37
"37","2007-02-26",37.5
"38","2007-02-27",36.150002
"39","2007-02-28",36.799999
"40","2007-03-01",36.709999
"41","2007-03-02",36.439999
"42","2007-03-05",35.720001
"43","2007-03-06",36
"44","2007-03-07",35.43
"45","2007-03-08",36.509998
"46","2007-03-09",36.549999
"47","2007-03-12",37.060001
"48","2007-03-13",37.259998
"49","2007-03-14",37.209999
"50","2007-03-15",36.939999
"51","2007-03-16",36.98
"52","2007-03-19",37.580002
"53","2007-03-20",37.91
"54","2007-03-21",38.860001
"55","2007-03-22",39.110001
"56","2007-03-23",38.880001
"57","2007-03-26",39.310001
"58","2007-03-27",39.439999
"59","2007-03-28",38.950001
"60","2007-03-29",39.169998
"61","2007-03-30",39.43
"62","2007-04-02",39.459999
"63","2007-04-03",39.740002
"64","2007-04-04",39.23
"65","2007-04-05",39.27
"66","2007-04-09",39.330002
"67","2007-04-10",39.450001
"68","2007-04-11",38.939999
"69","2007-04-12",38.66
"70","2007-04-13",38.84
"71","2007-04-16",39.259998
"72","2007-04-17",39.189999
"73","2007-04-18",38.970001
"74","2007-04-19",39.310001
"75","2007-04-20",39.869999
"76","2007-04-23",39.77
"77","2007-04-24",39.099998
"78","2007-04-25",39.139999
"79","2007-04-26",38.959999
"80","2007-04-27",38.639999
"81","2007-04-30",38.720001
"82","2007-05-01",38.84
"83","2007-05-02",38.68
"84","2007-05-03",38.900002
"85","2007-05-04",39.48
"86","2007-05-07",39.599998
"87","2007-05-08",39.27
"88","2007-05-09",39.470001
"89","2007-05-10",38.91
"90","2007-05-11",39.59
"91","2007-05-14",40.029999
"92","2007-05-15",40.389999
"93","2007-05-16",41.139999
"94","2007-05-17",41.259998
"95","2007-05-18",41.099998
"96","2007-05-21",40.549999
"97","2007-05-22",40.439999
"98","2007-05-23",40.41
"99","2007-05-24",40.419998
"100","2007-05-25",40.759998
"101","2007-05-29",40.490002
"102","2007-05-30",40.98
"103","2007-05-31",41.34
"104","2007-06-01",40.529999
"105","2007-06-04",40.900002
"106","2007-06-05",40.490002
"107","2007-06-06",40.380001
"108","2007-06-07",39.52
"109","2007-06-08",40.259998
"110","2007-06-11",40.119999
"111","2007-06-12",39.080002
"112","2007-06-13",39.98
"113","2007-06-14",40.560001
"114","2007-06-15",40.279999
"115","2007-06-18",40.009998
"116","2007-06-19",40.240002
"117","2007-06-20",39.529999
"118","2007-06-21",39.59
"119","2007-06-22",38.849998
"120","2007-06-25",39.080002
"121","2007-06-26",39.290001
"122","2007-06-27",39.98
"123","2007-06-28",40.740002
"124","2007-06-29",41.5
"125","2007-07-02",41.849998
"126","2007-07-03",41.5
"127","2007-07-05",40.959999
"128","2007-07-06",40.66
"129","2007-07-09",40.490002
"130","2007-07-10",39.5
"131","2007-07-11",39.810001
"132","2007-07-12",40.48
"133","2007-07-13",40.400002
"134","2007-07-16",40.209999
"135","2007-07-17",39.84
"136","2007-07-18",39.630001
"137","2007-07-19",39.650002
"138","2007-07-20",39.060001
"139","2007-07-23",40.029999
"140","2007-07-24",39.68
"141","2007-07-25",40.5
"142","2007-07-26",39.970001
"143","2007-07-27",39.240002
"144","2007-07-30",39.77
"145","2007-07-31",39.16
"146","2007-08-01",40.23
"147","2007-08-02",40.599998
"148","2007-08-03",39.450001
"149","2007-08-06",40.259998
"150","2007-08-07",40.459999
"151","2007-08-08",40.349998
"152","2007-08-09",39.25
"153","2007-08-10",38.869999
"154","2007-08-13",39.080002
"155","2007-08-14",38.259998
"156","2007-08-15",37.990002
"157","2007-08-16",37.919998
"158","2007-08-17",39.049999
"159","2007-08-20",38.650002
"160","2007-08-21",38.75
"161","2007-08-22",39.779999
"162","2007-08-23",40.099998
"163","2007-08-24",40.360001
"164","2007-08-27",40.099998
"165","2007-08-28",38.790001
"166","2007-08-29",40.200001
"167","2007-08-30",39.759998
"168","2007-08-31",39.869999
"169","2007-09-04",40.279999
"170","2007-09-05",39.73
"171","2007-09-06",39.740002
"172","2007-09-07",38.73
"173","2007-09-10",38.779999
"174","2007-09-11",39.810001
"175","2007-09-12",39.860001
"176","2007-09-13",40.77
"177","2007-09-14",40.439999
"178","2007-09-17",40
"179","2007-09-18",40.830002
"180","2007-09-19",41.580002
"181","2007-09-20",42.029999
"182","2007-09-21",42.529999
"183","2007-09-24",42.27
"184","2007-09-25",42.57
"185","2007-09-26",42.830002
"186","2007-09-27",42.830002
"187","2007-09-28",42.310001
"188","2007-10-01",42.23
"189","2007-10-02",42.41
"190","2007-10-03",41.919998
"191","2007-10-04",41.990002
"192","2007-10-05",42.139999
"193","2007-10-08",41.93
"194","2007-10-09",41.98
"195","2007-10-10",41.75
"196","2007-10-11",41.610001
"197","2007-10-12",42.290001
"198","2007-10-15",42.189999
"199","2007-10-16",41.82
"200","2007-10-17",41.93
"201","2007-10-18",41.810001
"202","2007-10-19",41.369999
"203","2007-10-22",41.169998
"204","2007-10-23",42.02
"205","2007-10-24",41.549999
"206","2007-10-25",41
"207","2007-10-26",41.459999
"208","2007-10-29",41.740002
"209","2007-10-30",41.41
"210","2007-10-31",41.790001
"211","2007-11-01",40.459999
"212","2007-11-02",40.419998
"213","2007-11-05",40.040001
"214","2007-11-06",40.040001
"215","2007-11-07",38.66
"216","2007-11-08",39.34
"217","2007-11-09",39.200001
"218","2007-11-12",38.650002
"219","2007-11-13",39.849998
"220","2007-11-14",39.34
"221","2007-11-15",39.369999
"222","2007-11-16",39.549999
"223","2007-11-19",37.75
"224","2007-11-20",38.029999
"225","2007-11-21",37.450001
"226","2007-11-23",37.630001
"227","2007-11-26",36.349998
"228","2007-11-27",36.73
"229","2007-11-28",37.5
"230","2007-11-29",38.029999
"231","2007-11-30",38.209999
"232","2007-12-03",38.279999
"233","2007-12-04",37.860001
"234","2007-12-05",38.419998
"235","2007-12-06",38.82
"236","2007-12-07",38.470001
"237","2007-12-10",37.900002
"238","2007-12-11",39.459999
"239","2007-12-12",41.709999
"240","2007-12-13",41.799999
"241","2007-12-14",41.139999
"242","2007-12-17",40.5
"243","2007-12-18",40.599998
"244","2007-12-19",39.939999
"245","2007-12-20",40.259998
"246","2007-12-21",41.48
"247","2007-12-24",41.5
"248","2007-12-26",42.299999
"249","2007-12-27",42.02
"250","2007-12-28",42.439999
"251","2007-12-31",41.560001
"252","2008-01-02",41
"253","2008-01-03",41.389999
"254","2008-01-04",40.889999
"255","2008-01-07",41.43
"256","2008-01-08",39.16
"257","2008-01-09",39
"258","2008-01-10",39.400002
"259","2008-01-11",38.200001
"260","2008-01-14",38.509998
"261","2008-01-15",37.630001
"262","2008-01-16",37.869999
"263","2008-01-17",37.299999
"264","2008-01-18",36.110001
"265","2008-01-22",35.959999
"266","2008-01-23",36.689999
"267","2008-01-24",35.75
"268","2008-01-25",35.259998
"269","2008-01-28",36.400002
"270","2008-01-29",37.889999
"271","2008-01-30",37.349998
"272","2008-01-31",38.490002
"273","2008-02-01",38.279999
"274","2008-02-04",38.16
"275","2008-02-05",36.73
"276","2008-02-06",36.400002
"277","2008-02-07",37
"278","2008-02-08",36.369999
"279","2008-02-11",36.869999
"280","2008-02-12",37.509998
"281","2008-02-13",38.669998
"282","2008-02-14",37.84
"283","2008-02-15",37.880001
"284","2008-02-19",35.889999
"285","2008-02-20",34.360001
"286","2008-02-21",34.470001
"287","2008-02-22",34.98
"288","2008-02-25",35.5
"289","2008-02-26",35.57
"290","2008-02-27",35.200001
"291","2008-02-28",35.959999
"292","2008-02-29",34.830002
"293","2008-03-03",35.060001
"294","2008-03-04",34.869999
"295","2008-03-05",35.450001
"296","2008-03-06",35.02
"297","2008-03-07",35.009998
"298","2008-03-10",34.650002
"299","2008-03-11",36.09
"300","2008-03-12",35.32
"301","2008-03-13",35.5
"302","2008-03-14",35.029999
"303","2008-03-17",35.790001
"304","2008-03-18",37.07
"305","2008-03-19",36.049999
"306","2008-03-20",36.849998
"307","2008-03-24",38.029999
"308","2008-03-25",38
"309","2008-03-26",37.759998
"310","2008-03-27",37.66
"311","2008-03-28",37.66
"312","2008-03-31",38.299999
"313","2008-04-01",39.48
"314","2008-04-02",38.720001
"315","2008-04-03",39.009998
"316","2008-04-04",38.48
"317","2008-04-07",39.009998
"318","2008-04-08",38.799999
"319","2008-04-09",38.189999
"320","2008-04-10",38.200001
"321","2008-04-11",37.299999
"322","2008-04-14",37.200001
"323","2008-04-15",37.330002
"324","2008-04-16",37.610001
"325","2008-04-17",37.57
"326","2008-04-18",37.509998
"327","2008-04-21",37.59
"328","2008-04-22",37.810001
"329","2008-04-23",38.529999
"330","2008-04-24",38.650002
"331","2008-04-25",38.580002
"332","2008-04-28",38.299999
"333","2008-04-29",38.59
"334","2008-04-30",38.709999
"335","2008-05-01",39.939999
"336","2008-05-02",40.130001
"337","2008-05-05",39.849998
"338","2008-05-06",39.560001
"339","2008-05-07",38.82
"340","2008-05-08",38.860001
"341","2008-05-09",38.59
"342","2008-05-12",39.110001
"343","2008-05-13",39.259998
"344","2008-05-14",39.610001
"345","2008-05-15",39.860001
"346","2008-05-16",40.07
"347","2008-05-19",40.509998
"348","2008-05-20",39.369999
"349","2008-05-21",38.889999
"350","2008-05-22",39.18
"351","2008-05-23",38.529999
"352","2008-05-27",38.830002
"353","2008-05-28",39.509998
"354","2008-05-29",40.200001
"355","2008-05-30",39.900002
"356","2008-06-02",39.349998
"357","2008-06-03",38.779999
"358","2008-06-04",38.5
"359","2008-06-05",39.459999
"360","2008-06-06",38.209999
"361","2008-06-09",37.560001
"362","2008-06-10",37.220001
"363","2008-06-11",36.139999
"364","2008-06-12",36.389999
"365","2008-06-13",36.68
"366","2008-06-16",36.169998
"367","2008-06-17",35.689999
"368","2008-06-18",35.25
"369","2008-06-19",35.150002
"370","2008-06-20",34.43
"371","2008-06-23",34.380001
"372","2008-06-24",34.27
"373","2008-06-25",34.470001
"374","2008-06-26",33.470001
"375","2008-06-27",32.759998
"376","2008-06-30",33.689999
"377","2008-07-01",33.299999
"378","2008-07-02",32.889999
"379","2008-07-03",32.580002
"380","2008-07-07",32.68
"381","2008-07-08",32.959999
"382","2008-07-09",32.119999
"383","2008-07-10",32.77
"384","2008-07-11",32.580002
"385","2008-07-14",32.369999
"386","2008-07-15",31.950001
"387","2008-07-16",31.92
"388","2008-07-17",31.75
"389","2008-07-18",32.119999
"390","2008-07-21",31.83
"391","2008-07-22",31.82
"392","2008-07-23",33.060001
"393","2008-07-24",31.700001
"394","2008-07-25",31.4
"395","2008-07-28",30.629999
"396","2008-07-29",30.700001
"397","2008-07-30",30.91
"398","2008-07-31",30.809999
"399","2008-08-01",30.440001
"400","2008-08-04",30.17
"401","2008-08-05",31.049999
"402","2008-08-06",30.870001
"403","2008-08-07",30.309999
"404","2008-08-08",30.969999
"405","2008-08-11",31.84
"406","2008-08-12",31.65
"407","2008-08-13",31.299999
"408","2008-08-14",31.120001
"409","2008-08-15",31.66
"410","2008-08-18",31.4
"411","2008-08-19",30.799999
"412","2008-08-20",30.690001
"413","2008-08-21",30.76
"414","2008-08-22",31.17
"415","2008-08-25",30.52
"416","2008-08-26",30.620001
"417","2008-08-27",31.200001
"418","2008-08-28",32.23
"419","2008-08-29",31.99
"420","2008-09-02",32.25
"421","2008-09-03",32.419998
"422","2008-09-04",31.58
"423","2008-09-05",31.5
"424","2008-09-08",32.549999
"425","2008-09-09",32.549999
"426","2008-09-10",31.549999
"427","2008-09-11",31.559999
"428","2008-09-12",31.540001
"429","2008-09-15",29.959999
"430","2008-09-16",29.879999
"431","2008-09-17",28.799999
"432","2008-09-18",29.08
"433","2008-09-19",30.43
"434","2008-09-22",29.209999
"435","2008-09-23",28.75
"436","2008-09-24",28.98
"437","2008-09-25",30.07
"438","2008-09-26",30
"439","2008-09-29",27.75
"440","2008-09-30",27.92
"441","2008-10-01",28.09
"442","2008-10-02",27.969999
"443","2008-10-03",28.120001
"444","2008-10-06",26.860001
"445","2008-10-07",25.74
"446","2008-10-08",24.73
"447","2008-10-09",23
"448","2008-10-10",22.42
"449","2008-10-13",26.07
"450","2008-10-14",26.68
"451","2008-10-15",24.620001
"452","2008-10-16",25.459999
"453","2008-10-17",25.290001
"454","2008-10-20",26.99
"455","2008-10-21",25.73
"456","2008-10-22",23.780001
"457","2008-10-23",25.26
"458","2008-10-24",24.68
"459","2008-10-27",24.389999
"460","2008-10-28",27.610001
"461","2008-10-29",26.9
"462","2008-10-30",27.1
"463","2008-10-31",26.77
"464","2008-11-03",27.809999
"465","2008-11-04",29.280001
"466","2008-11-05",27.15
"467","2008-11-06",25.99
"468","2008-11-07",27
"469","2008-11-10",27.469999
"470","2008-11-11",27.33
"471","2008-11-12",26.18
"472","2008-11-13",28.67
"473","2008-11-14",27.65
"474","2008-11-17",26.77
"475","2008-11-18",26.57
"476","2008-11-19",25.23
"477","2008-11-20",24.51
"478","2008-11-21",25.190001
"479","2008-11-24",26.940001
"480","2008-11-25",27.290001
"481","2008-11-26",28.389999
"482","2008-11-28",28.559999
"483","2008-12-01",26.959999
"484","2008-12-02",28.040001
"485","2008-12-03",29.08
"486","2008-12-04",28.17
"487","2008-12-05",28.15
"488","2008-12-08",29.98
"489","2008-12-09",29.16
"490","2008-12-10",28.08
"491","2008-12-11",27.940001
"492","2008-12-12",28.18
"493","2008-12-15",27.129999
"494","2008-12-16",28.23
"495","2008-12-17",28.120001
"496","2008-12-18",27.719999
"497","2008-12-19",28.120001
"498","2008-12-22",28.129999
"499","2008-12-23",27.719999
"500","2008-12-24",27.83
"501","2008-12-26",27.940001
"502","2008-12-29",27.860001
"503","2008-12-30",28.23
"504","2008-12-31",28.5
"505","2009-01-02",29.42
"506","2009-01-05",28.43
"507","2009-01-06",28.299999
"508","2009-01-07",27.209999
"509","2009-01-08",27.18
"510","2009-01-09",26.68
"511","2009-01-12",25.940001
"512","2009-01-13",25.99
"513","2009-01-14",25.41
"514","2009-01-15",25.120001
"515","2009-01-16",25.23
"516","2009-01-20",25.02
"517","2009-01-21",25.790001
"518","2009-01-22",25.51
"519","2009-01-23",26.120001
"520","2009-01-26",26.83
"521","2009-01-27",25.93
"522","2009-01-28",25.91
"523","2009-01-29",24.709999
"524","2009-01-30",24.620001
"525","2009-02-02",25.16
"526","2009-02-03",25.370001
"527","2009-02-04",24.66
"528","2009-02-05",25.15
"529","2009-02-06",26.08
"530","2009-02-09",25.889999
"531","2009-02-10",24.559999
"532","2009-02-11",24.440001
"533","2009-02-12",24.290001
"534","2009-02-13",24.190001
"535","2009-02-17",23.219999
"536","2009-02-18",22.959999
"537","2009-02-19",23.190001
"538","2009-02-20",23.58
"539","2009-02-23",22.68
"540","2009-02-24",23.25
"541","2009-02-25",23.709999
"542","2009-02-26",24.09
"543","2009-02-27",23.77
"544","2009-03-02",23.040001
"545","2009-03-03",22.67
"546","2009-03-04",23
"547","2009-03-05",22.559999
"548","2009-03-06",22.58
"549","2009-03-09",21.719999
"550","2009-03-10",23.02
"551","2009-03-11",23.35
"552","2009-03-12",24.35
"553","2009-03-13",24.27
"554","2009-03-16",24.360001
"555","2009-03-17",25.370001
"556","2009-03-18",25.700001
"557","2009-03-19",25.6
"558","2009-03-20",25.33
"559","2009-03-23",26.92
"560","2009-03-24",26.33
"561","2009-03-25",26.18
"562","2009-03-26",26.35
"563","2009-03-27",26
"564","2009-03-30",25.16
"565","2009-03-31",25.200001
"566","2009-04-01",25.92
"567","2009-04-02",26.540001
"568","2009-04-03",26.83
"569","2009-04-06",26.59
"570","2009-04-07",25.530001
"571","2009-04-08",25.389999
"572","2009-04-09",26.1
"573","2009-04-13",26.02
"574","2009-04-14",25.280001
"575","2009-04-15",25.450001
"576","2009-04-16",25.99
"577","2009-04-17",25.950001
"578","2009-04-20",25.290001
"579","2009-04-21",25.280001
"580","2009-04-22",25.74
"581","2009-04-23",25.5
"582","2009-04-24",25.16
"583","2009-04-27",25.309999
"584","2009-04-28",25.65
"585","2009-04-29",25.52
"586","2009-04-30",25.620001
"587","2009-05-01",26.01
"588","2009-05-04",26.690001
"589","2009-05-05",26.5
"590","2009-05-06",26.690001
"591","2009-05-07",25.450001
"592","2009-05-08",25.25
"593","2009-05-11",25.360001
"594","2009-05-12",25.73
"595","2009-05-13",25.24
"596","2009-05-14",24.98
"597","2009-05-15",24.879999
"598","2009-05-18",24.59
"599","2009-05-19",24.67
"600","2009-05-20",24.129999
"601","2009-05-21",23.67
"602","2009-05-22",23.68
"603","2009-05-26",24.51
"604","2009-05-27",24.07
"605","2009-05-28",24.629999
"606","2009-05-29",24.790001
"607","2009-06-01",24.639999
"608","2009-06-02",24.84
"609","2009-06-03",24.459999
"610","2009-06-04",24.360001
"611","2009-06-05",24.559999
"612","2009-06-08",24.4
"613","2009-06-09",24.209999
"614","2009-06-10",24.280001
"615","2009-06-11",24.790001
"616","2009-06-12",25.01
"617","2009-06-15",24.629999
"618","2009-06-16",24.219999
"619","2009-06-17",24.139999
"620","2009-06-18",24.129999
"621","2009-06-19",24.040001
"622","2009-06-22",24.15
"623","2009-06-23",24.66
"624","2009-06-24",24.65
"625","2009-06-25",24.85
"626","2009-06-26",24.82
"627","2009-06-29",25.219999
"628","2009-06-30",24.84
"629","2009-07-01",25.07
"630","2009-07-02",24.59
"631","2009-07-06",24.799999
"632","2009-07-07",24.33
"633","2009-07-08",23.540001
"634","2009-07-09",23.379999
"635","2009-07-10",23.440001
"636","2009-07-13",23.77
"637","2009-07-14",23.450001
"638","2009-07-15",23.969999
"639","2009-07-16",23.709999
"640","2009-07-17",23.98
"641","2009-07-20",24.42
"642","2009-07-21",24.57
"643","2009-07-22",24.84
"644","2009-07-23",25.48
"645","2009-07-24",25.450001
"646","2009-07-27",25.73
"647","2009-07-28",25.52
"648","2009-07-29",25.950001
"649","2009-07-30",26.34
"650","2009-07-31",26.23
"651","2009-08-03",26.23
"652","2009-08-04",26.27
"653","2009-08-05",25.73
"654","2009-08-06",25.549999
"655","2009-08-07",25.620001
"656","2009-08-10",25.58
"657","2009-08-11",25.360001
"658","2009-08-12",25.65
"659","2009-08-13",25.48
"660","2009-08-14",25.450001
"661","2009-08-17",25.02
"662","2009-08-18",25.1
"663","2009-08-19",25.379999
"664","2009-08-20",25.540001
"665","2009-08-21",26
"666","2009-08-24",26.139999
"667","2009-08-25",26.299999
"668","2009-08-26",26.51
"669","2009-08-27",26.42
"670","2009-08-28",26.209999
"671","2009-08-31",26.049999
"672","2009-09-01",25.360001
"673","2009-09-02",25.370001
"674","2009-09-03",25.15
"675","2009-09-04",25.51
"676","2009-09-08",25.75
"677","2009-09-09",25.940001
"678","2009-09-10",26.559999
"679","2009-09-11",26.66
"680","2009-09-14",26.530001
"681","2009-09-15",26.700001
"682","2009-09-16",26.540001
"683","2009-09-17",26.370001
"684","2009-09-18",27.049999
"685","2009-09-21",26.870001
"686","2009-09-22",26.5
"687","2009-09-23",27.129999
"688","2009-09-24",27.030001
"689","2009-09-25",26.959999
"690","2009-09-28",27.43
"691","2009-09-29",27.200001
"692","2009-09-30",27.01
"693","2009-10-01",26.610001
"694","2009-10-02",26.52
"695","2009-10-05",26.76
"696","2009-10-06",27.15
"697","2009-10-07",26.18
"698","2009-10-08",25.940001
"699","2009-10-09",25.66
"700","2009-10-12",25.6
"701","2009-10-13",25.9
"702","2009-10-14",25.83
"703","2009-10-15",25.91
"704","2009-10-16",25.700001
"705","2009-10-19",26
"706","2009-10-20",25.99
"707","2009-10-21",25.940001
"708","2009-10-22",26.1
"709","2009-10-23",25.73
"710","2009-10-26",25.309999
"711","2009-10-27",25.6
"712","2009-10-28",26.08
"713","2009-10-29",26.23
"714","2009-10-30",25.67
"715","2009-11-02",25.59
"716","2009-11-03",25.360001
"717","2009-11-04",25.530001
"718","2009-11-05",25.940001
"719","2009-11-06",25.93
"720","2009-11-09",26.34
"721","2009-11-10",26.360001
"722","2009-11-11",26.440001
"723","2009-11-12",26.290001
"724","2009-11-13",26.25
"725","2009-11-16",26.290001
"726","2009-11-17",26.280001
"727","2009-11-18",26.309999
"728","2009-11-19",26.110001
"729","2009-11-20",26.02
"730","2009-11-23",26.780001
"731","2009-11-24",27.1
"732","2009-11-25",27.08
"733","2009-11-27",26.99
"734","2009-11-30",26.940001
"735","2009-12-01",27.18
"736","2009-12-02",27.35
"737","2009-12-03",27.52
"738","2009-12-04",27.6
"739","2009-12-07",27.969999
"740","2009-12-08",27.610001
"741","2009-12-09",27.559999
"742","2009-12-10",27.76
"743","2009-12-11",28.01
"744","2009-12-14",28.049999
"745","2009-12-15",27.6
"746","2009-12-16",27.52
"747","2009-12-17",27.219999
"748","2009-12-18",27.32
"749","2009-12-21",27.540001
"750","2009-12-22",27.9
"751","2009-12-23",28.040001
"752","2009-12-24",28.1
"753","2009-12-28",28.33
"754","2009-12-29",28.34
"755","2009-12-30",28.32
"756","2009-12-31",28.030001
"757","2010-01-04",28.58
"758","2010-01-05",28.440001
"759","2010-01-06",27.610001
"760","2010-01-07",27.299999
"761","2010-01-08",27.1
"762","2010-01-11",26.969999
"763","2010-01-12",26.959999
"764","2010-01-13",26.639999
"765","2010-01-14",26.190001
"766","2010-01-15",25.790001
"767","2010-01-19",26.200001
"768","2010-01-20",25.83
"769","2010-01-21",25.67
"770","2010-01-22",25.389999
"771","2010-01-25",25.58
"772","2010-01-26",25.33
"773","2010-01-27",25.620001
"774","2010-01-28",25.540001
"775","2010-01-29",25.360001
"776","2010-02-01",25.379999
"777","2010-02-02",25.690001
"778","2010-02-03",25.58
"779","2010-02-04",25.030001
"780","2010-02-05",25.24
"781","2010-02-08",24.98
"782","2010-02-09",25.26
"783","2010-02-10",25.120001
"784","2010-02-11",25.190001
"785","2010-02-12",25.07
"786","2010-02-16",25.32
"787","2010-02-17",25.4
"788","2010-02-18",25.24
"789","2010-02-19",25.1
"790","2010-02-22",25.02
"791","2010-02-23",24.83
"792","2010-02-24",24.91
"793","2010-02-25",24.77
"794","2010-02-26",24.809999
"795","2010-03-01",25
"796","2010-03-02",24.879999
"797","2010-03-03",24.889999
"798","2010-03-04",24.959999
"799","2010-03-05",24.99
"800","2010-03-08",25.280001
"801","2010-03-09",25.559999
"802","2010-03-10",25.52
"803","2010-03-11",25.6
"804","2010-03-12",25.620001
"805","2010-03-15",25.780001
"806","2010-03-16",25.85
"807","2010-03-17",25.9
"808","2010-03-18",26.059999
"809","2010-03-19",26.24
"810","2010-03-22",26.4
"811","2010-03-23",26.549999
"812","2010-03-24",26.26
"813","2010-03-25",26.15
"814","2010-03-26",26.24
"815","2010-03-29",26.51
"816","2010-03-30",25.950001
"817","2010-03-31",25.84
"818","2010-04-01",26.110001
"819","2010-04-05",26.309999
"820","2010-04-06",26.309999
"821","2010-04-07",25.65
"822","2010-04-08",26.02
"823","2010-04-09",26.440001
"824","2010-04-12",26.379999
"825","2010-04-13",26.200001
"826","2010-04-14",26.24
"827","2010-04-15",26.24
"828","2010-04-16",25.93
"829","2010-04-19",26.379999
"830","2010-04-20",26.66
"831","2010-04-21",26.34
"832","2010-04-22",26.27
"833","2010-04-23",26.25
"834","2010-04-26",26.27
"835","2010-04-27",25.950001
"836","2010-04-28",25.91
"837","2010-04-29",26.139999
"838","2010-04-30",26.059999
"839","2010-05-03",26.280001
"840","2010-05-04",25.9
"841","2010-05-05",25.77
"842","2010-05-06",25.139999
"843","2010-05-07",25.1
"844","2010-05-10",25.67
"845","2010-05-11",25.639999
"846","2010-05-12",25.82
"847","2010-05-13",25.74
"848","2010-05-14",25.4
"849","2010-05-17",25.77
"850","2010-05-18",25.59
"851","2010-05-19",25.57
"852","2010-05-20",24.959999
"853","2010-05-21",24.85
"854","2010-05-24",24.43
"855","2010-05-25",24.32
"856","2010-05-26",24.129999
"857","2010-05-27",24.629999
"858","2010-05-28",24.299999
"859","2010-06-01",24.33
"860","2010-06-02",24.780001
"861","2010-06-03",24.799999
"862","2010-06-04",24.17
"863","2010-06-07",24.32
"864","2010-06-08",24.969999
"865","2010-06-09",24.9
"866","2010-06-10",25.440001
"867","2010-06-11",25.290001
"868","2010-06-14",25.17
"869","2010-06-15",25.540001
"870","2010-06-16",25.52
"871","2010-06-17",25.57
"872","2010-06-18",25.43
"873","2010-06-21",25.440001
"874","2010-06-22",25.360001
"875","2010-06-23",25.440001
"876","2010-06-24",25.049999
"877","2010-06-25",24.790001
"878","2010-06-28",24.950001
"879","2010-06-29",24.459999
"880","2010-06-30",24.190001
"881","2010-07-01",24.34
"882","2010-07-02",24.290001
"883","2010-07-06",24.41
"884","2010-07-07",24.33
"885","2010-07-08",24.57
"886","2010-07-09",24.83
"887","2010-07-12",24.84
"888","2010-07-13",24.950001
"889","2010-07-14",24.959999
"890","2010-07-15",25
"891","2010-07-16",24.690001
"892","2010-07-19",24.879999
"893","2010-07-20",24.790001
"894","2010-07-21",24.92
"895","2010-07-22",25.51
"896","2010-07-23",25.540001
"897","2010-07-26",25.959999
"898","2010-07-27",26.15
"899","2010-07-28",26.200001
"900","2010-07-29",26.02
"901","2010-07-30",25.940001
"902","2010-08-02",26.59
"903","2010-08-03",26.690001
"904","2010-08-04",26.639999
"905","2010-08-05",26.74
"906","2010-08-06",26.540001
"907","2010-08-09",26.860001
"908","2010-08-10",27.01
"909","2010-08-11",26.549999
"910","2010-08-12",26.66
"911","2010-08-13",26.719999
"912","2010-08-16",26.65
"913","2010-08-17",26.969999
"914","2010-08-18",27.280001
"915","2010-08-19",26.969999
"916","2010-08-20",26.450001
"917","2010-08-23",26.49
"918","2010-08-24",26.719999
"919","2010-08-25",26.889999
"920","2010-08-26",26.700001
"921","2010-08-27",26.940001
"922","2010-08-30",26.629999
"923","2010-08-31",27.030001
"924","2010-09-01",27.35
"925","2010-09-02",27.4
"926","2010-09-03",27.440001
"927","2010-09-07",27.27
"928","2010-09-08",27.389999
"929","2010-09-09",27.809999
"930","2010-09-10",27.83
"931","2010-09-13",27.93
"932","2010-09-14",27.93
"933","2010-09-15",28.01
"934","2010-09-16",28.110001
"935","2010-09-17",28.17
"936","2010-09-20",28.540001
"937","2010-09-21",28.610001
"938","2010-09-22",28.59
"939","2010-09-23",28.51
"940","2010-09-24",28.58
"941","2010-09-27",28.870001
"942","2010-09-28",28.92
"943","2010-09-29",28.709999
"944","2010-09-30",28.6
"945","2010-10-01",28.809999
"946","2010-10-04",28.860001
"947","2010-10-05",29.360001
"948","2010-10-06",28.620001
"949","2010-10-07",28.25
"950","2010-10-08",28.219999
"951","2010-10-11",28.32
"952","2010-10-12",28.389999
"953","2010-10-13",28.469999
"954","2010-10-14",28.5
"955","2010-10-15",28.33
"956","2010-10-18",28.620001
"957","2010-10-19",28.209999
"958","2010-10-20",28.610001
"959","2010-10-21",28.34
"960","2010-10-22",28.290001
"961","2010-10-25",28.360001
"962","2010-10-26",28.309999
"963","2010-10-27",28.35
"964","2010-10-28",28.5
"965","2010-10-29",28.52
"966","2010-11-01",28.719999
"967","2010-11-02",28.940001
"968","2010-11-03",29.059999
"969","2010-11-04",29.440001
"970","2010-11-05",29.27
"971","2010-11-08",29.18
"972","2010-11-09",29.18
"973","2010-11-10",29.049999
"974","2010-11-11",28.83
"975","2010-11-12",28.459999
"976","2010-11-15",28.629999
"977","2010-11-16",28.24
"978","2010-11-17",27.959999
"979","2010-11-18",28.440001
"980","2010-11-19",28.32
"981","2010-11-22",28.290001
"982","2010-11-23",28.030001
"983","2010-11-24",28.139999
"984","2010-11-26",27.93
"985","2010-11-29",27.700001
"986","2010-11-30",27.790001
"987","2010-12-01",28.280001
"988","2010-12-02",28.549999
"989","2010-12-03",28.49
"990","2010-12-06",28.299999
"991","2010-12-07",28.540001
"992","2010-12-08",28.629999
"993","2010-12-09",28.82
"994","2010-12-10",28.889999
"995","2010-12-13",28.780001
"996","2010-12-14",29.34
"997","2010-12-15",29.129999
"998","2010-12-16",29.23
"999","2010-12-17",29.209999
"1000","2010-12-20",29.129999
"1001","2010-12-21",29.07
"1002","2010-12-22",29.129999
"1003","2010-12-23",29.200001
"1004","2010-12-27",29.25
"1005","2010-12-28",29.23
"1006","2010-12-29",29.309999
"1007","2010-12-30",29.33
"1008","2010-12-31",29.379999
"1009","2011-01-03",29.67
"1010","2011-01-04",29.879999
"1011","2011-01-05",29.98
"1012","2011-01-06",29.15
"1013","2011-01-07",28.85
"1014","2011-01-10",28.34
"1015","2011-01-11",27.91
"1016","2011-01-12",28.040001
"1017","2011-01-13",28.08
"1018","2011-01-14",28.43
"1019","2011-01-18",28.33
"1020","2011-01-19",28.33
"1021","2011-01-20",28.23
"1022","2011-01-21",28.33
"1023","2011-01-24",28.48
"1024","2011-01-25",28.76
"1025","2011-01-26",28.73
"1026","2011-01-27",28.129999
"1027","2011-01-28",27.49
"1028","2011-01-31",27.52
"1029","2011-02-01",27.870001
"1030","2011-02-02",27.67
"1031","2011-02-03",27.99
"1032","2011-02-04",27.969999
"1033","2011-02-07",27.959999
"1034","2011-02-08",27.91
"1035","2011-02-09",27.969999
"1036","2011-02-10",28.24
"1037","2011-02-11",28.469999
"1038","2011-02-14",28.459999
"1039","2011-02-15",28.24
"1040","2011-02-16",28.299999
"1041","2011-02-17",28.5
"1042","2011-02-18",28.57
"1043","2011-02-22",28.200001
"1044","2011-02-23",28.030001
"1045","2011-02-24",27.92
"1046","2011-02-25",28.129999
"1047","2011-02-28",28.379999
"1048","2011-03-01",28.08
"1049","2011-03-02",28.17
"1050","2011-03-03",28.129999
"1051","2011-03-04",27.92
"1052","2011-03-07",27.9
"1053","2011-03-08",28.450001
"1054","2011-03-09",28.790001
"1055","2011-03-10",28.610001
"1056","2011-03-11",28.459999
"1057","2011-03-14",28.190001
"1058","2011-03-15",27.809999
"1059","2011-03-16",27.33
"1060","2011-03-17",27.74
"1061","2011-03-18",27.940001
"1062","2011-03-21",28.26
"1063","2011-03-22",28.1
"1064","2011-03-23",28.139999
"1065","2011-03-24",28.540001
"1066","2011-03-25",28.85
"1067","2011-03-28",29.360001
"1068","2011-03-29",30.049999
"1069","2011-03-30",30.709999
"1070","2011-03-31",30.610001
"1071","2011-04-01",30.620001
"1072","2011-04-04",30.77
"1073","2011-04-05",30.700001
"1074","2011-04-06",30.469999
"1075","2011-04-07",30.540001
"1076","2011-04-08",30.709999
"1077","2011-04-11",30.66
"1078","2011-04-12",30.469999
"1079","2011-04-13",30.18
"1080","2011-04-14",30.290001
"1081","2011-04-15",30.65
"1082","2011-04-18",30.309999
"1083","2011-04-19",30.309999
"1084","2011-04-20",30.129999
"1085","2011-04-21",30.68
"1086","2011-04-25",30.549999
"1087","2011-04-26",30.940001
"1088","2011-04-27",31.42
"1089","2011-04-28",31.370001
"1090","2011-04-29",31.120001
"1091","2011-05-02",31.209999
"1092","2011-05-03",31.860001
"1093","2011-05-04",31.790001
"1094","2011-05-05",31.219999
"1095","2011-05-06",31.26
"1096","2011-05-09",31.35
"1097","2011-05-10",31.690001
"1098","2011-05-11",31.379999
"1099","2011-05-12",31.639999
"1100","2011-05-13",31.41
"1101","2011-05-16",31.059999
"1102","2011-05-17",31.120001
"1103","2011-05-18",31.200001
"1104","2011-05-19",31.4
"1105","2011-05-20",31.32
"1106","2011-05-23",31.08
"1107","2011-05-24",31.16
"1108","2011-05-25",31
"1109","2011-05-26",31.110001
"1110","2011-05-27",31.290001
"1111","2011-05-31",31.559999
"1112","2011-06-01",31.17
"1113","2011-06-02",30.969999
"1114","2011-06-03",30.65
"1115","2011-06-06",30.360001
"1116","2011-06-07",30.309999
"1117","2011-06-08",30.34
"1118","2011-06-09",30.33
"1119","2011-06-10",30.34
"1120","2011-06-13",30.549999
"1121","2011-06-14",30.790001
"1122","2011-06-15",30.35
"1123","2011-06-16",30.43
"1124","2011-06-17",30.77
"1125","2011-06-20",30.959999
"1126","2011-06-21",31.110001
"1127","2011-06-22",30.879999
"1128","2011-06-23",30.719999
"1129","2011-06-24",30.440001
"1130","2011-06-27",30.76
"1131","2011-06-28",31.02
"1132","2011-06-29",31.26
"1133","2011-06-30",31.41
"1134","2011-07-01",31.68
"1135","2011-07-05",31.629999
"1136","2011-07-06",31.23
"1137","2011-07-07",31.23
"1138","2011-07-08",31.139999
"1139","2011-07-11",30.799999
"1140","2011-07-12",30.77
"1141","2011-07-13",30.82
"1142","2011-07-14",30.58
"1143","2011-07-15",30.309999
"1144","2011-07-18",30.120001
"1145","2011-07-19",30.33
"1146","2011-07-20",30.23
"1147","2011-07-21",30.280001
"1148","2011-07-22",30.32
"1149","2011-07-25",29.91
"1150","2011-07-26",29.940001
"1151","2011-07-27",29.959999
"1152","2011-07-28",29.26
"1153","2011-07-29",29.26
"1154","2011-08-01",29.52
"1155","2011-08-02",29.18
"1156","2011-08-03",29.5
"1157","2011-08-04",28.780001
"1158","2011-08-05",28.93
"1159","2011-08-08",27.700001
"1160","2011-08-09",28.85
"1161","2011-08-10",27.879999
"1162","2011-08-11",28.440001
"1163","2011-08-12",28.219999
"1164","2011-08-15",28.809999
"1165","2011-08-16",28.790001
"1166","2011-08-17",29.17
"1167","2011-08-18",28.459999
"1168","2011-08-19",27.99
"1169","2011-08-22",28.450001
"1170","2011-08-23",28.98
"1171","2011-08-24",29.43
"1172","2011-08-25",29.059999
"1173","2011-08-26",29.040001
"1174","2011-08-29",29.26
"1175","2011-08-30",29.620001
"1176","2011-08-31",28.48
"1177","2011-09-01",28.27
"1178","2011-09-02",28.049999
"1179","2011-09-06",27.83
"1180","2011-09-07",28.129999
"1181","2011-09-08",27.959999
"1182","2011-09-09",27.540001
"1183","2011-09-12",27.879999
"1184","2011-09-13",28.120001
"1185","2011-09-14",28.26
"1186","2011-09-15",28.540001
"1187","2011-09-16",28.940001
"1188","2011-09-19",28.58
"1189","2011-09-20",28.85
"1190","2011-09-21",28.299999
"1191","2011-09-22",27.75
"1192","2011-09-23",27.85
"1193","2011-09-26",28.34
"1194","2011-09-27",28.67
"1195","2011-09-28",28.549999
"1196","2011-09-29",28.84
"1197","2011-09-30",28.52
"1198","2011-10-03",28.16
"1199","2011-10-04",28.309999
"1200","2011-10-05",28.309999
"1201","2011-10-06",28.41
"1202","2011-10-07",28.440001
"1203","2011-10-10",29.17
"1204","2011-10-11",28.77
"1205","2011-10-12",28.99
"1206","2011-10-13",29.1
"1207","2011-10-14",29.17
"1208","2011-10-17",29.02
"1209","2011-10-18",29.209999
"1210","2011-10-19",29.09
"1211","2011-10-20",28.99
"1212","2011-10-21",29.129999
"1213","2011-10-24",28.879999
"1214","2011-10-25",28.41
"1215","2011-10-26",28.75
"1216","2011-10-27",29.469999
"1217","2011-10-28",29.74
"1218","2011-10-31",29.309999
"1219","2011-11-01",28.700001
"1220","2011-11-02",29.08
"1221","2011-11-03",29.440001
"1222","2011-11-04",29.16
"1223","2011-11-07",29.440001
"1224","2011-11-08",29.459999
"1225","2011-11-09",28.91
"1226","2011-11-10",29.16
"1227","2011-11-11",29.42
"1228","2011-11-14",29.190001
"1229","2011-11-15",29.25
"1230","2011-11-16",28.780001
"1231","2011-11-17",28.610001
"1232","2011-11-18",28.639999
"1233","2011-11-21",28.360001
"1234","2011-11-22",28.08
"1235","2011-11-23",27.549999
"1236","2011-11-25",27.41
"1237","2011-11-28",27.950001
"1238","2011-11-29",28.059999
"1239","2011-11-30",28.98
"1240","2011-12-01",28.84
"1241","2011-12-02",28.959999
"1242","2011-12-05",29.15
"1243","2011-12-06",29.17
"1244","2011-12-07",29.4
"1245","2011-12-08",28.860001
"1246","2011-12-09",29.030001
"1247","2011-12-12",29.01
"1248","2011-12-13",29.040001
"1249","2011-12-14",28.809999
"1250","2011-12-15",28.790001
"1251","2011-12-16",28.85
"1252","2011-12-19",28.74
"1253","2011-12-20",29.120001
"1254","2011-12-21",29.299999
"1255","2011-12-22",29.66
"1256","2011-12-23",29.870001
"1257","2011-12-27",30.040001
"1258","2011-12-28",29.950001
"1259","2011-12-29",30.17
"1260","2011-12-30",30.24
"1261","2012-01-03",30.379999
"1262","2012-01-04",30.43
"1263","2012-01-05",30.4
"1264","2012-01-06",29.68
"1265","2012-01-09",29.66
"1266","2012-01-10",29.76
"1267","2012-01-11",29.99
"1268","2012-01-12",30.120001
"1269","2012-01-13",30.07
"1270","2012-01-17",30.25
"1271","2012-01-18",30.33
"1272","2012-01-19",30.42
"1273","2012-01-20",30.51
"1274","2012-01-23",30.4
"1275","2012-01-24",30.09
"1276","2012-01-25",30.209999
"1277","2012-01-26",29.450001
"1278","2012-01-27",29.16
"1279","2012-01-30",29.34
"1280","2012-01-31",29.41
"1281","2012-02-01",29.6
"1282","2012-02-02",29.790001
"1283","2012-02-03",29.950001
"1284","2012-02-06",29.969999
"1285","2012-02-07",30.040001
"1286","2012-02-08",30.02
"1287","2012-02-09",29.99
"1288","2012-02-10",29.84
"1289","2012-02-13",30.040001
"1290","2012-02-14",30.07
"1291","2012-02-15",29.870001
"1292","2012-02-16",30.02
"1293","2012-02-17",30.01
"1294","2012-02-21",30.34
"1295","2012-02-22",30.280001
"1296","2012-02-23",30.459999
"1297","2012-02-24",30.34
"1298","2012-02-27",30.360001
"1299","2012-02-28",30.530001
"1300","2012-02-29",30.59
"1301","2012-03-01",30.629999
"1302","2012-03-02",30.870001
"1303","2012-03-05",30.99
"1304","2012-03-06",30.73
"1305","2012-03-07",30.879999
"1306","2012-03-08",31
"1307","2012-03-09",31.18
"1308","2012-03-12",31.440001
"1309","2012-03-13",31.629999
"1310","2012-03-14",31.450001
"1311","2012-03-15",31.639999
"1312","2012-03-16",31.59
"1313","2012-03-19",31.65
"1314","2012-03-20",31.790001
"1315","2012-03-21",31.84
"1316","2012-03-22",31.709999
"1317","2012-03-23",31.52
"1318","2012-03-26",31.790001
"1319","2012-03-27",31.639999
"1320","2012-03-28",31.360001
"1321","2012-03-29",31.209999
"1322","2012-03-30",31.23
"1323","2012-04-02",31.450001
"1324","2012-04-03",31.43
"1325","2012-04-04",31.57
"1326","2012-04-05",30.940001
"1327","2012-04-09",30.639999
"1328","2012-04-10",30.129999
"1329","2012-04-11",30.450001
"1330","2012-04-12",30.84
"1331","2012-04-13",30.540001
"1332","2012-04-16",30.610001
"1333","2012-04-17",30.889999
"1334","2012-04-18",30.75
"1335","2012-04-19",30.74
"1336","2012-04-20",30.860001
"1337","2012-04-23",30.610001
"1338","2012-04-24",31.719999
"1339","2012-04-25",31.74
"1340","2012-04-26",32.439999
"1341","2012-04-27",32.669998
"1342","2012-04-30",32.91
"1343","2012-05-01",33.060001
"1344","2012-05-02",33.040001
"1345","2012-05-03",33.110001
"1346","2012-05-04",32.860001
"1347","2012-05-07",33
"1348","2012-05-08",33.040001
"1349","2012-05-09",32.810001
"1350","2012-05-10",33.130001
"1351","2012-05-11",33.59
"1352","2012-05-14",33.529999
"1353","2012-05-15",33.349998
"1354","2012-05-16",33.189999
"1355","2012-05-17",33.290001
"1356","2012-05-18",33.66
"1357","2012-05-21",33.630001
"1358","2012-05-22",33.540001
"1359","2012-05-23",33.360001
"1360","2012-05-24",33.639999
"1361","2012-05-25",33.689999
"1362","2012-05-29",33.939999
"1363","2012-05-30",33.84
"1364","2012-05-31",34.169998
"1365","2012-06-01",33.900002
"1366","2012-06-04",34.150002
"1367","2012-06-05",34.060001
"1368","2012-06-06",34.560001
"1369","2012-06-07",34.16
"1370","2012-06-08",34.549999
"1371","2012-06-11",34.59
"1372","2012-06-12",34.98
"1373","2012-06-13",34.98
"1374","2012-06-14",35.689999
"1375","2012-06-15",35.709999
"1376","2012-06-18",35.630001
"1377","2012-06-19",35.470001
"1378","2012-06-20",35.41
"1379","2012-06-21",35.029999
"1380","2012-06-22",35.169998
"1381","2012-06-25",34.950001
"1382","2012-06-26",34.98
"1383","2012-06-27",35.189999
"1384","2012-06-28",35.389999
"1385","2012-06-29",35.66
"1386","2012-07-02",36.200001
"1387","2012-07-03",36
"1388","2012-07-05",35.77
"1389","2012-07-06",35.439999
"1390","2012-07-09",35.540001
"1391","2012-07-10",35.439999
"1392","2012-07-11",35.259998
"1393","2012-07-12",34.869999
"1394","2012-07-13",35.349998
"1395","2012-07-16",35.419998
"1396","2012-07-17",35.82
"1397","2012-07-18",36.189999
"1398","2012-07-19",35.48
"1399","2012-07-20",35.290001
"1400","2012-07-23",35.380001
"1401","2012-07-24",34.630001
"1402","2012-07-25",35.330002
"1403","2012-07-26",36.299999
"1404","2012-07-27",37.139999
"1405","2012-07-30",37.43
"1406","2012-07-31",37.919998
"1407","2012-08-01",37.639999
"1408","2012-08-02",37.540001
"1409","2012-08-03",37.580002
"1410","2012-08-06",37.610001
"1411","2012-08-07",37.439999
"1412","2012-08-08",37.43
"1413","2012-08-09",37.23
"1414","2012-08-10",37.490002
"1415","2012-08-13",37.389999
"1416","2012-08-14",37.25
"1417","2012-08-15",37.099998
"1418","2012-08-16",37.240002
"1419","2012-08-17",37.169998
"1420","2012-08-20",36.889999
"1421","2012-08-21",36.59
"1422","2012-08-22",36.560001
"1423","2012-08-23",36.560001
"1424","2012-08-24",36.950001
"1425","2012-08-27",36.869999
"1426","2012-08-28",36.639999
"1427","2012-08-29",36.82
"1428","2012-08-30",36.689999
"1429","2012-08-31",36.639999
"1430","2012-09-04",36.810001
"1431","2012-09-05",36.93
"1432","2012-09-06",37.439999
"1433","2012-09-07",37.299999
"1434","2012-09-10",37.419998
"1435","2012-09-11",37.619999
"1436","2012-09-12",37.720001
"1437","2012-09-13",38.150002
"1438","2012-09-14",37.259998
"1439","2012-09-17",37.599998
"1440","2012-09-18",37.66
"1441","2012-09-19",37.759998
"1442","2012-09-20",37.939999
"1443","2012-09-21",38.080002
"1444","2012-09-24",38.25
"1445","2012-09-25",38.060001
"1446","2012-09-26",38.080002
"1447","2012-09-27",37.990002
"1448","2012-09-28",37.700001
"1449","2012-10-01",37.75
"1450","2012-10-02",37.810001
"1451","2012-10-03",38.169998
"1452","2012-10-04",38.34
"1453","2012-10-05",37.860001
"1454","2012-10-08",37.66
"1455","2012-10-09",37.139999
"1456","2012-10-10",36.919998
"1457","2012-10-11",36.259998
"1458","2012-10-12",35.630001
"1459","2012-10-15",35.209999
"1460","2012-10-16",35.400002
"1461","2012-10-17",35.720001
"1462","2012-10-18",36.02
"1463","2012-10-19",35.32
"1464","2012-10-22",35.259998
"1465","2012-10-23",35
"1466","2012-10-24",34.709999
"1467","2012-10-25",34.5
"1468","2012-10-26",34.630001
"1469","2012-10-31",34.59
"1470","2012-11-01",35.09
"1471","2012-11-02",34.93
"1472","2012-11-05",34.830002
"1473","2012-11-06",34.799999
"1474","2012-11-07",33.639999
"1475","2012-11-08",33.200001
"1476","2012-11-09",33.540001
"1477","2012-11-12",33.869999
"1478","2012-11-13",33.950001
"1479","2012-11-14",33.779999
"1480","2012-11-15",33.419998
"1481","2012-11-16",33.139999
"1482","2012-11-19",33.82
"1483","2012-11-20",33.68
"1484","2012-11-21",33.849998
"1485","2012-11-23",34.360001
"1486","2012-11-26",33.970001
"1487","2012-11-27",33.619999
"1488","2012-11-28",33.619999
"1489","2012-11-29",33.93
"1490","2012-11-30",34.130001
"1491","2012-12-03",34.139999
"1492","2012-12-04",33.919998
"1493","2012-12-05",33.91
"1494","2012-12-06",33.650002
"1495","2012-12-07",33.740002
"1496","2012-12-10",33.73
"1497","2012-12-11",34.150002
"1498","2012-12-12",34.490002
"1499","2012-12-13",34.32
"1500","2012-12-14",34.009998
"1501","2012-12-17",34.23
"1502","2012-12-18",34.34
"1503","2012-12-19",33.91
"1504","2012-12-20",34.169998
"1505","2012-12-21",33.669998
"1506","2012-12-24",33.740002
"1507","2012-12-26",33.779999
"1508","2012-12-27",33.66
"1509","2012-12-28",33.32
"1510","2012-12-31",33.709999
"1511","2013-01-02",35
"1512","2013-01-03",35.02
"1513","2013-01-04",35.23
"1514","2013-01-07",35.389999
"1515","2013-01-08",34.349998
"1516","2013-01-09",34.240002
"1517","2013-01-10",34.369999
"1518","2013-01-11",34.27
"1519","2013-01-14",34.02
"1520","2013-01-15",33.759998
"1521","2013-01-16",33.259998
"1522","2013-01-17",33.200001
"1523","2013-01-18",33.439999
"1524","2013-01-22",33.610001
"1525","2013-01-23",33.779999
"1526","2013-01-24",33.75
"1527","2013-01-25",34.02
"1528","2013-01-28",34.130001
"1529","2013-01-29",34.68
"1530","2013-01-30",34.48
"1531","2013-01-31",34.790001
"1532","2013-02-01",35.509998
"1533","2013-02-04",35.23
"1534","2013-02-05",35.349998
"1535","2013-02-06",35.43
"1536","2013-02-07",35.27
"1537","2013-02-08",35.27
"1538","2013-02-11",35.23
"1539","2013-02-12",35.599998
"1540","2013-02-13",35.419998
"1541","2013-02-14",35.290001
"1542","2013-02-15",35.360001
"1543","2013-02-19",35.669998
"1544","2013-02-20",35.470001
"1545","2013-02-21",35.43
"1546","2013-02-22",35.68
"1547","2013-02-25",35.189999
"1548","2013-02-26",35.490002
"1549","2013-02-27",35.849998
"1550","2013-02-28",35.91
"1551","2013-03-01",36.009998
"1552","2013-03-04",36.23
"1553","2013-03-05",36.599998
"1554","2013-03-06",36.290001
"1555","2013-03-07",36.389999
"1556","2013-03-08",36.68
"1557","2013-03-11",36.599998
"1558","2013-03-12",36.720001
"1559","2013-03-13",36.599998
"1560","2013-03-14",36.860001
"1561","2013-03-15",36.43
"1562","2013-03-18",36.150002
"1563","2013-03-19",36.139999
"1564","2013-03-20",36.189999
"1565","2013-03-21",36.150002
"1566","2013-03-22",36.43
"1567","2013-03-25",36.389999
"1568","2013-03-26",36.740002
"1569","2013-03-27",36.619999
"1570","2013-03-28",36.689999
"1571","2013-04-01",37.25
"1572","2013-04-02",37.57
"1573","2013-04-03",37.279999
"1574","2013-04-04",37.91
"1575","2013-04-05",38.02
"1576","2013-04-08",37.619999
"1577","2013-04-09",37.759998
"1578","2013-04-10",38.18
"1579","2013-04-11",38.540001
"1580","2013-04-12",38.59
"1581","2013-04-15",37.950001
"1582","2013-04-16",37.939999
"1583","2013-04-17",37.779999
"1584","2013-04-18",37.740002
"1585","2013-04-19",38.279999
"1586","2013-04-22",38.73
"1587","2013-04-23",39
"1588","2013-04-24",37.040001
"1589","2013-04-25",37.279999
"1590","2013-04-26",37.040001
"1591","2013-04-29",37.299999
"1592","2013-04-30",37.459999
"1593","2013-05-01",37.560001
"1594","2013-05-02",37.560001
"1595","2013-05-03",37.34
"1596","2013-05-06",37.09
"1597","2013-05-07",37.52
"1598","2013-05-08",37.830002
"1599","2013-05-09",37.330002
"1600","2013-05-10",37.360001
"1601","2013-05-13",37
"1602","2013-05-14",37.23
"1603","2013-05-15",37.529999
"1604","2013-05-16",37.380001
"1605","2013-05-17",37.439999
"1606","2013-05-20",37.220001
"1607","2013-05-21",36.939999
"1608","2013-05-22",36.619999
"1609","2013-05-23",36.740002
"1610","2013-05-24",36.75
"1611","2013-05-28",36.18
"1612","2013-05-29",35.91
"1613","2013-05-30",35.5
"1614","2013-05-31",34.990002
"1615","2013-06-03",35.07
"1616","2013-06-04",35.669998
"1617","2013-06-05",35.259998
"1618","2013-06-06",35.810001
"1619","2013-06-07",35.450001
"1620","2013-06-10",35.990002
"1621","2013-06-11",35.759998
"1622","2013-06-12",35.619999
"1623","2013-06-13",36.299999
"1624","2013-06-14",35.91
"1625","2013-06-17",35.759998
"1626","2013-06-18",36.169998
"1627","2013-06-19",35.25
"1628","2013-06-20",34.349998
"1629","2013-06-21",34.470001
"1630","2013-06-24",34.459999
"1631","2013-06-25",35.029999
"1632","2013-06-26",35.330002
"1633","2013-06-27",35.630001
"1634","2013-06-28",35.400002
"1635","2013-07-01",35.299999
"1636","2013-07-02",35.529999
"1637","2013-07-03",35.619999
"1638","2013-07-05",35.830002
"1639","2013-07-08",35.580002
"1640","2013-07-09",35.599998
"1641","2013-07-10",35.389999
"1642","2013-07-11",35.869999
"1643","2013-07-12",35.810001
"1644","2013-07-15",35.549999
"1645","2013-07-16",35.880001
"1646","2013-07-17",35.959999
"1647","2013-07-18",35.740002
"1648","2013-07-19",35.810001
"1649","2013-07-22",35.580002
"1650","2013-07-23",35.810001
"1651","2013-07-24",35.400002
"1652","2013-07-25",35.459999
"1653","2013-07-26",35.599998
"1654","2013-07-29",35.880001
"1655","2013-07-30",35.419998
"1656","2013-07-31",35.27
"1657","2013-08-01",35.720001
"1658","2013-08-02",35.77
"1659","2013-08-05",35.669998
"1660","2013-08-06",35.48
"1661","2013-08-07",35.59
"1662","2013-08-08",35.290001
"1663","2013-08-09",34.799999
"1664","2013-08-12",34.919998
"1665","2013-08-13",34.720001
"1666","2013-08-14",34.77
"1667","2013-08-15",34.349998
"1668","2013-08-16",34.18
"1669","2013-08-19",33.790001
"1670","2013-08-20",33.869999
"1671","2013-08-21",33.48
"1672","2013-08-22",33.82
"1673","2013-08-23",34.290001
"1674","2013-08-26",33.82
"1675","2013-08-27",33.689999
"1676","2013-08-28",33.580002
"1677","2013-08-29",33.650002
"1678","2013-08-30",33.830002
"1679","2013-09-03",33.32
"1680","2013-09-04",33.740002
"1681","2013-09-05",33.34
"1682","2013-09-06",33.41
"1683","2013-09-09",33.630001
"1684","2013-09-10",33.970001
"1685","2013-09-11",33.970001
"1686","2013-09-12",34.380001
"1687","2013-09-13",34.32
"1688","2013-09-16",34.57
"1689","2013-09-17",34.75
"1690","2013-09-18",34.950001
"1691","2013-09-19",34.810001
"1692","2013-09-20",34.310001
"1693","2013-09-23",34.220001
"1694","2013-09-24",34.09
"1695","2013-09-25",34.049999
"1696","2013-09-26",34.23
"1697","2013-09-27",33.98
"1698","2013-09-30",33.82
"1699","2013-10-01",34.060001
"1700","2013-10-02",33.939999
"1701","2013-10-03",33.639999
"1702","2013-10-04",33.75
"1703","2013-10-07",34
"1704","2013-10-08",33.110001
"1705","2013-10-09",33.75
"1706","2013-10-10",34.150002
"1707","2013-10-11",34.200001
"1708","2013-10-14",33.919998
"1709","2013-10-15",33.709999
"1710","2013-10-16",34.200001
"1711","2013-10-17",34.439999
"1712","2013-10-18",34.610001
"1713","2013-10-21",35.220001
"1714","2013-10-22",35.23
"1715","2013-10-23",35.279999
"1716","2013-10-24",34.630001
"1717","2013-10-25",35.189999
"1718","2013-10-28",35.57
"1719","2013-10-29",36.27
"1720","2013-10-30",36.259998
"1721","2013-10-31",36.200001
"1722","2013-11-01",36.240002
"1723","2013-11-04",36.450001
"1724","2013-11-05",35.529999
"1725","2013-11-06",35.82
"1726","2013-11-07",35.110001
"1727","2013-11-08",35.169998
"1728","2013-11-11",35.029999
"1729","2013-11-12",35.169998
"1730","2013-11-13",35.07
"1731","2013-11-14",35.16
"1732","2013-11-15",35.43
"1733","2013-11-18",35.599998
"1734","2013-11-19",35.720001
"1735","2013-11-20",35.400002
"1736","2013-11-21",35.299999
"1737","2013-11-22",35.419998
"1738","2013-11-25",35.369999
"1739","2013-11-26",35.279999
"1740","2013-11-27",35.41
"1741","2013-11-29",35.209999
"1742","2013-12-02",34.799999
"1743","2013-12-03",34.740002
"1744","2013-12-04",34.599998
"1745","2013-12-05",34.25
"1746","2013-12-06",34.529999
"1747","2013-12-09",34.689999
"1748","2013-12-10",34.400002
"1749","2013-12-11",33.950001
"1750","2013-12-12",33.889999
"1751","2013-12-13",33.849998
"1752","2013-12-16",34.150002
"1753","2013-12-17",33.849998
"1754","2013-12-18",34.380001
"1755","2013-12-19",34.450001
"1756","2013-12-20",34.299999
"1757","2013-12-23",34.689999
"1758","2013-12-24",34.950001
"1759","2013-12-26",35.16
"1760","2013-12-27",35.18
"1761","2013-12-30",35.200001
"1762","2013-12-31",35.16
"1763","2014-01-02",34.950001
"1764","2014-01-03",34.799999
"1765","2014-01-06",34.959999
"1766","2014-01-07",34.950001
"1767","2014-01-08",34.240002
"1768","2014-01-09",33.540001
"1769","2014-01-10",33.619999
"1770","2014-01-13",33.299999
"1771","2014-01-14",33.48
"1772","2014-01-15",33.790001
"1773","2014-01-16",33.959999
"1774","2014-01-17",33.700001
"1775","2014-01-21",33.57
"1776","2014-01-22",33.34
"1777","2014-01-23",33.799999
"1778","2014-01-24",33.419998
"1779","2014-01-27",33.509998
"1780","2014-01-28",33.700001
"1781","2014-01-29",33.310001
"1782","2014-01-30",33.349998
"1783","2014-01-31",33.32
"1784","2014-02-03",31.950001
"1785","2014-02-04",32.450001
"1786","2014-02-05",32.080002
"1787","2014-02-06",32
"1788","2014-02-07",32.299999
"1789","2014-02-10",32.439999
"1790","2014-02-11",32.950001
"1791","2014-02-12",32.939999
"1792","2014-02-13",33.490002
"1793","2014-02-14",33.150002
"1794","2014-02-18",32.82
"1795","2014-02-19",32.849998
"1796","2014-02-20",33.18
"1797","2014-02-21",32.799999
"1798","2014-02-24",32.470001
"1799","2014-02-25",32.169998
"1800","2014-02-26",32
"1801","2014-02-27",32.23
"1802","2014-02-28",31.93
"1803","2014-03-03",31.860001
"1804","2014-03-04",32.150002
"1805","2014-03-05",32.130001
"1806","2014-03-06",32.34
"1807","2014-03-07",32.540001
"1808","2014-03-10",32.509998
"1809","2014-03-11",32.23
"1810","2014-03-12",32.380001
"1811","2014-03-13",32.349998
"1812","2014-03-14",32.490002
"1813","2014-03-17",32.889999
"1814","2014-03-18",32.98
"1815","2014-03-19",32.959999
"1816","2014-03-20",34.09
"1817","2014-03-21",34.299999
"1818","2014-03-24",34.459999
"1819","2014-03-25",34.720001
"1820","2014-03-26",34.610001
"1821","2014-03-27",34.959999
"1822","2014-03-28",35.07
"1823","2014-03-31",35.07
"1824","2014-04-01",35.09
"1825","2014-04-02",35.369999
"1826","2014-04-03",35.630001
"1827","2014-04-04",35.549999
"1828","2014-04-07",35.490002
"1829","2014-04-08",35.27
"1830","2014-04-09",34.919998
"1831","2014-04-10",35.119999
"1832","2014-04-11",35.200001
"1833","2014-04-14",35.360001
"1834","2014-04-15",35.68
"1835","2014-04-16",36.099998
"1836","2014-04-17",36.040001
"1837","2014-04-21",36.060001
"1838","2014-04-22",36.290001
"1839","2014-04-23",34.919998
"1840","2014-04-24",34.5
"1841","2014-04-25",34.490002
"1842","2014-04-28",35.080002
"1843","2014-04-29",35.419998
"1844","2014-04-30",35.700001
"1845","2014-05-01",35.580002
"1846","2014-05-02",35.630001
"1847","2014-05-05",35.759998
"1848","2014-05-06",35.490002
"1849","2014-05-07",35.759998
"1850","2014-05-08",36.400002
"1851","2014-05-09",36.439999
"1852","2014-05-12",36.57
"1853","2014-05-13",36.200001
"1854","2014-05-14",36.389999
"1855","2014-05-15",36.52
"1856","2014-05-16",36.740002
"1857","2014-05-19",36.380001
"1858","2014-05-20",35.5
"1859","2014-05-21",35.27
"1860","2014-05-22",35.380001
"1861","2014-05-23",35.32
"1862","2014-05-27",35.209999
"1863","2014-05-28",35.34
"1864","2014-05-29",35.389999
"1865","2014-05-30",35.470001
"1866","2014-06-02",35.439999
"1867","2014-06-03",35.200001
"1868","2014-06-04",35.049999
"1869","2014-06-05",35.099998
"1870","2014-06-06",35.02
"1871","2014-06-09",35.009998
"1872","2014-06-10",34.939999
"1873","2014-06-11",34.810001
"1874","2014-06-12",34.830002
"1875","2014-06-13",35.029999
"1876","2014-06-16",34.98
"1877","2014-06-17",35.02
"1878","2014-06-18",35.200001
"1879","2014-06-19",35.360001
"1880","2014-06-20",35.389999
"1881","2014-06-23",35.389999
"1882","2014-06-24",35.290001
"1883","2014-06-25",35.259998
"1884","2014-06-26",35.259998
"1885","2014-06-27",35.41
"1886","2014-06-30",35.360001
"1887","2014-07-01",35.48
"1888","2014-07-02",35.669998
"1889","2014-07-03",35.84
"1890","2014-07-07",36.02
"1891","2014-07-08",35.560001
"1892","2014-07-09",35.650002
"1893","2014-07-10",35.700001
"1894","2014-07-11",35.759998
"1895","2014-07-14",35.860001
"1896","2014-07-15",36.240002
"1897","2014-07-16",36.450001
"1898","2014-07-17",36.029999
"1899","2014-07-18",36.169998
"1900","2014-07-21",35.959999
"1901","2014-07-22",35.939999
"1902","2014-07-23",35.880001
"1903","2014-07-24",35.5
"1904","2014-07-25",35.540001
"1905","2014-07-28",35.650002
"1906","2014-07-29",36.59
"1907","2014-07-30",36.360001
"1908","2014-07-31",35.59
"1909","2014-08-01",35.330002
"1910","2014-08-04",35.459999
"1911","2014-08-05",35.110001
"1912","2014-08-06",34.619999
"1913","2014-08-07",34.209999
"1914","2014-08-08",34.470001
"1915","2014-08-11",34.470001
"1916","2014-08-12",34.639999
"1917","2014-08-13",34.689999
"1918","2014-08-14",34.91
"1919","2014-08-15",34.740002
"1920","2014-08-18",34.650002
"1921","2014-08-19",34.48
"1922","2014-08-20",34.529999
"1923","2014-08-21",34.639999
"1924","2014-08-22",34.5
"1925","2014-08-25",34.509998
"1926","2014-08-26",34.5
"1927","2014-08-27",34.75
"1928","2014-08-28",34.740002
"1929","2014-08-29",34.959999
"1930","2014-09-02",34.84
"1931","2014-09-03",34.970001
"1932","2014-09-04",34.939999
"1933","2014-09-05",35.150002
"1934","2014-09-08",35.009998
"1935","2014-09-09",34.66
"1936","2014-09-10",34.700001
"1937","2014-09-11",34.849998
"1938","2014-09-12",34.5
"1939","2014-09-15",34.689999
"1940","2014-09-16",34.950001
"1941","2014-09-17",35.02
"1942","2014-09-18",35.16
"1943","2014-09-19",35.470001
"1944","2014-09-22",35.5
"1945","2014-09-23",35.259998
"1946","2014-09-24",35.400002
"1947","2014-09-25",35.080002
"1948","2014-09-26",35.279999
"1949","2014-09-29",35.23
"1950","2014-09-30",35.240002
"1951","2014-10-01",34.959999
"1952","2014-10-02",34.970001
"1953","2014-10-03",35.360001
"1954","2014-10-06",35.490002
"1955","2014-10-07",35.330002
"1956","2014-10-08",35.150002
"1957","2014-10-09",34.66
"1958","2014-10-10",34.25
"1959","2014-10-13",33.82
"1960","2014-10-14",33.84
"1961","2014-10-15",33.869999
"1962","2014-10-16",33.639999
"1963","2014-10-17",34.080002
"1964","2014-10-20",34.279999
"1965","2014-10-21",34.619999
"1966","2014-10-22",34.5
"1967","2014-10-23",33.66
"1968","2014-10-24",33.869999
"1969","2014-10-27",34.110001
"1970","2014-10-28",34.330002
"1971","2014-10-29",34.400002
"1972","2014-10-30",34.509998
"1973","2014-10-31",34.84
"1974","2014-11-03",34.84
"1975","2014-11-04",34.790001
"1976","2014-11-05",34.919998
"1977","2014-11-06",34.720001
"1978","2014-11-07",34.91
"1979","2014-11-10",35.119999
"1980","2014-11-11",35.099998
"1981","2014-11-12",35.400002
"1982","2014-11-13",35.610001
"1983","2014-11-14",35.900002
"1984","2014-11-17",35.849998
"1985","2014-11-18",35.720001
"1986","2014-11-19",35.369999
"1987","2014-11-20",35.279999
"1988","2014-11-21",35.279999
"1989","2014-11-24",34.700001
"1990","2014-11-25",34.82
"1991","2014-11-26",35.130001
"1992","2014-11-28",35.380001
"1993","2014-12-01",35.060001
"1994","2014-12-02",34.290001
"1995","2014-12-03",34
"1996","2014-12-04",33.91
"1997","2014-12-05",33.939999
"1998","2014-12-08",33.880001
"1999","2014-12-09",32.889999
"2000","2014-12-10",32.490002
"2001","2014-12-11",32.709999
"2002","2014-12-12",32.16
"2003","2014-12-15",32.25
"2004","2014-12-16",32.139999
"2005","2014-12-17",32.669998
"2006","2014-12-18",33.509998
"2007","2014-12-19",33.540001
"2008","2014-12-22",33.849998
"2009","2014-12-23",34.029999
"2010","2014-12-24",33.959999
"2011","2014-12-26",34.169998
"2012","2014-12-29",34.110001
"2013","2014-12-30",34.080002
"2014","2014-12-31",33.59
"2015","2015-01-02",33.869999
"2016","2015-01-05",33.549999
"2017","2015-01-06",33.599998
"2018","2015-01-07",33.169998
"2019","2015-01-08",33.5
"2020","2015-01-09",33.400002
"2021","2015-01-12",33.490002
"2022","2015-01-13",33.490002
"2023","2015-01-14",33.330002
"2024","2015-01-15",33.259998
"2025","2015-01-16",33.799999
"2026","2015-01-20",33.950001
"2027","2015-01-21",34
"2028","2015-01-22",33.790001
"2029","2015-01-23",33.369999
"2030","2015-01-26",33.18
"2031","2015-01-27",32.810001
"2032","2015-01-28",32.68
"2033","2015-01-29",32.959999
"2034","2015-01-30",32.919998
"2035","2015-02-02",33.560001
"2036","2015-02-03",34.34
"2037","2015-02-04",34.41
"2038","2015-02-05",34.540001
"2039","2015-02-06",34.869999
"2040","2015-02-09",34.639999
"2041","2015-02-10",34.849998
"2042","2015-02-11",34.389999
"2043","2015-02-12",34.610001
"2044","2015-02-13",34.66
"2045","2015-02-17",34.709999
"2046","2015-02-18",34.490002
"2047","2015-02-19",34.09
"2048","2015-02-20",34.080002
"2049","2015-02-23",33.849998
"2050","2015-02-24",34.049999
"2051","2015-02-25",34.209999
"2052","2015-02-26",34.5
"2053","2015-02-27",34.560001
"2054","2015-03-02",34.639999
"2055","2015-03-03",34.41
"2056","2015-03-04",34
"2057","2015-03-05",34
"2058","2015-03-06",33.48
"2059","2015-03-09",33.349998
"2060","2015-03-10",32.779999
"2061","2015-03-11",32.619999
"2062","2015-03-12",33.130001
"2063","2015-03-13",32.759998
"2064","2015-03-16",33.060001
"2065","2015-03-17",32.900002
"2066","2015-03-18",33.59
"2067","2015-03-19",33.200001
"2068","2015-03-20",33.23
"2069","2015-03-23",33.279999
"2070","2015-03-24",33.07
"2071","2015-03-25",32.619999
"2072","2015-03-26",32.82
"2073","2015-03-27",32.75
"2074","2015-03-30",32.970001
"2075","2015-03-31",32.650002
"2076","2015-04-01",32.889999
"2077","2015-04-02",33.130001
"2078","2015-04-06",33.330002
"2079","2015-04-07",33.16
"2080","2015-04-08",32.650002
"2081","2015-04-09",32.689999
"2082","2015-04-10",32.77
"2083","2015-04-13",32.880001
"2084","2015-04-14",32.689999
"2085","2015-04-15",32.889999
"2086","2015-04-16",32.75
"2087","2015-04-17",32.509998
"2088","2015-04-20",32.830002
"2089","2015-04-21",32.66
"2090","2015-04-22",32.860001
"2091","2015-04-23",34.23
"2092","2015-04-24",34.009998
"2093","2015-04-27",34.09
"2094","2015-04-28",34.860001
"2095","2015-04-29",34.759998
"2096","2015-04-30",34.639999
"2097","2015-05-01",34.419998
"2098","2015-05-04",34.529999
"2099","2015-05-05",33.720001
"2100","2015-05-06",33.380001
"2101","2015-05-07",33.369999
"2102","2015-05-08",33.689999
"2103","2015-05-11",33.490002
"2104","2015-05-12",33.66
"2105","2015-05-13",33.900002
"2106","2015-05-14",34.130001
"2107","2015-05-15",34.330002
"2108","2015-05-18",34.869999
"2109","2015-05-19",34.369999
"2110","2015-05-20",34.619999
"2111","2015-05-21",35.07
"2112","2015-05-22",34.709999
"2113","2015-05-26",34.669998
"2114","2015-05-27",34.950001
"2115","2015-05-28",34.799999
"2116","2015-05-29",34.540001
"2117","2015-06-01",34.349998
"2118","2015-06-02",34.360001
"2119","2015-06-03",35.029999
"2120","2015-06-04",35.27
"2121","2015-06-05",34.57
"2122","2015-06-08",34.59
"2123","2015-06-09",34.509998
"2124","2015-06-10",34.720001
"2125","2015-06-11",34.880001
"2126","2015-06-12",34.650002
"2127","2015-06-15",34.41
"2128","2015-06-16",34.669998
"2129","2015-06-17",34.799999
"2130","2015-06-18",35.02
"2131","2015-06-19",34.990002
"2132","2015-06-22",35.040001
"2133","2015-06-23",35.91
"2134","2015-06-24",35.779999
"2135","2015-06-25",36.18
"2136","2015-06-26",36.119999
"2137","2015-06-29",35.77
"2138","2015-06-30",35.52
"2139","2015-07-01",35.57
"2140","2015-07-02",35.73
"2141","2015-07-06",35.610001
"2142","2015-07-07",35.77
"2143","2015-07-08",34.790001
"2144","2015-07-09",34.389999
"2145","2015-07-10",34.650002
"2146","2015-07-13",34.880001
"2147","2015-07-14",35.119999
"2148","2015-07-15",34.73
"2149","2015-07-16",35.16
"2150","2015-07-17",35.009998
"2151","2015-07-20",34.900002
"2152","2015-07-21",34.57
"2153","2015-07-22",34.27
"2154","2015-07-23",33.93
"2155","2015-07-24",34.290001
"2156","2015-07-27",34.32
"2157","2015-07-28",34.330002
"2158","2015-07-29",34.689999
"2159","2015-07-30",34.799999
"2160","2015-07-31",34.740002
"2161","2015-08-03",34.66
"2162","2015-08-04",34.580002
"2163","2015-08-05",34.57
"2164","2015-08-06",34.240002
"2165","2015-08-07",34.209999
"2166","2015-08-10",34.779999
"2167","2015-08-11",34.650002
"2168","2015-08-12",34.02
"2169","2015-08-13",33.810001
"2170","2015-08-14",34.049999
"2171","2015-08-17",34.23
"2172","2015-08-18",34.349998
"2173","2015-08-19",34.360001
"2174","2015-08-20",33.950001
"2175","2015-08-21",33.380001
"2176","2015-08-24",32.369999
"2177","2015-08-25",31.799999
"2178","2015-08-26",32.689999
"2179","2015-08-27",33.439999
"2180","2015-08-28",33.290001
"2181","2015-08-31",33.200001
"2182","2015-09-01",32.32
"2183","2015-09-02",32.82
"2184","2015-09-03",33.040001
"2185","2015-09-04",32.560001
"2186","2015-09-08",33.139999
"2187","2015-09-09",32.779999
"2188","2015-09-10",32.75
"2189","2015-09-11",32.720001
"2190","2015-09-14",32.549999
"2191","2015-09-15",32.860001
"2192","2015-09-16",32.939999
"2193","2015-09-17",32.779999
"2194","2015-09-18",32.549999
"2195","2015-09-21",32.560001
"2196","2015-09-22",32.27
"2197","2015-09-23",32.200001
"2198","2015-09-24",32.110001
"2199","2015-09-25",32.330002
"2200","2015-09-28",31.9
"2201","2015-09-29",32.07
"2202","2015-09-30",32.580002
"2203","2015-10-01",32.529999
"2204","2015-10-02",32.639999
"2205","2015-10-05",33.43
"2206","2015-10-06",33.310001
"2207","2015-10-07",33.119999
"2208","2015-10-08",33.400002
"2209","2015-10-09",33.139999
"2210","2015-10-12",33.299999
"2211","2015-10-13",33.220001
"2212","2015-10-14",33.27
"2213","2015-10-15",33.490002
"2214","2015-10-16",33.830002
"2215","2015-10-19",33.630001
"2216","2015-10-20",33.75
"2217","2015-10-21",33.599998
"2218","2015-10-22",33.959999
"2219","2015-10-23",33.740002
"2220","2015-10-26",33.66
"2221","2015-10-27",33.209999
"2222","2015-10-28",33.419998
"2223","2015-10-29",33.549999
"2224","2015-10-30",33.509998
"2225","2015-11-02",33.610001
"2226","2015-11-03",33.630001
"2227","2015-11-04",33.48
"2228","2015-11-05",33.34
"2229","2015-11-06",33.16
"2230","2015-11-09",32.84
"2231","2015-11-10",32.790001
"2232","2015-11-11",32.919998
"2233","2015-11-12",32.689999
"2234","2015-11-13",32.310001
"2235","2015-11-16",33.040001
"2236","2015-11-17",33.259998
"2237","2015-11-18",33.540001
"2238","2015-11-19",33.619999
"2239","2015-11-20",33.66
"2240","2015-11-23",33.459999
"2241","2015-11-24",33.389999
"2242","2015-11-25",33.450001
"2243","2015-11-27",33.57
"2244","2015-11-30",33.669998
"2245","2015-12-01",33.77
"2246","2015-12-02",33.560001
"2247","2015-12-03",33.099998
"2248","2015-12-04",34.110001
"2249","2015-12-07",34.27
"2250","2015-12-08",33.849998
"2251","2015-12-09",33.57
"2252","2015-12-10",33.669998
"2253","2015-12-11",33.169998
"2254","2015-12-14",33.599998
"2255","2015-12-15",33.810001
"2256","2015-12-16",34.400002
"2257","2015-12-17",34.029999
"2258","2015-12-18",33.599998
"2259","2015-12-21",34.09
"2260","2015-12-22",34.41
"2261","2015-12-23",34.779999
"2262","2015-12-24",34.66
"2263","2015-12-28",34.759998
"2264","2015-12-29",34.93
"2265","2015-12-30",34.740002
"2266","2015-12-31",34.41
"2267","2016-01-04",34.349998
"2268","2016-01-05",34.59
"2269","2016-01-06",34.060001
"2270","2016-01-07",33.509998
"2271","2016-01-08",33.540001
"2272","2016-01-11",33.950001
"2273","2016-01-12",33.900002
"2274","2016-01-13",33.740002
"2275","2016-01-14",34.299999
"2276","2016-01-15",33.990002
"2277","2016-01-19",34.509998
"2278","2016-01-20",33.900002
"2279","2016-01-21",34.540001
"2280","2016-01-22",35.139999
"2281","2016-01-25",35
"2282","2016-01-26",35.400002
"2283","2016-01-27",35.48
"2284","2016-01-28",35.529999
"2285","2016-01-29",36.060001
"2286","2016-02-01",36.18
"2287","2016-02-02",36.060001
"2288","2016-02-03",36.720001
"2289","2016-02-04",36.529999
"2290","2016-02-05",36.880001
"2291","2016-02-08",37.110001
"2292","2016-02-09",36.650002
"2293","2016-02-10",36.43
"2294","2016-02-11",36.209999
"2295","2016-02-12",36.470001
"2296","2016-02-16",36.650002
"2297","2016-02-17",36.639999
"2298","2016-02-18",36.990002
"2299","2016-02-19",36.57
"2300","2016-02-22",36.860001
"2301","2016-02-23",36.740002
"2302","2016-02-24",37.099998
"2303","2016-02-25",37.369999
"2304","2016-02-26",37.130001
"2305","2016-02-29",36.950001
"2306","2016-03-01",37.389999
"2307","2016-03-02",37.689999
"2308","2016-03-03",37.990002
"2309","2016-03-04",37.93
"2310","2016-03-07",38.130001
"2311","2016-03-08",38.09
"2312","2016-03-09",37.98
"2313","2016-03-10",38.310001
"2314","2016-03-11",38.360001
"2315","2016-03-14",38.32
"2316","2016-03-15",38.52
"2317","2016-03-16",38.77
"2318","2016-03-17",39.119999
"2319","2016-03-18",38.560001
"2320","2016-03-21",38.919998
"2321","2016-03-22",38.630001
"2322","2016-03-23",38.540001
"2323","2016-03-24",38.880001
"2324","2016-03-28",39.07
"2325","2016-03-29",39.450001
"2326","2016-03-30",39.369999
"2327","2016-03-31",39.169998
"2328","2016-04-01",39.049999
"2329","2016-04-04",39.360001
"2330","2016-04-05",39.189999
"2331","2016-04-06",38.639999
"2332","2016-04-07",38.59
"2333","2016-04-08",38.5
"2334","2016-04-11",38.389999
"2335","2016-04-12",38.669998
"2336","2016-04-13",38.25
"2337","2016-04-14",38.419998
"2338","2016-04-15",38.48
"2339","2016-04-18",38.650002
"2340","2016-04-19",38.919998
"2341","2016-04-20",38.720001
"2342","2016-04-21",37.860001
"2343","2016-04-22",38.07
"2344","2016-04-25",38.209999
"2345","2016-04-26",38.09
"2346","2016-04-27",38.720001
"2347","2016-04-28",38.639999
"2348","2016-04-29",38.82
"2349","2016-05-02",39.099998
"2350","2016-05-03",38.91
"2351","2016-05-04",38.880001
"2352","2016-05-05",38.740002
"2353","2016-05-06",38.990002
"2354","2016-05-09",38.860001
"2355","2016-05-10",39.310001
"2356","2016-05-11",39.18
"2357","2016-05-12",39.549999
"2358","2016-05-13",39.150002
"2359","2016-05-16",39.279999
"2360","2016-05-17",39.110001
"2361","2016-05-18",38.450001
"2362","2016-05-19",38.439999
"2363","2016-05-20",38.450001
"2364","2016-05-23",38.32
"2365","2016-05-24",38.5
"2366","2016-05-25",38.619999
"2367","2016-05-26",38.84
"2368","2016-05-27",38.990002
"2369","2016-05-31",39.150002
"2370","2016-06-01",38.73
"2371","2016-06-02",38.84
"2372","2016-06-03",39.209999
"2373","2016-06-06",39.34
"2374","2016-06-07",39.790001
"2375","2016-06-08",39.860001
"2376","2016-06-09",40.09
"2377","2016-06-10",40.330002
"2378","2016-06-13",40.189999
"2379","2016-06-14",40.380001
"2380","2016-06-15",40.290001
"2381","2016-06-16",40.490002
"2382","2016-06-17",40.73
"2383","2016-06-20",40.779999
"2384","2016-06-21",41.07
"2385","2016-06-22",41.299999
"2386","2016-06-23",41.880001
"2387","2016-06-24",41.52
"2388","2016-06-27",42.029999
"2389","2016-06-28",42.02
"2390","2016-06-29",42.540001
"2391","2016-06-30",43.209999
"2392","2016-07-01",43.470001
"2393","2016-07-05",43.349998
"2394","2016-07-06",43.099998
"2395","2016-07-07",42.299999
"2396","2016-07-08",42.610001
"2397","2016-07-11",42.509998
"2398","2016-07-12",42.41
"2399","2016-07-13",42.59
"2400","2016-07-14",42.77
"2401","2016-07-15",42.889999
"2402","2016-07-18",42.849998
"2403","2016-07-19",42.77
"2404","2016-07-20",42.709999
"2405","2016-07-21",42.52
"2406","2016-07-22",43.110001
"2407","2016-07-25",42.939999
"2408","2016-07-26",42.380001
"2409","2016-07-27",42.759998
"2410","2016-07-28",42.580002
"2411","2016-07-29",43.290001
"2412","2016-08-01",43.18
"2413","2016-08-02",43.16
"2414","2016-08-03",43.139999
"2415","2016-08-04",43.080002
"2416","2016-08-05",43.16
"2417","2016-08-08",42.93
"2418","2016-08-09",43.080002
"2419","2016-08-10",43.200001
"2420","2016-08-11",43.389999
"2421","2016-08-12",43.279999
"2422","2016-08-15",43.02
"2423","2016-08-16",41.959999
"2424","2016-08-17",41.860001
"2425","2016-08-18",41.400002
"2426","2016-08-19",41.009998
"2427","2016-08-22",40.91
"2428","2016-08-23",40.849998
"2429","2016-08-24",40.869999
"2430","2016-08-25",41.07
"2431","2016-08-26",40.68
"2432","2016-08-29",41
"2433","2016-08-30",40.889999
"2434","2016-08-31",40.880001
"2435","2016-09-01",40.959999
"2436","2016-09-02",40.950001
"2437","2016-09-06",41.23
"2438","2016-09-07",41.27
"2439","2016-09-08",41.189999
"2440","2016-09-09",39.709999
"2441","2016-09-12",40.709999
"2442","2016-09-13",39.970001
"2443","2016-09-14",39.889999
"2444","2016-09-15",40.450001
"2445","2016-09-16",40.200001
"2446","2016-09-19",40.060001
"2447","2016-09-20",39.959999
"2448","2016-09-21",40.57
"2449","2016-09-22",41.110001
"2450","2016-09-23",41.279999
"2451","2016-09-26",41.139999
"2452","2016-09-27",41.459999
"2453","2016-09-28",40.849998
"2454","2016-09-29",40.73
"2455","2016-09-30",40.610001
"2456","2016-10-03",40.77
"2457","2016-10-04",39.900002
"2458","2016-10-05",39.16
"2459","2016-10-06",39.110001
"2460","2016-10-07",38.869999
"2461","2016-10-10",39.009998
"2462","2016-10-11",39.099998
"2463","2016-10-12",39.330002
"2464","2016-10-13",39.369999
"2465","2016-10-14",39.220001
"2466","2016-10-17",39.27
"2467","2016-10-18",39.360001
"2468","2016-10-19",39.380001
"2469","2016-10-20",38.650002
"2470","2016-10-21",37.490002
"2471","2016-10-24",36.860001
"2472","2016-10-25",36.700001
"2473","2016-10-26",36.43
"2474","2016-10-27",36.52
"2475","2016-10-28",36.509998
"2476","2016-10-31",36.790001
"2477","2016-11-01",36.560001
"2478","2016-11-02",36.369999
"2479","2016-11-03",36.630001
"2480","2016-11-04",36.5
"2481","2016-11-07",36.810001
"2482","2016-11-08",36.990002
"2483","2016-11-09",37.439999
"2484","2016-11-10",36.57
"2485","2016-11-11",36.509998
"2486","2016-11-14",36.130001
"2487","2016-11-15",36.77
"2488","2016-11-16",37.150002
"2489","2016-11-17",37.41
"2490","2016-11-18",37.560001
"2491","2016-11-21",37.740002
"2492","2016-11-22",38.549999
"2493","2016-11-23",38.73
"2494","2016-11-25",39.209999
"2495","2016-11-28",39.540001
"2496","2016-11-29",39.48
"2497","2016-11-30",38.630001
"2498","2016-12-01",38.880001
"2499","2016-12-02",38.610001
"2500","2016-12-05",38.630001
"2501","2016-12-06",39.349998
"2502","2016-12-07",40.450001
"2503","2016-12-08",40.41
"2504","2016-12-09",40.380001
"2505","2016-12-12",41.119999
"2506","2016-12-13",41.360001
"2507","2016-12-14",41.099998
"2508","2016-12-15",41.5
"2509","2016-12-16",41.669998
"2510","2016-12-19",42.119999
"2511","2016-12-20",42.470001
"2512","2016-12-21",42.360001
"2513","2016-12-22",42.720001
"2514","2016-12-23",42.73
"2515","2016-12-27",42.650002
"2516","2016-12-28",42.52
"2517","2016-12-29",42.66
"2518","2016-12-30",42.529999
"2519","2017-01-03",43.02
"2520","2017-01-04",42.77
"2521","2017-01-05",42.650002
"2522","2017-01-06",41.32
"2523","2017-01-09",40.799999
"2524","2017-01-10",40.810001
"2525","2017-01-11",40.610001
"2526","2017-01-12",41.009998
"2527","2017-01-13",40.959999
"2528","2017-01-17",41.110001
"2529","2017-01-18",40.799999
"2530","2017-01-19",41
"2531","2017-01-20",41.450001
"2532","2017-01-23",42
"2533","2017-01-24",41.360001
"2534","2017-01-25",41.389999
"2535","2017-01-26",41.77
"2536","2017-01-27",42.009998
"2537","2017-01-30",41.82
"2538","2017-01-31",42.16
"2539","2017-02-01",42.060001
"2540","2017-02-02",41.18
"2541","2017-02-03",41.25
"2542","2017-02-06",41.060001
"2543","2017-02-07",41.119999
"2544","2017-02-08",41.209999
"2545","2017-02-09",41.310001
"2546","2017-02-10",41.380001
"2547","2017-02-13",40.650002
"2548","2017-02-14",40.75
"2549","2017-02-15",41.119999
"2550","2017-02-16",41.25
"2551","2017-02-17",41.48
"2552","2017-02-21",41.73
"2553","2017-02-22",41.59
"2554","2017-02-23",41.950001
"2555","2017-02-24",42.360001
"2556","2017-02-27",41.82
"2557","2017-02-28",41.790001
"2558","2017-03-01",42.040001
"2559","2017-03-02",42.07
"2560","2017-03-03",42.009998
"2561","2017-03-06",41.959999
"2562","2017-03-07",41.880001
"2563","2017-03-08",41.77
"2564","2017-03-09",41.939999
"2565","2017-03-10",42.349998
"2566","2017-03-13",42.369999
"2567","2017-03-14",42.09
"2568","2017-03-15",42.59
"2569","2017-03-16",42.439999
"2570","2017-03-17",42.610001
"2571","2017-03-20",42.419998
"2572","2017-03-21",42.080002
"2573","2017-03-22",41.650002
"2574","2017-03-23",41.650002
"2575","2017-03-24",41.68
"2576","2017-03-27",41.490002
"2577","2017-03-28",41.560001
"2578","2017-03-29",41.450001
"2579","2017-03-30",41.759998
"2580","2017-03-31",41.549999
"2581","2017-04-03",41.57
"2582","2017-04-04",41.689999
"2583","2017-04-05",41.509998
"2584","2017-04-06",40.599998
"2585","2017-04-07",40.59
"2586","2017-04-10",40.380001
"2587","2017-04-11",40.310001
"2588","2017-04-12",40.560001
"2589","2017-04-13",40.279999
"2590","2017-04-17",40.299999
"2591","2017-04-18",40.25
"2592","2017-04-19",40.25
"2593","2017-04-20",40.360001
"2594","2017-04-21",39.93
"2595","2017-04-24",40.02
"2596","2017-04-25",39.939999
"2597","2017-04-26",40.439999
"2598","2017-04-27",39.91
"2599","2017-04-28",39.630001
"2600","2017-05-01",39.099998
"2601","2017-05-02",38.950001
"2602","2017-05-03",38.400002
"2603","2017-05-04",38.009998
"2604","2017-05-05",38.560001
"2605","2017-05-08",38.57
"2606","2017-05-09",38.220001
"2607","2017-05-10",38.450001
"2608","2017-05-11",38.439999
"2609","2017-05-12",38.490002
"2610","2017-05-15",38.59
"2611","2017-05-16",38.189999
"2612","2017-05-17",37.459999
"2613","2017-05-18",37.950001
"2614","2017-05-19",38.240002
"2615","2017-05-22",38.25
"2616","2017-05-23",38.310001
"2617","2017-05-24",38.150002
"2618","2017-05-25",38.23
"2619","2017-05-26",38.119999
"2620","2017-05-30",38.549999
"2621","2017-05-31",38.529999
"2622","2017-06-01",38.869999
"2623","2017-06-02",38.869999
"2624","2017-06-05",38.810001
"2625","2017-06-06",38.73
"2626","2017-06-07",38.759998
"2627","2017-06-08",38.5
"2628","2017-06-09",38.790001
"2629","2017-06-12",39.07
"2630","2017-06-13",38.68
"2631","2017-06-14",38.720001
"2632","2017-06-15",38.84
"2633","2017-06-16",38.959999
"2634","2017-06-19",38.91
"2635","2017-06-20",38.66
"2636","2017-06-21",38.150002
"2637","2017-06-22",38.099998
"2638","2017-06-23",37.950001
"2639","2017-06-26",38.150002
"2640","2017-06-27",37.700001
"2641","2017-06-28",37.939999
"2642","2017-06-29",37.619999
"2643","2017-06-30",37.73
"2644","2017-07-03",38.110001
"2645","2017-07-05",38.119999
"2646","2017-07-06",37.18
"2647","2017-07-07",36.98
"2648","2017-07-10",36.830002
"2649","2017-07-11",36.599998
"2650","2017-07-12",36.830002
"2651","2017-07-13",36.209999
"2652","2017-07-14",36.299999
"2653","2017-07-17",36.389999
"2654","2017-07-18",35.990002
"2655","2017-07-19",36.130001
"2656","2017-07-20",36.52
"2657","2017-07-21",36.509998
"2658","2017-07-24",36.23
"2659","2017-07-25",36.220001
"2660","2017-07-26",38.029999
"2661","2017-07-27",39.41
"2662","2017-07-28",39
"2663","2017-07-31",39
"2664","2017-08-01",38.880001
"2665","2017-08-02",38.27
"2666","2017-08-03",38.279999
"2667","2017-08-04",38.43
"2668","2017-08-07",38.52
"2669","2017-08-08",38.360001
"2670","2017-08-09",38.360001
"2671","2017-08-10",38.189999
"2672","2017-08-11",38.099998
"2673","2017-08-14",38.5
"2674","2017-08-15",38.16
"2675","2017-08-16",38.23
"2676","2017-08-17",37.599998
"2677","2017-08-18",37.369999
"2678","2017-08-21",37.580002
"2679","2017-08-22",37.98
"2680","2017-08-23",37.919998
"2681","2017-08-24",37.68
"2682","2017-08-25",37.990002
"2683","2017-08-28",37.939999
"2684","2017-08-29",37.849998
"2685","2017-08-30",37.669998
"2686","2017-08-31",37.459999
"2687","2017-09-01",37.48
"2688","2017-09-05",37.09
"2689","2017-09-06",36.57
"2690","2017-09-07",35.599998
"2691","2017-09-08",35.59
"2692","2017-09-11",35.740002
"2693","2017-09-12",36.259998
"2694","2017-09-13",36.549999
"2695","2017-09-14",36.32
"2696","2017-09-15",37.099998
"2697","2017-09-18",37.419998
"2698","2017-09-19",38.209999
"2699","2017-09-20",38.43
"2700","2017-09-21",38.220001
"2701","2017-09-22",38.59
"2702","2017-09-25",39.119999
"2703","2017-09-26",38.720001
"2704","2017-09-27",38.77
"2705","2017-09-28",39.040001
"2706","2017-09-29",39.169998
"2707","2017-10-02",39.110001
"2708","2017-10-03",39.48
"2709","2017-10-04",39.5
"2710","2017-10-05",39.509998
"2711","2017-10-06",38.59
"2712","2017-10-09",38.299999
"2713","2017-10-10",38.5
"2714","2017-10-11",38.189999
"2715","2017-10-12",35.860001
"2716","2017-10-13",35.700001
"2717","2017-10-16",36.169998
"2718","2017-10-17",36.23
"2719","2017-10-18",35.709999
"2720","2017-10-19",35.689999
"2721","2017-10-20",35.540001
"2722","2017-10-23",35.25
"2723","2017-10-24",34.860001
"2724","2017-10-25",33.490002
"2725","2017-10-26",33.68
"2726","2017-10-27",33.970001
"2727","2017-10-30",33.540001
"2728","2017-10-31",33.650002
"2729","2017-11-01",33.549999
"2730","2017-11-02",33.169998
"2731","2017-11-03",33.299999
"2732","2017-11-06",32.860001
"2733","2017-11-07",33.07
"2734","2017-11-08",33.439999
"2735","2017-11-09",34
"2736","2017-11-10",34.220001
"2737","2017-11-13",34.169998
"2738","2017-11-14",33.720001
"2739","2017-11-15",33.810001
"2740","2017-11-16",34.52
"2741","2017-11-17",34.509998
"2742","2017-11-20",34.639999
"2743","2017-11-21",34.330002
"2744","2017-11-22",34.869999
"2745","2017-11-24",34.810001
"2746","2017-11-27",34.68
"2747","2017-11-28",35.419998
"2748","2017-11-29",36.48
"2749","2017-11-30",36.380001
"2750","2017-12-01",36.5
"2751","2017-12-04",37.27
"2752","2017-12-05",36.549999
"2753","2017-12-06",36.110001
"2754","2017-12-07",36.169998
"2755","2017-12-08",36.73
"2756","2017-12-11",36.900002
"2757","2017-12-12",38.099998
"2758","2017-12-13",38.040001
"2759","2017-12-14",37.740002
"2760","2017-12-15",38.240002
"2761","2017-12-18",38.459999
"2762","2017-12-19",38.049999
"2763","2017-12-20",38.549999
"2764","2017-12-21",38.880001
"2765","2017-12-22",38.939999
"2766","2017-12-26",39.060001
"2767","2017-12-27",38.889999
"2768","2017-12-28",39.18
"2769","2017-12-29",38.880001
"2770","2018-01-02",38.540001
"2771","2018-01-03",37.650002
"2772","2018-01-04",38
"2773","2018-01-05",38.139999
"2774","2018-01-08",38.25
"2775","2018-01-09",37.490002
"2776","2018-01-10",36.619999
"2777","2018-01-11",36.48
"2778","2018-01-12",36.900002
"2779","2018-01-16",36.720001
"2780","2018-01-17",36.849998
"2781","2018-01-18",37.150002
"2782","2018-01-19",37.209999
"2783","2018-01-22",37.869999
"2784","2018-01-23",37.189999
"2785","2018-01-24",37.02
"2786","2018-01-25",37.450001
"2787","2018-01-26",37.82
"2788","2018-01-29",37.259998
"2789","2018-01-30",37.439999
"2790","2018-01-31",37.450001
"2791","2018-02-01",39.16
"2792","2018-02-02",38.07
"2793","2018-02-05",36.630001
"2794","2018-02-06",36.830002
"2795","2018-02-07",36.93
"2796","2018-02-08",35.57
"2797","2018-02-09",36.049999
"2798","2018-02-12",36.369999
"2799","2018-02-13",36.599998
"2800","2018-02-14",36.41
"2801","2018-02-15",37
"2802","2018-02-16",37.139999
"2803","2018-02-20",36.77
"2804","2018-02-21",36.310001
"2805","2018-02-22",36.470001
"2806","2018-02-23",36.720001
"2807","2018-02-26",37.459999
"2808","2018-02-27",36.869999
"2809","2018-02-28",36.299999
"2810","2018-03-01",36
"2811","2018-03-02",36.349998
"2812","2018-03-05",36.700001
"2813","2018-03-06",36.869999
"2814","2018-03-07",36.91
"2815","2018-03-08",37.110001
"2816","2018-03-09",37.049999
"2817","2018-03-12",37.360001
"2818","2018-03-13",37.389999
"2819","2018-03-14",37.029999
"2820","2018-03-15",37.040001
"2821","2018-03-16",37
"2822","2018-03-19",36.580002
"2823","2018-03-20",36.34
"2824","2018-03-21",36
"2825","2018-03-22",35.369999
"2826","2018-03-23",34.700001
"2827","2018-03-26",34.689999
"2828","2018-03-27",34.900002
"2829","2018-03-28",35.560001
"2830","2018-03-29",35.650002
"2831","2018-04-02",35.099998
"2832","2018-04-03",35.369999
"2833","2018-04-04",35.880001
"2834","2018-04-05",36.139999
"2835","2018-04-06",35.630001
"2836","2018-04-09",35.169998
"2837","2018-04-10",35.810001
"2838","2018-04-11",35.25
"2839","2018-04-12",35.16
"2840","2018-04-13",35.139999
"2841","2018-04-16",35.639999
"2842","2018-04-17",35.360001
"2843","2018-04-18",35.209999
"2844","2018-04-19",34.82
"2845","2018-04-20",34.669998
"2846","2018-04-23",34.889999
"2847","2018-04-24",35
"2848","2018-04-25",35.200001
"2849","2018-04-26",33.099998
"2850","2018-04-27",33.040001
"2851","2018-04-30",32.700001
"2852","2018-05-01",32.540001
"2853","2018-05-02",32.060001
"2854","2018-05-03",31.940001
"2855","2018-05-04",32.139999
"2856","2018-05-07",32.040001
"2857","2018-05-08",31.700001
"2858","2018-05-09",31.4
"2859","2018-05-10",31.879999
"2860","2018-05-11",32.290001
"2861","2018-05-14",32.189999
"2862","2018-05-15",32.09
"2863","2018-05-16",32.299999
"2864","2018-05-17",31.93
"2865","2018-05-18",32.049999
"2866","2018-05-21",32.59
"2867","2018-05-22",32.43
"2868","2018-05-23",32.330002
"2869","2018-05-24",32.779999
"2870","2018-05-25",32.509998
"2871","2018-05-29",32.330002
"2872","2018-05-30",32.57
"2873","2018-05-31",32.32
"2874","2018-06-01",32.470001
"2875","2018-06-04",32.41
"2876","2018-06-05",32.68
"2877","2018-06-06",33.380001
"2878","2018-06-07",33.810001
"2879","2018-06-08",33.830002
"2880","2018-06-11",34.18
"2881","2018-06-12",34.349998
"2882","2018-06-13",32.220001
"2883","2018-06-14",32.52
"2884","2018-06-15",33.150002
"2885","2018-06-18",32.189999
"2886","2018-06-19",32.389999
"2887","2018-06-20",32
"2888","2018-06-21",31.6
"2889","2018-06-22",31.690001
"2890","2018-06-25",31.709999
"2891","2018-06-26",31.620001
"2892","2018-06-27",31.65
"2893","2018-06-28",32.189999
"2894","2018-06-29",32.110001
"2895","2018-07-02",32.209999
"2896","2018-07-03",32.709999
"2897","2018-07-05",32.599998
"2898","2018-07-06",32.68
"2899","2018-07-09",32.150002
"2900","2018-07-10",32.5
"2901","2018-07-11",31.870001
"2902","2018-07-12",32.23
"2903","2018-07-13",31.67
"2904","2018-07-16",31.9
"2905","2018-07-17",31.76
"2906","2018-07-18",31.709999
"2907","2018-07-19",31.27
"2908","2018-07-20",31.1
"2909","2018-07-23",31
"2910","2018-07-24",31.68
"2911","2018-07-25",30.25
"2912","2018-07-26",30.35
"2913","2018-07-27",31.08
"2914","2018-07-30",32
"2915","2018-07-31",31.969999
"2916","2018-08-01",31.9
"2917","2018-08-02",31.85
"2918","2018-08-03",32.27
"2919","2018-08-06",32.110001
"2920","2018-08-07",32.400002
"2921","2018-08-08",32.360001
"2922","2018-08-09",32.490002
"2923","2018-08-10",32.259998
"2924","2018-08-13",32.209999
"2925","2018-08-14",32.240002
"2926","2018-08-15",32.470001
"2927","2018-08-16",33.09
"2928","2018-08-17",33.029999
"2929","2018-08-20",33.110001
"2930","2018-08-21",33.400002
"2931","2018-08-22",32.68
"2932","2018-08-23",32.490002
"2933","2018-08-24",32.639999
"2934","2018-08-27",32.830002
"2935","2018-08-28",32.669998
"2936","2018-08-29",32.23
"2937","2018-08-30",31.959999
"2938","2018-08-31",31.940001
"2939","2018-09-04",31.860001
"2940","2018-09-05",32.02
"2941","2018-09-06",32.18
"2942","2018-09-07",32.119999
"2943","2018-09-10",32.389999
"2944","2018-09-11",32.669998
"2945","2018-09-12",33.419998
"2946","2018-09-13",33.68
"2947","2018-09-14",33.599998
"2948","2018-09-17",33.619999
"2949","2018-09-18",33.720001
"2950","2018-09-19",33.369999
"2951","2018-09-20",33.439999
"2952","2018-09-21",33.779999
"2953","2018-09-24",33.91
"2954","2018-09-25",33.759998
"2955","2018-09-26",33.349998
"2956","2018-09-27",33.419998
"2957","2018-09-28",33.580002
"2958","2018-10-01",33.490002
"2959","2018-10-02",33.919998
"2960","2018-10-03",33.919998
"2961","2018-10-04",34.119999
"2962","2018-10-05",33.990002
"2963","2018-10-08",34.110001
"2964","2018-10-09",33.5
"2965","2018-10-10",32.849998
"2966","2018-10-11",31.75
"2967","2018-10-12",32.25
"2968","2018-10-15",32.360001
"2969","2018-10-16",32.389999
"2970","2018-10-17",32.57
"2971","2018-10-18",32.5
"2972","2018-10-19",32.869999
"2973","2018-10-22",32.669998
"2974","2018-10-23",33.02
"2975","2018-10-24",30.360001
"2976","2018-10-25",29.98
"2977","2018-10-26",29.09
"2978","2018-10-29",29.639999
"2979","2018-10-30",30.469999
"2980","2018-10-31",30.68
"2981","2018-11-01",30.49
"2982","2018-11-02",30.52
"2983","2018-11-05",30.629999
"2984","2018-11-06",30.959999
"2985","2018-11-07",31.1
"2986","2018-11-08",31.040001
"2987","2018-11-09",30.690001
"2988","2018-11-12",30.780001
"2989","2018-11-13",30.33
"2990","2018-11-14",30.51
"2991","2018-11-15",30.120001
"2992","2018-11-16",30.290001
"2993","2018-11-19",30.35
"2994","2018-11-20",29.42
"2995","2018-11-21",29.77
"2996","2018-11-23",29.360001
"2997","2018-11-26",29.950001
"2998","2018-11-27",30.440001
"2999","2018-11-28",30.74
"3000","2018-11-29",30.57
"3001","2018-11-30",31.24
"3002","2018-12-03",31.709999
"3003","2018-12-04",30.73
"3004","2018-12-06",30.530001
"3005","2018-12-07",30.139999
"3006","2018-12-10",29.91
"3007","2018-12-11",29.700001
"3008","2018-12-12",30.16
"3009","2018-12-13",29.91
"3010","2018-12-14",30.219999
"3011","2018-12-17",29.860001
"3012","2018-12-18",29.75
"3013","2018-12-19",29.82
"3014","2018-12-20",28.65
"3015","2018-12-21",28.309999
"3016","2018-12-24",27.360001
"3017","2018-12-26",28.08
"3018","2018-12-27",28.15
"3019","2018-12-28",28.459999
"3020","2018-12-31",28.540001
"3021","2019-01-02",29.540001
"3022","2019-01-03",29.58
"3023","2019-01-04",30.34
"3024","2019-01-07",30.889999
"3025","2019-01-08",31.280001
"3026","2019-01-09",30.1
"3027","2019-01-10",30.4
"3028","2019-01-11",30.870001
"3029","2019-01-14",30.620001
"3030","2019-01-15",30.6
"3031","2019-01-16",30.559999
"3032","2019-01-17",30.639999
"3033","2019-01-18",30.959999
"3034","2019-01-22",30.58
"3035","2019-01-23",30.889999
"3036","2019-01-24",30.6
"3037","2019-01-25",30.66
"3038","2019-01-28",30.67
"3039","2019-01-29",30.700001
"3040","2019-01-30",29.370001
"3041","2019-01-31",30.059999
"3042","2019-02-01",30
"3043","2019-02-04",29.610001
"3044","2019-02-05",29.629999
"3045","2019-02-06",29.559999
"3046","2019-02-07",29.450001
"3047","2019-02-08",29.549999
"3048","2019-02-11",29.709999
"3049","2019-02-12",29.809999
"3050","2019-02-13",29.84
"3051","2019-02-14",29.790001
"3052","2019-02-15",30.469999
"3053","2019-02-19",30.629999
"3054","2019-02-20",30.85
"3055","2019-02-21",30.83
"3056","2019-02-22",31.15
"3057","2019-02-25",31.129999
"3058","2019-02-26",31.219999
"3059","2019-02-27",31.059999
"3060","2019-02-28",31.120001
"3061","2019-03-01",30.82
"3062","2019-03-04",29.98
"3063","2019-03-05",29.950001
"3064","2019-03-06",29.809999
"3065","2019-03-07",29.92
"3066","2019-03-08",29.959999
"3067","2019-03-11",30.219999
"3068","2019-03-12",30.629999
"3069","2019-03-13",30.280001
"3070","2019-03-14",30.280001
"3071","2019-03-15",30.67
"3072","2019-03-18",30.799999
"3073","2019-03-19",30.68
"3074","2019-03-20",30.51
"3075","2019-03-21",31.059999
"3076","2019-03-22",31.07
"3077","2019-03-25",30.77
"3078","2019-03-26",31.389999
"3079","2019-03-27",31.4
"3080","2019-03-28",31.01
"3081","2019-03-29",31.360001
"3082","2019-04-01",31.950001
"3083","2019-04-02",31.629999
"3084","2019-04-03",31.870001
"3085","2019-04-04",31.98
"3086","2019-04-05",32.349998
"3087","2019-04-08",32.389999
"3088","2019-04-09",31.75
"3089","2019-04-10",31.879999
"3090","2019-04-11",32.200001
"3091","2019-04-12",32.200001
"3092","2019-04-15",32.02
"3093","2019-04-16",32.25
"3094","2019-04-17",31.950001
"3095","2019-04-18",32.029999
"3096","2019-04-22",32.080002
"3097","2019-04-23",32.099998
"3098","2019-04-24",30.790001
"3099","2019-04-25",30.34
"3100","2019-04-26",30.68
"3101","2019-04-29",30.879999
"3102","2019-04-30",30.959999
"3103","2019-05-01",30.790001
"3104","2019-05-02",30.620001
"3105","2019-05-03",30.700001
"3106","2019-05-06",30.59
"3107","2019-05-07",30.530001
"3108","2019-05-08",30.299999
"3109","2019-05-09",30.379999
"3110","2019-05-10",30.620001
"3111","2019-05-13",30.469999
"3112","2019-05-14",31.09
"3113","2019-05-15",31.25
"3114","2019-05-16",31.620001
"3115","2019-05-17",31.799999
"3116","2019-05-20",32.189999
"3117","2019-05-21",32.41
"3118","2019-05-22",32.279999
"3119","2019-05-23",32.139999
"3120","2019-05-24",32.27
"3121","2019-05-28",31.93
"3122","2019-05-29",31.91
"3123","2019-05-30",31.860001
"3124","2019-05-31",30.58
"3125","2019-06-03",31.09
"3126","2019-06-04",31.48
"3127","2019-06-05",31.68
"3128","2019-06-06",32.099998
"3129","2019-06-07",32.490002
"3130","2019-06-10",31.93
"3131","2019-06-11",32.110001
"3132","2019-06-12",32.18
"3133","2019-06-13",32.290001
"3134","2019-06-14",32.349998
"3135","2019-06-17",32.299999
"3136","2019-06-18",32.439999
"3137","2019-06-19",32.41
"3138","2019-06-20",32.540001
"3139","2019-06-21",32.450001
"3140","2019-06-24",32.580002
"3141","2019-06-25",32.549999
"3142","2019-06-26",32.529999
"3143","2019-06-27",32.98
"3144","2019-06-28",33.509998
"3145","2019-07-01",33.43
"3146","2019-07-02",33.84
"3147","2019-07-03",33.98
"3148","2019-07-05",34.299999
"3149","2019-07-08",34.25
"3150","2019-07-09",33.540001
"3151","2019-07-10",33.759998
"3152","2019-07-11",33.459999
"3153","2019-07-12",33.650002
"3154","2019-07-15",33.709999
"3155","2019-07-16",33.580002
"3156","2019-07-17",33.259998
"3157","2019-07-18",33.09
"3158","2019-07-19",32.790001
"3159","2019-07-22",32.130001
"3160","2019-07-23",32.09
"3161","2019-07-24",33.240002
"3162","2019-07-25",33.810001
"3163","2019-07-26",34.150002
"3164","2019-07-29",34.34
"3165","2019-07-30",34.18
"3166","2019-07-31",34.049999
"3167","2019-08-01",34.119999
"3168","2019-08-02",34.169998
"3169","2019-08-05",33.490002
"3170","2019-08-06",33.959999
"3171","2019-08-07",34.060001
"3172","2019-08-08",34.540001
"3173","2019-08-09",34.540001
"3174","2019-08-12",34.48
"3175","2019-08-13",34.860001
"3176","2019-08-14",34.09
"3177","2019-08-15",34.34
"3178","2019-08-16",34.970001
"3179","2019-08-19",35.380001
"3180","2019-08-20",34.98
"3181","2019-08-21",35.16
"3182","2019-08-22",35.389999
"3183","2019-08-23",34.82
"3184","2019-08-26",34.93
"3185","2019-08-27",34.720001
"3186","2019-08-28",34.959999
"3187","2019-08-29",35.150002
"3188","2019-08-30",35.259998
"3189","2019-09-03",35.380001
"3190","2019-09-04",35.720001
"3191","2019-09-05",35.889999
"3192","2019-09-06",36.25
"3193","2019-09-09",36.790001
"3194","2019-09-10",37.580002
"3195","2019-09-11",38.740002
"3196","2019-09-12",38.380001
"3197","2019-09-13",37.91
"3198","2019-09-16",37.310001
"3199","2019-09-17",37.16
"3200","2019-09-18",36.759998
"3201","2019-09-19",37.150002
"3202","2019-09-20",37.91
"3203","2019-09-23",37.599998
"3204","2019-09-24",37.380001
"3205","2019-09-25",37.380001
"3206","2019-09-26",37.380001
"3207","2019-09-27",37.43
"3208","2019-09-30",37.84
"3209","2019-10-01",37.41
"3210","2019-10-02",37.080002
"3211","2019-10-03",37.189999
"3212","2019-10-04",37.509998
"3213","2019-10-07",37.66
"3214","2019-10-08",37.48
"3215","2019-10-09",37.049999
"3216","2019-10-10",37.419998
"3217","2019-10-11",37.580002
"3218","2019-10-14",37.470001
"3219","2019-10-15",37.900002
"3220","2019-10-16",37.790001
"3221","2019-10-17",37.810001
"3222","2019-10-18",38.470001
"3223","2019-10-21",38.23
"3224","2019-10-22",38.169998
"3225","2019-10-23",37.740002
"3226","2019-10-24",36.82
"3227","2019-10-25",36.91
"3228","2019-10-28",38.490002
"3229","2019-10-29",38.060001
"3230","2019-10-30",38.200001
"3231","2019-10-31",38.490002
"3232","2019-11-01",38.950001
"3233","2019-11-04",38.889999
"3234","2019-11-05",39.169998
"3235","2019-11-06",39.25
"3236","2019-11-07",39.419998
"3237","2019-11-08",39.380001
"3238","2019-11-11",39.369999
"3239","2019-11-12",39.169998
"3240","2019-11-13",39.16
"3241","2019-11-14",38.950001
"3242","2019-11-15",39.5
"3243","2019-11-18",39.630001
"3244","2019-11-19",38
"3245","2019-11-20",37.18
"3246","2019-11-21",37.599998
"3247","2019-11-22",37.75
"3248","2019-11-25",37.259998
"3249","2019-11-26",37.400002
"3250","2019-11-27",37.66
"3251","2019-11-29",37.380001
"3252","2019-12-02",37.32
"3253","2019-12-03",37.549999
"3254","2019-12-04",38.099998
"3255","2019-12-05",38.189999
"3256","2019-12-06",38.200001
"3257","2019-12-09",38.040001
"3258","2019-12-10",38.060001
"3259","2019-12-11",38.169998
"3260","2019-12-12",38.349998
"3261","2019-12-13",38.259998
"3262","2019-12-16",38.59
"3263","2019-12-17",38.5
"3264","2019-12-18",38.740002
"3265","2019-12-19",38.93
"3266","2019-12-20",39.150002
"3267","2019-12-23",39.07
"3268","2019-12-24",38.959999
"3269","2019-12-26",39.16
"3270","2019-12-27",39.240002
"3271","2019-12-30",39.040001
"3272","2019-12-31",39.080002
"3273","2020-01-02",38.860001
"3274","2020-01-03",39.060001
"3275","2020-01-06",39.099998
"3276","2020-01-07",39.25
"3277","2020-01-08",39.369999
"3278","2020-01-09",38.799999
"3279","2020-01-10",38.57
"3280","2020-01-13",38.099998
"3281","2020-01-14",38.09
"3282","2020-01-15",37.869999
"3283","2020-01-16",38.029999
"3284","2020-01-17",38.380001
"3285","2020-01-21",38.52
"3286","2020-01-22",39.040001
"3287","2020-01-23",38.630001
"3288","2020-01-24",38.5
"3289","2020-01-27",38.25
"3290","2020-01-28",38.580002
"3291","2020-01-29",37.049999
"3292","2020-01-30",37.43
"3293","2020-01-31",37.619999
"3294","2020-02-03",36.959999
"3295","2020-02-04",37.630001
"3296","2020-02-05",37.810001
"3297","2020-02-06",38.439999
"3298","2020-02-07",38.450001
"3299","2020-02-10",38.34
"3300","2020-02-11",38.169998
"3301","2020-02-12",38.040001
"3302","2020-02-13",38.310001
"3303","2020-02-14",38.25
"3304","2020-02-18",38.259998
"3305","2020-02-19",38.439999
"3306","2020-02-20",38.610001
"3307","2020-02-21",38.549999
"3308","2020-02-24",38.049999
"3309","2020-02-25",37.349998
"3310","2020-02-26",37.099998
"3311","2020-02-27",35.73
"3312","2020-02-28",35.220001
"3313","2020-03-02",37.18
"3314","2020-03-03",36.299999
"3315","2020-03-04",38.18
"3316","2020-03-05",37.18
"3317","2020-03-06",37.029999
"3318","2020-03-09",34.689999
"3319","2020-03-10",35.849998
"3320","2020-03-11",34.52
"3321","2020-03-12",31.33
"3322","2020-03-13",34.470001
"3323","2020-03-16",31.809999
"3324","2020-03-17",33.740002
"3325","2020-03-18",32.849998
"3326","2020-03-19",31.15
"3327","2020-03-20",28.450001
"3328","2020-03-23",26.77
"3329","2020-03-24",28.09
"3330","2020-03-25",28.4
"3331","2020-03-26",30.6
"3332","2020-03-27",29.84
"3333","2020-03-30",30.23
"3334","2020-03-31",29.15
"3335","2020-04-01",28.049999
"3336","2020-04-02",28.76
"3337","2020-04-03",27.459999
"3338","2020-04-06",29.440001
"3339","2020-04-07",30.08
"3340","2020-04-08",29.889999
"3341","2020-04-09",30.73
"3342","2020-04-13",30.190001
"3343","2020-04-14",31.129999
"3344","2020-04-15",30.09
"3345","2020-04-16",30.16
"3346","2020-04-17",31.23
"3347","2020-04-20",30.98
"3348","2020-04-21",29.870001
"3349","2020-04-22",29.469999
"3350","2020-04-23",29.5
"3351","2020-04-24",29.709999
"3352","2020-04-27",30.540001
"3353","2020-04-28",30.65
"3354","2020-04-29",31.43
"3355","2020-04-30",30.469999
"3356","2020-05-01",29.9
"3357","2020-05-04",29.6
"3358","2020-05-05",29.74
"3359","2020-05-06",28.790001
"3360","2020-05-07",28.889999
"3361","2020-05-08",29.790001
"3362","2020-05-11",29.379999
"3363","2020-05-12",28.889999
"3364","2020-05-13",28.09
"3365","2020-05-14",28.58
"3366","2020-05-15",28.309999
"3367","2020-05-18",29.450001
"3368","2020-05-19",28.959999
"3369","2020-05-20",29.59
"3370","2020-05-21",29.77
"3371","2020-05-22",29.879999
"3372","2020-05-26",30.82
"3373","2020-05-27",31.85
"3374","2020-05-28",31.059999
"3375","2020-05-29",30.860001
"3376","2020-06-01",30.93
"3377","2020-06-02",30.99
"3378","2020-06-03",31.51
"3379","2020-06-04",31.799999
"3380","2020-06-05",32.77
"3381","2020-06-08",33.23
"3382","2020-06-09",32.619999
"3383","2020-06-10",32.139999
"3384","2020-06-11",30.17
"3385","2020-06-12",30.5
"3386","2020-06-15",30.5
"3387","2020-06-16",30.780001
"3388","2020-06-17",30.26
"3389","2020-06-18",30.35
"3390","2020-06-19",30.309999
"3391","2020-06-22",30.110001
"3392","2020-06-23",30.25
"3393","2020-06-24",29.42
"3394","2020-06-25",29.719999
"3395","2020-06-26",29.08
"3396","2020-06-29",29.91
"3397","2020-06-30",30.23
"3398","2020-07-01",29.9
"3399","2020-07-02",30.08
"3400","2020-07-06",30.49
"3401","2020-07-07",30.32
"3402","2020-07-08",30.459999
"3403","2020-07-09",29.540001
"3404","2020-07-10",30.129999
"3405","2020-07-13",29.76
"3406","2020-07-14",29.959999
"3407","2020-07-15",30.01
"3408","2020-07-16",30.389999
"3409","2020-07-17",30.25
"3410","2020-07-20",29.85
"3411","2020-07-21",30.25
"3412","2020-07-22",30.16
"3413","2020-07-23",29.9
"3414","2020-07-24",29.57
"3415","2020-07-27",29.290001
"3416","2020-07-28",29.690001
"3417","2020-07-29",29.559999
"3418","2020-07-30",29.57
"3419","2020-07-31",29.58
"3420","2020-08-03",29.620001
"3421","2020-08-04",30.01
"3422","2020-08-05",29.85
"3423","2020-08-06",29.84
"3424","2020-08-07",30.02
"3425","2020-08-10",30.200001
"3426","2020-08-11",30.200001
"3427","2020-08-12",30.18
"3428","2020-08-13",29.91
"3429","2020-08-14",30.01
"3430","2020-08-17",29.85
"3431","2020-08-18",29.790001
"3432","2020-08-19",29.73
"3433","2020-08-20",29.67
"3434","2020-08-21",29.690001
"3435","2020-08-24",30.030001
"3436","2020-08-25",29.9
"3437","2020-08-26",29.99
"3438","2020-08-27",29.9
"3439","2020-08-28",30.040001
"3440","2020-08-31",29.809999
"3441","2020-09-01",29.469999
"3442","2020-09-02",29.700001
"3443","2020-09-03",29.59
"3444","2020-09-04",29.42
"3445","2020-09-08",29.51
"3446","2020-09-09",29.370001
"3447","2020-09-10",28.91
"3448","2020-09-11",29
"3449","2020-09-14",29.139999
"3450","2020-09-15",29.120001
"3451","2020-09-16",29.24
"3452","2020-09-17",29.07
"3453","2020-09-18",28.93
"3454","2020-09-21",28.629999
"3455","2020-09-22",28.51
"3456","2020-09-23",27.870001
"3457","2020-09-24",28.040001
"3458","2020-09-25",28.040001
"3459","2020-09-28",28.379999
"3460","2020-09-29",28.299999
"3461","2020-09-30",28.51
"3462","2020-10-01",28.49
"3463","2020-10-02",28.68
"3464","2020-10-05",28.67
"3465","2020-10-06",28.709999
"3466","2020-10-07",28.799999
"3467","2020-10-08",28.610001
"3468","2020-10-09",28.32
"3469","2020-10-12",28.129999
"3470","2020-10-13",27.75
"3471","2020-10-14",27.49
"3472","2020-10-15",27.450001
"3473","2020-10-16",27.33
"3474","2020-10-19",26.879999
"3475","2020-10-20",26.76
"3476","2020-10-21",26.719999
"3477","2020-10-22",28.280001
"3478","2020-10-23",27.82
"3479","2020-10-26",27.379999
"3480","2020-10-27",26.92
"3481","2020-10-28",26.5
"3482","2020-10-29",26.76
"3483","2020-10-30",27.02
"3484","2020-11-02",27.34
"3485","2020-11-03",27.459999
"3486","2020-11-04",27.040001
"3487","2020-11-05",27.51
"3488","2020-11-06",27.440001
"3489","2020-11-09",28.299999
"3490","2020-11-10",28.85
"3491","2020-11-11",28.73
"3492","2020-11-12",28.440001
"3493","2020-11-13",28.91
"3494","2020-11-16",28.969999
"3495","2020-11-17",29.030001
"3496","2020-11-18",28.620001
"3497","2020-11-19",28.280001
"3498","2020-11-20",28.32
"3499","2020-11-23",28.620001
"3500","2020-11-24",29.23
"3501","2020-11-25",28.99
"3502","2020-11-27",29.030001
