"","date","TNXP"
"1","2012-05-10",30000
"2","2012-05-11",30000
"3","2012-05-14",30000
"4","2012-05-15",30000
"5","2012-05-16",26400
"6","2012-05-17",20200
"7","2012-05-18",20200
"8","2012-05-21",20200
"9","2012-05-22",20200
"10","2012-05-23",20000
"11","2012-05-24",20000
"12","2012-05-25",19000
"13","2012-05-29",19000
"14","2012-05-30",19000
"15","2012-05-31",19000
"16","2012-06-01",16800
"17","2012-06-04",16800
"18","2012-06-05",16800
"19","2012-06-06",17000
"20","2012-06-07",20000
"21","2012-06-08",19000
"22","2012-06-11",20000
"23","2012-06-12",20000
"24","2012-06-13",20000
"25","2012-06-14",20000
"26","2012-06-15",19000
"27","2012-06-18",19000
"28","2012-06-19",19000
"29","2012-06-20",16600
"30","2012-06-21",16600
"31","2012-06-22",16600
"32","2012-06-25",20400
"33","2012-06-26",20000
"34","2012-06-27",20000
"35","2012-06-28",20000
"36","2012-06-29",20000
"37","2012-07-02",19800
"38","2012-07-03",19800
"39","2012-07-05",19800
"40","2012-07-06",19800
"41","2012-07-09",20000
"42","2012-07-10",19800
"43","2012-07-11",19800
"44","2012-07-12",19800
"45","2012-07-13",19600
"46","2012-07-16",19600
"47","2012-07-17",19200
"48","2012-07-18",18000
"49","2012-07-19",18000
"50","2012-07-20",18000
"51","2012-07-23",17000
"52","2012-07-24",18800
"53","2012-07-25",18000
"54","2012-07-26",18200
"55","2012-07-27",18200
"56","2012-07-30",18200
"57","2012-07-31",18200
"58","2012-08-01",18200
"59","2012-08-02",18200
"60","2012-08-03",18200
"61","2012-08-06",18200
"62","2012-08-07",18200
"63","2012-08-08",18200
"64","2012-08-09",18200
"65","2012-08-10",17000
"66","2012-08-13",17000
"67","2012-08-14",17800
"68","2012-08-15",17800
"69","2012-08-16",17800
"70","2012-08-17",17800
"71","2012-08-20",17800
"72","2012-08-21",17800
"73","2012-08-22",17800
"74","2012-08-23",17000
"75","2012-08-24",17000
"76","2012-08-27",17000
"77","2012-08-28",16000
"78","2012-08-29",16000
"79","2012-08-30",16000
"80","2012-08-31",16000
"81","2012-09-04",16000
"82","2012-09-05",16000
"83","2012-09-06",16000
"84","2012-09-07",15800
"85","2012-09-10",15800
"86","2012-09-11",15800
"87","2012-09-12",15800
"88","2012-09-13",15000
"89","2012-09-14",14800
"90","2012-09-17",14800
"91","2012-09-18",14800
"92","2012-09-19",14800
"93","2012-09-20",14800
"94","2012-09-21",14800
"95","2012-09-24",14800
"96","2012-09-25",14800
"97","2012-09-26",14800
"98","2012-09-27",14800
"99","2012-09-28",14800
"100","2012-10-01",14800
"101","2012-10-02",14800
"102","2012-10-03",14000
"103","2012-10-04",14000
"104","2012-10-05",14000
"105","2012-10-08",14000
"106","2012-10-09",14000
"107","2012-10-10",14000
"108","2012-10-11",14000
"109","2012-10-12",14000
"110","2012-10-15",14000
"111","2012-10-16",14000
"112","2012-10-17",14000
"113","2012-10-18",14000
"114","2012-10-19",14000
"115","2012-10-22",14000
"116","2012-10-23",14000
"117","2012-10-24",14000
"118","2012-10-25",16000
"119","2012-10-26",13000
"120","2012-10-31",13600
"121","2012-11-01",13600
"122","2012-11-02",13600
"123","2012-11-05",14000
"124","2012-11-06",14000
"125","2012-11-07",14000
"126","2012-11-08",14000
"127","2012-11-09",14000
"128","2012-11-12",12000
"129","2012-11-13",10200
"130","2012-11-14",10200
"131","2012-11-15",10200
"132","2012-11-16",11000
"133","2012-11-19",11000
"134","2012-11-20",11000
"135","2012-11-21",10000
"136","2012-11-23",10000
"137","2012-11-26",10000
"138","2012-11-27",11000
"139","2012-11-28",11000
"140","2012-11-29",11000
"141","2012-11-30",12000
"142","2012-12-03",12000
"143","2012-12-04",12000
"144","2012-12-05",10000
"145","2012-12-06",10000
"146","2012-12-07",10000
"147","2012-12-10",10000
"148","2012-12-11",10000
"149","2012-12-12",10000
"150","2012-12-13",10000
"151","2012-12-14",10000
"152","2012-12-17",9200
"153","2012-12-18",9200
"154","2012-12-19",9200
"155","2012-12-20",9200
"156","2012-12-21",9200
"157","2012-12-24",9200
"158","2012-12-26",9200
"159","2012-12-27",9200
"160","2012-12-28",9200
"161","2012-12-31",11000
"162","2013-01-02",11000
"163","2013-01-03",11000
"164","2013-01-04",11000
"165","2013-01-07",8800
"166","2013-01-08",11000
"167","2013-01-09",12000
"168","2013-01-10",13000
"169","2013-01-11",12000
"170","2013-01-14",13000
"171","2013-01-15",11000
"172","2013-01-16",11000
"173","2013-01-17",11000
"174","2013-01-18",11000
"175","2013-01-22",11000
"176","2013-01-23",10000
"177","2013-01-24",10000
"178","2013-01-25",10000
"179","2013-01-28",10000
"180","2013-01-29",10000
"181","2013-01-30",10000
"182","2013-01-31",10000
"183","2013-02-01",10000
"184","2013-02-04",13800
"185","2013-02-05",13800
"186","2013-02-06",13800
"187","2013-02-07",7000
"188","2013-02-08",12400
"189","2013-02-11",11000
"190","2013-02-12",8000
"191","2013-02-13",8000
"192","2013-02-14",8000
"193","2013-02-15",6000
"194","2013-02-19",6400
"195","2013-02-20",4800
"196","2013-02-21",4800
"197","2013-02-22",4800
"198","2013-02-25",4800
"199","2013-02-26",4800
"200","2013-02-27",4800
"201","2013-02-28",6400
"202","2013-03-01",8400
"203","2013-03-04",6400
"204","2013-03-05",7800
"205","2013-03-06",7800
"206","2013-03-07",7800
"207","2013-03-08",6600
"208","2013-03-11",6000
"209","2013-03-12",6000
"210","2013-03-13",6000
"211","2013-03-14",6000
"212","2013-03-15",6000
"213","2013-03-18",6000
"214","2013-03-19",7200
"215","2013-03-20",6000
"216","2013-03-21",7000
"217","2013-03-22",6000
"218","2013-03-25",6000
"219","2013-03-26",5600
"220","2013-03-27",5800
"221","2013-03-28",7200
"222","2013-04-01",7000
"223","2013-04-02",6600
"224","2013-04-03",6600
"225","2013-04-04",7800
"226","2013-04-05",7400
"227","2013-04-08",7400
"228","2013-04-09",7000
"229","2013-04-10",6600
"230","2013-04-11",7400
"231","2013-04-12",7400
"232","2013-04-15",6000
"233","2013-04-16",7000
"234","2013-04-17",7000
"235","2013-04-18",7000
"236","2013-04-19",6000
"237","2013-04-22",6000
"238","2013-04-23",6000
"239","2013-04-24",7000
"240","2013-04-25",7000
"241","2013-04-26",7000
"242","2013-04-29",7200
"243","2013-04-30",7200
"244","2013-05-01",7200
"245","2013-05-02",7200
"246","2013-05-03",7500
"247","2013-05-06",10000
"248","2013-05-07",10000
"249","2013-05-08",10000
"250","2013-05-09",10000
"251","2013-05-10",10000
"252","2013-05-13",10000
"253","2013-05-14",9800
"254","2013-05-15",9100
"255","2013-05-16",6500
"256","2013-05-17",6500
"257","2013-05-20",7750
"258","2013-05-21",7490
"259","2013-05-22",7480
"260","2013-05-23",6500
"261","2013-05-24",7490
"262","2013-05-28",7250
"263","2013-05-29",7250
"264","2013-05-30",6500
"265","2013-05-31",6950
"266","2013-06-03",6000
"267","2013-06-04",6000
"268","2013-06-05",6000
"269","2013-06-06",6000
"270","2013-06-07",6000
"271","2013-06-10",6450
"272","2013-06-11",6450
"273","2013-06-12",6500
"274","2013-06-13",6500
"275","2013-06-14",6250
"276","2013-06-17",6250
"277","2013-06-18",6250
"278","2013-06-19",6000
"279","2013-06-20",5350
"280","2013-06-21",6990
"281","2013-06-24",6750
"282","2013-06-25",6740
"283","2013-06-26",6740
"284","2013-06-27",6740
"285","2013-06-28",6740
"286","2013-07-01",6740
"287","2013-07-02",5250
"288","2013-07-03",4000
"289","2013-07-05",6120
"290","2013-07-08",6120
"291","2013-07-09",6500
"292","2013-07-10",6500
"293","2013-07-11",6500
"294","2013-07-12",6500
"295","2013-07-15",6500
"296","2013-07-16",7500
"297","2013-07-17",7500
"298","2013-07-18",7500
"299","2013-07-19",7990
"300","2013-07-22",6500
"301","2013-07-23",6500
"302","2013-07-24",6500
"303","2013-07-25",6500
"304","2013-07-26",6500
"305","2013-07-29",6240
"306","2013-07-30",6240
"307","2013-07-31",6240
"308","2013-08-01",5300
"309","2013-08-02",5300
"310","2013-08-05",5300
"311","2013-08-06",5300
"312","2013-08-07",5500
"313","2013-08-08",5500
"314","2013-08-09",3840
"315","2013-08-12",3770
"316","2013-08-13",3840
"317","2013-08-14",3750
"318","2013-08-15",3750
"319","2013-08-16",3790
"320","2013-08-19",3650
"321","2013-08-20",3630
"322","2013-08-21",3600
"323","2013-08-22",3600
"324","2013-08-23",3430
"325","2013-08-26",3380
"326","2013-08-27",3440
"327","2013-08-28",3330
"328","2013-08-29",3390
"329","2013-08-30",3300
"330","2013-09-03",3100
"331","2013-09-04",3240
"332","2013-09-05",3320
"333","2013-09-06",3440
"334","2013-09-09",3440
"335","2013-09-10",3850
"336","2013-09-11",3610
"337","2013-09-12",3780
"338","2013-09-13",3980
"339","2013-09-16",3730
"340","2013-09-17",3880
"341","2013-09-18",3790
"342","2013-09-19",3820
"343","2013-09-20",3590
"344","2013-09-23",3600
"345","2013-09-24",3680
"346","2013-09-25",3660
"347","2013-09-26",3700
"348","2013-09-27",3570
"349","2013-09-30",3650
"350","2013-10-01",3750
"351","2013-10-02",3720
"352","2013-10-03",3900
"353","2013-10-04",3950
"354","2013-10-07",3870
"355","2013-10-08",3870
"356","2013-10-09",3990
"357","2013-10-10",3850
"358","2013-10-11",3870
"359","2013-10-14",3990
"360","2013-10-15",3970
"361","2013-10-16",3800
"362","2013-10-17",3900
"363","2013-10-18",3700
"364","2013-10-21",3720
"365","2013-10-22",3780
"366","2013-10-23",3700
"367","2013-10-24",3800
"368","2013-10-25",3830
"369","2013-10-28",3670
"370","2013-10-29",3830
"371","2013-10-30",3950
"372","2013-10-31",4240
"373","2013-11-01",4200
"374","2013-11-04",4200
"375","2013-11-05",4150
"376","2013-11-06",4200
"377","2013-11-07",4110
"378","2013-11-08",4150
"379","2013-11-11",4200
"380","2013-11-12",4200
"381","2013-11-13",4180
"382","2013-11-14",4220
"383","2013-11-15",4240
"384","2013-11-18",4290
"385","2013-11-19",4290
"386","2013-11-20",4250
"387","2013-11-21",4220
"388","2013-11-22",4310
"389","2013-11-25",4930
"390","2013-11-26",5160
"391","2013-11-27",5250
"392","2013-11-29",5450
"393","2013-12-02",5880
"394","2013-12-03",5850
"395","2013-12-04",7610
"396","2013-12-05",6930
"397","2013-12-06",9050
"398","2013-12-09",9230
"399","2013-12-10",9030
"400","2013-12-11",8180
"401","2013-12-12",7500
"402","2013-12-13",8590
"403","2013-12-16",9100
"404","2013-12-17",8990
"405","2013-12-18",8590
"406","2013-12-19",8740
"407","2013-12-20",8850
"408","2013-12-23",9150
"409","2013-12-24",10000
"410","2013-12-26",11040
"411","2013-12-27",10670
"412","2013-12-30",10470
"413","2013-12-31",10310
"414","2014-01-02",11480
"415","2014-01-03",12820
"416","2014-01-06",13190
"417","2014-01-07",13220
"418","2014-01-08",14430
"419","2014-01-09",16750
"420","2014-01-10",17920
"421","2014-01-13",18670
"422","2014-01-14",16660
"423","2014-01-15",16290
"424","2014-01-16",16100
"425","2014-01-17",15450
"426","2014-01-21",18240
"427","2014-01-22",17860
"428","2014-01-23",16400
"429","2014-01-24",15680
"430","2014-01-27",14800
"431","2014-01-28",15240
"432","2014-01-29",14780
"433","2014-01-30",14730
"434","2014-01-31",13980
"435","2014-02-03",13110
"436","2014-02-04",14040
"437","2014-02-05",13790
"438","2014-02-06",13630
"439","2014-02-07",14870
"440","2014-02-10",15210
"441","2014-02-11",14710
"442","2014-02-12",13710
"443","2014-02-13",14040
"444","2014-02-14",13730
"445","2014-02-18",14150
"446","2014-02-19",13800
"447","2014-02-20",14630
"448","2014-02-21",14980
"449","2014-02-24",14790
"450","2014-02-25",14870
"451","2014-02-26",14240
"452","2014-02-27",14200
"453","2014-02-28",13630
"454","2014-03-03",13740
"455","2014-03-04",13830
"456","2014-03-05",13940
"457","2014-03-06",13440
"458","2014-03-07",13560
"459","2014-03-10",13240
"460","2014-03-11",12560
"461","2014-03-12",11830
"462","2014-03-13",11950
"463","2014-03-14",12400
"464","2014-03-17",11800
"465","2014-03-18",12150
"466","2014-03-19",11820
"467","2014-03-20",11550
"468","2014-03-21",11430
"469","2014-03-24",11130
"470","2014-03-25",10320
"471","2014-03-26",10640
"472","2014-03-27",10040
"473","2014-03-28",10400
"474","2014-03-31",10410
"475","2014-04-01",11560
"476","2014-04-02",11700
"477","2014-04-03",11450
"478","2014-04-04",11540
"479","2014-04-07",11180
"480","2014-04-08",11430
"481","2014-04-09",11130
"482","2014-04-10",10420
"483","2014-04-11",9940
"484","2014-04-14",9570
"485","2014-04-15",9910
"486","2014-04-16",9970
"487","2014-04-17",10030
"488","2014-04-21",9820
"489","2014-04-22",10090
"490","2014-04-23",10020
"491","2014-04-24",9780
"492","2014-04-25",9420
"493","2014-04-28",9110
"494","2014-04-29",9500
"495","2014-04-30",9730
"496","2014-05-01",9750
"497","2014-05-02",9580
"498","2014-05-05",9630
"499","2014-05-06",9540
"500","2014-05-07",9100
"501","2014-05-08",8520
"502","2014-05-09",8310
"503","2014-05-12",8650
"504","2014-05-13",8500
"505","2014-05-14",8500
"506","2014-05-15",8260
"507","2014-05-16",8450
"508","2014-05-19",8870
"509","2014-05-20",8570
"510","2014-05-21",8530
"511","2014-05-22",8560
"512","2014-05-23",8900
"513","2014-05-27",9340
"514","2014-05-28",9960
"515","2014-05-29",9940
"516","2014-05-30",9460
"517","2014-06-02",9500
"518","2014-06-03",9890
"519","2014-06-04",10700
"520","2014-06-05",10470
"521","2014-06-06",10660
"522","2014-06-09",10390
"523","2014-06-10",10700
"524","2014-06-11",10600
"525","2014-06-12",10980
"526","2014-06-13",11100
"527","2014-06-16",11300
"528","2014-06-17",11060
"529","2014-06-18",11230
"530","2014-06-19",11130
"531","2014-06-20",12420
"532","2014-06-23",13110
"533","2014-06-24",13360
"534","2014-06-25",12940
"535","2014-06-26",13180
"536","2014-06-27",13700
"537","2014-06-30",14350
"538","2014-07-01",13980
"539","2014-07-02",13800
"540","2014-07-03",14090
"541","2014-07-07",13640
"542","2014-07-08",12830
"543","2014-07-09",12370
"544","2014-07-10",12520
"545","2014-07-11",11900
"546","2014-07-14",11910
"547","2014-07-15",11790
"548","2014-07-16",11710
"549","2014-07-17",11150
"550","2014-07-18",11300
"551","2014-07-21",11310
"552","2014-07-22",11600
"553","2014-07-23",11500
"554","2014-07-24",11380
"555","2014-07-25",11300
"556","2014-07-28",11040
"557","2014-07-29",10990
"558","2014-07-30",11610
"559","2014-07-31",11510
"560","2014-08-01",11590
"561","2014-08-04",11830
"562","2014-08-05",11910
"563","2014-08-06",11950
"564","2014-08-07",12100
"565","2014-08-08",13230
"566","2014-08-11",13600
"567","2014-08-12",13850
"568","2014-08-13",13910
"569","2014-08-14",14170
"570","2014-08-15",14090
"571","2014-08-18",13960
"572","2014-08-19",13990
"573","2014-08-20",13820
"574","2014-08-21",13860
"575","2014-08-22",13830
"576","2014-08-25",14550
"577","2014-08-26",14250
"578","2014-08-27",14460
"579","2014-08-28",14410
"580","2014-08-29",14430
"581","2014-09-02",14430
"582","2014-09-03",14760
"583","2014-09-04",14410
"584","2014-09-05",14440
"585","2014-09-08",14270
"586","2014-09-09",13930
"587","2014-09-10",13470
"588","2014-09-11",13090
"589","2014-09-12",13270
"590","2014-09-15",13300
"591","2014-09-16",13550
"592","2014-09-17",13190
"593","2014-09-18",13070
"594","2014-09-19",12950
"595","2014-09-22",12150
"596","2014-09-23",11630
"597","2014-09-24",12390
"598","2014-09-25",12370
"599","2014-09-26",13960
"600","2014-09-29",6950
"601","2014-09-30",6850
"602","2014-10-01",6520
"603","2014-10-02",6500
"604","2014-10-03",6700
"605","2014-10-06",6400
"606","2014-10-07",6400
"607","2014-10-08",6400
"608","2014-10-09",6410
"609","2014-10-10",6340
"610","2014-10-13",6320
"611","2014-10-14",6110
"612","2014-10-15",5950
"613","2014-10-16",5770
"614","2014-10-17",5560
"615","2014-10-20",5410
"616","2014-10-21",5760
"617","2014-10-22",6240
"618","2014-10-23",6330
"619","2014-10-24",6660
"620","2014-10-27",6990
"621","2014-10-28",7490
"622","2014-10-29",7380
"623","2014-10-30",8000
"624","2014-10-31",7570
"625","2014-11-03",7050
"626","2014-11-04",6770
"627","2014-11-05",6560
"628","2014-11-06",6800
"629","2014-11-07",7640
"630","2014-11-10",7410
"631","2014-11-11",7450
"632","2014-11-12",7210
"633","2014-11-13",7320
"634","2014-11-14",7060
"635","2014-11-17",7200
"636","2014-11-18",7110
"637","2014-11-19",7150
"638","2014-11-20",7060
"639","2014-11-21",7100
"640","2014-11-24",7050
"641","2014-11-25",7020
"642","2014-11-26",7060
"643","2014-11-28",7020
"644","2014-12-01",6790
"645","2014-12-02",6660
"646","2014-12-03",6440
"647","2014-12-04",6280
"648","2014-12-05",6280
"649","2014-12-08",6280
"650","2014-12-09",6530
"651","2014-12-10",6400
"652","2014-12-11",6660
"653","2014-12-12",6300
"654","2014-12-15",6090
"655","2014-12-16",6220
"656","2014-12-17",6150
"657","2014-12-18",6080
"658","2014-12-19",5970
"659","2014-12-22",6500
"660","2014-12-23",6270
"661","2014-12-24",6180
"662","2014-12-26",6190
"663","2014-12-29",6400
"664","2014-12-30",6040
"665","2014-12-31",5840
"666","2015-01-02",5920
"667","2015-01-05",5850
"668","2015-01-06",7400
"669","2015-01-07",7590
"670","2015-01-08",8020
"671","2015-01-09",8280
"672","2015-01-12",8200
"673","2015-01-13",7800
"674","2015-01-14",7270
"675","2015-01-15",6910
"676","2015-01-16",6880
"677","2015-01-20",6910
"678","2015-01-21",6640
"679","2015-01-22",6380
"680","2015-01-23",6200
"681","2015-01-26",6430
"682","2015-01-27",6740
"683","2015-01-28",6310
"684","2015-01-29",6240
"685","2015-01-30",6030
"686","2015-02-02",5930
"687","2015-02-03",6060
"688","2015-02-04",5910
"689","2015-02-05",5810
"690","2015-02-06",5760
"691","2015-02-09",5730
"692","2015-02-10",5790
"693","2015-02-11",5780
"694","2015-02-12",5800
"695","2015-02-13",5780
"696","2015-02-17",5850
"697","2015-02-18",6110
"698","2015-02-19",6270
"699","2015-02-20",6250
"700","2015-02-23",6290
"701","2015-02-24",6100
"702","2015-02-25",6240
"703","2015-02-26",6000
"704","2015-02-27",5950
"705","2015-03-02",5920
"706","2015-03-03",6050
"707","2015-03-04",6390
"708","2015-03-05",6310
"709","2015-03-06",6410
"710","2015-03-09",6950
"711","2015-03-10",6990
"712","2015-03-11",7160
"713","2015-03-12",7120
"714","2015-03-13",7100
"715","2015-03-16",6880
"716","2015-03-17",6740
"717","2015-03-18",6680
"718","2015-03-19",6670
"719","2015-03-20",6540
"720","2015-03-23",6670
"721","2015-03-24",6660
"722","2015-03-25",6270
"723","2015-03-26",6060
"724","2015-03-27",6120
"725","2015-03-30",6270
"726","2015-03-31",6320
"727","2015-04-01",6150
"728","2015-04-02",6070
"729","2015-04-06",6040
"730","2015-04-07",6100
"731","2015-04-08",6040
"732","2015-04-09",6130
"733","2015-04-10",6190
"734","2015-04-13",6150
"735","2015-04-14",6210
"736","2015-04-15",6250
"737","2015-04-16",6230
"738","2015-04-17",6200
"739","2015-04-20",6160
"740","2015-04-21",6520
"741","2015-04-22",6730
"742","2015-04-23",6670
"743","2015-04-24",6520
"744","2015-04-27",6170
"745","2015-04-28",6320
"746","2015-04-29",6200
"747","2015-04-30",6150
"748","2015-05-01",6100
"749","2015-05-04",6040
"750","2015-05-05",6030
"751","2015-05-06",6000
"752","2015-05-07",6090
"753","2015-05-08",6060
"754","2015-05-11",6300
"755","2015-05-12",6170
"756","2015-05-13",6190
"757","2015-05-14",6340
"758","2015-05-15",6350
"759","2015-05-18",6260
"760","2015-05-19",6210
"761","2015-05-20",6320
"762","2015-05-21",6450
"763","2015-05-22",6640
"764","2015-05-26",6950
"765","2015-05-27",7180
"766","2015-05-28",7200
"767","2015-05-29",7250
"768","2015-06-01",6990
"769","2015-06-02",7100
"770","2015-06-03",7330
"771","2015-06-04",7800
"772","2015-06-05",7760
"773","2015-06-08",8150
"774","2015-06-09",8400
"775","2015-06-10",8440
"776","2015-06-11",8150
"777","2015-06-12",8820
"778","2015-06-15",9260
"779","2015-06-16",9900
"780","2015-06-17",10400
"781","2015-06-18",10280
"782","2015-06-19",10080
"783","2015-06-22",10500
"784","2015-06-23",10150
"785","2015-06-24",10000
"786","2015-06-25",9520
"787","2015-06-26",9340
"788","2015-06-29",8500
"789","2015-06-30",8970
"790","2015-07-01",8800
"791","2015-07-02",9190
"792","2015-07-06",9140
"793","2015-07-07",8920
"794","2015-07-08",8580
"795","2015-07-09",8580
"796","2015-07-10",8220
"797","2015-07-13",8240
"798","2015-07-14",7470
"799","2015-07-15",7810
"800","2015-07-16",8000
"801","2015-07-17",8660
"802","2015-07-20",8700
"803","2015-07-21",9380
"804","2015-07-22",9040
"805","2015-07-23",8620
"806","2015-07-24",8140
"807","2015-07-27",8020
"808","2015-07-28",8080
"809","2015-07-29",8080
"810","2015-07-30",8150
"811","2015-07-31",8430
"812","2015-08-03",8310
"813","2015-08-04",8210
"814","2015-08-05",8130
"815","2015-08-06",7810
"816","2015-08-07",7550
"817","2015-08-10",7270
"818","2015-08-11",7580
"819","2015-08-12",7360
"820","2015-08-13",7180
"821","2015-08-14",6950
"822","2015-08-17",6970
"823","2015-08-18",7330
"824","2015-08-19",6910
"825","2015-08-20",6660
"826","2015-08-21",6560
"827","2015-08-24",6200
"828","2015-08-25",6120
"829","2015-08-26",6240
"830","2015-08-27",6570
"831","2015-08-28",6660
"832","2015-08-31",7210
"833","2015-09-01",7190
"834","2015-09-02",7190
"835","2015-09-03",7150
"836","2015-09-04",7150
"837","2015-09-08",7360
"838","2015-09-09",7310
"839","2015-09-10",7480
"840","2015-09-11",7200
"841","2015-09-14",7350
"842","2015-09-15",7270
"843","2015-09-16",7290
"844","2015-09-17",7390
"845","2015-09-18",7670
"846","2015-09-21",7380
"847","2015-09-22",6900
"848","2015-09-23",6500
"849","2015-09-24",6470
"850","2015-09-25",6190
"851","2015-09-28",5790
"852","2015-09-29",5440
"853","2015-09-30",5290
"854","2015-10-01",5350
"855","2015-10-02",5940
"856","2015-10-05",6410
"857","2015-10-06",6620
"858","2015-10-07",7040
"859","2015-10-08",6980
"860","2015-10-09",6990
"861","2015-10-12",7110
"862","2015-10-13",6370
"863","2015-10-14",6760
"864","2015-10-15",7360
"865","2015-10-16",7080
"866","2015-10-19",7160
"867","2015-10-20",6900
"868","2015-10-21",6570
"869","2015-10-22",6460
"870","2015-10-23",6550
"871","2015-10-26",6510
"872","2015-10-27",6510
"873","2015-10-28",6560
"874","2015-10-29",6490
"875","2015-10-30",6600
"876","2015-11-02",7140
"877","2015-11-03",7090
"878","2015-11-04",7220
"879","2015-11-05",6840
"880","2015-11-06",7060
"881","2015-11-09",6730
"882","2015-11-10",6620
"883","2015-11-11",6400
"884","2015-11-12",6130
"885","2015-11-13",6660
"886","2015-11-16",6480
"887","2015-11-17",6470
"888","2015-11-18",6580
"889","2015-11-19",6450
"890","2015-11-20",6560
"891","2015-11-23",6590
"892","2015-11-24",6710
"893","2015-11-25",7070
"894","2015-11-27",7260
"895","2015-11-30",7250
"896","2015-12-01",7230
"897","2015-12-02",7240
"898","2015-12-03",6970
"899","2015-12-04",6810
"900","2015-12-07",6950
"901","2015-12-08",7030
"902","2015-12-09",6980
"903","2015-12-10",6970
"904","2015-12-11",6710
"905","2015-12-14",6640
"906","2015-12-15",6960
"907","2015-12-16",6750
"908","2015-12-17",6470
"909","2015-12-18",6510
"910","2015-12-21",6590
"911","2015-12-22",6580
"912","2015-12-23",6930
"913","2015-12-24",7200
"914","2015-12-28",7130
"915","2015-12-29",7790
"916","2015-12-30",7670
"917","2015-12-31",7670
"918","2016-01-04",7620
"919","2016-01-05",7640
"920","2016-01-06",7400
"921","2016-01-07",6720
"922","2016-01-08",6650
"923","2016-01-11",5990
"924","2016-01-12",5970
"925","2016-01-13",5040
"926","2016-01-14",5100
"927","2016-01-15",5000
"928","2016-01-19",4640
"929","2016-01-20",4880
"930","2016-01-21",4940
"931","2016-01-22",5110
"932","2016-01-25",5170
"933","2016-01-26",5260
"934","2016-01-27",4930
"935","2016-01-28",4680
"936","2016-01-29",4840
"937","2016-02-01",4940
"938","2016-02-02",4690
"939","2016-02-03",4440
"940","2016-02-04",4500
"941","2016-02-05",4420
"942","2016-02-08",3930
"943","2016-02-09",3810
"944","2016-02-10",3770
"945","2016-02-11",3800
"946","2016-02-12",4040
"947","2016-02-16",2570
"948","2016-02-17",2810
"949","2016-02-18",2630
"950","2016-02-19",2610
"951","2016-02-22",2790
"952","2016-02-23",2780
"953","2016-02-24",2790
"954","2016-02-25",2770
"955","2016-02-26",2680
"956","2016-02-29",2480
"957","2016-03-01",2340
"958","2016-03-02",2380
"959","2016-03-03",2470
"960","2016-03-04",2410
"961","2016-03-07",2460
"962","2016-03-08",2310
"963","2016-03-09",2300
"964","2016-03-10",2290
"965","2016-03-11",2300
"966","2016-03-14",2480
"967","2016-03-15",2270
"968","2016-03-16",2290
"969","2016-03-17",2290
"970","2016-03-18",2380
"971","2016-03-21",2420
"972","2016-03-22",2480
"973","2016-03-23",2360
"974","2016-03-24",2470
"975","2016-03-28",2420
"976","2016-03-29",2410
"977","2016-03-30",2420
"978","2016-03-31",2410
"979","2016-04-01",2500
"980","2016-04-04",2700
"981","2016-04-05",2540
"982","2016-04-06",2700
"983","2016-04-07",2530
"984","2016-04-08",2570
"985","2016-04-11",2530
"986","2016-04-12",2470
"987","2016-04-13",2520
"988","2016-04-14",2720
"989","2016-04-15",2810
"990","2016-04-18",2850
"991","2016-04-19",2850
"992","2016-04-20",2790
"993","2016-04-21",2830
"994","2016-04-22",2830
"995","2016-04-25",2860
"996","2016-04-26",2760
"997","2016-04-27",2640
"998","2016-04-28",2700
"999","2016-04-29",2520
"1000","2016-05-02",2530
"1001","2016-05-03",2540
"1002","2016-05-04",2380
"1003","2016-05-05",2310
"1004","2016-05-06",1940
"1005","2016-05-09",2170
"1006","2016-05-10",2190
"1007","2016-05-11",2270
"1008","2016-05-12",2330
"1009","2016-05-13",2630
"1010","2016-05-16",2740
"1011","2016-05-17",2860
"1012","2016-05-18",2900
"1013","2016-05-19",2470
"1014","2016-05-20",2330
"1015","2016-05-23",2370
"1016","2016-05-24",2260
"1017","2016-05-25",2250
"1018","2016-05-26",2350
"1019","2016-05-27",2290
"1020","2016-05-31",2440
"1021","2016-06-01",2440
"1022","2016-06-02",2550
"1023","2016-06-03",2540
"1024","2016-06-06",2830
"1025","2016-06-07",2840
"1026","2016-06-08",2760
"1027","2016-06-09",2560
"1028","2016-06-10",2400
"1029","2016-06-13",2490
"1030","2016-06-14",2530
"1031","2016-06-15",2460
"1032","2016-06-16",1970
"1033","2016-06-17",1970
"1034","2016-06-20",1940
"1035","2016-06-21",2050
"1036","2016-06-22",2070
"1037","2016-06-23",2150
"1038","2016-06-24",2050
"1039","2016-06-27",1960
"1040","2016-06-28",2090
"1041","2016-06-29",2110
"1042","2016-06-30",1990
"1043","2016-07-01",2020
"1044","2016-07-05",2040
"1045","2016-07-06",2060
"1046","2016-07-07",2130
"1047","2016-07-08",2160
"1048","2016-07-11",2120
"1049","2016-07-12",2120
"1050","2016-07-13",2040
"1051","2016-07-14",2010
"1052","2016-07-15",2040
"1053","2016-07-18",2080
"1054","2016-07-19",1980
"1055","2016-07-20",2010
"1056","2016-07-21",1960
"1057","2016-07-22",2000
"1058","2016-07-25",1950
"1059","2016-07-26",1950
"1060","2016-07-27",2060
"1061","2016-07-28",2040
"1062","2016-07-29",2070
"1063","2016-08-01",2050
"1064","2016-08-02",2030
"1065","2016-08-03",2070
"1066","2016-08-04",2030
"1067","2016-08-05",2070
"1068","2016-08-08",2280
"1069","2016-08-09",2270
"1070","2016-08-10",2260
"1071","2016-08-11",2250
"1072","2016-08-12",2560
"1073","2016-08-15",2500
"1074","2016-08-16",2510
"1075","2016-08-17",2570
"1076","2016-08-18",2500
"1077","2016-08-19",2470
"1078","2016-08-22",2720
"1079","2016-08-23",2690
"1080","2016-08-24",2510
"1081","2016-08-25",2450
"1082","2016-08-26",2440
"1083","2016-08-29",2490
"1084","2016-08-30",2470
"1085","2016-08-31",2280
"1086","2016-09-01",2360
"1087","2016-09-02",2180
"1088","2016-09-06",920
"1089","2016-09-07",870
"1090","2016-09-08",790
"1091","2016-09-09",780
"1092","2016-09-12",780
"1093","2016-09-13",770
"1094","2016-09-14",790
"1095","2016-09-15",750
"1096","2016-09-16",740
"1097","2016-09-19",710
"1098","2016-09-20",700
"1099","2016-09-21",720
"1100","2016-09-22",710
"1101","2016-09-23",700
"1102","2016-09-26",700
"1103","2016-09-27",700
"1104","2016-09-28",700
"1105","2016-09-29",700
"1106","2016-09-30",700
"1107","2016-10-03",700
"1108","2016-10-04",770
"1109","2016-10-05",750
"1110","2016-10-06",690
"1111","2016-10-07",660
"1112","2016-10-10",620
"1113","2016-10-11",640
"1114","2016-10-12",630
"1115","2016-10-13",640
"1116","2016-10-14",650
"1117","2016-10-17",630
"1118","2016-10-18",640
"1119","2016-10-19",640
"1120","2016-10-20",690
"1121","2016-10-21",670
"1122","2016-10-24",650
"1123","2016-10-25",620
"1124","2016-10-26",460
"1125","2016-10-27",450
"1126","2016-10-28",450
"1127","2016-10-31",450
"1128","2016-11-01",430
"1129","2016-11-02",430
"1130","2016-11-03",430
"1131","2016-11-04",440
"1132","2016-11-07",450
"1133","2016-11-08",440
"1134","2016-11-09",440
"1135","2016-11-10",460
"1136","2016-11-11",440
"1137","2016-11-14",440
"1138","2016-11-15",420
"1139","2016-11-16",420
"1140","2016-11-17",410
"1141","2016-11-18",420
"1142","2016-11-21",400
"1143","2016-11-22",380
"1144","2016-11-23",380
"1145","2016-11-25",400
"1146","2016-11-28",430
"1147","2016-11-29",400
"1148","2016-11-30",380
"1149","2016-12-01",370
"1150","2016-12-02",370
"1151","2016-12-05",390
"1152","2016-12-06",390
"1153","2016-12-07",410
"1154","2016-12-08",460
"1155","2016-12-09",410
"1156","2016-12-12",410
"1157","2016-12-13",450
"1158","2016-12-14",410
"1159","2016-12-15",420
"1160","2016-12-16",460
"1161","2016-12-19",530
"1162","2016-12-20",500
"1163","2016-12-21",510
"1164","2016-12-22",500
"1165","2016-12-23",480
"1166","2016-12-27",490
"1167","2016-12-28",530
"1168","2016-12-29",470
"1169","2016-12-30",470
"1170","2017-01-03",510
"1171","2017-01-04",590
"1172","2017-01-05",560
"1173","2017-01-06",570
"1174","2017-01-09",630
"1175","2017-01-10",580
"1176","2017-01-11",530
"1177","2017-01-12",520
"1178","2017-01-13",530
"1179","2017-01-17",530
"1180","2017-01-18",560
"1181","2017-01-19",540
"1182","2017-01-20",530
"1183","2017-01-23",530
"1184","2017-01-24",540
"1185","2017-01-25",600
"1186","2017-01-26",560
"1187","2017-01-27",570
"1188","2017-01-30",570
"1189","2017-01-31",540
"1190","2017-02-01",500
"1191","2017-02-02",530
"1192","2017-02-03",540
"1193","2017-02-06",530
"1194","2017-02-07",550
"1195","2017-02-08",560
"1196","2017-02-09",570
"1197","2017-02-10",570
"1198","2017-02-13",590
"1199","2017-02-14",580
"1200","2017-02-15",570
"1201","2017-02-16",540
"1202","2017-02-17",550
"1203","2017-02-21",550
"1204","2017-02-22",520
"1205","2017-02-23",520
"1206","2017-02-24",510
"1207","2017-02-27",520
"1208","2017-02-28",500
"1209","2017-03-01",510
"1210","2017-03-02",510
"1211","2017-03-03",510
"1212","2017-03-06",510
"1213","2017-03-07",490
"1214","2017-03-08",490
"1215","2017-03-09",490
"1216","2017-03-10",490
"1217","2017-03-13",510
"1218","2017-03-14",490
"1219","2017-03-15",490
"1220","2017-03-16",380
"1221","2017-03-17",412
"1222","2017-03-20",396
"1223","2017-03-21",371
"1224","2017-03-22",349
"1225","2017-03-23",369
"1226","2017-03-24",399
"1227","2017-03-27",408
"1228","2017-03-28",414
"1229","2017-03-29",557
"1230","2017-03-30",464
"1231","2017-03-31",467
"1232","2017-04-03",442
"1233","2017-04-04",412
"1234","2017-04-05",386
"1235","2017-04-06",409
"1236","2017-04-07",432
"1237","2017-04-10",430
"1238","2017-04-11",461
"1239","2017-04-12",475
"1240","2017-04-13",479
"1241","2017-04-17",435
"1242","2017-04-18",419
"1243","2017-04-19",423
"1244","2017-04-20",439
"1245","2017-04-21",427
"1246","2017-04-24",408
"1247","2017-04-25",405
"1248","2017-04-26",409
"1249","2017-04-27",411
"1250","2017-04-28",418
"1251","2017-05-01",438
"1252","2017-05-02",417
"1253","2017-05-03",414
"1254","2017-05-04",408
"1255","2017-05-05",404
"1256","2017-05-08",396
"1257","2017-05-09",396
"1258","2017-05-10",420
"1259","2017-05-11",400
"1260","2017-05-12",411
"1261","2017-05-15",419
"1262","2017-05-16",413
"1263","2017-05-17",407
"1264","2017-05-18",400
"1265","2017-05-19",431
"1266","2017-05-22",430
"1267","2017-05-23",427
"1268","2017-05-24",432
"1269","2017-05-25",435
"1270","2017-05-26",446
"1271","2017-05-30",427
"1272","2017-05-31",431
"1273","2017-06-01",434
"1274","2017-06-02",440
"1275","2017-06-05",427
"1276","2017-06-06",427
"1277","2017-06-07",423
"1278","2017-06-08",421
"1279","2017-06-09",407
"1280","2017-06-12",415
"1281","2017-06-13",417
"1282","2017-06-14",425
"1283","2017-06-15",408
"1284","2017-06-16",413
"1285","2017-06-19",425
"1286","2017-06-20",418
"1287","2017-06-21",426
"1288","2017-06-22",437
"1289","2017-06-23",430
"1290","2017-06-26",433
"1291","2017-06-27",426
"1292","2017-06-28",436
"1293","2017-06-29",422
"1294","2017-06-30",433
"1295","2017-07-03",438
"1296","2017-07-05",440
"1297","2017-07-06",427
"1298","2017-07-07",435
"1299","2017-07-10",434
"1300","2017-07-11",432
"1301","2017-07-12",434
"1302","2017-07-13",433
"1303","2017-07-14",435
"1304","2017-07-17",434
"1305","2017-07-18",431
"1306","2017-07-19",432
"1307","2017-07-20",427
"1308","2017-07-21",429
"1309","2017-07-24",418
"1310","2017-07-25",418
"1311","2017-07-26",397
"1312","2017-07-27",390
"1313","2017-07-28",393
"1314","2017-07-31",393
"1315","2017-08-01",391
"1316","2017-08-02",360
"1317","2017-08-03",341
"1318","2017-08-04",369
"1319","2017-08-07",348
"1320","2017-08-08",349
"1321","2017-08-09",341
"1322","2017-08-10",329
"1323","2017-08-11",315
"1324","2017-08-14",313
"1325","2017-08-15",285
"1326","2017-08-16",301
"1327","2017-08-17",297
"1328","2017-08-18",295
"1329","2017-08-21",304
"1330","2017-08-22",321
"1331","2017-08-23",329
"1332","2017-08-24",367
"1333","2017-08-25",375
"1334","2017-08-28",388
"1335","2017-08-29",379
"1336","2017-08-30",376
"1337","2017-08-31",377
"1338","2017-09-01",386
"1339","2017-09-05",387
"1340","2017-09-06",412
"1341","2017-09-07",407
"1342","2017-09-08",420
"1343","2017-09-11",427
"1344","2017-09-12",425
"1345","2017-09-13",418
"1346","2017-09-14",406
"1347","2017-09-15",419
"1348","2017-09-18",425
"1349","2017-09-19",430
"1350","2017-09-20",423
"1351","2017-09-21",425
"1352","2017-09-22",415
"1353","2017-09-25",410
"1354","2017-09-26",420
"1355","2017-09-27",431
"1356","2017-09-28",440
"1357","2017-09-29",456
"1358","2017-10-02",431
"1359","2017-10-03",438
"1360","2017-10-04",469
"1361","2017-10-05",470
"1362","2017-10-06",483
"1363","2017-10-09",474
"1364","2017-10-10",473
"1365","2017-10-11",471
"1366","2017-10-12",462
"1367","2017-10-13",458
"1368","2017-10-16",446
"1369","2017-10-17",414
"1370","2017-10-18",411
"1371","2017-10-19",412
"1372","2017-10-20",408
"1373","2017-10-23",397
"1374","2017-10-24",364
"1375","2017-10-25",375
"1376","2017-10-26",378
"1377","2017-10-27",389
"1378","2017-10-30",384
"1379","2017-10-31",370
"1380","2017-11-01",366
"1381","2017-11-02",369
"1382","2017-11-03",377
"1383","2017-11-06",366
"1384","2017-11-07",354
"1385","2017-11-08",337
"1386","2017-11-09",338
"1387","2017-11-10",358
"1388","2017-11-13",359
"1389","2017-11-14",359
"1390","2017-11-15",347
"1391","2017-11-16",360
"1392","2017-11-17",362
"1393","2017-11-20",368
"1394","2017-11-21",370
"1395","2017-11-22",410
"1396","2017-11-24",446
"1397","2017-11-27",407
"1398","2017-11-28",413
"1399","2017-11-29",410
"1400","2017-11-30",412
"1401","2017-12-01",405
"1402","2017-12-04",407
"1403","2017-12-05",402
"1404","2017-12-06",384
"1405","2017-12-07",378
"1406","2017-12-08",382
"1407","2017-12-11",368
"1408","2017-12-12",380
"1409","2017-12-13",360
"1410","2017-12-14",360
"1411","2017-12-15",350
"1412","2017-12-18",360
"1413","2017-12-19",347
"1414","2017-12-20",343
"1415","2017-12-21",345
"1416","2017-12-22",352
"1417","2017-12-26",352
"1418","2017-12-27",354
"1419","2017-12-28",367
"1420","2017-12-29",345
"1421","2018-01-02",370
"1422","2018-01-03",361
"1423","2018-01-04",378
"1424","2018-01-05",359
"1425","2018-01-08",353
"1426","2018-01-09",351
"1427","2018-01-10",381
"1428","2018-01-11",381
"1429","2018-01-12",380
"1430","2018-01-16",389
"1431","2018-01-17",363
"1432","2018-01-18",366
"1433","2018-01-19",381
"1434","2018-01-22",404
"1435","2018-01-23",426
"1436","2018-01-24",394
"1437","2018-01-25",415
"1438","2018-01-26",410
"1439","2018-01-29",406
"1440","2018-01-30",402
"1441","2018-01-31",358
"1442","2018-02-01",363
"1443","2018-02-02",354
"1444","2018-02-05",351
"1445","2018-02-06",358
"1446","2018-02-07",354
"1447","2018-02-08",347
"1448","2018-02-09",336
"1449","2018-02-12",337
"1450","2018-02-13",340
"1451","2018-02-14",346
"1452","2018-02-15",342
"1453","2018-02-16",331
"1454","2018-02-20",327
"1455","2018-02-21",328
"1456","2018-02-22",338
"1457","2018-02-23",340
"1458","2018-02-26",353
"1459","2018-02-27",347
"1460","2018-02-28",352
"1461","2018-03-01",343
"1462","2018-03-02",339
"1463","2018-03-05",349
"1464","2018-03-06",351
"1465","2018-03-07",359
"1466","2018-03-08",364
"1467","2018-03-09",358
"1468","2018-03-12",341
"1469","2018-03-13",341
"1470","2018-03-14",339
"1471","2018-03-15",346
"1472","2018-03-16",354
"1473","2018-03-19",335
"1474","2018-03-20",328
"1475","2018-03-21",342
"1476","2018-03-22",333
"1477","2018-03-23",310
"1478","2018-03-26",305
"1479","2018-03-27",297
"1480","2018-03-28",294
"1481","2018-03-29",300
"1482","2018-04-02",289
"1483","2018-04-03",285
"1484","2018-04-04",290
"1485","2018-04-05",296
"1486","2018-04-06",292
"1487","2018-04-09",292
"1488","2018-04-10",307
"1489","2018-04-11",310
"1490","2018-04-12",305
"1491","2018-04-13",308
"1492","2018-04-16",314
"1493","2018-04-17",318
"1494","2018-04-18",326
"1495","2018-04-19",322
"1496","2018-04-20",320
"1497","2018-04-23",317
"1498","2018-04-24",313
"1499","2018-04-25",307
"1500","2018-04-26",308
"1501","2018-04-27",320
"1502","2018-04-30",312
"1503","2018-05-01",315
"1504","2018-05-02",297
"1505","2018-05-03",283
"1506","2018-05-04",301
"1507","2018-05-07",296
"1508","2018-05-08",290
"1509","2018-05-09",285
"1510","2018-05-10",284
"1511","2018-05-11",276
"1512","2018-05-14",289
"1513","2018-05-15",293
"1514","2018-05-16",293
"1515","2018-05-17",292
"1516","2018-05-18",308
"1517","2018-05-21",320
"1518","2018-05-22",326
"1519","2018-05-23",311
"1520","2018-05-24",310
"1521","2018-05-25",309
"1522","2018-05-29",320
"1523","2018-05-30",324
"1524","2018-05-31",343
"1525","2018-06-01",335
"1526","2018-06-04",336
"1527","2018-06-05",346
"1528","2018-06-06",401
"1529","2018-06-07",410
"1530","2018-06-08",447
"1531","2018-06-11",428
"1532","2018-06-12",425
"1533","2018-06-13",410
"1534","2018-06-14",394
"1535","2018-06-15",441
"1536","2018-06-18",460
"1537","2018-06-19",460
"1538","2018-06-20",477
"1539","2018-06-21",482
"1540","2018-06-22",461
"1541","2018-06-25",447
"1542","2018-06-26",461
"1543","2018-06-27",459
"1544","2018-06-28",458
"1545","2018-06-29",445
"1546","2018-07-02",417
"1547","2018-07-03",412
"1548","2018-07-05",418
"1549","2018-07-06",405
"1550","2018-07-09",372
"1551","2018-07-10",393
"1552","2018-07-11",396
"1553","2018-07-12",399
"1554","2018-07-13",395
"1555","2018-07-16",418
"1556","2018-07-17",428
"1557","2018-07-18",415
"1558","2018-07-19",419
"1559","2018-07-20",415
"1560","2018-07-23",412
"1561","2018-07-24",393
"1562","2018-07-25",401
"1563","2018-07-26",395
"1564","2018-07-27",135
"1565","2018-07-30",120
"1566","2018-07-31",118
"1567","2018-08-01",112
"1568","2018-08-02",113
"1569","2018-08-03",113
"1570","2018-08-06",110
"1571","2018-08-07",111
"1572","2018-08-08",114
"1573","2018-08-09",115
"1574","2018-08-10",105
"1575","2018-08-13",105
"1576","2018-08-14",102
"1577","2018-08-15",116
"1578","2018-08-16",119
"1579","2018-08-17",121
"1580","2018-08-20",125
"1581","2018-08-21",130
"1582","2018-08-22",119
"1583","2018-08-23",113
"1584","2018-08-24",104
"1585","2018-08-27",108
"1586","2018-08-28",106
"1587","2018-08-29",103
"1588","2018-08-30",101
"1589","2018-08-31",107
"1590","2018-09-04",104
"1591","2018-09-05",103
"1592","2018-09-06",102
"1593","2018-09-07",102
"1594","2018-09-10",82
"1595","2018-09-11",82
"1596","2018-09-12",83
"1597","2018-09-13",74
"1598","2018-09-14",71
"1599","2018-09-17",62
"1600","2018-09-18",68
"1601","2018-09-19",69
"1602","2018-09-20",66
"1603","2018-09-21",64
"1604","2018-09-24",65
"1605","2018-09-25",64
"1606","2018-09-26",64
"1607","2018-09-27",60
"1608","2018-09-28",59
"1609","2018-10-01",60
"1610","2018-10-02",59
"1611","2018-10-03",70
"1612","2018-10-04",68
"1613","2018-10-05",63
"1614","2018-10-08",62
"1615","2018-10-09",60
"1616","2018-10-10",58
"1617","2018-10-11",55
"1618","2018-10-12",55
"1619","2018-10-15",59
"1620","2018-10-16",59
"1621","2018-10-17",60
"1622","2018-10-18",71
"1623","2018-10-19",72
"1624","2018-10-22",67
"1625","2018-10-23",66
"1626","2018-10-24",62
"1627","2018-10-25",59
"1628","2018-10-26",60
"1629","2018-10-29",62
"1630","2018-10-30",64
"1631","2018-10-31",72
"1632","2018-11-01",68
"1633","2018-11-02",67
"1634","2018-11-05",66
"1635","2018-11-06",67
"1636","2018-11-07",65
"1637","2018-11-08",65
"1638","2018-11-09",58
"1639","2018-11-12",58
"1640","2018-11-13",54
"1641","2018-11-14",53
"1642","2018-11-15",51
"1643","2018-11-16",52
"1644","2018-11-19",50
"1645","2018-11-20",48
"1646","2018-11-21",46
"1647","2018-11-23",45
"1648","2018-11-26",45
"1649","2018-11-27",42
"1650","2018-11-28",38
"1651","2018-11-29",69.699997
"1652","2018-11-30",51.900002
"1653","2018-12-03",40.400002
"1654","2018-12-04",42.200001
"1655","2018-12-06",31.5
"1656","2018-12-07",29.4
"1657","2018-12-10",27.200001
"1658","2018-12-11",28.299999
"1659","2018-12-12",29.200001
"1660","2018-12-13",27.299999
"1661","2018-12-14",28.1
"1662","2018-12-17",25.299999
"1663","2018-12-18",24.1
"1664","2018-12-19",24
"1665","2018-12-20",21.5
"1666","2018-12-21",20.6
"1667","2018-12-24",18.299999
"1668","2018-12-26",20.5
"1669","2018-12-27",20
"1670","2018-12-28",19.6
"1671","2018-12-31",22
"1672","2019-01-02",22.4
"1673","2019-01-03",20.700001
"1674","2019-01-04",21.6
"1675","2019-01-07",20.700001
"1676","2019-01-08",21.4
"1677","2019-01-09",22.299999
"1678","2019-01-10",21.299999
"1679","2019-01-11",21.299999
"1680","2019-01-14",23.6
"1681","2019-01-15",22.200001
"1682","2019-01-16",21.200001
"1683","2019-01-17",20.6
"1684","2019-01-18",20.6
"1685","2019-01-22",19.299999
"1686","2019-01-23",19
"1687","2019-01-24",19
"1688","2019-01-25",19.799999
"1689","2019-01-28",20.299999
"1690","2019-01-29",19.9
"1691","2019-01-30",20.1
"1692","2019-01-31",19.4
"1693","2019-02-01",19.700001
"1694","2019-02-04",20.6
"1695","2019-02-05",20.700001
"1696","2019-02-06",20.4
"1697","2019-02-07",20.200001
"1698","2019-02-08",19.1
"1699","2019-02-11",18.799999
"1700","2019-02-12",18.4
"1701","2019-02-13",18.700001
"1702","2019-02-14",18.6
"1703","2019-02-15",19.4
"1704","2019-02-19",19.4
"1705","2019-02-20",19.6
"1706","2019-02-21",19.6
"1707","2019-02-22",19.200001
"1708","2019-02-25",19
"1709","2019-02-26",18.9
"1710","2019-02-27",19.700001
"1711","2019-02-28",18.700001
"1712","2019-03-01",20
"1713","2019-03-04",18.5
"1714","2019-03-05",18
"1715","2019-03-06",17.9
"1716","2019-03-07",21.4
"1717","2019-03-08",28
"1718","2019-03-11",33.700001
"1719","2019-03-12",29.700001
"1720","2019-03-13",25.799999
"1721","2019-03-14",31.700001
"1722","2019-03-15",28.799999
"1723","2019-03-18",28.1
"1724","2019-03-19",26.299999
"1725","2019-03-20",24.5
"1726","2019-03-21",25.1
"1727","2019-03-22",23.200001
"1728","2019-03-25",23.5
"1729","2019-03-26",24.200001
"1730","2019-03-27",25.4
"1731","2019-03-28",24.799999
"1732","2019-03-29",24.1
"1733","2019-04-01",25.1
"1734","2019-04-02",24
"1735","2019-04-03",23.299999
"1736","2019-04-04",28.1
"1737","2019-04-05",27.1
"1738","2019-04-08",26.9
"1739","2019-04-09",26.299999
"1740","2019-04-10",26.5
"1741","2019-04-11",26
"1742","2019-04-12",25.1
"1743","2019-04-15",24.5
"1744","2019-04-16",24.299999
"1745","2019-04-17",24.299999
"1746","2019-04-18",23.799999
"1747","2019-04-22",23.4
"1748","2019-04-23",23.1
"1749","2019-04-24",22.200001
"1750","2019-04-25",22.1
"1751","2019-04-26",22.5
"1752","2019-04-29",22
"1753","2019-04-30",21.799999
"1754","2019-05-01",20.799999
"1755","2019-05-02",20.200001
"1756","2019-05-03",21
"1757","2019-05-06",20.5
"1758","2019-05-07",20
"1759","2019-05-08",20.4
"1760","2019-05-09",19.799999
"1761","2019-05-10",20
"1762","2019-05-13",18.1
"1763","2019-05-14",18.1
"1764","2019-05-15",18
"1765","2019-05-16",16.799999
"1766","2019-05-17",16.4
"1767","2019-05-20",15.6
"1768","2019-05-21",17.1
"1769","2019-05-22",20.299999
"1770","2019-05-23",19
"1771","2019-05-24",20.299999
"1772","2019-05-28",18.5
"1773","2019-05-29",18.700001
"1774","2019-05-30",18.200001
"1775","2019-05-31",16.700001
"1776","2019-06-03",16.6
"1777","2019-06-04",17
"1778","2019-06-05",16.1
"1779","2019-06-06",15.9
"1780","2019-06-07",15.9
"1781","2019-06-10",16
"1782","2019-06-11",16
"1783","2019-06-12",15.8
"1784","2019-06-13",16.5
"1785","2019-06-14",15.9
"1786","2019-06-17",15.9
"1787","2019-06-18",17.9
"1788","2019-06-19",15.8
"1789","2019-06-20",15.3
"1790","2019-06-21",14.2
"1791","2019-06-24",13.2
"1792","2019-06-25",13.6
"1793","2019-06-26",13.7
"1794","2019-06-27",13.7
"1795","2019-06-28",13.7
"1796","2019-07-01",14.7
"1797","2019-07-02",13.3
"1798","2019-07-03",12.8
"1799","2019-07-05",12.6
"1800","2019-07-08",12.1
"1801","2019-07-09",11.3
"1802","2019-07-10",11.5
"1803","2019-07-11",11.8
"1804","2019-07-12",11.3
"1805","2019-07-15",9.6
"1806","2019-07-16",5.7
"1807","2019-07-17",5.7
"1808","2019-07-18",5.8
"1809","2019-07-19",5.9
"1810","2019-07-22",5.7
"1811","2019-07-23",5.6
"1812","2019-07-24",5.7
"1813","2019-07-25",5.6
"1814","2019-07-26",5.4
"1815","2019-07-29",5.1
"1816","2019-07-30",5.2
"1817","2019-07-31",5.3
"1818","2019-08-01",5.2
"1819","2019-08-02",5.1
"1820","2019-08-05",4.8
"1821","2019-08-06",4.6
"1822","2019-08-07",4.4
"1823","2019-08-08",4.6
"1824","2019-08-09",4.6
"1825","2019-08-12",4.5
"1826","2019-08-13",4.6
"1827","2019-08-14",4.4
"1828","2019-08-15",4.6
"1829","2019-08-16",4.6
"1830","2019-08-19",4.7
"1831","2019-08-20",5.1
"1832","2019-08-21",4.9
"1833","2019-08-22",4.5
"1834","2019-08-23",4.2
"1835","2019-08-26",4.3
"1836","2019-08-27",4.2
"1837","2019-08-28",4.1
"1838","2019-08-29",4.1
"1839","2019-08-30",4.3
"1840","2019-09-03",4.1
"1841","2019-09-04",4.2
"1842","2019-09-05",4.2
"1843","2019-09-06",5
"1844","2019-09-09",5.2
"1845","2019-09-10",4.9
"1846","2019-09-11",4.8
"1847","2019-09-12",4.7
"1848","2019-09-13",4.7
"1849","2019-09-16",4.8
"1850","2019-09-17",5.1
"1851","2019-09-18",4.8
"1852","2019-09-19",4.6
"1853","2019-09-20",4.6
"1854","2019-09-23",4.6
"1855","2019-09-24",4.5
"1856","2019-09-25",4.2
"1857","2019-09-26",4.1
"1858","2019-09-27",4.1
"1859","2019-09-30",4
"1860","2019-10-01",3.8
"1861","2019-10-02",4.3
"1862","2019-10-03",4.1
"1863","2019-10-04",4.3
"1864","2019-10-07",4.3
"1865","2019-10-08",4.5
"1866","2019-10-09",4.2
"1867","2019-10-10",4.2
"1868","2019-10-11",4.3
"1869","2019-10-14",4.5
"1870","2019-10-15",4.8
"1871","2019-10-16",4.6
"1872","2019-10-17",4.5
"1873","2019-10-18",4.6
"1874","2019-10-21",3.9
"1875","2019-10-22",3.9
"1876","2019-10-23",4.1
"1877","2019-10-24",3.9
"1878","2019-10-25",4
"1879","2019-10-28",3.4
"1880","2019-10-29",3.5
"1881","2019-10-30",3.5
"1882","2019-10-31",2.9
"1883","2019-11-01",3.61
"1884","2019-11-04",3.03
"1885","2019-11-05",2.93
"1886","2019-11-06",3.27
"1887","2019-11-07",2.62
"1888","2019-11-08",2.7
"1889","2019-11-11",2.54
"1890","2019-11-12",2.96
"1891","2019-11-13",2.64
"1892","2019-11-14",2.21
"1893","2019-11-15",1.65
"1894","2019-11-18",1.53
"1895","2019-11-19",1.48
"1896","2019-11-20",1.46
"1897","2019-11-21",1.26
"1898","2019-11-22",1.24
"1899","2019-11-25",1.25
"1900","2019-11-26",1.05
"1901","2019-11-27",1.17
"1902","2019-11-29",1.13
"1903","2019-12-02",1.21
"1904","2019-12-03",1.13
"1905","2019-12-04",1.16
"1906","2019-12-05",1.06
"1907","2019-12-06",1.06
"1908","2019-12-09",0.97
"1909","2019-12-10",0.9
"1910","2019-12-11",0.97
"1911","2019-12-12",1.19
"1912","2019-12-13",1.15
"1913","2019-12-16",1.24
"1914","2019-12-17",1.13
"1915","2019-12-18",1.09
"1916","2019-12-19",1.09
"1917","2019-12-20",1.08
"1918","2019-12-23",1.06
"1919","2019-12-24",1.08
"1920","2019-12-26",1.11
"1921","2019-12-27",1.1
"1922","2019-12-30",1.14
"1923","2019-12-31",1.17
"1924","2020-01-02",1.27
"1925","2020-01-03",1.26
"1926","2020-01-06",1.55
"1927","2020-01-07",1.63
"1928","2020-01-08",1.65
"1929","2020-01-09",1.62
"1930","2020-01-10",1.58
"1931","2020-01-13",1.45
"1932","2020-01-14",1.49
"1933","2020-01-15",1.39
"1934","2020-01-16",1.58
"1935","2020-01-17",1.55
"1936","2020-01-21",1.43
"1937","2020-01-22",1.31
"1938","2020-01-23",1.39
"1939","2020-01-24",1.63
"1940","2020-01-27",1.64
"1941","2020-01-28",1.52
"1942","2020-01-29",1.37
"1943","2020-01-30",1.32
"1944","2020-01-31",1.4
"1945","2020-02-03",1.39
"1946","2020-02-04",1.63
"1947","2020-02-05",1.7
"1948","2020-02-06",0.87
"1949","2020-02-07",0.53
"1950","2020-02-10",0.5
"1951","2020-02-11",0.47
"1952","2020-02-12",0.47
"1953","2020-02-13",0.47
"1954","2020-02-14",0.44
"1955","2020-02-18",0.43
"1956","2020-02-19",0.42
"1957","2020-02-20",0.45
"1958","2020-02-21",0.43
"1959","2020-02-24",0.43
"1960","2020-02-25",0.4
"1961","2020-02-26",0.9
"1962","2020-02-27",1.73
"1963","2020-02-28",1.08
"1964","2020-03-02",1.36
"1965","2020-03-03",1.17
"1966","2020-03-04",1.06
"1967","2020-03-05",1.14
"1968","2020-03-06",1.03
"1969","2020-03-09",0.99
"1970","2020-03-10",0.85
"1971","2020-03-11",0.83
"1972","2020-03-12",0.76
"1973","2020-03-13",0.64
"1974","2020-03-16",0.53
"1975","2020-03-17",0.58
"1976","2020-03-18",0.53
"1977","2020-03-19",0.57
"1978","2020-03-20",0.97
"1979","2020-03-23",0.85
"1980","2020-03-24",0.99
"1981","2020-03-25",0.74
"1982","2020-03-26",0.72
"1983","2020-03-27",0.73
"1984","2020-03-30",0.68
"1985","2020-03-31",0.71
"1986","2020-04-01",0.65
"1987","2020-04-02",0.68
"1988","2020-04-03",0.69
"1989","2020-04-06",0.73
"1990","2020-04-07",0.7
"1991","2020-04-08",0.7
"1992","2020-04-09",0.72
"1993","2020-04-13",0.77
"1994","2020-04-14",0.8
"1995","2020-04-15",0.77
"1996","2020-04-16",0.75
"1997","2020-04-17",0.74
"1998","2020-04-20",0.78
"1999","2020-04-21",0.76
"2000","2020-04-22",0.7
"2001","2020-04-23",0.68
"2002","2020-04-24",0.69
"2003","2020-04-27",0.72
"2004","2020-04-28",0.69
"2005","2020-04-29",0.71
"2006","2020-04-30",0.67
"2007","2020-05-01",0.7
"2008","2020-05-04",0.77
"2009","2020-05-05",0.72
"2010","2020-05-06",0.7
"2011","2020-05-07",0.71
"2012","2020-05-08",0.72
"2013","2020-05-11",0.71
"2014","2020-05-12",0.7
"2015","2020-05-13",0.69
"2016","2020-05-14",0.69
"2017","2020-05-15",0.69
"2018","2020-05-18",0.73
"2019","2020-05-19",0.7
"2020","2020-05-20",0.7
"2021","2020-05-21",0.7
"2022","2020-05-22",0.69
"2023","2020-05-26",0.68
"2024","2020-05-27",0.66
"2025","2020-05-28",0.68
"2026","2020-05-29",0.65
"2027","2020-06-01",0.66
"2028","2020-06-02",0.66
"2029","2020-06-03",0.65
"2030","2020-06-04",0.65
"2031","2020-06-05",0.68
"2032","2020-06-08",0.73
"2033","2020-06-09",0.71
"2034","2020-06-10",0.66
"2035","2020-06-11",0.68
"2036","2020-06-12",0.62
"2037","2020-06-15",0.62
"2038","2020-06-16",0.63
"2039","2020-06-17",0.63
"2040","2020-06-18",0.63
"2041","2020-06-19",0.62
"2042","2020-06-22",0.62
"2043","2020-06-23",0.62
"2044","2020-06-24",0.6
"2045","2020-06-25",0.59
"2046","2020-06-26",0.6
"2047","2020-06-29",0.62
"2048","2020-06-30",0.61
"2049","2020-07-01",0.61
"2050","2020-07-02",0.6
"2051","2020-07-06",0.59
"2052","2020-07-07",0.61
"2053","2020-07-08",0.66
"2054","2020-07-09",0.66
"2055","2020-07-10",0.64
"2056","2020-07-13",0.55
"2057","2020-07-14",0.57
"2058","2020-07-15",0.57
"2059","2020-07-16",0.64
"2060","2020-07-17",0.81
"2061","2020-07-20",1.55
"2062","2020-07-21",1.67
"2063","2020-07-22",1.3
"2064","2020-07-23",1.51
"2065","2020-07-24",1.45
"2066","2020-07-27",1.3
"2067","2020-07-28",1.17
"2068","2020-07-29",1.14
"2069","2020-07-30",1.34
"2070","2020-07-31",1.29
"2071","2020-08-03",1.24
"2072","2020-08-04",1.21
"2073","2020-08-05",1.25
"2074","2020-08-06",1.2
"2075","2020-08-07",1.16
"2076","2020-08-10",1.12
"2077","2020-08-11",1.02
"2078","2020-08-12",0.89
"2079","2020-08-13",1.14
"2080","2020-08-14",1.02
"2081","2020-08-17",1.03
"2082","2020-08-18",0.99
"2083","2020-08-19",0.98
"2084","2020-08-20",0.93
"2085","2020-08-21",0.88
"2086","2020-08-24",0.84
"2087","2020-08-25",0.85
"2088","2020-08-26",0.95
"2089","2020-08-27",0.97
"2090","2020-08-28",0.96
"2091","2020-08-31",0.89
"2092","2020-09-01",0.84
"2093","2020-09-02",0.83
"2094","2020-09-03",0.88
"2095","2020-09-04",0.83
"2096","2020-09-08",0.77
"2097","2020-09-09",0.81
"2098","2020-09-10",0.77
"2099","2020-09-11",0.76
"2100","2020-09-14",0.77
"2101","2020-09-15",0.8
"2102","2020-09-16",0.88
"2103","2020-09-17",0.99
"2104","2020-09-18",0.92
"2105","2020-09-21",0.93
"2106","2020-09-22",0.93
"2107","2020-09-23",0.9
"2108","2020-09-24",0.87
"2109","2020-09-25",0.85
"2110","2020-09-28",0.85
"2111","2020-09-29",0.9
"2112","2020-09-30",0.84
"2113","2020-10-01",0.81
"2114","2020-10-02",0.8
"2115","2020-10-05",0.79
"2116","2020-10-06",0.77
"2117","2020-10-07",0.76
"2118","2020-10-08",0.78
"2119","2020-10-09",0.77
"2120","2020-10-12",0.76
"2121","2020-10-13",0.77
"2122","2020-10-14",0.74
"2123","2020-10-15",0.74
"2124","2020-10-16",0.74
"2125","2020-10-19",0.73
"2126","2020-10-20",0.7
"2127","2020-10-21",0.65
"2128","2020-10-22",0.67
"2129","2020-10-23",0.67
"2130","2020-10-26",0.64
"2131","2020-10-27",0.62
"2132","2020-10-28",0.59
"2133","2020-10-29",0.6
"2134","2020-10-30",0.56
"2135","2020-11-02",0.58
"2136","2020-11-03",0.58
"2137","2020-11-04",0.58
"2138","2020-11-05",0.57
"2139","2020-11-06",0.56
"2140","2020-11-09",0.53
"2141","2020-11-10",0.55
"2142","2020-11-11",0.56
"2143","2020-11-12",0.57
"2144","2020-11-13",0.62
"2145","2020-11-16",0.61
"2146","2020-11-17",0.59
"2147","2020-11-18",0.58
"2148","2020-11-19",0.58
"2149","2020-11-20",0.58
"2150","2020-11-23",0.57
"2151","2020-11-24",0.56
"2152","2020-11-25",0.55
"2153","2020-11-27",0.57
